wavenumber,col,mean_cancer,mean_control,sd_cancer,sd_control,p_value,p_adj,log2_fc,abs_diff,neg_log10p,cancer,display
402,x_402.00,0.05952411612925628,0.12330116351952981,0.4602270960293752,0.494041026685689,0.37717070966766064,0.47272736399364973,-1.0506276789832272,-0.06377704739027354,0.3253892576770257,PRO,Prostate (PRC)
403.92,x_403.92,0.07447428304933129,0.10250905631988862,0.4347962628993161,0.4268879786586909,0.7237719360854955,0.7848614690615229,-0.46093183955305905,-0.028034773270557325,0.10520699106539233,PRO,Prostate (PRC)
405.85,x_405.85,0.0726521819076181,0.07945081535141912,0.43088905677868494,0.4084959203754001,0.994457241113148,0.9976582837347568,-0.12905420001395485,-0.006798633443801022,0.0010181870706164689,PRO,Prostate (PRC)
407.77,x_407.77,0.06206939160527093,0.05347315648562488,0.42092327534862484,0.39568409727081627,0.7368293712257143,0.7955374850993566,0.2150634278378173,0.00859623511964605,0.09933935192153813,PRO,Prostate (PRC)
409.69,x_409.69,0.04116995580749936,0.024414978705069593,0.4029494650042874,0.38066868022214906,0.6434822998194799,0.7188243134184155,0.7538013330383775,0.016754977102429767,0.1433772417955682,PRO,Prostate (PRC)
411.61,x_411.61,0.018790077322722875,-0.0025750322148985366,0.38827530859936604,0.3732641131335641,0.546169681770067,0.6281287238069035,NA,0.021365109537621413,0.20195134621444824,PRO,Prostate (PRC)
413.54,x_413.54,0.003920379266393033,-0.028800452887278866,0.3760937189771848,0.3711564676835411,0.42033662289764934,0.5071157966571641,NA,0.0327208321536719,0.29489286096822415,PRO,Prostate (PRC)
415.46,x_415.46,-0.005307334044019506,-0.054366233197054345,0.37363101857516196,0.3733220429470711,0.2906059787791319,0.3854136030616856,-3.35689693261768,0.04905889915303484,0.4140729611118842,PRO,Prostate (PRC)
417.38,x_417.38,-0.009991255926837122,-0.05240779937088921,0.37330179339141323,0.3797397678359127,0.4098981248348483,0.49773343729945857,-2.3911604602102114,0.04241654344405209,0.30300318275033433,PRO,Prostate (PRC)
419.31,x_419.31,-0.003985730375112886,-0.030883219466658417,0.37718000728452655,0.3874050541056887,0.715327234512278,0.7786157907671478,-2.95422242767155,0.02689748909154553,0.10867679279163496,PRO,Prostate (PRC)
421.23,x_421.23,0.007539770250468878,-0.002703874904356278,0.38906973067938866,0.3962349005911557,0.9287314390879605,0.9469617181540273,NA,0.010243645154825155,0.02366757741754113,PRO,Prostate (PRC)
423.15,x_423.15,0.01952622149312936,0.0327564844937047,0.4059393956055648,0.4059509741171104,0.6934074762783433,0.7600656392968944,-0.746337889742046,-0.013230263000575337,0.11914890041200031,PRO,Prostate (PRC)
425.07,x_425.07,0.032451474929053405,0.06987781645264521,0.42641817387216024,0.42141885028400794,0.43347442531198255,0.5208927283727528,-1.1065266663957267,-0.037426341523591804,0.2832517052465709,PRO,Prostate (PRC)
427,x_427.00,0.04388176227401418,0.10447867417219663,0.4509842329306846,0.4412977014235809,0.23830586578713056,0.32814612206220484,-1.2514960562806814,-0.06059691189818245,0.4839327237457357,PRO,Prostate (PRC)
428.92,x_428.92,0.06439704248744203,0.14513488369652325,0.4704796721684552,0.4656014567167882,0.17692021372798294,0.2576641741988537,-1.1723155180172435,-0.08073784120908122,0.5889459618501849,PRO,Prostate (PRC)
430.84,x_430.84,0.08309046265926283,0.18430612885930983,0.48371277519949857,0.49039329247493413,0.11125649668811194,0.1760149313086035,-1.1493397162541028,-0.101215666200047,0.7544504895160584,PRO,Prostate (PRC)
432.77,x_432.77,0.09527556367902024,0.2134495033453975,0.5007917471167456,0.5195711922671434,0.0736438022228161,0.12798690535006144,-1.1637082788049684,-0.11817393966637726,0.8928344617984039,PRO,Prostate (PRC)
434.69,x_434.69,0.1054226967433758,0.24871168008731506,0.5288632569888916,0.5633496219279017,0.042245635430833546,0.07995884438831856,-1.2382808751602277,-0.14328898334393925,1.0971334911847754,PRO,Prostate (PRC)
436.61,x_436.61,0.12096059331329256,0.31064111219458707,0.564048907965015,0.6222750484946792,0.014789852512507647,0.03292502880760631,-1.3607043738593294,-0.1896805188812945,1.482473836382003,PRO,Prostate (PRC)
438.54,x_438.54,0.15588770198869842,0.39114417609478214,0.5996502855286802,0.6855370383583532,0.004874375129563867,0.012799531754569668,-1.3271877999361372,-0.23525647410608372,1.8928059178619925,PRO,Prostate (PRC)
440.46,x_440.46,0.21432368256587403,0.48331993345626423,0.6415234482609192,0.7449899251376267,0.003065373945510516,0.008555595937469648,-1.1731834750686336,-0.2689962508903902,2.067749734417367,PRO,Prostate (PRC)
442.38,x_442.38,0.2949315048105957,0.5899121051771063,0.6814743351446707,0.8056650615884553,0.0026297623661284833,0.007496426257104061,-1.000117627576195,-0.29498060036651064,2.125145726836801,PRO,Prostate (PRC)
444.3,x_444.30,0.39549737336821056,0.6996369741026349,0.7304138782274965,0.8668519384085634,0.0040496376408757605,0.010818317697768103,-0.8229368351399362,-0.30413960073442436,1.965840268931886,PRO,Prostate (PRC)
446.23,x_446.23,0.5004464887378078,0.7993798063902083,0.784566648345009,0.9202517300867513,0.0077388099966147735,0.019193069885503483,-0.6756642361967454,-0.2989333176524005,1.7168555553476585,PRO,Prostate (PRC)
448.15,x_448.15,0.6047368228845483,0.8853981929838711,0.8280359603882466,0.9548097893772155,0.013891311779835725,0.03114718588524317,-0.5500182443441479,-0.2806613700993228,1.5065811852718691,PRO,Prostate (PRC)
450.07,x_450.07,0.6781640423573229,0.9361370939174327,0.8627944499087686,0.9611351604259748,0.02450928712133968,0.05126662966096779,-0.4650849447995938,-0.25797305156010986,1.29016523274014,PRO,Prostate (PRC)
452,x_452.00,0.7020047004327008,0.9315206567920706,0.8757049977355026,0.941079421194376,0.044865866909553805,0.08389917112086562,-0.40810656497184683,-0.22951595635936983,1.076242329748325,PRO,Prostate (PRC)
453.92,x_453.92,0.6670941102105145,0.8696077896855535,0.8610953308310032,0.8975267410522118,0.0660157784525384,0.11602397152842747,-0.382474056241568,-0.20251367947503907,0.9354522726095004,PRO,Prostate (PRC)
455.84,x_455.84,0.5773732419917132,0.7592939006541073,0.8208561552595725,0.8315774083788063,0.07823289466804706,0.13397025002678387,-0.39515357218476016,-0.18192065866239404,0.8729916321102644,PRO,Prostate (PRC)
457.76,x_457.76,0.4488328997721323,0.6065703050907494,0.7548110315375187,0.7444478525101336,0.10111702610073185,0.1630076196623867,-0.4344956056598029,-0.15773740531861707,0.7877920943691412,PRO,Prostate (PRC)
459.69,x_459.69,0.2970978673708564,0.42024451791565504,0.6642367826967239,0.6417640311011262,0.14223271695119197,0.2141507090972053,-0.5002893274296415,-0.12314665054479862,0.6692804832263494,PRO,Prostate (PRC)
461.61,x_461.61,0.1384229431858396,0.2243496599371854,0.5646670456211947,0.5393293680812936,0.21496910650832377,0.3022497963688462,-0.6966619202880551,-0.0859267167513458,0.5196339830591383,PRO,Prostate (PRC)
463.53,x_463.53,-0.009135739645641598,0.03277041622130197,0.48274488429403295,0.44855230331171464,0.440645877735719,0.5247904167813023,NA,-0.04190615586694357,0.2800141042288133,PRO,Prostate (PRC)
465.46,x_465.46,-0.14114505888756085,-0.1405148886883294,0.42161904226565755,0.3780186634588596,0.7817750393567342,0.8306359793165301,0.006455666855253621,-6.301701992314501e-4,0.08058926118639594,PRO,Prostate (PRC)
467.38,x_467.38,-0.255762538209114,-0.2883979868648223,0.3891951420511101,0.331234406172119,0.7381393761420155,0.7960326605453109,-0.17325676560328013,0.03263544865570833,0.09906911316231126,PRO,Prostate (PRC)
469.3,x_469.30,-0.3412973676455852,-0.4035944820514102,0.37336987605682476,0.3022054930321298,0.3006295821748761,0.39757943328643447,-0.24187781523469712,0.06229711440582497,0.4005760896701822,PRO,Prostate (PRC)
471.22,x_471.22,-0.40141478435366246,-0.48982539469580083,0.37069831570134026,0.28526718303492227,0.05196929766567218,0.0943520258590359,-0.2871744671526854,0.08841061034213837,1.0252487705392732,PRO,Prostate (PRC)
473.15,x_473.15,-0.44676285155847423,-0.5459450704645854,0.3753116491411767,0.27888174307664787,0.013009561819218144,0.02952412694409943,-0.28924715990528993,0.09918221890611117,1.529822936016431,PRO,Prostate (PRC)
475.07,x_475.07,-0.48106311997050927,-0.5799984859701245,0.37838088915675416,0.27796160746031456,0.008147615828451934,0.020100318732460574,-0.2698234443238237,0.09893536599961522,1.6967970558804402,PRO,Prostate (PRC)
476.99,x_476.99,-0.505139415646644,-0.5971575267613215,0.3829334026116895,0.28039712916136544,0.021334024348300104,0.045438070081231435,-0.24143037797976277,0.0920181111146775,1.3425801229588146,PRO,Prostate (PRC)
478.92,x_478.92,-0.5204194060856319,-0.6087020655365838,0.383884631815021,0.28323178333117593,0.03779091783969012,0.072406779057603,-0.22606190327320724,0.08828265945095193,1.1402207712409096,PRO,Prostate (PRC)
480.84,x_480.84,-0.5318276453523711,-0.6172064625721735,0.37190738777247356,0.28146929981000346,0.03731275136962825,0.07163741792731503,-0.21479477022682722,0.08537881721980234,1.1448600760911247,PRO,Prostate (PRC)
482.76,x_482.76,-0.5424834985706669,-0.620110317112595,0.3514989179753302,0.2762358085514475,0.035527203465883804,0.06891687809253394,-0.1929459716152415,0.0776268185419281,1.1616744041476057,PRO,Prostate (PRC)
484.69,x_484.69,-0.5590481391434987,-0.6208590445729153,0.3291919265194328,0.2661558108594463,0.04860460190639083,0.08928350251959809,-0.15129350568943517,0.061810905429416585,1.049228781051013,PRO,Prostate (PRC)
486.61,x_486.61,-0.5874632637677218,-0.6226716873452145,0.31058241112623103,0.25425191490078136,0.22113404416520602,0.30813760252528705,-0.08397318326348739,0.035208423577492654,0.5112553007977153,PRO,Prostate (PRC)
488.53,x_488.53,-0.6142824164763239,-0.6274157933515567,0.28951524743591694,0.24552449006361507,0.70433665839296,0.7693396911184786,-0.030519806938204806,0.01313337687523286,0.11388186123302668,PRO,Prostate (PRC)
490.45,x_490.45,-0.6349812197766623,-0.6271316143232594,0.2635804109635551,0.23864494838016811,0.648470085628774,0.7226692849379065,0.017945702666394846,-0.007849605453402964,0.14106040337726372,PRO,Prostate (PRC)
492.38,x_492.38,-0.651228996435732,-0.6260218601335862,0.23925679052427923,0.23623193754975333,0.3026616255468089,0.3991121613404821,0.05695199158123301,-0.02520713630214577,0.3989050386339289,PRO,Prostate (PRC)
494.3,x_494.30,-0.6677028624961058,-0.6287316064707397,0.2178914877750297,0.23499121560957537,0.10111702610073185,0.1630076196623867,0.08676206959826735,-0.03897125602536611,0.7877920943691412,PRO,Prostate (PRC)
496.22,x_496.22,-0.6890446149667467,-0.6359376370973876,0.20724840950913662,0.23686641157493873,0.021334024348300104,0.045438070081231435,0.11571227861344191,-0.05310697786935914,1.3425801229588146,PRO,Prostate (PRC)
498.15,x_498.15,-0.7105928947556063,-0.6500742128331352,0.20508014345383627,0.24007881497409497,0.010977186390911569,0.02578811375754351,0.12841902577907188,-0.06051868192247112,1.5885804226797757,PRO,Prostate (PRC)
500.07,x_500.07,-0.7245418571207896,-0.667968702236963,0.20428216131234767,0.24442158714050022,0.025236594683996846,0.05197404411792302,0.11728869938327517,-0.056573154883826526,1.2842134892620793,PRO,Prostate (PRC)
501.99,x_501.99,-0.7311113643200853,-0.6786051553673643,0.2085560242661266,0.26432588068763607,0.09598366785060483,0.15717115488671718,0.10751893948829012,-0.052506208952720956,0.8036271556439599,PRO,Prostate (PRC)
503.91,x_503.91,-0.7338336291629528,-0.6793750074391546,0.22079866518284014,0.2883451325951925,0.12281273119202735,0.19170267723630313,0.11124503168805522,-0.05445862172379823,0.7173718219115346,PRO,Prostate (PRC)
505.84,x_505.84,-0.7308893319556979,-0.6685560763805487,0.23175434451617247,0.3070479719067324,0.08259033802506904,0.1396418915975399,0.12860458610542638,-0.06233325557514924,0.8549842768385991,PRO,Prostate (PRC)
507.76,x_507.76,-0.7182919544615932,-0.6461396320664705,0.23627457110116182,0.32202146218114663,0.04801292677356459,0.08871953860332588,0.15272461247477045,-0.0721523223951227,1.051980725453921,PRO,Prostate (PRC)
509.68,x_509.68,-0.6902167198590362,-0.6072215129670248,0.2457565046961701,0.332140146468998,0.025293307312070457,0.05197635678414478,0.1848268036078617,-0.08299520689201145,1.2841941650811228,PRO,Prostate (PRC)
511.61,x_511.61,-0.6449679087632564,-0.55776307571825,0.2601811208550563,0.3342597345569282,0.020610428845404597,0.04419897011571858,0.20957529866706515,-0.08720483304500637,1.3545878500688122,PRO,Prostate (PRC)
513.53,x_513.53,-0.5903682236089288,-0.5012103087619272,0.27642330537084253,0.3325445581992268,0.011337015424918702,0.026237894609650956,0.2361994176290378,-0.08915791484700164,1.5810710167085358,PRO,Prostate (PRC)
515.45,x_515.45,-0.5464834975171258,-0.4526543242584766,0.29830590460435635,0.33048984892349687,0.0037072156310523096,0.010074977231079956,0.2717687411825492,-0.09382917325864915,1.9967559266684913,PRO,Prostate (PRC)
517.37,x_517.37,-0.5021814068123036,-0.4136081564746493,0.32349673897431125,0.32777042222433056,0.002015861452577331,0.005927139805533976,0.27994459295358903,-0.08857325033765429,2.2271548287832754,PRO,Prostate (PRC)
519.3,x_519.30,-0.45330137648164714,-0.37786655187746754,0.34249667928206595,0.3224945774936727,0.002768242071159664,0.00784335253495238,0.26259435816952803,-0.0754348246041796,2.105498264328981,PRO,Prostate (PRC)
521.22,x_521.22,-0.4079069683503702,-0.3451188730498066,0.3531608234313439,0.31588771699251594,0.008423600411051458,0.020726490485087144,0.24114742598384312,-0.06278809530056362,1.6834742286342166,PRO,Prostate (PRC)
523.14,x_523.14,-0.3647230410099417,-0.3209966275489117,0.35505658916024896,0.31201847530871524,0.07448707809077787,0.12921227832073712,0.18424374199002,-0.04372641346103001,0.8886962158023842,PRO,Prostate (PRC)
525.07,x_525.07,-0.3256248596844234,-0.29719548847916566,0.3534770757269536,0.3137326239557455,0.2663532625201171,0.35781652364412286,0.1317990540599617,-0.028429371205257736,0.44633960797835126,PRO,Prostate (PRC)
526.99,x_526.99,-0.28970665914933963,-0.267392725122152,0.3561045957740008,0.3192622457414695,0.36142898190887557,0.45844530840807357,0.1156330471375677,-0.02231393402718762,0.3387124673512594,PRO,Prostate (PRC)
528.91,x_528.91,-0.25425559873875125,-0.2331156286923971,0.35859855585808814,0.3223428614754814,0.38662498912414306,0.4781671492474521,0.12523432748772437,-0.02113997004635415,0.3204202638342648,PRO,Prostate (PRC)
530.84,x_530.84,-0.21908343331393848,-0.19746358395624083,0.35902615991931774,0.32330223810172415,0.3752971012190266,0.4716435344620832,0.1498944981127562,-0.021619849357697646,0.3263861147218904,PRO,Prostate (PRC)
532.76,x_532.76,-0.1895833440454155,-0.16537254099807197,0.364592453153186,0.3309990211594931,0.317141231342055,0.41356631981146647,0.19711363053678646,-0.02421080304734352,0.3834548367313726,PRO,Prostate (PRC)
534.68,x_534.68,-0.17522441041750517,-0.1408870705196299,0.3740534325781061,0.3369605615929864,0.1679087895984257,0.24607322613562385,0.31466655788950515,-0.03433733989787527,0.608935636903089,PRO,Prostate (PRC)
536.6,x_536.60,-0.1615066072827764,-0.11900109215127641,0.3821769198181345,0.3397845005859874,0.09650483635666027,0.15719864458793964,0.44062156371861627,-0.0425055151315,0.8035512028927703,PRO,Prostate (PRC)
538.53,x_538.53,-0.1463512889438959,-0.10819620151808725,0.38828096041593585,0.3419095860131752,0.1044117143657069,0.1677404689552164,0.4357890773780776,-0.038155087425808656,0.7753621471515271,PRO,Prostate (PRC)
540.45,x_540.45,-0.1365326062315951,-0.11487618245286221,0.38725289170489335,0.34094441088209376,0.21113984227225985,0.29731288030807673,0.24916781197771667,-0.02165642377873289,0.5267862757074344,PRO,Prostate (PRC)
542.37,x_542.37,-0.13978345137467163,-0.14097091197629438,0.38717941135426853,0.3435947732873079,0.48399128746171316,0.5677940448892118,-0.012204020058664328,0.001187460601622753,0.24580916673322778,PRO,Prostate (PRC)
544.3,x_544.30,-0.1533319351197771,-0.17380726999551052,0.3932312960582342,0.34897669757911126,0.785110893386395,0.8332334680093976,-0.18083133200271742,0.020475334875733414,0.07923329431732004,PRO,Prostate (PRC)
546.22,x_546.22,-0.17440836569104273,-0.2057338116311637,0.4035418353867542,0.3555261692180176,0.9709067316224975,0.979984022322756,-0.23831093248739282,0.03132544594012096,0.008781004994879939,PRO,Prostate (PRC)
548.14,x_548.14,-0.2071427515630949,-0.2442498130888222,0.41598973022281915,0.36447604345695184,0.8396605433896219,0.8756706136567891,-0.2377331785485256,0.03710706152572732,0.05765922439400276,PRO,Prostate (PRC)
550.06,x_550.06,-0.24598787262340718,-0.2830022763691455,0.4269973456679681,0.37184524328801294,0.8119350513246973,0.8558729120502729,-0.20222723328275957,0.037014403745738306,0.06759071860895492,PRO,Prostate (PRC)
551.99,x_551.99,-0.2838811008567633,-0.31120902603071676,0.4385757099285385,0.3758052270605219,0.946690242001076,0.9589982408136578,-0.13259754378322414,0.027327925173953438,0.01818218949838937,PRO,Prostate (PRC)
553.91,x_553.91,-0.32249725183107575,-0.32570324681047297,0.4435841429799341,0.3746963903842937,0.38282605091193234,0.4778936683613575,-0.014271278888024442,0.0032059949793972198,0.32066872343179,PRO,Prostate (PRC)
555.83,x_555.83,-0.355205027641365,-0.33199213249118664,0.436901106704955,0.3697142412335831,0.12197232229860511,0.19070923302541098,0.09750323283961085,-0.02321289515017838,0.719628280446816,PRO,Prostate (PRC)
557.76,x_557.76,-0.374837213673843,-0.3425325402490602,0.4250249784085578,0.36413647699950835,0.07308596742001733,0.12725396561958324,0.13002350405779023,-0.03230467342478277,0.895328674846867,PRO,Prostate (PRC)
559.68,x_559.68,-0.3876843853870127,-0.35667749416203487,0.4064176043326182,0.35342077783129006,0.08810912215417964,0.14711076645385351,0.12026276620707257,-0.03100689122497785,0.8323555418177315,PRO,Prostate (PRC)
561.6,x_561.60,-0.4050512600365662,-0.3639398417493803,0.38464549172812956,0.3436751498879655,0.05134343418255621,0.09357916366606249,0.15440490117543523,-0.0411114182871859,1.0288208404949515,PRO,Prostate (PRC)
563.52,x_563.52,-0.4185708605686616,-0.36311284780024455,0.36987417965638997,0.33355436250647424,0.018479949243125814,0.03999711236648758,0.20505442911130217,-0.05545801276841705,1.3979713618862637,PRO,Prostate (PRC)
565.45,x_565.45,-0.4338646213688622,-0.3604275013972824,0.35793688577272137,0.32388071399569096,0.004542591974936016,0.011998088973347951,0.2675365306559507,-0.07343711997157981,1.9208879218209025,PRO,Prostate (PRC)
567.37,x_567.37,-0.4564763830103977,-0.3644100620561747,0.34585155700368514,0.31872551705748237,0.0011080202917411123,0.0035847715321035986,0.32497822380835567,-0.09206632095422301,2.4455385179622886,PRO,Prostate (PRC)
569.29,x_569.29,-0.47470811508579325,-0.36839533776038513,0.3369409655618043,0.3149017463973264,3.854469214398741e-4,0.0014188695730168596,0.3657867862723296,-0.10631277732540811,2.848057524431479,PRO,Prostate (PRC)
571.22,x_571.22,-0.4879965457978271,-0.36855741772878386,0.33109659043249123,0.3138487156570073,1.7469693458134277e-4,7.259628170380245e-4,0.4049824990743265,-0.11943912806904322,3.1390856227830324,PRO,Prostate (PRC)
573.14,x_573.14,-0.4985048019661468,-0.3640419355221669,0.3289555435993396,0.32063517982307,5.373935648309615e-5,2.644542016404995e-4,0.45350382063489997,-0.13446286644397992,3.5776495285323553,PRO,Prostate (PRC)
575.06,x_575.06,-0.5081215087985749,-0.36397814542061363,0.3291312388800249,0.33094307659430977,3.768500997221464e-5,1.9046207742713886e-4,0.4813228308325183,-0.14414336337796124,3.7201914829995824,PRO,Prostate (PRC)
576.99,x_576.99,-0.5071617108415372,-0.3743626992357031,0.33384098385634847,0.3355849205878493,1.9511311929361021e-4,8.001349409628314e-4,0.4380101448366273,-0.13279901160583407,3.0968367640411363,PRO,Prostate (PRC)
578.91,x_578.91,-0.4985071357906786,-0.391066979658035,0.3439917919611356,0.33794035709671755,0.0022319693182121856,0.006501219042144528,0.3501992260274047,-0.10744015613264363,2.187005201259075,PRO,Prostate (PRC)
580.83,x_580.83,-0.4950320743729445,-0.40208051142131396,0.3509776380925414,0.34219902313743644,0.006037239506383907,0.015465257365668365,0.30003826643978704,-0.09295156295163054,1.8106428482725343,PRO,Prostate (PRC)
582.75,x_582.75,-0.4940285917518787,-0.40664099802779685,0.3548580675032558,0.33960538184989864,0.007085858071907404,0.017762137526094967,0.28083949058408963,-0.08738759372408184,1.7505047716695703,PRO,Prostate (PRC)
584.68,x_584.68,-0.49455189522966514,-0.4123262763979173,0.35294071727473175,0.33102583557162135,0.009162088101050243,0.022135794249307436,0.26233609513319844,-0.08222561883174784,1.65490489058583,PRO,Prostate (PRC)
586.6,x_586.60,-0.4918679743115023,-0.4183007790804127,0.34810343266095617,0.3263962255759712,0.023800212388910322,0.0502329539133886,0.23373095462340743,-0.07356719523108962,1.2990112827091573,PRO,Prostate (PRC)
588.52,x_588.52,-0.48394544719610033,-0.4135232382355595,0.3417899203622302,0.32693117275971084,0.03892694786711738,0.0742789719505199,0.2268765314270386,-0.07042220896054086,1.1291341156929737,PRO,Prostate (PRC)
590.45,x_590.45,-0.4723646478260338,-0.4000745669321228,0.33015769891011265,0.3304396720559049,0.04801292677356459,0.08871953860332588,0.23963262982100483,-0.07229008089391104,1.051980725453921,PRO,Prostate (PRC)
592.37,x_592.37,-0.4551926859325539,-0.38295354205590254,0.31847250362116175,0.33252701612487745,0.050929706954394555,0.09300639844210724,0.2493085919163555,-0.07223914387665137,1.031487172816896,PRO,Prostate (PRC)
594.29,x_594.29,-0.4399487736807623,-0.3677866831416883,0.30573813592759325,0.33139298611891194,0.04656016752193167,0.08689372581438345,0.258466950397865,-0.07216209053907402,1.0610115807730067,PRO,Prostate (PRC)
596.21,x_596.21,-0.4252169978252277,-0.3546474947746208,0.29587114178248114,0.3252365416075532,0.047040254217479836,0.0876148161221985,0.261814187672342,-0.07056950305060689,1.0574224461604067,PRO,Prostate (PRC)
598.14,x_598.14,-0.408530396985275,-0.34354966008507765,0.29237051274665005,0.31802547220808136,0.0564189769407385,0.10164112416106068,0.24992543942713571,-0.06498073690019734,0.9929305402544354,PRO,Prostate (PRC)
600.06,x_600.06,-0.39922718438556926,-0.33181095535135496,0.293104066702472,0.3107848369247008,0.030468092210288192,0.06022762413661619,0.266849174667357,-0.06741622903421429,1.2202042685695627,PRO,Prostate (PRC)
601.98,x_601.98,-0.39706398812753557,-0.32471547788063493,0.2976792471698679,0.301810543528868,0.011141980821934433,0.026109654307039334,0.29019617682346055,-0.07234851024690064,1.5831988782168536,PRO,Prostate (PRC)
603.91,x_603.91,-0.4033581165575842,-0.33119354577343124,0.30053023178176436,0.2940710626448846,0.006778306028415649,0.017082792820939708,0.28438750794827344,-0.07216457078415295,1.7674411261780332,PRO,Prostate (PRC)
605.83,x_605.83,-0.41713606343070275,-0.3450926582375936,0.3063574717102755,0.28830061274143665,0.004384493365117446,0.01161331812007029,0.2735349865032301,-0.07204340519310914,1.935043677302566,PRO,Prostate (PRC)
607.75,x_607.75,-0.43891100341940087,-0.3566617914498895,0.30435950789479377,0.28084840492616875,0.0018460937478082832,0.005532364276284439,0.29937252606179604,-0.08224921196951135,2.257089231677027,PRO,Prostate (PRC)
609.67,x_609.67,-0.45989498730669465,-0.3688946257911805,0.2978201186845361,0.2744206292351173,5.958588016115758e-4,0.0020407618296953236,0.3180964753772508,-0.09100036151551416,2.6902076773440333,PRO,Prostate (PRC)
611.6,x_611.60,-0.4684508159227354,-0.37284458913453233,0.2940465463001754,0.27693064837652337,6.291404235407092e-4,0.002131327159458562,0.3293239678801449,-0.09560622678820307,2.6713498808150984,PRO,Prostate (PRC)
613.52,x_613.52,-0.4700380463657076,-0.36335669324160874,0.2922680581004147,0.28541447735288605,2.8370504166036573e-4,0.0010916222796396788,0.371391957118095,-0.10668135312409888,2.9619276091089297,PRO,Prostate (PRC)
615.44,x_615.44,-0.46676670102076717,-0.34678153156089836,0.2903393001937519,0.29294123546622175,7.725127173839492e-5,3.611496953769963e-4,0.42867564532336894,-0.11998516945986881,3.4423127471227963,PRO,Prostate (PRC)
617.37,x_617.37,-0.4502345162498707,-0.3294197028739939,0.293944865124643,0.3047137780416394,9.188051164875394e-5,4.1104439421810977e-4,0.4507509908290982,-0.1208148133758768,3.3861112702826808,PRO,Prostate (PRC)
619.29,x_619.29,-0.4292004074859265,-0.3085502152845234,0.3032022078739174,0.3199336873749365,1.2222431272142874e-4,5.236747895065393e-4,0.47614745897554916,-0.1206501922014031,3.2809383331860396,PRO,Prostate (PRC)
621.21,x_621.21,-0.41303023225853247,-0.297142582268132,0.3155050671076535,0.33503994335137866,2.453350164420939e-4,9.597834325245096e-4,0.4750933810192285,-0.11588764999040047,3.0178267509917247,PRO,Prostate (PRC)
623.13,x_623.13,-0.4035264980693689,-0.3068821228221545,0.328068553849268,0.3477494072661416,0.0019634844157302425,0.005809676989581572,0.39497993371899004,-0.09664437524721442,2.2358480131418528,PRO,Prostate (PRC)
625.06,x_625.06,-0.4050224916816656,-0.33301106840292904,0.3376628934559205,0.3545213559682756,0.018523190805716523,0.03999811409548487,0.28243266668633155,-0.07201142327873655,1.3979604851028569,PRO,Prostate (PRC)
626.98,x_626.98,-0.4209812812353768,-0.3748595878200231,0.34054099844806385,0.351947821150892,0.12686659070886103,0.19606654927733067,0.16740620493752964,-0.046121693415353715,0.7075964945701494,PRO,Prostate (PRC)
628.9,x_628.90,-0.44572700099960794,-0.43300647805275383,0.33734620868161874,0.34282483612848974,0.5642160928322306,0.6464976063702642,0.04177184470243126,-0.012720522946854107,0.18943307873735418,PRO,Prostate (PRC)
630.83,x_630.83,-0.4811324159016844,-0.500107988604829,0.326322077728911,0.3313211896440142,0.6711081187116106,0.740833637538791,-0.05580576117801759,0.018975572703144594,0.13027930674482466,PRO,Prostate (PRC)
632.75,x_632.75,-0.5221633457311123,-0.5689568236222852,0.3155512875564827,0.31628188168882193,0.15191707339685778,0.22654300418829668,-0.12381821381736266,0.04679347789117283,0.6448493446052115,PRO,Prostate (PRC)
634.67,x_634.67,-0.5491025096053332,-0.6283170977092931,0.3149992276923538,0.3028567214450289,0.010895604212222092,0.025660931834830366,-0.19441766539503585,0.07921458810395987,1.5907275769799156,PRO,Prostate (PRC)
636.6,x_636.60,-0.5546954257313051,-0.6670818757930904,0.3265375121191089,0.298003799546845,3.0137973437570115e-4,0.0011454880148019536,-0.2661684544800283,0.11238645006178527,2.9410094504576536,PRO,Prostate (PRC)
638.52,x_638.52,-0.5443008693790833,-0.6836217108996019,0.3499896564211985,0.3023269668317063,2.5559049849284304e-5,1.3578245232432286e-4,-0.32879441556455585,0.1393208415205186,3.867156351934248,PRO,Prostate (PRC)
640.44,x_640.44,-0.5226228621652131,-0.6840424337578644,0.3826969854997263,0.311415472000092,1.2300708542598153e-5,7.372540055980304e-5,-0.3883162383640348,0.1614195715926513,4.132382859190684,PRO,Prostate (PRC)
642.36,x_642.36,-0.4963560638508113,-0.6729293721021268,0.4175999651996552,0.32104238809927793,1.713796884081329e-5,9.59521009949726e-5,-0.43908043861458657,0.17657330825131545,4.017945511386734,PRO,Prostate (PRC)
644.29,x_644.29,-0.47220292905482336,-0.6532144952057936,0.44643699465980624,0.3290530999169239,8.396243807222832e-5,3.829506321830901e-4,-0.46815066155467333,0.1810115661509702,3.416857209196862,PRO,Prostate (PRC)
646.21,x_646.21,-0.45281428763025766,-0.6305505117933478,0.46507176104353515,0.3317339431087867,4.366923730325655e-4,0.0015643960489863935,-0.4776933636911825,0.1777362241630901,2.8056532895657096,PRO,Prostate (PRC)
648.13,x_648.13,-0.44047007687223244,-0.6097808851955161,0.47468316114195974,0.32786235462179647,0.0019292636038808287,0.005726544348027222,-0.4692478226542417,0.16931080832328366,2.242107371629122,PRO,Prostate (PRC)
650.06,x_650.06,-0.43997643242557155,-0.5961595221293059,0.47743039712641405,0.3240886553204576,0.008641554320266304,0.021096222687856384,-0.43827303491936653,0.15618308970373435,1.6757952988575509,PRO,Prostate (PRC)
651.98,x_651.98,-0.44909662397002786,-0.5904870190150112,0.47232778183040935,0.31849738515470066,0.020468305829300485,0.04399509413884127,-0.3948802367903465,0.14139039504498335,1.3565957486778124,PRO,Prostate (PRC)
653.9,x_653.90,-0.4611548886577471,-0.5861347607091957,0.46300708289189796,0.31136217215899387,0.03683974459042785,0.07102095091144339,-0.34598167414174047,0.12497987205144856,1.1486135171536946,PRO,Prostate (PRC)
655.82,x_655.82,-0.473558746329413,-0.5838620467872703,0.4472168591281023,0.3062097946302542,0.05870206818973889,0.10514642482261659,-0.3020847018807307,0.11030330045785725,0.9782054895606954,PRO,Prostate (PRC)
657.75,x_657.75,-0.4844300137144724,-0.5821151777350871,0.4264578703640249,0.304192876023376,0.0804627881338011,0.1365384880310418,-0.26501688132386914,0.09768516402061472,0.864744910649502,PRO,Prostate (PRC)
659.67,x_659.67,-0.49552838427112095,-0.5755515328593648,0.4050024209374998,0.3083941022297233,0.13780203716950007,0.20916380641799118,-0.21597781424642357,0.08002314858824383,0.6795134633651997,PRO,Prostate (PRC)
661.59,x_661.59,-0.5050752627314863,-0.5600458168560066,0.38741914488421064,0.3179600805504731,0.3762331856270171,0.47218527323659193,-0.1490467539171565,0.05497055412452034,0.3258875620514901,PRO,Prostate (PRC)
663.52,x_663.52,-0.5063834667842558,-0.5345493698924055,0.3721450867928495,0.3318383286067144,0.8634885279222988,0.8940883428652816,-0.07809304647149228,0.028165903108149704,0.04861956741954631,PRO,Prostate (PRC)
665.44,x_665.44,-0.4975273630396973,-0.49356369615172846,0.36298120030039227,0.34667785592399564,0.5020665708477376,0.5830639443060446,0.011539614926825127,-0.003963666887968842,0.23428381378916419,PRO,Prostate (PRC)
667.36,x_667.36,-0.4768060381196121,-0.435987732842952,0.35161251931067045,0.36020925729961,0.15166899508592732,0.22653436166987545,0.12911524580144523,-0.04081830527666008,0.6448659130694225,PRO,Prostate (PRC)
669.28,x_669.28,-0.429644064616459,-0.3607422844503902,0.3377891327538049,0.36749426725773027,0.05041647779596417,0.09224932825680332,0.2521740674405838,-0.0689017801660688,1.0350367876125417,PRO,Prostate (PRC)
671.21,x_671.21,-0.357070892852834,-0.27167343370473046,0.32749604162889845,0.35947108364349384,0.010495722805040573,0.024844305880285914,0.39433831064220776,-0.08539745914810354,1.6047731324089969,PRO,Prostate (PRC)
673.13,x_673.13,-0.2687399817501571,-0.1686486724038264,0.32252640257589404,0.33876615320833975,0.0013872118009438487,0.004337936568168892,0.6721931985855403,-0.10009130934633073,2.362716802781862,PRO,Prostate (PRC)
675.05,x_675.05,-0.1529298846013359,-0.05093901848510435,0.31542615809054214,0.3198756418155523,6.291404235407092e-4,0.002131327159458562,1.5860461787107463,-0.10199086611623157,2.6713498808150984,PRO,Prostate (PRC)
676.98,x_676.98,-0.025132321867405702,0.07446486789929727,0.30805322441356475,0.3156164484314386,0.001709695146696262,0.005190145981042223,NA,-0.09959718976670297,2.2848204267624292,PRO,Prostate (PRC)
678.9,x_678.90,0.08991503530773245,0.19718895707666834,0.3140439619793722,0.3267784761916273,0.0018679441630742439,0.005579960998320824,-1.1329357479164313,-0.10727392176893588,2.253368836595261,PRO,Prostate (PRC)
680.82,x_680.82,0.1859506413790408,0.3041030176723294,0.3284972267134704,0.3440124434937809,0.0010647047476697216,0.0034565935384416307,-0.709637394119776,-0.11815237629328859,2.4613516862343494,PRO,Prostate (PRC)
682.75,x_682.75,0.2559697655654001,0.3794624964471379,0.34041063441579156,0.3615630903450633,0.0013218536309888174,0.004147426660988404,-0.567982058871982,-0.12349273088173784,2.382221284871932,PRO,Prostate (PRC)
684.67,x_684.67,0.2882200835733667,0.4104555063836536,0.3493627787357385,0.373173995844548,0.004027422933746856,0.010789800696427824,-0.510053482832179,-0.12223542281028688,1.9669865773042097,PRO,Prostate (PRC)
686.59,x_686.59,0.2843713672533294,0.3966006485965586,0.35419472905104277,0.3775243163006366,0.013460385399347562,0.030253510452860503,-0.4799093909328866,-0.11222928134322918,1.5192242249172494,PRO,Prostate (PRC)
688.51,x_688.51,0.2605985519725538,0.351248531821348,0.3569948148886823,0.37469729287611686,0.04422116328677711,0.08319273173669335,-0.4306616987733541,-0.0906499798487942,1.0799146148695198,PRO,Prostate (PRC)
690.44,x_690.44,0.21705558758878746,0.28908136813955626,0.35488082017367667,0.3613444783780019,0.12514718595182553,0.19372950143204778,-0.41340940937355913,-0.0720257805507688,0.71280423920057,PRO,Prostate (PRC)
692.36,x_692.36,0.16084519534271857,0.22318410960891022,0.348322877512158,0.34282186198408426,0.14105627855993322,0.21272196847344768,-0.47255896624893867,-0.06233891426619165,0.6721876568103715,PRO,Prostate (PRC)
694.28,x_694.28,0.10585013343919995,0.1605944620105232,0.34335343520911504,0.332028693131907,0.1308024431195352,0.20082148492079707,-0.6013944092007307,-0.054744328571323234,0.6971898259722333,PRO,Prostate (PRC)
696.21,x_696.21,0.05115020877098107,0.10609727243340211,0.3475825583249996,0.3327255823711582,0.09290379639568165,0.1534718191342091,-1.0525609271844003,-0.05494706366242104,0.8139713590669118,PRO,Prostate (PRC)
698.13,x_698.13,0.0026140393143045146,0.07006430380234525,0.3525661026768037,0.3406908939256874,0.05421028974674082,0.09803988571219084,-4.74379566026509,-0.06745026448804074,1.0085972036887663,PRO,Prostate (PRC)
700.05,x_700.05,-0.02361298527023996,0.055713829353476095,0.3541297732574381,0.35157602403042365,0.05186454605538079,0.09434504000346505,NA,-0.07932681462371605,1.02528092703851,PRO,Prostate (PRC)
701.97,x_701.97,-0.017742878955186385,0.06369387312220624,0.36145382694067735,0.3658311182898281,0.07519581992760145,0.12971972625886966,NA,-0.08143675207739262,0.8869939764682895,PRO,Prostate (PRC)
703.9,x_703.90,0.020159668666411744,0.09279489340327038,0.37962154368066087,0.3851105538918406,0.16183495265097653,0.23942354545674532,-2.2025174723063645,-0.07263522473685863,0.6208331423209429,PRO,Prostate (PRC)
705.82,x_705.82,0.09843692801401793,0.15711169101033348,0.40986079310229967,0.41269759412912144,0.29659282779307644,0.3927964504058449,-0.6745135247297409,-0.05867476299631555,0.40583244546787794,PRO,Prostate (PRC)
707.74,x_707.74,0.23004136549869686,0.2816482165941341,0.45484955975029895,0.45529726610287785,0.33380213042166695,0.4298641627084008,-0.29199988075387356,-0.05160685109543722,0.36666876001614934,PRO,Prostate (PRC)
709.67,x_709.67,0.4146355477480515,0.4822470907478748,0.5258036241200931,0.523552820555673,0.21917368089751724,0.30631897106005773,-0.21792823951256832,-0.0676115429998233,0.5138261054736675,PRO,Prostate (PRC)
711.59,x_711.59,0.6474940412999192,0.7694723940121391,0.6311672272797606,0.6323521533795327,0.06981114084749929,0.12177876248584296,-0.24900229925009268,-0.1219783527122199,0.914428443553794,PRO,Prostate (PRC)
713.51,x_713.51,0.927041683023648,1.137512596366021,0.7661444640732746,0.785986024600979,0.014789852512507647,0.03292502880760631,-0.2951761192732278,-0.2104709133423731,1.482473836382003,PRO,Prostate (PRC)
715.43,x_715.43,1.23860266907271,1.5660438827585104,0.9295879886382739,0.9687653419169294,0.0030309794396243643,0.008484927473199943,-0.3384109359605217,-0.32744121368580026,2.0713518655588774,PRO,Prostate (PRC)
717.36,x_717.36,1.5524459937935116,2.0109776902756105,1.1057812966825653,1.154901751343655,5.642220114931313e-4,0.001961143422847873,-0.3733537835149752,-0.4585316964820989,2.707490644234443,PRO,Prostate (PRC)
719.28,x_719.28,1.83611822396186,2.4071650836628287,1.263679078254915,1.3152027019673735,2.1924989762603925e-4,8.79822550559428e-4,-0.39067594502620495,-0.5710468597009686,3.0556049108997176,PRO,Prostate (PRC)
721.2,x_721.20,2.0537281631960207,2.693610188901728,1.3759826565577913,1.421873039243535,1.2007984005302199e-4,5.173947025326063e-4,-0.39129568115446456,-0.6398820257057074,3.286178022222945,PRO,Prostate (PRC)
723.13,x_723.13,2.1666098640773,2.821626979685612,1.4217972430364565,1.4522440970076727,9.024254151482097e-5,4.0565757844402697e-4,-0.3810877266566572,-0.6550171156083118,3.3918404061752727,PRO,Prostate (PRC)
725.05,x_725.05,2.1615935910407598,2.774916077460388,1.3894171578224437,1.4002081104178743,1.0793980991345462e-4,4.7382029234309885e-4,-0.36034869048658397,-0.6133224864196283,3.3243863436472014,PRO,Prostate (PRC)
726.97,x_726.97,2.0540264760507885,2.574452161261959,1.2835018130119649,1.2785139693317669,2.323439402244773e-4,9.236555534289694e-4,-0.32581054222124245,-0.5204256852111704,3.0344899542497834,PRO,Prostate (PRC)
728.9,x_728.90,1.8726003882953812,2.2714715054591004,1.12348485991204,1.1103527545401117,7.754320012445346e-4,0.0025710245431334747,-0.27858401004864136,-0.39887111716371915,2.5898937775397295,PRO,Prostate (PRC)
730.82,x_730.82,1.660666999727781,1.9297505633366963,0.9402604547220447,0.9280974693558836,0.003307002041130139,0.009148067776499054,-0.21665144760755758,-0.2690835636089153,2.0386706264384307,PRO,Prostate (PRC)
732.74,x_732.74,1.4629665228027369,1.6048536225113714,0.7734674077166024,0.7600553717923653,0.0481111169277082,0.088725629837095,-0.13354487250434988,-0.14188709970863456,1.0519509090409052,PRO,Prostate (PRC)
734.66,x_734.66,1.3029596163243573,1.3419176698375574,0.6505455494016252,0.6273615608751185,0.4785844418686628,0.562156348174874,-0.04250375899924593,-0.03895805351320014,0.25014288068304125,PRO,Prostate (PRC)
736.59,x_736.59,1.1828089647581408,1.1566443992250794,0.5756749289902399,0.5411200385782275,0.7107943993495767,0.7754874718691414,0.0322716675808233,0.026164565533061346,0.11042521389428281,PRO,Prostate (PRC)
738.51,x_738.51,1.101972501555622,1.0397247421101368,0.5400958139501754,0.49366519584688456,0.2622658209494626,0.3533299161648178,0.08388650697968429,0.06224775944548533,0.45181958963774055,PRO,Prostate (PRC)
740.43,x_740.43,1.0490927939564214,0.9701876012200441,0.5308910933203602,0.47158091037830613,0.1785966668390038,0.2588959434022768,0.1128065329841937,0.0789051927363773,0.5868747544002333,PRO,Prostate (PRC)
742.36,x_742.36,1.0038620490012546,0.9211542392219293,0.5322218439291433,0.46065118377167724,0.1999485214537162,0.2845538319014074,0.1240462499995347,0.08270780977932535,0.545835561654914,PRO,Prostate (PRC)
744.28,x_744.28,0.9578358120233524,0.8715720192897203,0.5307365848495018,0.4496710751474529,0.23761520891988278,0.32768469076709494,0.13615834636883753,0.08626379273363216,0.48454384812230045,PRO,Prostate (PRC)
746.2,x_746.20,0.9075098570205187,0.8130352674282683,0.518265579903335,0.4349566791072414,0.20086425006129754,0.2849894898441778,0.1585951943163146,0.09447458959225041,0.5451711560856788,PRO,Prostate (PRC)
748.12,x_748.12,0.8521948847384427,0.7457519386072453,0.502283606165758,0.4197456957039913,0.13942184913378075,0.21093758728169096,0.19248732729649776,0.10644294613119742,0.6758460257866048,PRO,Prostate (PRC)
750.05,x_750.05,0.7855150265730754,0.664867725524027,0.4885543465124494,0.4060485759780914,0.06782624154730885,0.1185374501808108,0.24057119359856804,0.12064730104904842,0.9261444189589358,PRO,Prostate (PRC)
751.97,x_751.97,0.7016932400370585,0.5671415895544291,0.4755213979132044,0.3926797252432318,0.025750992379615294,0.052685290754792787,0.3071310203726062,0.1345516504826294,1.2783106188614344,PRO,Prostate (PRC)
753.89,x_753.89,0.6011871938104429,0.454477110574742,0.4652416747883912,0.37611653964123815,0.00902366560274268,0.02191461646380365,0.403605867439024,0.14671008323570095,1.6592661256995616,PRO,Prostate (PRC)
755.82,x_755.82,0.4807861391855577,0.3276281306437456,0.44546219250689134,0.3568801593395072,0.005413256388120933,0.014020483996933718,0.553334667489652,0.1531580085418121,1.8532369939606974,PRO,Prostate (PRC)
757.74,x_757.74,0.3462000608360864,0.1951990890880452,0.4177202906043241,0.3393745926266613,0.002512016760798771,0.007204710648303223,0.826656434108249,0.1510009717480412,2.142383456400114,PRO,Prostate (PRC)
759.66,x_759.66,0.20466049979844209,0.05961709435432046,0.38814294479048,0.32185463564174266,0.0010073120967793623,0.0032816613605878182,1.7794175666058478,0.14504340544412164,2.4839062364504905,PRO,Prostate (PRC)
761.58,x_761.58,0.06278754860659147,-0.07789156092984376,0.3576476455190282,0.3035472888877362,5.32434034912289e-4,0.0018645161896741207,NA,0.14067910953643523,2.729433841288671,PRO,Prostate (PRC)
763.51,x_763.51,-0.0729664280791169,-0.20880434971674605,0.3263068415932001,0.28397411616886603,3.668112104934545e-4,0.00137187392724552,-1.5168598921837524,0.13583792163762914,2.8626857976798132,PRO,Prostate (PRC)
765.43,x_765.43,-0.2039881580163223,-0.32950320510044406,0.2904173406090958,0.26414867542425546,3.9444309862563014e-4,0.0014462913616273105,-0.6918097897084398,0.12551504708412176,2.839744207732749,PRO,Prostate (PRC)
767.35,x_767.35,-0.32199700288349925,-0.4337858106472391,0.2657954356529219,0.2465157675145346,7.009529754800298e-4,0.002357521698107294,-0.4299367572013779,0.11178880776373984,2.6275443014220654,PRO,Prostate (PRC)
769.28,x_769.28,-0.42350026805891994,-0.5215962444034089,0.24962748007349939,0.23098309212379636,0.0021744584762635206,0.006353495860332474,-0.3005712398648823,0.09809597634448897,2.1969872487096826,PRO,Prostate (PRC)
771.2,x_771.20,-0.5107463945546346,-0.5996616559690475,0.23370737474154168,0.21817846995017895,0.0020395491481891874,0.0059779888826234796,-0.23154202989362285,0.08891526141441297,2.2234448969614697,PRO,Prostate (PRC)
773.12,x_773.12,-0.5830524745785094,-0.6666716638929301,0.2193139109108538,0.21043049141467118,0.0015042983819841345,0.004626707194589361,-0.19335098722712954,0.0836191893144207,2.3347279843552715,PRO,Prostate (PRC)
775.04,x_775.04,-0.6444936669303711,-0.7176667723258608,0.20225340360261376,0.20529149683187664,0.001635282938821424,0.004996697868621018,-0.1551481721902593,0.07317310539548971,2.301316909904547,PRO,Prostate (PRC)
776.97,x_776.97,-0.6935571908978367,-0.7504302598839268,0.1878683461520136,0.19770316089414483,0.008510185000199632,0.02082990307640486,-0.11370330856898425,0.056873068986090014,1.6813127508626462,PRO,Prostate (PRC)
778.89,x_778.89,-0.7257719219471065,-0.7666707125941193,0.18272638396216725,0.192352629673647,0.05686958563335582,0.10225588955228403,-0.07909093076107272,0.04089879064701285,0.9903116688815339,PRO,Prostate (PRC)
780.81,x_780.81,-0.7406725065370616,-0.7621177248943892,0.18452120293626717,0.19162598243326834,0.4248576394535886,0.5119096557849295,-0.04117813798201733,0.0214452183573276,0.290806678586961,PRO,Prostate (PRC)
782.74,x_782.74,-0.7418322125618252,-0.7362491932579799,0.1867491005647759,0.19013858579159973,0.574824757304401,0.6538456789289719,0.010898781942718084,-0.005583019303845305,0.1845247420398173,PRO,Prostate (PRC)
784.66,x_784.66,-0.732147657856341,-0.7033432576176625,0.18679071097898273,0.18984718948388843,0.12344600103985524,0.1920499350620044,0.05790576807423853,-0.028804400238678474,0.716585835347115,PRO,Prostate (PRC)
786.58,x_786.58,-0.7131888569593471,-0.6698295543078228,0.1925126387872121,0.19559214775036418,0.044773283861434005,0.08389382847783726,0.09049026082702656,-0.04335930265152432,1.0762699862106604,PRO,Prostate (PRC)
788.51,x_788.51,-0.6897685936023246,-0.6390396102202714,0.20533865695582684,0.20910860752414526,0.030534805971286542,0.060232159458128515,0.11020724991543673,-0.05072898338205312,1.2201715661181949,PRO,Prostate (PRC)
790.43,x_790.43,-0.6740574123443149,-0.6188010912538141,0.2124515149497663,0.2295773532611254,0.03560329211301005,0.0689214868026178,0.12339592727345142,-0.055256321090500826,1.1616453623440357,PRO,Prostate (PRC)
792.35,x_792.35,-0.6776058522721045,-0.6071963850329247,0.20722036153440176,0.2576178305248867,0.02954716613741729,0.05865520241716596,0.15828338008418957,-0.07040946723917973,1.231693462135545,PRO,Prostate (PRC)
794.27,x_794.27,-0.691452859154534,-0.6031230806632574,0.19936910426258025,0.28554003022675906,0.02478684275780945,0.05150155106344853,0.19717875623863426,-0.08832977849127666,1.2881796911888468,PRO,Prostate (PRC)
796.2,x_796.20,-0.7095339298951531,-0.6114474565924556,0.19045684551767564,0.3030910969530856,0.029095750677926097,0.05788197209332106,0.21464347253493266,-0.09808647330269749,1.237456680478767,PRO,Prostate (PRC)
798.12,x_798.12,-0.7377038501037655,-0.6304467162381416,0.17831182498607953,0.3103032943240049,0.024070799327362006,0.050575724429401066,0.2266676550975251,-0.10725713386562385,1.2960578878267934,PRO,Prostate (PRC)
800.04,x_800.04,-0.7644116221128807,-0.652448368739504,0.1675062863072834,0.3039748884456907,0.012449585447845505,0.02832204961979452,0.22848629802892118,-0.11196325337337676,1.5478753206730504,PRO,Prostate (PRC)
801.97,x_801.97,-0.7804657559565223,-0.6724470427180202,0.16107525245659216,0.280744376007531,0.0034103225575853767,0.009406051891865271,0.2149149747819987,-0.1080187132385021,2.0265926296417596,PRO,Prostate (PRC)
803.89,x_803.89,-0.7952590722770098,-0.694371924458377,0.15435885598049942,0.24793252372140254,6.093594313254465e-4,0.0020793834609098266,0.19571657216277197,-0.10088714781863273,2.682065414660454,PRO,Prostate (PRC)
805.81,x_805.81,-0.8108450497622234,-0.7188351583428086,0.14817119563381034,0.21732697393557873,1.5413586485316374e-4,6.491758271968834e-4,0.1737655004870955,-0.09200989141941474,3.1876376599956178,PRO,Prostate (PRC)
807.73,x_807.73,-0.8190787414741667,-0.7359034662917622,0.14566320291312262,0.1950467324494744,5.1021910808404465e-5,2.5240998204157766e-4,0.1544858198433588,-0.08317527518240453,3.5978934740719075,PRO,Prostate (PRC)
809.66,x_809.66,-0.8266624902252675,-0.7418878906153417,0.14338183430858534,0.1880914092982658,1.647893626320198e-5,9.338063882481122e-5,0.15609743306751137,-0.08477459960992584,4.029743159349939,PRO,Prostate (PRC)
811.58,x_811.58,-0.8311440984634828,-0.7418382924650839,0.14346017967271935,0.19521928145107398,1.0235705252410378e-5,6.338002921194506e-5,0.16399409361588074,-0.08930580599839888,4.198047564978731,PRO,Prostate (PRC)
813.5,x_813.50,-0.81719834439047,-0.7337159016346286,0.1480903103496926,0.2070236332799411,1.9646083636664835e-4,8.021435895319485e-4,0.15546492944998047,-0.08348244275584138,3.095747882888415,PRO,Prostate (PRC)
815.43,x_815.43,-0.7840550529487226,-0.7115945622699483,0.1633929347340241,0.21796223402425927,0.0022710806896322545,0.00659459765467751,0.13989965893037526,-0.07246049067877425,2.180811696203093,PRO,Prostate (PRC)
817.35,x_817.35,-0.7467181931359059,-0.678407959808857,0.1868583425036671,0.23112386833570447,0.005989475413126567,0.015385053602399288,0.13841097876958,-0.06831023332704889,1.8129009863072816,PRO,Prostate (PRC)
819.27,x_819.27,-0.7024856617093994,-0.6392133702874584,0.2074297980748085,0.24460572175634968,0.015040355367517693,0.033403164533560674,0.13617139724604196,-0.06327229142194102,1.476212387249502,PRO,Prostate (PRC)
821.19,x_821.19,-0.6525586277895903,-0.5924181643319376,0.21748966959664018,0.2592475556698227,0.03629436730172539,0.07011411865106042,0.13949187165373444,-0.06014046345765267,1.1541945207658575,PRO,Prostate (PRC)
823.12,x_823.12,-0.6086704371191676,-0.5399860646362419,0.22022413306530617,0.27220819027318055,0.03093772902580355,0.0607705391578284,0.17273942160357972,-0.06868437248292569,1.2163069105634778,PRO,Prostate (PRC)
825.04,x_825.04,-0.565528526711309,-0.48454849648889364,0.22375802223279911,0.27825120812979875,0.011999355157432626,0.02763398293645198,0.2229591592914987,-0.0809800302224154,1.5585565149148453,PRO,Prostate (PRC)
826.96,x_826.96,-0.5098081436666156,-0.42433227138719093,0.2286563987940912,0.28260622222346854,0.009162088101050243,0.022135794249307436,0.2647605862914431,-0.08547587227942471,1.65490489058583,PRO,Prostate (PRC)
828.89,x_828.89,-0.44682666969477114,-0.3606868038740127,0.2301319232826403,0.2895912534308389,0.012267728459669785,0.027976405145832314,0.30896942797660176,-0.08613986582075844,1.5532080913320228,PRO,Prostate (PRC)
830.81,x_830.81,-0.37120504723504083,-0.2939760359024557,0.23185215019548608,0.2944094047669155,0.028461174386273828,0.05710557521709448,0.3365187923562811,-0.07722901133258514,1.2433214895156122,PRO,Prostate (PRC)
832.73,x_832.73,-0.2794531167169457,-0.21915497359295197,0.23804813487596646,0.2956677780046337,0.08990375852733205,0.14957297904458267,0.350656265428749,-0.06029814312399376,0.8251468564164882,PRO,Prostate (PRC)
834.66,x_834.66,-0.17458368150894701,-0.1378075755826379,0.24931635610565875,0.2969577570006915,0.31672132578746837,0.41356631981146647,0.3412657222702433,-0.036776105926309116,0.3834548367313726,PRO,Prostate (PRC)
836.58,x_836.58,-0.06798391661316894,-0.0597158564566689,0.2626007050808615,0.3034306791614731,0.8901857909085543,0.9176667194040774,0.187082353737989,-0.008268060156500036,0.03731501836785145,PRO,Prostate (PRC)
838.5,x_838.50,0.02958322183520427,0.012535605747224331,0.27234101206747957,0.3156220373809857,0.5730501106303754,0.6526210151515236,1.2386811526925368,0.017047616087979937,0.18533894553834418,PRO,Prostate (PRC)
840.42,x_840.42,0.11772723239058679,0.08114313528339852,0.27778583905923915,0.32776509829628403,0.2858754332115763,0.3807600143202619,0.5369016019193458,0.03658409710718827,0.41934866551828653,PRO,Prostate (PRC)
842.35,x_842.35,0.19190653158248053,0.14196044052839837,0.2812016093861023,0.33494420954643145,0.13757182456361164,0.2091539121414258,0.434912213423415,0.04994609105408215,0.679534007700402,PRO,Prostate (PRC)
844.27,x_844.27,0.2458958583191001,0.18889975053662753,0.2828876771601767,0.33790515896490897,0.07941582844481626,0.13525282257905866,0.3804248687533966,0.05699610778247258,0.8688536628741179,PRO,Prostate (PRC)
846.19,x_846.19,0.2807674832832177,0.21494583608889095,0.28306292674017314,0.3380084527289628,0.03203457170965345,0.06253094895308137,0.38540112515707764,0.06582164719432676,1.2039049805315551,PRO,Prostate (PRC)
848.12,x_848.12,0.29790681570492944,0.21798384516559166,0.28925215598486775,0.3361330660498582,0.009397008074649322,0.02258663894549387,0.45063813480554427,0.07992297053933778,1.6461483904176628,PRO,Prostate (PRC)
850.04,x_850.04,0.2970082391612335,0.20491974470108212,0.3103451680276022,0.33019669778867766,0.004887563070990514,0.012799531754569668,0.5354417702964882,0.09208849446015135,1.8928059178619925,PRO,Prostate (PRC)
851.96,x_851.96,0.2782975447028158,0.17220202555884329,0.34192856619374956,0.3223275577751777,0.0040719635165034134,0.010846968341682882,0.692522873748254,0.10609551914397253,1.96469162738745,PRO,Prostate (PRC)
853.88,x_853.88,0.24649455396625003,0.11252272771962575,0.3747854459933262,0.31437142282759395,9.094653642610014e-4,0.002983684616084338,1.131332372397077,0.1339718262466243,2.525247084930277,PRO,Prostate (PRC)
855.81,x_855.81,0.19751601752775091,0.037273260193009534,0.391653395700008,0.30481305957097465,1.2265751754217337e-4,5.236747895065393e-4,2.4057253335371005,0.1602427573347414,3.2809383331860396,PRO,Prostate (PRC)
857.73,x_857.73,0.13310556229091236,-0.041052986497703246,0.38634657642541315,0.29888789059651566,2.393998584429687e-5,1.286430273817102e-4,NA,0.1741585487886156,3.890613748137751,PRO,Prostate (PRC)
859.65,x_859.65,0.06670019296660436,-0.11874083123357035,0.3680437024017424,0.2894807466728235,2.6859401408838093e-6,1.917064146356001e-5,NA,0.18544102420017472,4.717363355070629,PRO,Prostate (PRC)
861.58,x_861.58,0.00225940319943426,-0.18829237706526206,0.34483587674277627,0.27279222013821713,3.246277399001884e-7,3.27876061581523e-6,NA,0.19055178026469632,5.484290290261289,PRO,Prostate (PRC)
863.5,x_863.50,-0.060213907132184954,-0.23835263962066588,0.32059035736655045,0.25762422860016465,3.2612271365862715e-7,3.27876061581523e-6,-1.9849468709363123,0.17813873248848094,5.484290290261289,PRO,Prostate (PRC)
865.42,x_865.42,-0.11406329210596104,-0.2715824480850867,0.2983337102847682,0.2452592835791321,1.7501845481778437e-6,1.3695880838026155e-5,-1.2515630020866992,0.15751915597912564,4.863410031260148,PRO,Prostate (PRC)
867.34,x_867.34,-0.16003872290879953,-0.28808077673569754,0.277811740169348,0.23835757138523136,1.9571640826266288e-5,1.0701452732490632e-4,-0.8480563799344716,0.128042053826898,3.9705572624195704,PRO,Prostate (PRC)
869.27,x_869.27,-0.19265433395243994,-0.28904571261983714,0.2623422363811818,0.23917563888191867,7.07642106956817e-4,0.00237148878137858,-0.5852855292496973,0.09639137866739719,2.62497892549109,PRO,Prostate (PRC)
871.19,x_871.19,-0.20575465409053662,-0.28214533019342647,0.25511174285217514,0.24246038844235182,0.00777884696877497,0.01924132781958888,-0.4555153058455321,0.07639067610288985,1.715764961153585,PRO,Prostate (PRC)
873.11,x_873.11,-0.20360789528198936,-0.2717356012632593,0.2549908898609236,0.250130718434759,0.024675495496201287,0.051384383717033855,-0.4164118624383762,0.06812770598126994,1.2891688478527406,PRO,Prostate (PRC)
875.04,x_875.04,-0.20123181502698306,-0.25385361681580315,0.253917058571728,0.2582268784292767,0.12838610332771883,0.19776113115554714,-0.33513988611861195,0.05262180178882009,0.7038590625034579,PRO,Prostate (PRC)
876.96,x_876.96,-0.200791799865954,-0.23897493895544425,0.2587949133332996,0.26420237571560723,0.2811972027035294,0.3761364585519313,-0.25116012799854903,0.03818313908949025,0.42465456878307273,PRO,Prostate (PRC)
878.88,x_878.88,-0.1999510056173841,-0.23481600109121184,0.26220972076474075,0.2664647681129175,0.2626356061332068,0.3533299161648178,-0.2318852558855735,0.03486499547382774,0.45181958963774055,PRO,Prostate (PRC)
880.81,x_880.81,-0.19692496696929684,-0.22924833308034157,0.2636691837671085,0.2706776624826931,0.1681767006617948,0.24608014885567783,-0.2192662429081517,0.03232336611104472,0.6089234191706822,PRO,Prostate (PRC)
882.73,x_882.73,-0.19000508427864915,-0.20946597344835655,0.2724558524271443,0.28063427572504646,0.2898139186095475,0.3849091106533053,-0.14067858718729676,0.019460889169707396,0.4146418091973556,PRO,Prostate (PRC)
884.65,x_884.65,-0.16944605796036122,-0.17797451495231778,0.28483184768003905,0.2884538222800444,0.6090264743159877,0.6868995820089849,-0.07084500340982201,0.008528456991956562,0.16310674789965676,PRO,Prostate (PRC)
886.57,x_886.57,-0.1267761232321433,-0.127363104132797,0.2945806840235454,0.30244328220791655,0.7911253492137593,0.8377148375026783,-0.006664398987342064,5.869809006537052e-4,0.07690379231876614,PRO,Prostate (PRC)
888.5,x_888.50,-0.06071960052487413,-0.06065618479013899,0.30950135843743676,0.3212829856660262,0.9156300939262835,0.9376934696835434,0.0015075672906545172,-6.341573473513801e-5,0.027939108509710212,PRO,Prostate (PRC)
890.42,x_890.42,0.021584821152179322,0.013349638774299115,0.3302972274381352,0.3427315387453804,0.7797754478519701,0.8303986830769842,0.6931752050916196,0.008235182377880207,0.0807133482394184,PRO,Prostate (PRC)
892.34,x_892.34,0.09764745047308865,0.0883239165599522,0.3523253406934212,0.3648581327948958,0.7897877144839405,0.837246613426853,0.14477666978787815,0.00932353391313645,0.07714660045934647,PRO,Prostate (PRC)
894.27,x_894.27,0.14988203029038902,0.15189081062806492,0.36997112418694655,0.3818493707474317,0.9986142998295208,0.9986142998295208,-0.01920703679431443,-0.002008780337675903,6.022192817223876e-4,PRO,Prostate (PRC)
896.19,x_896.19,0.17637454397625557,0.17830832312776423,0.38202608601035243,0.39243248209769677,0.9972286038385708,0.9986142998295208,-0.015731605684479802,-0.0019337791515086633,6.022192817223876e-4,PRO,Prostate (PRC)
898.11,x_898.11,0.162863903788478,0.1658877962540457,0.37799713966549364,0.39389689716432463,0.8922449925081447,0.91877650660255,-0.02654070630952344,-0.0030238924655676958,0.036790118378317804,PRO,Prostate (PRC)
900.03,x_900.03,0.11026388358899908,0.11608572491587454,0.3663994002751705,0.3889897110071053,0.8288151330620707,0.8717009554702319,-0.07422959804834715,-0.005821841326875465,0.05963247798448288,PRO,Prostate (PRC)
901.96,x_901.96,0.024802213882270344,0.0367971573171251,0.3521192512149941,0.37748788018563323,0.8846982441692075,0.9140252577880762,-0.5691064542694563,-0.011994943434854757,0.03904180298999306,PRO,Prostate (PRC)
903.88,x_903.88,-0.07937924439983388,-0.059899240750946575,0.33518667780193084,0.3570234001025198,0.9979214510503851,0.9986142998295208,0.4062300239838496,-0.0194800036488873,6.022192817223876e-4,PRO,Prostate (PRC)
905.8,x_905.80,-0.18402624013450267,-0.15613100407865332,0.3196628386878958,0.34153132724988683,0.7348657980807448,0.7943347065959496,0.2371558419032646,-0.027895236055849343,0.09999646155508514,PRO,Prostate (PRC)
907.73,x_907.73,-0.28628135428563656,-0.23961683449720084,0.3055478183603326,0.3306851381134537,0.34788667203520424,0.44254971204478366,0.2567054214959196,-0.04666451978843572,0.35403793749927664,PRO,Prostate (PRC)
909.65,x_909.65,-0.37520738920031593,-0.30644244819868954,0.2958318056341401,0.32587731772710865,0.08698219871623662,0.14601141077142055,0.2920729506415948,-0.06876494100162639,0.8356132028360008,PRO,Prostate (PRC)
911.57,x_911.57,-0.4452549547711463,-0.35574829599147956,0.2908186761036146,0.32072681609852577,0.015404697945321205,0.034050573472518504,0.3237756345072344,-0.08950665877966674,1.467875569394279,PRO,Prostate (PRC)
913.49,x_913.49,-0.4947871608190271,-0.3922228796625966,0.2878737720881335,0.3101807932461572,0.003215557012557998,0.00894658136525534,0.3351351317453325,-0.10256428115643051,2.0483428839949336,PRO,Prostate (PRC)
915.42,x_915.42,-0.5232412544489946,-0.41976465543243224,0.2819528690628201,0.30207392302635994,0.0017819438079235553,0.0053745724529307235,0.317896277396077,-0.10347659901656237,2.26965607815063,PRO,Prostate (PRC)
917.34,x_917.34,-0.5359585808728211,-0.43773853493858783,0.2715748436836485,0.2954236315061007,0.002371621656375212,0.006822973072956379,0.292052724141047,-0.09822004593423328,2.1660263426713664,PRO,Prostate (PRC)
919.26,x_919.26,-0.5284651246398903,-0.4477497620024999,0.2768069231035187,0.2905670195749671,0.009637286497345693,0.022986895089332198,0.23911609276037737,-0.08071536263739038,1.6385196862616072,PRO,Prostate (PRC)
921.19,x_921.19,-0.5087415697427352,-0.4450451479680663,0.2919641703951574,0.288675796575985,0.02686679438805127,0.054373274356770425,0.1929816899527303,-0.06369642177466889,1.2646145130115527,PRO,Prostate (PRC)
923.11,x_923.11,-0.4813848697667189,-0.4268176236918157,0.30744083320453697,0.2900379668697212,0.05789441079712745,0.10389879864743602,0.17357143325786614,-0.05456724607490321,0.9833894740386427,PRO,Prostate (PRC)
925.03,x_925.03,-0.4276482565058236,-0.38433388676083347,0.32947089170361915,0.29587863630082556,0.10496902697726514,0.1680582880543543,0.1540648538467659,-0.043314369744990144,0.7745400647624064,PRO,Prostate (PRC)
926.96,x_926.96,-0.3374462746535298,-0.3109580594934662,0.36684201628643576,0.30648244939592656,0.1649828881013445,0.2429275596452868,0.11793818110336825,-0.026488215160063555,0.6145232125603863,PRO,Prostate (PRC)
928.88,x_928.88,-0.21616172610954112,-0.21124258967320614,0.40791871942353136,0.32388651784387296,0.33120280590634116,0.4271374117550744,0.03321052257723452,-0.0049191364363349865,0.3694323882846708,PRO,Prostate (PRC)
930.8,x_930.80,-0.07441561718325328,-0.10081196891740568,0.4455975581542396,0.33781487197179344,0.6711081187116106,0.740833637538791,-0.4379946810691466,0.026396351734152404,0.13027930674482466,PRO,Prostate (PRC)
932.72,x_932.72,0.05931138989255038,-0.006363157891261853,0.47327981456340845,0.342970448898239,0.7558974682029027,0.8114398768883053,NA,0.06567454778381224,0.09074365341379835,PRO,Prostate (PRC)
934.65,x_934.65,0.14954767428679702,0.047875973727813756,0.47881182155353824,0.33680020460216453,0.24423369725479804,0.33483652042996503,1.6432112529013692,0.10167170055898327,0.4751671798417866,PRO,Prostate (PRC)
936.57,x_936.57,0.17553307501485954,0.04275274678253099,0.45483188551932213,0.3178350056465028,0.027348951662313027,0.0551104952678075,2.0376283532873645,0.13278032823232855,1.2587656860329695,PRO,Prostate (PRC)
938.49,x_938.49,0.12693923320756903,-0.02654065490299737,0.41091520279269755,0.2909050818170949,0.002317503649664786,0.006708563196398065,NA,0.1534798881105664,2.1733704847033106,PRO,Prostate (PRC)
940.42,x_940.42,0.0017157935828776712,-0.1499415460052814,0.3527331495113947,0.2645499110468012,5.171734417468803e-4,0.0018178840903508762,NA,0.15165733958815908,2.740433811172249,PRO,Prostate (PRC)
942.34,x_942.34,-0.17780534250706884,-0.3068899217300347,0.29006054464807773,0.2435370204180654,3.8417751876730513e-4,0.0014188695730168596,-0.7874260079574605,0.12908457922296587,2.848057524431479,PRO,Prostate (PRC)
944.26,x_944.26,-0.3745871736257147,-0.4697373847830417,0.24185037743138157,0.23144427143423246,0.0014819513125546326,0.004573018076694988,-0.3265536968640993,0.09515021115732702,2.3397970818921436,PRO,Prostate (PRC)
946.18,x_946.18,-0.552383968115259,-0.6073998326514272,0.21264830772484478,0.2277799537136752,0.022435290258528043,0.04767499179937209,-0.13697529883445103,0.055015864536168135,1.321709372985423,PRO,Prostate (PRC)
948.11,x_948.11,-0.6871804831759789,-0.7040613884143189,0.19093072250835227,0.2278034386333804,0.27772281611934346,0.37202125081889137,-0.0350122132992605,0.01688090523833996,0.4294322513821348,PRO,Prostate (PRC)
950.03,x_950.03,-0.7732378750693414,-0.7595580625387431,0.18114045706268397,0.22961942485053333,0.9328728932792483,0.9487844564116978,0.025752087391286302,-0.013679812530598245,0.02283243880899025,PRO,Prostate (PRC)
951.95,x_951.95,-0.8143005682768596,-0.7760602871285428,0.18198213161726817,0.23523147959857418,0.1921396371469748,0.27511571321963463,0.06939276598285814,-0.03824028114831679,0.5604846041952105,PRO,Prostate (PRC)
953.88,x_953.88,-0.8198546145608444,-0.7557739410101885,0.18536784943916276,0.24999294642862618,0.015776786685089795,0.03479079139282773,0.11741347189695057,-0.06408067355065594,1.4585356921598847,PRO,Prostate (PRC)
955.8,x_955.80,-0.8005645072765998,-0.7149618128334793,0.18962939911387774,0.2704576873746857,0.0034873012809702427,0.009590078522668168,0.1631516840970828,-0.08560269444312052,2.018177836852081,PRO,Prostate (PRC)
957.72,x_957.72,-0.7631542809003978,-0.6734529634684868,0.19456245516555531,0.2927165864490209,0.009784068679914092,0.023277618869515716,0.18039781079179074,-0.08970131743191101,1.6330614469052787,PRO,Prostate (PRC)
959.64,x_959.64,-0.7220274111392077,-0.6307507710549719,0.20148381921114175,0.3096208947620377,0.01755073170457302,0.03834096762564434,0.19498383314696338,-0.09127664008423575,1.4163369308639282,PRO,Prostate (PRC)
961.57,x_961.57,-0.6800020772078225,-0.5915319557610734,0.21189633336219044,0.3146067806090591,0.03323632222181573,0.06474158599457856,0.20108336269673263,-0.08847012144674904,1.188816665757403,PRO,Prostate (PRC)
963.49,x_963.49,-0.6342149792459363,-0.5660289434314484,0.22000660711218414,0.307064067472966,0.13437990092431443,0.20530262641214703,0.16409640026967648,-0.0681860358144879,0.6876054947160783,PRO,Prostate (PRC)
965.41,x_965.41,-0.5839220401922863,-0.5462332770597993,0.22236128089957644,0.29476458173217573,0.5048360755189499,0.5849092076954376,0.0962587301320634,-0.037688763132487035,0.23291154187852367,PRO,Prostate (PRC)
967.34,x_967.34,-0.5221800921626741,-0.5219332939861573,0.2248169229306245,0.2814999010594189,0.7598616634981485,0.8147599258839093,6.820239999599486e-4,-2.467981765168492e-4,0.08897034000015892,PRO,Prostate (PRC)
969.26,x_969.26,-0.4598443773996923,-0.4826281068200951,0.23010729617827796,0.2732617367680213,0.364635792757915,0.4607222516603386,-0.06976638392987419,0.0227837294204028,0.33656081197148535,PRO,Prostate (PRC)
971.18,x_971.18,-0.3840137756368671,-0.41749172713847665,0.24310819407823425,0.2792273958708342,0.23011119464331822,0.3192195355957011,-0.12058984587948139,0.03347795150160954,0.49591053855626954,PRO,Prostate (PRC)
973.1,x_973.10,-0.2783936468638051,-0.3162583234379705,0.2714935597370354,0.3042800428398718,0.15416369984833397,0.22916225653130726,-0.18397778203812584,0.03786467657416542,0.6398569099593862,PRO,Prostate (PRC)
975.03,x_975.03,-0.14054797949270123,-0.1780678481570083,0.3099461814107044,0.35094124067084653,0.17803654095944033,0.25888672752266984,-0.34136649671730407,0.037519868664307066,0.5868902141901582,PRO,Prostate (PRC)
976.95,x_976.95,0.04316067046148744,0.0018920359293868052,0.35965323910859415,0.4136242961512548,0.20025342496528922,0.2845546388184581,4.510977003274498,0.04126863453210063,0.5458343301159702,PRO,Prostate (PRC)
978.87,x_978.87,0.27992022895281826,0.2373445736518021,0.4284176736593629,0.4867707851938472,0.2567621783357403,0.3484363377995895,0.23803175899609902,0.042575655301016174,0.45787655951134454,PRO,Prostate (PRC)
980.8,x_980.80,0.5758388588206841,0.5279492482040681,0.516208429905723,0.5713995860510894,0.3842479642976671,0.4781671492474521,0.12526567115092585,0.04788961061661601,0.3204202638342648,PRO,Prostate (PRC)
982.72,x_982.72,0.9310816613095807,0.8720496958771773,0.6154771162629221,0.6642269519726415,0.413856398550428,0.4999428070344317,0.09449724840235955,0.05903196543240341,0.301079675684083,PRO,Prostate (PRC)
984.64,x_984.64,1.3403649403292712,1.279138261424903,0.7258753277224913,0.7624485315722579,0.512074298859825,0.5910981104122671,0.0674535914844448,0.06122667890436828,0.22834042897599355,PRO,Prostate (PRC)
986.57,x_986.57,1.790459419341089,1.747110953207141,0.8390399037382381,0.8666681850546938,0.7244229388236303,0.7848614690615229,0.035358568508379054,0.04334846613394805,0.10520699106539233,PRO,Prostate (PRC)
988.49,x_988.49,2.260530668665214,2.2625733597148083,0.948196810284629,0.975204152084496,0.8956786035254085,0.921297573483231,-0.0013030782073985322,-0.002042691049594314,0.03560007268208662,PRO,Prostate (PRC)
990.41,x_990.41,2.747651406847009,2.801610281670736,1.0556590009300033,1.0809162608561733,0.5867216560564014,0.664822902892581,-0.028057291577811734,-0.053958874823726966,0.17729402768884117,PRO,Prostate (PRC)
992.33,x_992.33,3.2419295835511592,3.3427031373532983,1.1613380281078167,1.1771250806208415,0.39912955736120675,0.4877810940555464,-0.044162467612532806,-0.10077355380213904,0.31177503654887656,PRO,Prostate (PRC)
994.26,x_994.26,3.7206235194360815,3.8536776928464804,1.256050758534104,1.2604865954073534,0.3260435392036902,0.4228165175526358,-0.05069148653165285,-0.13305417341039893,0.3738480550877795,PRO,Prostate (PRC)
996.18,x_996.18,4.1580744548584505,4.293326766879106,1.3408435307667896,1.3223991969166766,0.3623434041856325,0.45844530840807357,-0.046180378695700776,-0.1352523120206559,0.3387124673512594,PRO,Prostate (PRC)
998.1,x_998.10,4.505957789941975,4.6260136718373746,1.412835854509164,1.3612528363942247,0.4396172392121948,0.5247904167813023,-0.03793572241713214,-0.12005588189539917,0.2800141042288133,PRO,Prostate (PRC)
1000.03,x_1000.03,4.7066038862287565,4.817357219049319,1.4528655782515842,1.3767756390745878,0.4877957034313652,0.5708247593345763,-0.03355546119268924,-0.1107533328205621,0.24349719776976234,PRO,Prostate (PRC)
1001.95,x_1001.95,4.730847487403438,4.844780950794529,1.450470799496141,1.3630794376283808,0.4411607140001108,0.5247904167813023,-0.034332778601666294,-0.11393346339109112,0.2800141042288133,PRO,Prostate (PRC)
1003.87,x_1003.87,4.573576100208265,4.712483327523256,1.4013982348304914,1.318238994048216,0.3381634954039978,0.43253470342371814,-0.04316484850442821,-0.1389072273149914,0.3639790421857704,PRO,Prostate (PRC)
1005.79,x_1005.79,4.253770054707791,4.437046079061773,1.3107304185681006,1.2486176347835793,0.19601558528930185,0.279808507245034,-0.060857473827908806,-0.18327602435398216,0.5531390854360132,PRO,Prostate (PRC)
1007.72,x_1007.72,3.80726223317845,4.045133162636202,1.1879332294460354,1.1602964670198388,0.07462838814184368,0.1292176720604145,-0.08743323158047565,-0.23787092945775212,0.8886780873201738,PRO,Prostate (PRC)
1009.64,x_1009.64,3.29183528003242,3.5747191551612274,1.055788399381452,1.0547974616969795,0.02489862494569267,0.05161910049716773,-0.1189377208982154,-0.2828838751288072,1.2871895676441487,PRO,Prostate (PRC)
1011.56,x_1011.56,2.7690013050711886,3.0740866685705774,0.9312344253432184,0.944902737358266,0.007178668859317578,0.017946672148293943,-0.15079205452365665,-0.30508536349938886,1.7460160708529184,PRO,Prostate (PRC)
1013.49,x_1013.49,2.283045277348819,2.575310327853759,0.8178782574372672,0.832846616909149,0.0038749920252743593,0.010471437987374353,-0.17378674609557726,-0.2922650505049398,1.979993674854163,PRO,Prostate (PRC)
1015.41,x_1015.41,1.8625954793955162,2.103867293418326,0.7234594609310157,0.7250975025244506,0.010007978470341784,0.023749898146623268,-0.1757292350014788,-0.24127181402280962,1.624338248542455,PRO,Prostate (PRC)
1017.33,x_1017.33,1.520337787092339,1.685480433671629,0.6654821833753158,0.6304999145663499,0.059401772315405416,0.1059936204482902,-0.1487678907623174,-0.16514264657929,0.9747202732963767,PRO,Prostate (PRC)
1019.25,x_1019.25,1.2481460508796904,1.3355600767835143,0.6418846724823885,0.5583621879278361,0.25749132891094734,0.3489194094662837,-0.09765803779522388,-0.08741402590382386,0.4572748712235829,PRO,Prostate (PRC)
1021.18,x_1021.18,1.029998754151202,1.0580743737112925,0.637152447550651,0.5123541968380388,0.5766019992430996,0.6550703150574704,-0.03879841077409346,-0.028075619560090637,0.1837120804624835,PRO,Prostate (PRC)
1023.1,x_1023.10,0.8631890182707126,0.8465274496440224,0.6437964472240226,0.4935474826674968,0.8389817899556614,0.8756706136567891,0.028119627725793444,0.016661568626690215,0.05765922439400276,PRO,Prostate (PRC)
1025.02,x_1025.02,0.7466066112337804,0.6903039227119534,0.6571866654390359,0.4989640387371439,0.9066789845843192,0.9302502876757429,0.11311644367286307,0.05630268852182696,0.03140018700278048,PRO,Prostate (PRC)
1026.95,x_1026.95,0.6559203525885383,0.5707003855115672,0.6669875371104605,0.5195582911958075,0.5695086359732573,0.6501716418009713,0.20078677520882285,0.0852199670769711,0.18697197682380032,PRO,Prostate (PRC)
1028.87,x_1028.87,0.5686983160848398,0.4656514992140677,0.6684686973712037,0.5313888338473194,0.3351067137114495,0.4303911776376447,0.2884123476516438,0.1030468168707721,0.3661366396245622,PRO,Prostate (PRC)
1030.79,x_1030.79,0.4770465858359799,0.3620180665743376,0.661083858818999,0.5205298252898257,0.2542214454282488,0.345981708842389,0.39806750107315936,0.11502851926164231,0.4609468606257121,PRO,Prostate (PRC)
1032.72,x_1032.72,0.3782355137294187,0.2611921347354755,0.6382956373716766,0.4904066368850665,0.238651725136149,0.32814612206220484,0.534171665890858,0.11704337899394324,0.4839327237457357,PRO,Prostate (PRC)
1034.64,x_1034.64,0.276822955273753,0.16626061498420167,0.6018007496873126,0.4522346069503633,0.310880962809559,0.4065366436740387,0.7355136632653674,0.11056234028955134,0.3909003026450921,PRO,Prostate (PRC)
1036.56,x_1036.56,0.18495408357439747,0.0761669341539549,0.5691749271292429,0.41184880513753985,0.3914058829393823,0.4821666673890941,1.2799192819259824,0.10878714942044257,0.3168028160849599,PRO,Prostate (PRC)
1038.48,x_1038.48,0.10541089577705759,-0.001389763279111534,0.5449321449192266,0.38074706827306243,0.43398442289024003,0.5208927283727528,NA,0.10680065905616912,0.2832517052465709,PRO,Prostate (PRC)
1040.41,x_1040.41,0.040501088297536375,-0.06126399343180048,0.5184079552097647,0.36777957355940805,0.39525631679908274,0.48499298714848077,NA,0.10176508172933685,0.31426454111884283,PRO,Prostate (PRC)
1042.33,x_1042.33,-0.00873936588120639,-0.11114726907107575,0.4917316072522146,0.3647719212311618,0.26005466315342235,0.3508674026673159,-3.6689521972919943,0.10240790318986936,0.45485697803512026,PRO,Prostate (PRC)
1044.25,x_1044.25,-0.04755535645593091,-0.15504833171244223,0.47288457946543117,0.3636859262660455,0.1308024431195352,0.20082148492079707,-1.7050592805132812,0.10749297525651132,0.6971898259722333,PRO,Prostate (PRC)
1046.18,x_1046.18,-0.09068948496925672,-0.19787670169868357,0.45842600511013826,0.3584726348772305,0.09967955557089338,0.161525796289056,-1.1256031828836626,0.10718721672942685,0.7917581092997694,PRO,Prostate (PRC)
1048.1,x_1048.10,-0.15732436676022443,-0.25211424821433365,0.4451392375684265,0.348799565802739,0.1649828881013445,0.2429275596452868,-0.6803389661190533,0.09478988145410921,0.6145232125603863,PRO,Prostate (PRC)
1050.02,x_1050.02,-0.23703543321057785,-0.31383545112211486,0.4287186201470547,0.33279604751478886,0.321360357015718,0.4184845874786858,-0.40490708269663733,0.07680001791153701,0.37832053216586453,PRO,Prostate (PRC)
1051.94,x_1051.94,-0.31707406643954283,-0.36422107543934024,0.40873876417021526,0.3197592496428467,0.6774509247956706,0.7460737511000612,-0.19999511050963903,0.0471470089997974,0.12721823940047555,PRO,Prostate (PRC)
1053.87,x_1053.87,-0.3958727320034974,-0.4065562624648268,0.3846930551095613,0.3160924350601264,0.6979001617571428,0.7640944393945298,-0.03841841648524382,0.010683530461329416,0.11685296083113018,PRO,Prostate (PRC)
1055.79,x_1055.79,-0.46669433177890346,-0.450606812964795,0.36030807386422786,0.3121955988344605,0.3434452120300957,0.43809177796471965,0.050608928953459094,-0.01608751881410847,0.3584348975135845,PRO,Prostate (PRC)
1057.71,x_1057.71,-0.5182954411005293,-0.48095708385183916,0.3355303493572293,0.3120553420118492,0.13872585826729233,0.21022476090748515,0.10786675298736657,-0.03733835724869011,0.6773161327788922,PRO,Prostate (PRC)
1059.64,x_1059.64,-0.5583992586274934,-0.49282590180265085,0.3130008469672985,0.3104322556818077,0.02363912997392319,0.05000585186791444,0.1802192871080948,-0.06557335682484255,1.300979169959295,PRO,Prostate (PRC)
1061.56,x_1061.56,-0.5832805097053058,-0.4943885332816682,0.2991772041800083,0.3077109829866599,0.002555594287514325,0.007307280302219858,0.23854502994714763,-0.08889197642363755,2.1362442330992186,PRO,Prostate (PRC)
1063.48,x_1063.48,-0.5871920008620352,-0.4860279220889179,0.2925546153878882,0.3020259979795493,7.609304223571137e-4,0.0025319215121135277,0.27279362791574124,-0.10116407877311728,2.5965497612867208,PRO,Prostate (PRC)
1065.4,x_1065.40,-0.5753564183808728,-0.47155385061253485,0.2832052290534554,0.28833195819598234,4.815691132865482e-4,0.0017055572762231916,0.2870339636016126,-0.10380256776833796,2.768133691483791,PRO,Prostate (PRC)
1067.33,x_1067.33,-0.5639271364215769,-0.4547744143235786,0.2777287617109324,0.269497865327545,2.2764090845460463e-4,9.095908094233134e-4,0.3103582914978708,-0.10915272209799826,3.0411539364435685,PRO,Prostate (PRC)
1069.25,x_1069.25,-0.5591556285425625,-0.4449402992495227,0.2690792385684328,0.2547740838341124,1.2662202908355366e-4,5.38143623605103e-4,0.32963877079216586,-0.11421532929303979,3.269101801257602,PRO,Prostate (PRC)
1071.17,x_1071.17,-0.5491879675986467,-0.4419488973132877,0.26260289404508486,0.2362702069315271,1.1185161716482409e-4,4.864244746470256e-4,0.3134210946336646,-0.10723907028535906,3.312984581480513,PRO,Prostate (PRC)
1073.1,x_1073.10,-0.551813417288423,-0.43900599018858427,0.2471187314277284,0.2187217068057157,1.1962657372576538e-5,7.216183640876815e-5,0.32994058260985015,-0.11280742709983876,4.141692423192746,PRO,Prostate (PRC)
1075.02,x_1075.02,-0.5676223955701938,-0.43962819770439987,0.22846751988698027,0.20692423929048656,4.099658802748609e-7,3.911409163846887e-6,0.36864832855141405,-0.1279941978657939,5.407666751087937,PRO,Prostate (PRC)
1076.94,x_1076.94,-0.5861852360063607,-0.4449468435677484,0.21932406965431092,0.20713978543033973,2.30994646894988e-8,3.7237930146002376e-7,0.397724421161324,-0.14123839243861236,6.429014467087909,PRO,Prostate (PRC)
1078.87,x_1078.87,-0.6109155873663755,-0.44543558654094384,0.20719324066321945,0.2150090667458803,6.536260140624606e-11,1.6976120087455572e-9,0.4557571063451846,-0.16548000082543168,8.770161561274094,PRO,Prostate (PRC)
1080.79,x_1080.79,-0.6310396931944645,-0.44334232856790995,0.19884482044309476,0.22579757781304008,4.98830815645056e-13,1.7198057411241064e-11,0.5093106114378108,-0.18769736462655456,10.76452060560547,PRO,Prostate (PRC)
1082.71,x_1082.71,-0.6427581911549746,-0.4399092918790084,0.20047635729019153,0.24032095461513478,1.241139918719376e-13,4.641863296010467e-12,0.5470710509740221,-0.20284889927596617,11.333307653768625,PRO,Prostate (PRC)
1084.63,x_1084.63,-0.6471723198937958,-0.4367565261753235,0.21356080829311494,0.24875814769394522,5.15022040122727e-13,1.7198057411241064e-11,0.5673217172000662,-0.21041579371847224,10.76452060560547,PRO,Prostate (PRC)
1086.56,x_1086.56,-0.6479196419794363,-0.44046600504667305,0.22398711882866854,0.25186814261829427,4.462822187511951e-12,1.3909129151078913e-10,0.5567852662182624,-0.20745363693276325,9.856700060282607,PRO,Prostate (PRC)
1088.48,x_1088.48,-0.6564972314926826,-0.4642467742289208,0.2250858916418981,0.253587592491583,3.777410680105098e-11,1.009108281685219e-9,0.4998979514213404,-0.19225045726376178,8.996062229585451,PRO,Prostate (PRC)
1090.4,x_1090.40,-0.657489587506229,-0.5055309521541704,0.21841892489868833,0.24667480248058302,1.1508142285745063e-8,1.9563841885766607e-7,0.37916927981777204,-0.15195863535205856,6.70854585578822,PRO,Prostate (PRC)
1092.33,x_1092.33,-0.6706696022392491,-0.545478678047653,0.20331407537177829,0.23457311221563984,3.881253443870197e-7,3.814856176962669e-6,0.298079902967334,-0.12519092419159605,5.418521830639348,PRO,Prostate (PRC)
1094.25,x_1094.25,-0.6954162996717499,-0.5938332879977618,0.19557458733976182,0.2259870381033341,1.0783030926540247e-5,6.632982839681007e-5,0.22781926978285452,-0.10158301167398809,4.178291126271876,PRO,Prostate (PRC)
1096.17,x_1096.17,-0.7155032551793082,-0.6495880294278028,0.1994424567201862,0.2160776410323996,0.0017046390550478927,0.005190145981042223,0.13943348824127466,-0.06591522575150544,2.2848204267624292,PRO,Prostate (PRC)
1098.09,x_1098.09,-0.7311202221124697,-0.6966340828162404,0.2070449403326839,0.20232281974638278,0.03155066786494637,0.06184460053191794,0.06970769514270714,-0.034486139296229346,1.2086982113389184,PRO,Prostate (PRC)
1100.02,x_1100.02,-0.750598137419949,-0.7354503678612535,0.21349823072449312,0.19100592888044451,0.10590312602589139,0.1686872620684982,0.029412765866331892,-0.015147769558695456,0.7729177106664992,PRO,Prostate (PRC)
1101.94,x_1101.94,-0.7602630859467767,-0.7675223287776847,0.2239350405212053,0.18299576227207723,0.4954526971713339,0.5776162990713182,-0.013709996255943914,0.007259242830907953,0.2383605604230755,PRO,Prostate (PRC)
1103.86,x_1103.86,-0.7567153975724785,-0.7839674919443295,0.2328608290430719,0.17850342203243785,0.7552373901008032,0.8114398768883053,-0.051043097703167735,0.027252094371850943,0.09074365341379835,PRO,Prostate (PRC)
1105.79,x_1105.79,-0.7550980365999955,-0.7942949079553037,0.2422497565831865,0.17355929233279452,0.450486513369048,0.5331707468355189,-0.07301088288049831,0.03919687135530814,0.2731336867833674,PRO,Prostate (PRC)
1107.71,x_1107.71,-0.7569924049163048,-0.8028148672355195,0.2493690808723502,0.168081116301006,0.32348360341262605,0.42007940165389634,-0.08478861744629565,0.04582246231921472,0.3766686133141154,PRO,Prostate (PRC)
1109.63,x_1109.63,-0.7516280551575747,-0.809437948173573,0.25232509498547623,0.16320062818886072,0.12092814107424385,0.18939331977289448,-0.10690170670719801,0.05780989301599826,0.72263534337358,PRO,Prostate (PRC)
1111.55,x_1111.55,-0.7419324968551162,-0.8063001396529225,0.24519763270429512,0.16114973344907824,0.029677243254031486,0.058788606869744575,-0.12002919493157506,0.06436764279780627,1.230706831288231,PRO,Prostate (PRC)
1113.48,x_1113.48,-0.7286292406939391,-0.8026145246707126,0.23444349254324495,0.155189012341592,0.006215324263356503,0.015791652679995462,-0.13952255370214844,0.07398528397677351,1.8015724163981077,PRO,Prostate (PRC)
1115.4,x_1115.40,-0.7184984214858036,-0.7951713515499852,0.21797411991994559,0.15671706721504092,0.0018460937478082832,0.005532364276284439,-0.14628098686181493,0.07667293006418163,2.257089231677027,PRO,Prostate (PRC)
1117.32,x_1117.32,-0.7073699482465471,-0.7777122134887654,0.1989535457642981,0.16095953134910213,0.0029632442811048892,0.008343779881474054,-0.13677165087146473,0.07034226524221832,2.0786371616191746,PRO,Prostate (PRC)
1119.25,x_1119.25,-0.685286680996596,-0.7500113901191328,0.18832484497341653,0.16738117185416448,0.006117609328418567,0.01562831891276328,-0.1302050395471692,0.0647247091225368,1.8060877351078528,PRO,Prostate (PRC)
1121.17,x_1121.17,-0.6449825072087167,-0.7153677951631975,0.18644050676808546,0.1735946414377486,0.0014040105570940918,0.004374431524509072,-0.1494253585630101,0.07038528795448074,2.3590783773411026,PRO,Prostate (PRC)
1123.09,x_1123.09,-0.604062444734799,-0.673543719823496,0.1858188307094795,0.18449831666003283,0.0015826210490160406,0.004851641576491796,-0.1570741453191034,0.06948127508869706,2.3141112908849233,PRO,Prostate (PRC)
1125.01,x_1125.01,-0.5701555110063117,-0.6389185316768049,0.2021289366023046,0.19449161449626504,0.0036157700836064086,0.00985639949904371,-0.1642767868029222,0.06876302067049322,2.00628170202279,PRO,Prostate (PRC)
1126.94,x_1126.94,-0.5509075055203168,-0.608343746661826,0.21625228797809987,0.2021467443650441,0.028840473612434067,0.05761932228125182,-0.14307688276137012,0.05743624114150925,1.2394318541993679,PRO,Prostate (PRC)
1128.86,x_1128.86,-0.5249790688656722,-0.5879240298604832,0.22108623498709493,0.2080802109404125,0.013073136391770521,0.02959656786030372,-0.16337013664411307,0.06294496099481095,1.5287586485948983,PRO,Prostate (PRC)
1130.78,x_1130.78,-0.49924793618772956,-0.5784673456906518,0.22270932970376323,0.20924874759827738,0.0012902511390531079,0.004075624375049513,-0.21247945386001585,0.07921940950292228,2.389805849042563,PRO,Prostate (PRC)
1132.71,x_1132.71,-0.4870598340435779,-0.5745795084144902,0.23122867095251684,0.2067744903196195,4.023098701202319e-4,0.0014693739396969406,-0.23840797868114577,0.08751967437091235,2.8328676669186055,PRO,Prostate (PRC)
1134.63,x_1134.63,-0.4727564195611812,-0.5660701509514875,0.24153377860715675,0.21218867458137217,4.646370029851573e-4,0.0016518463794339244,-0.259884306306812,0.0933137313903063,2.782030344222873,PRO,Prostate (PRC)
1136.55,x_1136.55,-0.43317479326500047,-0.5371722660925602,0.2463844976807551,0.21585386227458145,1.7169449417264577e-4,7.166712145152849e-4,-0.3104361719487384,0.10399747282755972,3.144680038851556,PRO,Prostate (PRC)
1138.48,x_1138.48,-0.3545827199289172,-0.4833416733158601,0.24893235696006127,0.22039240745933428,3.3323242438044397e-6,2.3079430873756674e-5,-0.44692224165766126,0.12875895338694288,4.636774904850555,PRO,Prostate (PRC)
1140.4,x_1140.40,-0.2524844805284436,-0.41071598955359634,0.26290417274747835,0.23377475406631573,1.217073412419525e-7,1.4589277443746871e-6,-0.7019486028232319,0.15823150902515276,5.8359662166716095,PRO,Prostate (PRC)
1142.32,x_1142.32,-0.15247656980268165,-0.3364360880355285,0.29041298291232753,0.25706855093427206,3.850334790164467e-8,5.625098482505901e-7,-1.1417500700588374,0.18395951823284684,6.249869869654916,PRO,Prostate (PRC)
1144.24,x_1144.24,-0.06339272479676693,-0.2677109938209441,0.31715078923017287,0.27818704303074737,8.080341870999691e-9,1.4529076248816752e-7,-2.078304569627217,0.20431826902417716,6.837761997043663,PRO,Prostate (PRC)
1146.17,x_1146.17,-0.006965892822593765,-0.21233806748604994,0.3370932408864587,0.29328972975740464,3.113672127747953e-8,4.924778358280036e-7,-4.930111280478708,0.20537217466345617,6.307613310332251,PRO,Prostate (PRC)
1148.09,x_1148.09,0.01554851605127846,-0.1916748910893079,0.35195382169458184,0.2967407200874754,5.0914770909195493e-08,7.00078100001438e-7,NA,0.20722340714058637,6.154853507831972,PRO,Prostate (PRC)
1150.01,x_1150.01,-0.005892444861370599,-0.20338117100306177,0.355680644508464,0.29369105676106083,1.817438607337338e-7,2.022982259357632e-6,-5.109413722484751,0.19748872614169116,5.694007925779303,PRO,Prostate (PRC)
1151.94,x_1151.94,-0.05756460866401582,-0.24118541036688204,0.3537067861118715,0.2875118611471475,1.0277078947641696e-6,8.503600722163704e-6,-2.0669077149848074,0.1836208017028662,5.070397139857289,PRO,Prostate (PRC)
1153.86,x_1153.86,-0.11049747920954024,-0.290622309397451,0.348347690204083,0.2818655296374735,9.53405575591288e-7,7.959234046230843e-6,-1.3951400892076302,0.18012483018791076,5.099128724410701,PRO,Prostate (PRC)
1155.78,x_1155.78,-0.15394971174315528,-0.3415057492026484,0.34333188512679724,0.2732835788005713,1.4847410076099658e-7,1.7090140164925226e-6,-1.1494558469461746,0.18755603745949315,5.767254375394889,PRO,Prostate (PRC)
1157.7,x_1157.70,-0.18833860377762268,-0.37399869970206495,0.3344805672254073,0.269713043310493,1.0754521604743819e-7,1.3059061948617494e-6,-0.9897083173093303,0.18566009592444227,5.884088017943835,PRO,Prostate (PRC)
1159.63,x_1159.63,-0.2185779685376641,-0.3898218888336727,0.3207305059682135,0.2758449096852983,2.7755729849058126e-7,2.949046296462426e-6,-0.8346700083276355,0.1712439202960086,5.530318409496238,PRO,Prostate (PRC)
1161.55,x_1161.55,-0.23969114614614964,-0.40390213824577126,0.31329619703874656,0.2841289310318421,5.706896527552107e-7,5.0818554792964e-6,-0.7528316118906627,0.16421099209962162,5.293977689824129,PRO,Prostate (PRC)
1163.47,x_1163.47,-0.2501158156117675,-0.40830689354815397,0.3144303505862703,0.2847694222042592,2.394330684398747e-6,1.7489837421193975e-5,-0.7070598733479824,0.15819107793638648,4.7572142275371325,PRO,Prostate (PRC)
1165.4,x_1165.40,-0.260320127197552,-0.4131365085315096,0.3165584353233882,0.28093922254057746,4.356214964714841e-6,2.9730372204440705e-5,-0.6663337444980368,0.15281638133395764,4.52679965368363,PRO,Prostate (PRC)
1167.32,x_1167.32,-0.2888869112261541,-0.41626921118575416,0.31327585441192196,0.27781722598206154,8.03950691373027e-5,3.7029255981959615e-4,-0.5270135432315833,0.12738229995960004,3.43145501401525,PRO,Prostate (PRC)
1169.24,x_1169.24,-0.313543858060078,-0.4215343372120293,0.31500316677403345,0.27576875541060714,0.0012479356372271998,0.003982320207533897,-0.4269840740950024,0.10799047915195131,2.3998638224668234,PRO,Prostate (PRC)
1171.16,x_1171.16,-0.3222709664712445,-0.4314024308457853,0.31333195139946546,0.27623952440699634,0.001135479998963691,0.003660944134589831,-0.4207612169673286,0.1091314643745408,2.4364068983308376,PRO,Prostate (PRC)
1173.09,x_1173.09,-0.3223094309418244,-0.4371860626372859,0.3099587966501276,0.2781145450096096,2.598827885773849e-4,0.0010082589515346674,-0.439802182191727,0.11487663169546147,2.996427913545632,PRO,Prostate (PRC)
1175.01,x_1175.01,-0.31310007532028855,-0.4495050260730795,0.31697759167249095,0.27376123721742684,1.8244936547932123e-5,1.0094092113796765e-4,-0.5217147898332481,0.13640495075279097,3.9959327364231068,PRO,Prostate (PRC)
1176.93,x_1176.93,-0.3101983636270415,-0.4581176659871202,0.33457296298748285,0.27863842207103956,8.678007448727044e-6,5.482389840918774e-5,-0.562528623185228,0.14791930236007872,4.261030085954452,PRO,Prostate (PRC)
1178.86,x_1178.86,-0.30412383681769994,-0.4646209995462083,0.35808399619861614,0.28622305191888214,7.874179083146818e-6,5.042710577220736e-5,-0.611397102707626,0.16049716272850834,4.297335957147823,PRO,Prostate (PRC)
1180.78,x_1180.78,-0.2876318980352885,-0.4747527815210933,0.3825292105843364,0.2912747818967185,8.384332735147297e-7,7.093915685606236e-6,-0.7229547521080552,0.1871208834858048,5.1491139776195824,PRO,Prostate (PRC)
1182.7,x_1182.70,-0.2674803094086815,-0.47933012855457496,0.4005402808535067,0.2924653264870594,4.66268350987188e-8,6.506879226462997e-7,-0.8415893167512682,0.21184981914589346,6.186627254087944,PRO,Prostate (PRC)
1184.63,x_1184.63,-0.251772106888898,-0.47981516239588795,0.4123408675208746,0.28983656576528294,1.0337740420024816e-8,1.789960609763556e-7,-0.9303630117692818,0.22804305550698994,6.747156526087457,PRO,Prostate (PRC)
1186.55,x_1186.55,-0.24894766517559302,-0.46505664121822315,0.42856322287237536,0.2911859033687407,1.8004813497146943e-7,2.022982259357632e-6,-0.9015666470984351,0.21610897604263013,5.694007925779303,PRO,Prostate (PRC)
1188.47,x_1188.47,-0.24546983944245657,-0.45773633031655603,0.43312478354116385,0.2968323583797894,4.7631643272826193e-7,4.4941176529325655e-6,-0.8989737546130673,0.21226649087409946,5.347355562234968,PRO,Prostate (PRC)
1190.39,x_1190.39,-0.23610175323555918,-0.4556752903399258,0.43340685452523814,0.29919358030300164,1.977164036724507e-7,2.1495911329504817e-6,-0.9486003301433142,0.21957353710436664,5.667644138033122,PRO,Prostate (PRC)
1192.32,x_1192.32,-0.23510003617417544,-0.44784267692003,0.42961129427040795,0.29413565905905653,3.916857679020494e-7,3.814856176962669e-6,-0.9297201696849637,0.21274264074585456,5.418521830639348,PRO,Prostate (PRC)
1194.24,x_1194.24,-0.23773855224229845,-0.4360841852654781,0.42369528800539225,0.2889518605087115,1.9493195348007753e-6,1.5062923678005992e-5,-0.8752335586191254,0.19834563302317965,4.822090724417497,PRO,Prostate (PRC)
1196.16,x_1196.16,-0.22752036181750873,-0.41773344423830167,0.4202111595184266,0.2916887455299768,2.466870927874738e-6,1.7880033469479692e-5,-0.876589875006961,0.19021308242079293,4.747631672587263,PRO,Prostate (PRC)
1198.09,x_1198.09,-0.19159448537018078,-0.38974811017507693,0.4213992398513633,0.2953779082548594,5.238097777158132e-7,4.709251366964282e-6,-1.0244898190555851,0.19815362480489615,5.3270481274863615,PRO,Prostate (PRC)
1200.01,x_1200.01,-0.15126092570796143,-0.3564969600541173,0.4228277140017983,0.29747170229730463,1.2345311979850145e-7,1.4611223672354284e-6,-1.2368559121568516,0.20523603434615587,5.83531341090369,PRO,Prostate (PRC)
1201.93,x_1201.93,-0.11384380414105107,-0.3200173272977033,0.42470885527852786,0.30178384759232074,8.107335811731818e-8,1.0384053402697603e-6,-1.4911024101463501,0.20617352315665227,5.9836330870655425,PRO,Prostate (PRC)
1203.85,x_1203.85,-0.07698594900667609,-0.2760095436375109,0.4249792852380237,0.30932320233487104,3.157958746555793e-7,3.2447158549776553e-6,-1.8420646017968323,0.1990235946308348,5.488823329069588,PRO,Prostate (PRC)
1205.78,x_1205.78,-0.04320370120922637,-0.2354399066415539,0.42495481834313514,0.3199915363278296,1.757760107554159e-6,1.3695880838026155e-5,-2.446159324148033,0.19223620543232753,4.863410031260148,PRO,Prostate (PRC)
1207.7,x_1207.70,-0.021012358851322365,-0.21836300863204622,0.42654643970692147,0.32967623166415955,1.2855743828601768e-6,1.0362172827364357e-5,-3.3774805006419446,0.19735064978072386,4.984549168529816,PRO,Prostate (PRC)
1209.62,x_1209.62,-0.01613621267847137,-0.206679673878207,0.42342219839839,0.33487937067140167,3.128153442124897e-6,2.1827040808856555e-5,-3.679105032828186,0.19054346119973561,4.6610051395770755,PRO,Prostate (PRC)
1211.55,x_1211.55,-0.02590002264702226,-0.19240043710762375,0.4124842006576203,0.332966198500474,4.971253171350713e-5,2.4856265856753565e-4,-2.89313501731912,0.1665004144606015,3.6045641146169545,PRO,Prostate (PRC)
1213.47,x_1213.47,-0.03303304451123286,-0.18107807577547633,0.40158977061034207,0.3228113886493768,3.3314713110154954e-4,0.0012509741669877463,-2.4546657409216426,0.14804503126424345,2.9027516585324085,PRO,Prostate (PRC)
1215.39,x_1215.39,-0.019004999874197435,-0.16842917264371363,0.391651355705659,0.31204730156951077,2.4120386240405182e-4,9.515848580075462e-4,-3.147758467880383,0.1494241727695162,3.021552477244364,PRO,Prostate (PRC)
1217.31,x_1217.31,0.0056487719792269395,-0.14591562683522658,0.3836403564245935,0.3039242612829351,2.953766759763945e-4,0.0011310421957769993,NA,0.15156439881445352,2.946521192553525,PRO,Prostate (PRC)
1219.24,x_1219.24,0.03787794126582729,-0.11512831448578185,0.3833085178796349,0.29680714632325755,4.46800011865629e-4,0.0015944962255510042,NA,0.15300625575160914,2.7973765044701353,PRO,Prostate (PRC)
1221.16,x_1221.16,0.08265758897544213,-0.07431103971804535,0.3859358262839924,0.2939286756793514,2.061426412034337e-4,8.343868810615174e-4,NA,0.1569686286934875,3.0786325328741686,PRO,Prostate (PRC)
1223.08,x_1223.08,0.12863496921226,-0.02556969551748195,0.3953802487252804,0.297454836347056,1.808505434419558e-4,7.48209106717826e-4,NA,0.15420466472974195,3.1259770101538105,PRO,Prostate (PRC)
1225.01,x_1225.01,0.16574907666614083,0.022267874157444627,0.4069700887399967,0.30079432138084605,5.393503186818491e-4,0.0018816886118191375,2.895909010575758,0.1434812025086962,2.7254522434792,PRO,Prostate (PRC)
1226.93,x_1226.93,0.19986693135705785,0.06422609456205369,0.4147627179372177,0.30109245413911145,0.0019292636038808287,0.005726544348027222,1.6377930715263689,0.13564083679500416,2.242107371629122,PRO,Prostate (PRC)
1228.85,x_1228.85,0.2172707666373678,0.10056143117385027,0.4198538869653659,0.30363074003966734,0.012177685626987067,0.027907196228512027,1.1114092822538881,0.11670933546351753,1.5542837938822598,PRO,Prostate (PRC)
1230.78,x_1230.78,0.21854926531442,0.12385087741771182,0.42178330751136395,0.3075571500999486,0.04422116328677711,0.08319273173669335,0.8193493915714731,0.09469838789670819,1.0799146148695198,PRO,Prostate (PRC)
1232.7,x_1232.70,0.2046531554982679,0.12726161707826766,0.42379675002120754,0.31592406189201977,0.10703273379730725,0.17019660901442565,0.6853792658176757,0.07739153842000024,0.7690490970187277,PRO,Prostate (PRC)
1234.62,x_1234.62,0.16990812667226357,0.11856243588866619,0.41668629110113725,0.32075570586578084,0.3847226525776094,0.4781671492474521,0.5191041873029626,0.05134569078359738,0.3204202638342648,PRO,Prostate (PRC)
1236.54,x_1236.54,0.12290189563268268,0.10635287262802395,0.3961325761968405,0.3242389993007369,0.9018639879915236,0.9266404711781038,0.20864633985366265,0.016549023004658728,0.03308873583425071,PRO,Prostate (PRC)
1238.47,x_1238.47,0.09196652995679055,0.09567180551858978,0.3806295505239387,0.3299554277787592,0.7296381004462301,0.7895967869412327,-0.056984311303488445,-0.003705275561799226,0.10259462758326746,PRO,Prostate (PRC)
1240.39,x_1240.39,0.07527348441462295,0.08841801698347976,0.3713900183412745,0.3340924515283951,0.6145085018749186,0.6914144997028265,-0.23219577354152912,-0.01314453256885681,0.1602615170775324,PRO,Prostate (PRC)
1242.31,x_1242.31,0.05989958902279344,0.07517016969451197,0.37074235412135415,0.34191390948496186,0.6279995208174074,0.7040522205806665,-0.32760926334895013,-0.015270580671718534,0.1523951274076987,PRO,Prostate (PRC)
1244.24,x_1244.24,0.04750260829012754,0.05596758375165278,0.3793495022430573,0.35467055207911574,0.8621233627755523,0.8936644614136824,-0.23658013957133434,-0.008464975461525241,0.04882551242315058,PRO,Prostate (PRC)
1246.16,x_1246.16,0.04796142021981731,0.03456124443092861,0.3915224696420337,0.3687603360850244,0.7473305165978981,0.8040897963395105,0.4727075526277609,0.013400175788888698,0.09469544891682362,PRO,Prostate (PRC)
1248.08,x_1248.08,0.04803364592977217,0.012935060689604908,0.4098859270879719,0.3823906283317424,0.4987538065127372,0.5806595679893389,1.8926770010010165,0.03509858524016726,0.23607841335095167,PRO,Prostate (PRC)
1250,x_1250.00,0.04503562752705724,-0.00799540801755119,0.42240653096896186,0.39345907401045355,0.3038852262909491,0.3996240317609528,NA,0.05303103554460843,0.3983484029601925,PRO,Prostate (PRC)
1251.93,x_1251.93,0.029643618337125248,-0.029963152782000835,0.4327732237362092,0.40083253994971374,0.22876513601359316,0.3178237773740113,NA,0.05960677111912609,0.4978136150076719,PRO,Prostate (PRC)
1253.85,x_1253.85,0.005025602215689628,-0.05102959243564016,0.4413482208523423,0.4024348806245538,0.2704843312812745,0.3628448346456122,NA,0.05605519465132979,0.44027905502938686,PRO,Prostate (PRC)
1255.77,x_1255.77,-0.018847416148849622,-0.06529300310710175,0.4486159964045169,0.4023021557275979,0.3809351896513577,0.4767592081340587,-1.792616097474778,0.04644558695825213,0.32170091023121467,PRO,Prostate (PRC)
1257.7,x_1257.70,-0.038653140540325925,-0.06538879929128585,0.45986220081223517,0.405726618981831,0.590312846103197,0.6665972356358565,-0.758473156137648,0.02673565875095993,0.17613649168146356,PRO,Prostate (PRC)
1259.62,x_1259.62,-0.05158597084488069,-0.0556535324551658,0.4689826931335867,0.4124102357765432,0.9715991322921871,0.979984022322756,-0.10949653735880337,0.004067561610285111,0.008781004994879939,PRO,Prostate (PRC)
1261.54,x_1261.54,-0.04302689360794873,-0.04466612622473989,0.481814176713741,0.4214012953671074,0.9487643304366216,0.9600591438942003,-0.05394368302159967,0.0016392326167911572,0.017702011673252777,PRO,Prostate (PRC)
1263.46,x_1263.46,-0.015602778631262164,-0.030333576187776205,0.4947918965778698,0.4356482765147797,0.8005058131963244,0.8457321303260602,-0.9591575249239302,0.014730797556514042,0.07276716975372549,PRO,Prostate (PRC)
1265.39,x_1265.39,0.019744166032116373,-0.013510494568719927,0.4995422355295358,0.4524297143424999,0.5255780360844984,0.6051914578066576,NA,0.0332546606008363,0.21810721061186095,PRO,Prostate (PRC)
1267.31,x_1267.31,0.06310138434679824,0.002689426701050989,0.4974031093716812,0.4614731718475704,0.2198257440014844,0.30677174722595213,4.551787611860275,0.06041195764574725,0.5131846401235346,PRO,Prostate (PRC)
1269.23,x_1269.23,0.09139959588408225,0.01822197078488875,0.4907892868203525,0.46557570103430757,0.09512006207009384,0.15657967964003122,2.326445398440354,0.07317762509919351,0.8052645998312044,PRO,Prostate (PRC)
1271.16,x_1271.16,0.10324320831065119,0.028405179041387677,0.4766247300465272,0.46352070587745503,0.06576042182067003,0.11579283314939073,1.8617841624921203,0.07483802926926351,0.9363183198831344,PRO,Prostate (PRC)
1273.08,x_1273.08,0.11086012873121236,0.030175678746458417,0.46448294311083305,0.4546043962942235,0.04860460190639083,0.08928350251959809,1.8772476652915622,0.08068444998475394,1.049228781051013,PRO,Prostate (PRC)
1275,x_1275.00,0.11270238872666408,0.026765154433803773,0.46271550792779303,0.43662784603046484,0.04752449836961508,0.08834076734709762,2.0740491115597335,0.0859372342928603,1.0538388326850214,PRO,Prostate (PRC)
1276.93,x_1276.93,0.10499556632443464,0.023419907357125628,0.4688021387820714,0.4136336078136652,0.09633086256134049,0.15718910383045961,2.1644732746192217,0.08157565896730902,0.8035775620517952,PRO,Prostate (PRC)
1278.85,x_1278.85,0.10281899078695207,0.018547800546818413,0.47254671883727234,0.38800246815541345,0.12344600103985524,0.1920499350620044,2.470722984440679,0.08427119024013366,0.716585835347115,PRO,Prostate (PRC)
1280.77,x_1280.77,0.11778056622669159,0.017927606804824137,0.477332061646119,0.3637282165521127,0.08634348415180139,0.14519992388837105,2.7157784745161218,0.09985295942186745,0.8380336112865389,PRO,Prostate (PRC)
1282.69,x_1282.69,0.13866084580955731,0.016506093443435968,0.48267622481570155,0.3477562483788439,0.043947264905151384,0.08301150037639705,3.0704128512601416,0.12215475236612135,1.0808617364911344,PRO,Prostate (PRC)
1284.62,x_1284.62,0.15919888578944058,0.02229286256631869,0.4812290367039279,0.3453230764374262,0.01763347974613643,0.03843194303645119,2.836120800598942,0.1369060232231219,1.41530765798486,PRO,Prostate (PRC)
1286.54,x_1286.54,0.18475384398407538,0.0409390708553738,0.4800929276680844,0.35737364938342564,0.007253701542353255,0.01808589584560078,2.1740266857205928,0.14381477312870158,1.7426599745349156,PRO,Prostate (PRC)
1288.46,x_1288.46,0.2073449689934597,0.06289989897137231,0.4870105487804208,0.3825425264596638,0.005817239722748654,0.015025190996602187,1.7208874589547891,0.1444450700220874,1.8231799986434807,PRO,Prostate (PRC)
1290.39,x_1290.39,0.2265952770520688,0.07999008357598132,0.5055732418998402,0.41544799870913673,0.00358574718232983,0.009803139226545002,1.502213057915371,0.14660519347608747,2.0086348293633907,PRO,Prostate (PRC)
1292.31,x_1292.31,0.24083437213792985,0.09557016427867585,0.5326432541445423,0.46104163192886105,0.005048355160778107,0.013111700209243139,1.3334000009731917,0.145264207859254,1.8823409891934955,PRO,Prostate (PRC)
1294.23,x_1294.23,0.24564212608984515,0.10955261878838754,0.5616374556972202,0.5156445616057053,0.008510185000199632,0.02082990307640486,1.1649267278647448,0.1360895073014576,1.6813127508626462,PRO,Prostate (PRC)
1296.15,x_1296.15,0.24535398964882524,0.1114585140804363,0.59442589486749,0.5718261787831324,0.005973629876370652,0.015385053602399288,1.1383508420357475,0.13389547556838893,1.8129009863072816,PRO,Prostate (PRC)
1298.08,x_1298.08,0.2510206485267572,0.09969857514141715,0.6288084849643574,0.6294449207347256,0.0012105827604872083,0.0038763523323819857,1.332152528108709,0.15132207338534004,2.411576755600876,PRO,Prostate (PRC)
1300,x_1300.00,0.24968139681306972,0.07497185228932737,0.6563147976112674,0.682251293773226,9.661750087458569e-5,4.3017792056065533e-4,1.735653916893026,0.17470954452374235,3.3663518841037168,PRO,Prostate (PRC)
1301.92,x_1301.92,0.22555278023562114,0.04382825663156813,0.6702442914487473,0.7148981294949653,3.7120796706121394e-5,1.8863013543599728e-4,2.3635053502592958,0.181724523604053,3.7243889234328904,PRO,Prostate (PRC)
1303.85,x_1303.85,0.1875423018128876,0.01760234188626466,0.6639644726173995,0.7164121222420308,7.92381312720485e-5,3.685952872605241e-4,3.4133024907025367,0.16993995992662295,3.4334502218294607,PRO,Prostate (PRC)
1305.77,x_1305.77,0.14265469116962146,-0.017782198943824438,0.631690461313491,0.6880628304710781,1.0987929155423632e-4,4.8008008225799515e-4,NA,0.1604368901134459,3.318686311828966,PRO,Prostate (PRC)
1307.69,x_1307.69,0.08977169343469085,-0.07195289554459489,0.5755923926856515,0.6340208164205524,4.140007602953989e-5,2.0811328541731078e-4,NA,0.16172458897928574,3.681700194659782,PRO,Prostate (PRC)
1309.61,x_1309.61,0.027458192428073253,-0.13616862880146066,0.5025394168579042,0.5614769419604639,1.9956171265830114e-5,1.0848267519506487e-4,NA,0.16362682122953393,3.9646396135938144,PRO,Prostate (PRC)
1311.54,x_1311.54,-0.0529847842154521,-0.20244299936977256,0.4208320075570808,0.4848555305852362,1.4076496429258971e-5,8.277688151796941e-5,-1.9338858350880024,0.14945821515432045,4.082090938953002,PRO,Prostate (PRC)
1313.46,x_1313.46,-0.13806732770883678,-0.2675766019717634,0.3401478119654404,0.41143808414501837,1.949558623675551e-5,1.0701452732490632e-4,-0.9545850634552869,0.12950927426292663,3.9705572624195704,PRO,Prostate (PRC)
1315.38,x_1315.38,-0.21819056333836964,-0.32747958133299626,0.28899299683720187,0.34810583984839194,1.126498595874771e-4,4.8762786441801424e-4,-0.5858184556948492,0.10928901799462662,3.3119114855449894,PRO,Prostate (PRC)
1317.31,x_1317.31,-0.27888648573688196,-0.37061442266150213,0.2796212779844791,0.30691002591317407,0.0023647942005322648,0.006822973072956379,-0.4102422800277781,0.09172793692462017,2.1660263426713664,PRO,Prostate (PRC)
1319.23,x_1319.23,-0.31496700146296014,-0.391030853801512,0.2978817647500553,0.2890899122798082,0.0316882821634965,0.0619844013030737,-0.3120826491604576,0.07606385233855184,1.2077175892168832,PRO,Prostate (PRC)
1321.15,x_1321.15,-0.3318528239046887,-0.3871387717626143,0.33167739578932237,0.2928963372292982,0.2866602225779206,0.3812621736989414,-0.22230787001152308,0.05528594785792562,0.41877628040353876,PRO,Prostate (PRC)
1323.07,x_1323.07,-0.33401536670054155,-0.36549344850497856,0.37786107202237557,0.3054310896003868,0.9764465071579462,0.9806417660501394,-0.12993144118894154,0.03147808180443701,0.008489613864844453,PRO,Prostate (PRC)
1325,x_1325.00,-0.3256707835871424,-0.33594429148356036,0.423034095367859,0.3179032089273073,0.440645877735719,0.5247904167813023,-0.04480785181379807,0.010273507896417955,0.2800141042288133,PRO,Prostate (PRC)
1326.92,x_1326.92,-0.31325962699424725,-0.3016164018550805,0.456931642344103,0.32772112042217544,0.1477415835732206,0.22173094805932786,0.05464414017032826,-0.011643225139166768,0.6541736860764666,PRO,Prostate (PRC)
1328.84,x_1328.84,-0.3040996357487781,-0.2658065184225701,0.4894298578487524,0.3340062116236289,0.028335699895285293,0.05697608473568118,0.19416828724373786,-0.03829311732620799,1.2443073977801242,PRO,Prostate (PRC)
1330.77,x_1330.77,-0.30668484940341073,-0.23917536074245505,0.519370590435536,0.3354302008867077,0.002971634973829797,0.008343779881474054,0.3586894510164877,-0.06750948866095569,2.0786371616191746,PRO,Prostate (PRC)
1332.69,x_1332.69,-0.31387267921922213,-0.22610138126818485,0.5400376200964977,0.3415576069447442,4.942429574590168e-4,0.001743838359336531,0.47321143490240875,-0.08777129795103727,2.758493773360782,PRO,Prostate (PRC)
1334.61,x_1334.61,-0.3222412295316016,-0.2190893649210619,0.5495039286354295,0.35347478165845103,8.487737354610105e-5,3.8477029637952465e-4,0.5566237466233457,-0.10315186461053971,3.4147984621445833,PRO,Prostate (PRC)
1336.54,x_1336.54,-0.32845889664763245,-0.21182919457362323,0.5524827966080291,0.3696590259453946,1.8032322327588204e-5,1.0035846057318436e-4,0.6328138241755105,-0.11662970207400922,3.9984460090722433,PRO,Prostate (PRC)
1338.46,x_1338.46,-0.3225277286994506,-0.20621520766388407,0.5552891991917087,0.39470313772150534,2.990311897745047e-5,1.5533009024397884e-4,0.645274991340974,-0.11631252103556655,3.808744405436406,PRO,Prostate (PRC)
1340.38,x_1340.38,-0.29811078748797987,-0.20131906055071958,0.5573661824962597,0.4306228589170202,8.843517234819155e-4,0.0029115100755478553,0.5663671379749532,-0.09679172693726029,2.5358817026374383,PRO,Prostate (PRC)
1342.3,x_1342.30,-0.26074956811504646,-0.18687320555677572,0.5635344552485102,0.47699790785456686,0.024675495496201287,0.051384383717033855,0.4806073245463743,-0.07387636255827074,1.2891688478527406,PRO,Prostate (PRC)
1344.23,x_1344.23,-0.2071759340563542,-0.14797179399020746,0.5702832965679785,0.5324198050192804,0.16844493251920384,0.24608751860227435,0.48553701362171364,-0.05920414006614674,0.6089104128702209,PRO,Prostate (PRC)
1346.15,x_1346.15,-0.14576881074561987,-0.08726696008078103,0.578146131260871,0.5908368705174715,0.3880555016388544,0.4793023699238162,0.7401812557187074,-0.058501850664838845,0.31939042362183334,PRO,Prostate (PRC)
1348.07,x_1348.07,-0.08437463055009015,-0.02010264032796963,0.5895210644262392,0.6409959778629767,0.4861632663938839,0.5696273860630093,2.0694789486019194,-0.06427199022212052,0.2444091392270009,PRO,Prostate (PRC)
1350,x_1350.00,-0.020486450640223485,0.04234916866927669,0.5952425942721542,0.6719200049261336,0.6145085018749186,0.6914144997028265,NA,-0.06283561930950017,0.1602615170775324,PRO,Prostate (PRC)
1351.92,x_1351.92,0.02726968223198087,0.08394397914207946,0.5884959846722178,0.6752061698587162,0.744700742818734,0.8021834038427608,-1.6220932456074046,-0.05667429691009859,0.09572632726345644,PRO,Prostate (PRC)
1353.84,x_1353.84,0.04299639634759563,0.09738124791764183,0.5711747212839143,0.6522186163687411,0.7133833505698466,0.7774049333132943,-1.1794095014566837,-0.054384851570046196,0.10935270771820345,PRO,Prostate (PRC)
1355.76,x_1355.76,0.02898041045146589,0.08992131874285696,0.5492123653404015,0.6096897086755011,0.5026198279258524,0.5830639443060446,-1.6335514285699486,-0.060940908291391066,0.23428381378916419,PRO,Prostate (PRC)
1357.69,x_1357.69,-5.117103019034501e-4,0.06855116643634637,0.523820793088872,0.5593850690216272,0.36647621344131603,0.4624227524529426,NA,-0.06906287673824982,0.3349608055960346,PRO,Prostate (PRC)
1359.61,x_1359.61,-0.03289369691370116,0.0460297952955721,0.49329956255213814,0.5115439587176988,0.22343698143528856,0.31088330006249226,NA,-0.07892349220927326,0.5074026066332418,PRO,Prostate (PRC)
1361.53,x_1361.53,-0.05730895307767016,0.03810452972954231,0.4646579827724058,0.47838345764746576,0.09443366832629488,0.15572395041461323,NA,-0.09541348280721246,0.8076445876053893,PRO,Prostate (PRC)
1363.46,x_1363.46,-0.06866892236822528,0.053508388290760316,0.4419032720562525,0.4623521963820055,0.0250108434202153,0.05173703229624183,NA,-0.1221773106589856,1.286198486603833,PRO,Prostate (PRC)
1365.38,x_1365.38,-0.07518414196486764,0.08033995722128731,0.4238136228631366,0.45401928772138356,0.003994308249425296,0.010731833946013366,NA,-0.15552409918615495,1.9693260557995786,PRO,Prostate (PRC)
1367.3,x_1367.30,-0.07645029967297745,0.10308289105528873,0.39827704251034857,0.4422544765537093,6.96526250008775e-4,0.002351090410679439,NA,-0.17953319072826618,2.6287306698524255,PRO,Prostate (PRC)
1369.22,x_1369.22,-0.07507135357529438,0.11015986115006747,0.36302814480385653,0.42006340817384147,1.859195596817679e-4,7.657920189535375e-4,NA,-0.18523121472536186,3.1158891641603086,PRO,Prostate (PRC)
1371.15,x_1371.15,-0.09722304762563098,0.08434173364072034,0.3280591895563251,0.38480504520020054,6.701635693977003e-5,3.2133483968556397e-4,NA,-0.18156478126635134,3.493042184928051,PRO,Prostate (PRC)
1373.07,x_1373.07,-0.14911673739227638,0.011046943973790644,0.2943168222511994,0.3440384872268011,8.518443994712471e-5,3.8477029637952465e-4,NA,-0.160163681366067,3.4147984621445833,PRO,Prostate (PRC)
1374.99,x_1374.99,-0.22930022654857152,-0.0971419532564866,0.26012204753616197,0.3029800576287785,3.233022471452321e-4,0.0012238364416226398,1.2390799396653527,-0.1321582732920849,2.912276619157025,PRO,Prostate (PRC)
1376.92,x_1376.92,-0.3281769841599758,-0.21949460163269893,0.22841288491920045,0.26307039629631335,5.939530271888436e-4,0.0020407618296953236,0.5802907816699605,-0.10868238252727688,2.6902076773440333,PRO,Prostate (PRC)
1378.84,x_1378.84,-0.42978236548151205,-0.34387128043159865,0.20578081174951326,0.23377758911490928,0.0019866069176858853,0.005859550372354267,0.3217384976525878,-0.0859110850499134,2.2321357079234163,PRO,Prostate (PRC)
1380.76,x_1380.76,-0.5252966598217426,-0.4597472842447109,0.19582489938945577,0.2189864932422201,0.007425104173376446,0.018464022346029195,0.192291749932226,-0.06554937557703167,1.7336736829204145,PRO,Prostate (PRC)
1382.69,x_1382.69,-0.6165478093035057,-0.5588944582970675,0.18943368775410777,0.21455098235172188,0.011197398596968113,0.026173469399884602,0.1416371419685485,-0.0576533510064382,1.5821387060433958,PRO,Prostate (PRC)
1384.61,x_1384.61,-0.6996639707862616,-0.6393346880160284,0.18435762386204393,0.21481085573823458,0.006182597584516288,0.01575130447281398,0.1300910250784827,-0.060329282770233195,1.802683473500708,PRO,Prostate (PRC)
1386.53,x_1386.53,-0.7621457656326547,-0.7047888403331911,0.18151680358229913,0.21228990365681796,0.00693960016158361,0.017442274599679237,0.11287602280960274,-0.05735692529946357,1.7583968805459247,PRO,Prostate (PRC)
1388.45,x_1388.45,-0.8012994770751496,-0.7507915074668793,0.18272067799279432,0.20421612817920376,0.01658399400765416,0.036399141777363,0.09392932501619147,-0.05050796960827031,1.4389088560693366,PRO,Prostate (PRC)
1390.38,x_1390.38,-0.8207248068079189,-0.7707049658806995,0.18771154105571625,0.19574470589473708,0.012177685626987067,0.027907196228512027,0.09071998750215689,-0.05001984092721945,1.5542837938822598,PRO,Prostate (PRC)
1392.3,x_1392.30,-0.8220229525670075,-0.7766830283459697,0.1941510497355779,0.18968115733478993,0.011308969044194364,0.026237894609650956,0.08185283860979643,-0.04533992422103783,1.5810710167085358,PRO,Prostate (PRC)
1394.22,x_1394.22,-0.8138132478649348,-0.7741490046468051,0.20183253822180397,0.18586851945630278,0.018393731080433823,0.03990287368957221,0.07208658029251609,-0.03966424321812967,1.398995826554275,PRO,Prostate (PRC)
1396.15,x_1396.15,-0.7984788545827135,-0.7620925729070057,0.20731084288175358,0.18368528607903575,0.015185171495727103,0.033644870494087306,0.06728803336608517,-0.03638628167570779,1.47308113904545,PRO,Prostate (PRC)
1398.07,x_1398.07,-0.7701070555913081,-0.742011555541369,0.21183480159414167,0.18716624251185732,0.04762184845152044,0.08834608790113416,0.053617430866782126,-0.028095500049939104,1.053812676950276,PRO,Prostate (PRC)
1399.99,x_1399.99,-0.7249005780668151,-0.7059090949988854,0.22112566610625947,0.1949743234675428,0.13665393854616895,0.20809679566884035,0.03830078377301498,-0.018991483067929638,0.6817346071216507,PRO,Prostate (PRC)
1401.91,x_1401.91,-0.6617756401404594,-0.6481955863101915,0.2349164829757714,0.20715314549342853,0.18802888224576794,0.2704723152304508,0.029913035820185035,-0.013580053830267946,0.5678771814186481,PRO,Prostate (PRC)
1403.84,x_1403.84,-0.5766946472010784,-0.5656728934720431,0.25723785723703885,0.22662686513555128,0.2582219148125315,0.34939240274670286,0.02783964029673257,-0.011021753729035355,0.45668654263029507,PRO,Prostate (PRC)
1405.76,x_1405.76,-0.45919717634773505,-0.45693364231312655,0.28178489929315087,0.2521648228467076,0.39670611213776763,0.4854976634146764,0.007129119628628461,-0.0022635340346084942,0.3138128559074788,PRO,Prostate (PRC)
1407.68,x_1407.68,-0.3054675570680647,-0.313700996921085,0.3018657055849925,0.2799694595549938,0.775780645307298,0.828030711600826,-0.03837107472593403,0.008233439853020275,0.08195355496461794,PRO,Prostate (PRC)
1409.61,x_1409.61,-0.11834354359708224,-0.13171735119520822,0.31848159606365606,0.3062668621444097,0.9702143528807932,0.979984022322756,-0.15446564295917395,0.01337380759812598,0.008781004994879939,PRO,Prostate (PRC)
1411.53,x_1411.53,0.09940281258544172,0.07418776173803807,0.337587282997901,0.3303321795815791,0.6422378477472097,0.7182923297172741,0.422100525655748,0.02521505084740365,0.14369877115440582,PRO,Prostate (PRC)
1413.45,x_1413.45,0.34647018649599975,0.2992883937348402,0.36278785778021844,0.3574424665277693,0.33904014030093677,0.43306356718767197,0.21119422554805192,0.04718179276115958,0.3634483511002129,PRO,Prostate (PRC)
1415.37,x_1415.37,0.6071050716337254,0.5289340832411137,0.38647266268674074,0.3854593275864625,0.1144101389953073,0.18039372674639517,0.19885793184809986,0.07817098839261172,0.7437785692707692,PRO,Prostate (PRC)
1417.3,x_1417.30,0.8635791470763258,0.7389786409684822,0.4104399516956972,0.41089759876425275,0.012237648857051996,0.027976043230668986,0.22479545909971713,0.12460050610784357,1.5532137095940617,PRO,Prostate (PRC)
1419.22,x_1419.22,1.1071655521819534,0.9298424842762868,0.4368488400579413,0.43544959812202155,8.20490532423978e-4,0.0027108079428142026,0.25181246410914704,0.17732306790566665,2.5669012505237765,PRO,Prostate (PRC)
1421.14,x_1421.14,1.3197484405524622,1.0902473832581612,0.46100638881422173,0.45419755401164025,3.154089941066443e-5,1.6203703818116067e-4,0.2756072034118843,0.22950105729430104,3.790385703734155,PRO,Prostate (PRC)
1423.07,x_1423.07,1.4784920801164703,1.205490113777845,0.486869063757202,0.46608652670478035,2.2747153742697208e-6,1.6879832340811023e-5,0.29450647491863796,0.27300196633862517,4.772631871325424,PRO,Prostate (PRC)
1424.99,x_1424.99,1.5832179916707378,1.2700760156904622,0.5077189325434364,0.4753068802284651,1.9679452625280046e-7,2.1495911329504817e-6,0.31794484094710546,0.3131419759802756,5.667644138033122,PRO,Prostate (PRC)
1426.91,x_1426.91,1.6415735900617343,1.2901351410611268,0.5223297852814375,0.48039378813853395,1.2613007531803221e-8,2.1059217932564309e-7,0.34755699129434536,0.3514384490006075,6.676557761064986,PRO,Prostate (PRC)
1428.84,x_1428.84,1.6544973375082237,1.284310949284067,0.5384265932616445,0.48118348009586454,3.110011207716208e-9,6.219718219932633e-8,0.3653981776689371,0.3701863882241567,7.206229290277091,PRO,Prostate (PRC)
1430.76,x_1430.76,1.6399302295094682,1.2613759368583997,0.5520624276053766,0.4808147735791682,2.0438410166628588e-9,4.6609545136092025e-8,0.3786358565348444,0.37855429265106855,7.331525135339227,PRO,Prostate (PRC)
1432.68,x_1432.68,1.6185215014356438,1.2359318976146956,0.5591753037773524,0.48089041471640526,2.6112451220802404e-9,5.677939974755872e-8,0.3890770054226751,0.3825896038209482,7.245809202998977,PRO,Prostate (PRC)
1434.6,x_1434.60,1.5969703625429974,1.2213964519928082,0.564047508917004,0.4802143297781542,5.2018064091961395e-9,9.92589590326202e-8,0.386805701430037,0.3755739105501892,7.003230283730268,PRO,Prostate (PRC)
1436.53,x_1436.53,1.5866621301813528,1.2288036863721639,0.5718122303922987,0.4798807087599079,3.1602855775059054e-8,4.924778358280036e-7,0.36874023393636773,0.35785844380918896,6.307613310332251,PRO,Prostate (PRC)
1438.45,x_1438.45,1.5950282433249383,1.2666729326054273,0.5836502050158812,0.4830398522607109,4.099658802748609e-7,3.911409163846887e-6,0.3325376811607511,0.32835531071951096,5.407666751087937,PRO,Prostate (PRC)
1440.37,x_1440.37,1.619708143010416,1.3275596117348012,0.5949927792197115,0.4921670916902241,4.934118195154017e-6,3.318993174438133e-5,0.2869570355369747,0.2921485312756149,4.478993640723937,PRO,Prostate (PRC)
1442.3,x_1442.30,1.6488432707134562,1.4042342236212304,0.604409942054898,0.5042865408866936,1.0565506704208787e-4,4.6597871549222713e-4,0.23167052429528165,0.24460904709222575,3.3316339201241325,PRO,Prostate (PRC)
1444.22,x_1444.22,1.6797190540660734,1.4837867106674714,0.612748159197843,0.5137620858087152,0.0017714535496526145,0.005360223524029756,0.17893611360293415,0.195932343398602,2.2708170996302477,PRO,Prostate (PRC)
1446.14,x_1446.14,1.7163876755734877,1.5533624147186087,0.6159294208397418,0.5172069991360264,0.009349598695501804,0.022530605103850996,0.1439808949003193,0.163025260854879,1.6472271442844018,PRO,Prostate (PRC)
1448.06,x_1448.06,1.7441345069930159,1.607770036538985,0.6071462853587076,0.514785866288482,0.023214193542411412,0.04921830150148452,0.11745016543275462,0.13636447045403077,1.3078733776559832,PRO,Prostate (PRC)
1449.99,x_1449.99,1.7508449269744755,1.6358455031712067,0.5875880653055913,0.5095392545339019,0.041027765716953796,0.07796943281575569,0.09801475152510411,0.11499942380326877,1.108075625018564,PRO,Prostate (PRC)
1451.91,x_1451.91,1.7327127825963564,1.6385538395320625,0.5699715315312925,0.5058872541199801,0.061663298419610976,0.10961061601204614,0.0806094052265867,0.09415894306429395,0.9601473815069665,PRO,Prostate (PRC)
1453.83,x_1453.83,1.6920461503210549,1.6284626385712166,0.5572648615134377,0.5044423134417145,0.16419161575243393,0.24252632026623336,0.05525826430163968,0.06358351174983823,0.6152411225210918,PRO,Prostate (PRC)
1455.76,x_1455.76,1.6415213822029089,1.6148125655132584,0.5457946940146906,0.5060623578494636,0.3851976992883635,0.4781671492474521,0.023666809647057092,0.026708816689650527,0.3204202638342648,PRO,Prostate (PRC)
1457.68,x_1457.68,1.5885735178180362,1.5990971005030818,0.5395724924702441,0.5104412446838968,0.8105883023748286,0.8554176780140685,-0.009525680662249968,-0.010523582685045607,0.06782177888090354,PRO,Prostate (PRC)
1459.6,x_1459.60,1.5317733070352373,1.5759548477303922,0.5378391991270227,0.513988731410612,0.702403459829811,0.7681254209834776,-0.0410233715767481,-0.0441815406951549,0.11456786174733734,PRO,Prostate (PRC)
1461.52,x_1461.52,1.465605948961127,1.5389122322259468,0.5368193317969532,0.5126232366095451,0.39284711972080144,0.483305338077565,-0.070413642315857,-0.0733062832648197,0.31577840807893937,PRO,Prostate (PRC)
1463.45,x_1463.45,1.3839473350858156,1.4776972157972574,0.5315160590265511,0.5065250949963455,0.24990671229227743,0.3411135415960283,-0.09456157795607148,-0.09374988071144186,0.4671010395380841,PRO,Prostate (PRC)
1465.37,x_1465.37,1.2849813039302738,1.384851827605601,0.5188432829561312,0.49632619701094227,0.18861212691482854,0.2704790470327679,-0.10798417341060224,-0.09987052367532723,0.5678663723707236,PRO,Prostate (PRC)
1467.29,x_1467.29,1.154407165481548,1.2583725412103828,0.4964722119598482,0.48083039252615667,0.15924648588979498,0.23596745532006072,-0.1244068322178333,-0.1039653757288348,0.6271478908839124,PRO,Prostate (PRC)
1469.22,x_1469.22,0.9916222002205451,1.1063186264005203,0.46769846370050694,0.46209418499605026,0.09581044647228468,0.15716274991506346,-0.15790432377095462,-0.11469642617997511,0.8036503808370102,PRO,Prostate (PRC)
1471.14,x_1471.14,0.8176693044672244,0.946816460081402,0.4395110947796077,0.44039017189589386,0.03819336246211138,0.07302820838869967,-0.21156706418332927,-0.12914715561417756,1.13650935383542,PRO,Prostate (PRC)
1473.06,x_1473.06,0.6522543836329107,0.7912779932619858,0.4077910247217019,0.41406562750496023,0.013427731809756066,0.03025284154728174,-0.27874951040065776,-0.13902360962907512,1.5192338272810404,PRO,Prostate (PRC)
1474.99,x_1474.99,0.5113407736628158,0.6473035388410802,0.3766868077786892,0.3912156643496637,0.009444631786917693,0.02264289928402062,-0.34015672928396973,-0.13596276517826433,1.645067965185382,PRO,Prostate (PRC)
1476.91,x_1476.91,0.4013153309969967,0.5268639460578941,0.35950175350349073,0.37205647853240814,0.009492470656994458,0.0226993863536824,-0.392693330240759,-0.12554861506089743,1.643985883195063,PRO,Prostate (PRC)
1478.83,x_1478.83,0.3231723167975954,0.43106426072245213,0.34793510170042274,0.3518920319634445,0.026333157100809794,0.053525004107080776,-0.4155982162009872,-0.10789194392485674,1.2714432907092372,PRO,Prostate (PRC)
1480.75,x_1480.75,0.2801219107926082,0.3614609939266413,0.33763038776366994,0.3314999068523014,0.13619677124916282,0.20773895777808685,-0.36778397847901456,-0.08133908313403315,0.6824820515558627,PRO,Prostate (PRC)
1482.68,x_1482.68,0.26952825821563575,0.3194558955705475,0.3353685780147025,0.3160292627058391,0.5724591398894002,0.6526210151515236,-0.2451793905772017,-0.049927637354911736,0.18533894553834418,PRO,Prostate (PRC)
1484.6,x_1484.60,0.2727055283594655,0.29401301451340783,0.3437262011214896,0.3069342435053876,0.8464545560744063,0.8803504003665961,-0.10853568686199208,-0.021307486153942345,0.05534443392184104,PRO,Prostate (PRC)
1486.52,x_1486.52,0.2714415860973026,0.27453113461110545,0.3503466023515245,0.3050266711575875,0.587319484266601,0.664822902892581,-0.016327949730586763,-0.003089548513802831,0.17729402768884117,PRO,Prostate (PRC)
1488.45,x_1488.45,0.26500648860152615,0.2544164150446277,0.35308676375712555,0.31595963059320153,0.38662498912414306,0.4781671492474521,0.05883570058032769,0.01059007355689845,0.3204202638342648,PRO,Prostate (PRC)
1490.37,x_1490.37,0.24586633534969024,0.2260718706760746,0.359681347782692,0.340153493966554,0.24529044104654557,0.3357929170988581,0.12109220336143542,0.019794464673615647,0.4739284687022088,PRO,Prostate (PRC)
1492.29,x_1492.29,0.20483864027552917,0.17848578171266216,0.37188557648808607,0.365729310063142,0.15366228027203058,0.228780624290364,0.19867769484340422,0.02635285856286701,0.6405807592500629,PRO,Prostate (PRC)
1494.21,x_1494.21,0.14564321931095647,0.11027506210720521,0.38658930846661615,0.3862545874123336,0.08618439882679403,0.1451935367622566,0.4013287857592134,0.03536815720375126,0.8380527156673397,PRO,Prostate (PRC)
1496.14,x_1496.14,0.06519040133400361,0.02865149988280416,0.40197075167232116,0.40027266157154634,0.1328055626312631,0.2035626246889033,1.1860206700871307,0.03653890145119945,0.6913019580711017,PRO,Prostate (PRC)
1498.06,x_1498.06,-0.030308840449737414,-0.06999551945660566,0.41409552675478517,0.4063634708109245,0.20424810091532358,0.2884773026523075,-1.2075509058135254,0.039686679006868245,0.5398883513839281,PRO,Prostate (PRC)
1499.98,x_1499.98,-0.1350921754080824,-0.1774103322842334,0.4174651906589747,0.4018150514323329,0.2585877462039769,0.34939240274670286,-0.39314846565250594,0.04231815687615098,0.45668654263029507,PRO,Prostate (PRC)
1501.91,x_1501.91,-0.2433761845883559,-0.28241612730640864,0.40858957756029873,0.38772088609040206,0.3623434041856325,0.45844530840807357,-0.2146352941503647,0.03903994271805275,0.3387124673512594,PRO,Prostate (PRC)
1503.83,x_1503.83,-0.34765914807328824,-0.38326559943311767,0.3930174453412395,0.3700504062818248,0.499305125843239,0.5806595679893389,-0.1406713461060449,0.03560645135982943,0.23607841335095167,PRO,Prostate (PRC)
1505.75,x_1505.75,-0.43600119621360417,-0.4774206904364838,0.38082701506175154,0.35556043155914313,0.5076136110198768,0.58667333288453,-0.13092928511178278,0.041419494222879605,0.23160365210121997,PRO,Prostate (PRC)
1507.67,x_1507.67,-0.506512736957306,-0.5589151291787224,0.37344262613850043,0.34580632459249655,0.32348360341262605,0.42007940165389634,-0.14203094661729793,0.052402392221416405,0.3766686133141154,PRO,Prostate (PRC)
1509.6,x_1509.60,-0.5713008953040658,-0.6289099858375288,0.3646567268464458,0.3355803873536304,0.18056743266765327,0.2613475999137087,-0.13860298339565083,0.05760909053346297,0.5827814838923013,PRO,Prostate (PRC)
1511.52,x_1511.52,-0.6301674351064765,-0.6898381403435306,0.34778506419286903,0.3191634138749723,0.09667906142047712,0.15720856074460193,-0.1305228912094991,0.05967070523705409,0.8035238082780891,PRO,Prostate (PRC)
1513.44,x_1513.44,-0.6752689636694906,-0.7303186871052696,0.32712340487582203,0.2977791965000201,0.08730298321933953,0.14628725682810478,-0.11306405649404762,0.05504972343577896,0.8347935038834157,PRO,Prostate (PRC)
1515.37,x_1515.37,-0.7120730174347072,-0.7549272328266478,0.30911879964995687,0.2750904403665219,0.20117017193972844,0.2849910769146153,-0.08431251957731183,0.042854215391940564,0.5451687375613515,PRO,Prostate (PRC)
1517.29,x_1517.29,-0.7412307569745944,-0.7760830966861845,0.28575431532742346,0.2518358976638976,0.25458333228188623,0.345981708842389,-0.06628847371065694,0.034852339711590075,0.4609468606257121,PRO,Prostate (PRC)
1519.21,x_1519.21,-0.7705719095939634,-0.7917885775998816,0.2512310501039049,0.2300916817664042,0.3847226525776094,0.4781671492474521,-0.03918571026909938,0.02121666800591826,0.3204202638342648,PRO,Prostate (PRC)
1521.13,x_1521.13,-0.8033592433893231,-0.8007945659096898,0.21312595953457422,0.21447467905607082,0.9211438647199819,0.9412781568450088,0.004613092866202635,-0.0025646774796332927,0.026282019365461054,PRO,Prostate (PRC)
1523.06,x_1523.06,-0.8292031935557806,-0.8088568209744477,0.17924078995921466,0.20775977582910518,0.3894892343790327,0.4804385674728174,0.03584136859750361,-0.020346372581332983,0.3183621366390021,PRO,Prostate (PRC)
1524.98,x_1524.98,-0.8409944568218264,-0.8109097969409407,0.15293016256814246,0.2063946172323035,0.30306912786282597,0.3991121613404821,0.05255491253498562,-0.03008465988088571,0.3989050386339289,PRO,Prostate (PRC)
1526.9,x_1526.90,-0.8371847733579901,-0.8009012175812044,0.13971987925340099,0.2054257080324391,0.16577702779571163,0.2437130833160226,0.06392183736502513,-0.03628355577678577,0.6131211558401571,PRO,Prostate (PRC)
1528.83,x_1528.83,-0.8216498536754024,-0.7846437081509513,0.13434660184566038,0.2056633758845571,0.10552869833108135,0.1683777012620496,0.06648610057267502,-0.03700614552445114,0.7737154238819233,PRO,Prostate (PRC)
1530.75,x_1530.75,-0.7985448047283792,-0.7693535738328297,0.13220383171429334,0.20555689196209712,0.2335009555442904,0.32296359975430694,0.05372665142927098,-0.029191230895549536,0.49084642292174774,PRO,Prostate (PRC)
1532.67,x_1532.67,-0.7662341949479003,-0.7422282144578911,0.14132109425004255,0.20436408628783478,0.46574370845678653,0.5491429601602716,0.0459226281405896,-0.024005980490009238,0.26031457954552395,PRO,Prostate (PRC)
1534.6,x_1534.60,-0.7219512989757237,-0.7052038487181777,0.15356657061179277,0.2049030416103057,0.8410184075548628,0.8756706136567891,0.03386121893489321,-0.016747450257546093,0.05765922439400276,PRO,Prostate (PRC)
1536.52,x_1536.52,-0.6676705406092549,-0.6642841579976515,0.16685994204390245,0.21102914636093933,0.6641580100176527,0.7366402602212401,0.0073358880265908455,-0.0033863826116034,0.13274454896995935,PRO,Prostate (PRC)
1538.44,x_1538.44,-0.617832969220156,-0.6201273923237915,0.18065546778060465,0.22052900682790633,0.578381828163099,0.656294914238468,-0.005347767301950562,0.00229442310363559,0.1829009611654866,PRO,Prostate (PRC)
1540.36,x_1540.36,-0.5795053668989685,-0.5769407927153369,0.19280106410218545,0.22800404905219585,0.8389817899556614,0.8756706136567891,0.006398760357324164,-0.0025645741836315405,0.05765922439400276,PRO,Prostate (PRC)
1542.29,x_1542.29,-0.5449084488737135,-0.5383383477105371,0.206787708528821,0.23739556296590772,0.9750614463088672,0.9806417660501394,0.017500695370373884,-0.006570101163176356,0.008489613864844453,PRO,Prostate (PRC)
1544.21,x_1544.21,-0.5124330556355651,-0.5005961860066724,0.2163218311970944,0.24674397553023888,0.8819565266323804,0.9122006110633581,0.03371631019371629,-0.011836869628892632,0.03990964117055118,PRO,Prostate (PRC)
1546.13,x_1546.13,-0.48706278640527917,-0.46565349151863195,0.21838330831081929,0.2554092003085953,0.6870080422534603,0.7546360708904071,0.06485109971730654,-0.021409294886647223,0.122262439773428,PRO,Prostate (PRC)
1548.06,x_1548.06,-0.47289974342204716,-0.4406595125898047,0.2234129365329358,0.26659644252659626,0.47267522632553005,0.5566137740735145,0.10187023309930822,-0.03224023083224248,0.2544460507326547,PRO,Prostate (PRC)
1549.98,x_1549.98,-0.47062685683746486,-0.4313916278763161,0.23380298539321798,0.27686604138562215,0.39380972867816805,0.48385295179249294,0.12558575266037447,-0.03923522896114878,0.31528660514964896,PRO,Prostate (PRC)
1551.9,x_1551.90,-0.4733875721707945,-0.4281979635190829,0.24390474351349606,0.28147998217624526,0.3100524632550697,0.4065366436740387,0.14474421879028287,-0.04518960865171162,0.3909003026450921,PRO,Prostate (PRC)
1553.82,x_1553.82,-0.46840334140356854,-0.42682598749584133,0.2562309687254011,0.2824307789385357,0.41286471518815193,0.49939005006587583,0.13410364953240334,-0.04157735390772721,0.3015601148571847,PRO,Prostate (PRC)
1555.75,x_1555.75,-0.4588094263547859,-0.4208530850869338,0.27218770513475443,0.28234020436648216,0.4742828353559301,0.5578043409532008,0.12457862265235418,-0.03795634126785208,0.2535181102838708,PRO,Prostate (PRC)
1557.67,x_1557.67,-0.4467060160254344,-0.401972941378756,0.2894627969846592,0.286869540091139,0.33597825810818605,0.43091861636646633,0.15222765338483077,-0.04473307464667842,0.36560474329713977,PRO,Prostate (PRC)
1559.59,x_1559.59,-0.4244678054929305,-0.36349854171970036,0.30432220699740925,0.293172120721359,0.1556754194603324,0.23104209078636634,0.2237061279050871,-0.06096926377323014,0.6363088939993347,PRO,Prostate (PRC)
1561.52,x_1561.52,-0.3877032129220311,-0.3089264818457348,0.31722090122747476,0.2985348233563943,0.05431898455602539,0.09804681575267132,0.3276900925410061,-0.07877673107629629,1.0085665062644247,PRO,Prostate (PRC)
1563.44,x_1563.44,-0.3409286620691337,-0.24311477936774611,0.3340449067130522,0.3069691776273871,0.011225199175779386,0.026173469399884602,0.4878339953789986,-0.09781388270138758,1.5821387060433958,PRO,Prostate (PRC)
1565.36,x_1565.36,-0.28488686921689504,-0.16449656775002325,0.3534814490784257,0.31876699660904195,0.0013059641681482698,0.004111368677503812,0.7923353517188712,-0.1203903014668718,2.386013577117403,PRO,Prostate (PRC)
1567.28,x_1567.28,-0.21280104534095087,-0.07507311500543279,0.37468067654895437,0.33221001646620407,4.143852710060156e-4,0.0015075884373176053,1.5031494245265682,-0.13772793033551808,2.821717202098273,PRO,Prostate (PRC)
1569.21,x_1569.21,-0.12045865424947842,0.02512978677298628,0.3944084562880503,0.34690348909895186,3.82912024017722e-4,0.0014188695730168596,NA,-0.1455884410224647,2.848057524431479,PRO,Prostate (PRC)
1571.13,x_1571.13,-0.009874198867823113,0.1316244791954823,0.41247773522455045,0.36443872686621337,9.557504205292794e-4,0.003124568682499567,NA,-0.14149867806330543,2.505209924476257,PRO,Prostate (PRC)
1573.05,x_1573.05,0.10734923418787047,0.23957435521229095,0.4276727333071298,0.38409578605516254,0.002644830056763657,0.0075164623193739195,-1.158154169218112,-0.13222512102442047,2.1239865153493174,PRO,Prostate (PRC)
1574.98,x_1574.98,0.223913115067392,0.35070636141750455,0.44299905149275753,0.40718459095777215,0.003939666079037964,0.010615526754756474,-0.6473222378953924,-0.12679324635011255,1.974058450767118,PRO,Prostate (PRC)
1576.9,x_1576.90,0.33910898230315933,0.4610095689288938,0.45449144496924054,0.43340577771875044,0.006760594050799519,0.017082792820939708,-0.44304657236312206,-0.12190058662573444,1.7674411261780332,PRO,Prostate (PRC)
1578.82,x_1578.82,0.44573512833507,0.5668876691531186,0.46453712631713673,0.45706189885199605,0.011308969044194364,0.026237894609650956,-0.3468755324472369,-0.1211525408180486,1.5810710167085358,PRO,Prostate (PRC)
1580.75,x_1580.75,0.5379819575958508,0.6557760693376369,0.47229331702177324,0.4704975217150789,0.014683624591742574,0.03284494974468734,-0.2856449843336667,-0.11779411174178611,1.4835313982998513,PRO,Prostate (PRC)
1582.67,x_1582.67,0.6136168762333009,0.7247287198011801,0.47854457228687675,0.47612697055494063,0.02506711669081105,0.051738971536221486,-0.24010254495177405,-0.11111184356787929,1.2861822084100265,PRO,Prostate (PRC)
1584.59,x_1584.59,0.6812455003592656,0.789085473713283,0.4848095275899629,0.47775974073091015,0.028904111426578023,0.057623335146802665,-0.21200649618788067,-0.1078399733540174,1.2394016090556865,PRO,Prostate (PRC)
1586.51,x_1586.51,0.7516928435228993,0.8497746454746048,0.48832280839786296,0.47626951699631775,0.03900919136814103,0.07428430535481031,-0.176936808668688,-0.09808180195170546,1.1291029334506848,PRO,Prostate (PRC)
1588.44,x_1588.44,0.8253294625076131,0.9029938277479307,0.497192904147108,0.47166294088977945,0.05881820799390046,0.10515301046710694,-0.1297458336727999,-0.07766436524031761,0.978178289211261,PRO,Prostate (PRC)
1590.36,x_1590.36,0.9058734405509085,0.9612316450386477,0.5120556804305265,0.4716051070575381,0.11561073547926404,0.18197986140254527,-0.08557454735977152,-0.055358204487739204,0.7399766700680444,PRO,Prostate (PRC)
1592.28,x_1592.28,0.9798958194766435,1.026816633205489,0.5250051840771028,0.477553980820338,0.13415411602882985,0.20529312354657267,-0.0674782257764285,-0.0469208137288456,0.687625597418468,PRO,Prostate (PRC)
1594.21,x_1594.21,1.0518892501109698,1.0885708605997841,0.5339922565231741,0.485145447621842,0.18686638741598927,0.2696297411017746,-0.04945246059891475,-0.036681610488814353,0.569232205296961,PRO,Prostate (PRC)
1596.13,x_1596.13,1.1246299759083107,1.1241345659797144,0.540422285587695,0.48899852253840664,0.4520515971480857,0.5336720244109345,6.356599899921163e-4,4.954099285963132e-4,0.27272556272461457,PRO,Prostate (PRC)
1598.05,x_1598.05,1.1846286498794028,1.126956332601078,0.5507546889248688,0.48621350090430326,0.8254325202658234,0.8691209532078208,0.07200320555542299,0.05767231727832467,0.060919779759187866,PRO,Prostate (PRC)
1599.97,x_1599.97,1.2273769769227953,1.0920878413025599,0.5618678690857782,0.47881339065512374,0.11184251992979881,0.17664316914588157,0.1684893781593098,0.13528913562023548,0.7529031522263583,PRO,Prostate (PRC)
1601.9,x_1601.90,1.240377622564916,1.024041084258056,0.5839217034664765,0.46921156746539716,0.003224596705979732,0.00894658136525534,0.2765055611308831,0.21633653830685984,2.0483428839949336,PRO,Prostate (PRC)
1603.82,x_1603.82,1.2141944015486699,0.9306041588083486,0.6126513984854907,0.4586463817185325,8.010434686865498e-5,3.7029255981959615e-4,0.38375952466914964,0.2835902427403213,3.43145501401525,PRO,Prostate (PRC)
1605.74,x_1605.74,1.155172493432993,0.8077358606458832,0.6430587138294753,0.44409835747624565,1.117346462354377e-6,9.164201248257392e-6,0.5161522610370047,0.3474366327871098,5.037905382157455,PRO,Prostate (PRC)
1607.67,x_1607.67,1.081129548389298,0.671957015797304,0.6938973970752256,0.4257875075817275,3.370219306755785e-8,5.082508148091385e-7,0.6860977407448091,0.40917253259199393,6.293921916444318,PRO,Prostate (PRC)
1609.59,x_1609.59,1.003297631433733,0.5575307173070163,0.7462487588067307,0.4121967766346685,1.5217136589158058e-8,2.496144335239085e-7,0.8476253018076962,0.44576691412671665,6.602730305934506,PRO,Prostate (PRC)
1611.51,x_1611.51,0.9175153332576602,0.46488454402905505,0.7867934246574737,0.40541494837012154,5.268349290793613e-8,7.1389950534667085e-07,0.9808582756122276,0.45263078922860517,6.146362918959301,PRO,Prostate (PRC)
1613.43,x_1613.43,0.8321660555789442,0.3900866734107835,0.8103397087760175,0.40345246364042664,4.806542944312905e-7,4.4941176529325655e-6,1.093074764486333,0.4420793821681607,5.347355562234968,PRO,Prostate (PRC)
1615.36,x_1615.36,0.7486943493534194,0.32642047267096197,0.8075891165688801,0.4024909622406009,2.0524685958437223e-6,1.572998473044164e-5,1.1976428290775265,0.4222738766824574,4.803271698958922,PRO,Prostate (PRC)
1617.28,x_1617.28,0.6807457893014319,0.27275008467870543,0.7909899767507044,0.4004479551372079,2.7552225380368854e-6,1.9516159644427937e-5,1.31953333902497,0.4079957046227265,4.709605637966487,PRO,Prostate (PRC)
1619.2,x_1619.20,0.6398678313910393,0.2301552583394467,0.7713328074888621,0.40131135295812637,7.206063211333593e-7,6.296887011772813e-6,1.4751625206641363,0.4097125730515926,5.20087409939348,PRO,Prostate (PRC)
1621.13,x_1621.13,0.6195074964348608,0.2025267135621947,0.7590613625506686,0.4069771821440187,1.49881443157633e-7,1.7090140164925226e-6,1.61300473123161,0.4169807828726661,5.767254375394889,PRO,Prostate (PRC)
1623.05,x_1623.05,0.6051307646960918,0.17856451008617844,0.756089074838175,0.416181891460693,4.572264022057427e-8,6.477374031248022e-7,1.760795865956192,0.4265662546099134,6.188601024203324,PRO,Prostate (PRC)
1624.97,x_1624.97,0.6025863275605523,0.15120709926886305,0.7591700165425723,0.42990312417420085,7.102505511897548e-9,1.3021260105145504e-7,1.9946349155604406,0.45137922829168925,6.885346985796195,PRO,Prostate (PRC)
1626.9,x_1626.90,0.6324797240472301,0.13932481886308845,0.780412297072277,0.4478316482277654,4.231507393438315e-10,1.0201283111702962e-8,2.182558879202036,0.4931549051841416,7.991345199484592,PRO,Prostate (PRC)
1628.82,x_1628.82,0.6984898488625767,0.14372485575763266,0.8130320095847902,0.47188549028879667,1.2223602116373673e-11,3.4633539329725406e-10,2.2809215938568683,0.5547649931049441,9.460503124020128,PRO,Prostate (PRC)
1630.74,x_1630.74,0.7768647736072907,0.1616918067500348,0.8528919755550699,0.5028829069263417,3.52871944292751e-13,1.2689817996681621e-11,2.264409853330907,0.6151729668572559,10.896544606715674,PRO,Prostate (PRC)
1632.66,x_1632.66,0.8642184303424593,0.19014121758634484,0.885780432051855,0.5442351352886138,1.1192024841625004e-14,4.983115822342561e-13,2.1843187760837535,0.6740772127561144,12.302499018424031,PRO,Prostate (PRC)
1634.59,x_1634.59,0.9654223060784135,0.23813263454358413,0.9078417735031683,0.5917922412268617,4.627558120012941e-16,2.1633834211060498e-14,2.0193902504227212,0.7272896715348294,13.66486650279226,PRO,Prostate (PRC)
1636.51,x_1636.51,1.0853498091417713,0.3142682997848896,0.9201180661230228,0.639046366636138,9.210902306333098e-17,5.065996268483204e-15,1.788088177957474,0.7710815093568817,14.295335134438433,PRO,Prostate (PRC)
1638.43,x_1638.43,1.226313525852971,0.39152374421344976,0.9227156804527383,0.6689862276846835,3.3161738286815154e-18,2.231741974830325e-16,1.6471536564575542,0.8347897816395211,15.6513560182403,PRO,Prostate (PRC)
1640.36,x_1640.36,1.35431111467574,0.4713508185263844,0.914963213256728,0.6815118487544998,6.53226600185163e-20,1.5269171779328183e-17,1.5226840613447534,0.8829602961493557,16.816184519028877,PRO,Prostate (PRC)
1642.28,x_1642.28,1.4346168517915165,0.5526016418592928,0.9022324133557996,0.6840046000913239,3.240457809954375e-20,1.3507545018274711e-17,1.3763521238409053,0.8820152099322237,16.86942357635914,PRO,Prostate (PRC)
1644.2,x_1644.20,1.4805129623803979,0.6208709862222807,0.8840926149801468,0.6780477225486695,4.333971663617554e-20,1.3507545018274711e-17,1.2537303524994778,0.8596419761581172,16.86942357635914,PRO,Prostate (PRC)
1646.12,x_1646.12,1.5083075796924712,0.6803735730403858,0.8495794000909161,0.6603463531447041,3.8090228244081855e-20,1.3507545018274711e-17,1.1485304841261519,0.8279340066520854,16.86942357635914,PRO,Prostate (PRC)
1648.05,x_1648.05,1.506908628513011,0.7274103501327831,0.8091412794405957,0.6320406916304682,1.1712163195291159e-19,1.6673801682074807e-17,1.0507495569681033,0.779498278380228,16.77796536829975,PRO,Prostate (PRC)
1649.97,x_1649.97,1.4817402536240922,0.7578888185404973,0.7710580445988688,0.6056439034270977,5.013328760346196e-19,5.20829154547077e-17,0.9672335108168495,0.723851435083595,16.28330471317925,PRO,Prostate (PRC)
1651.89,x_1651.89,1.4434983399972645,0.7719502526826522,0.7301334946030812,0.5860732952269656,2.7592140325425265e-18,2.149887600356052e-16,0.9029887960240913,0.6715480873146124,15.667584245117494,PRO,Prostate (PRC)
1653.82,x_1653.82,1.398745184634188,0.7863202688087032,0.6845291577464635,0.5695054063292897,4.037797412367493e-17,2.3595878628522537e-15,0.8309434132009643,0.6124249158254849,14.62716384640264,PRO,Prostate (PRC)
1655.74,x_1655.74,1.3642024530871562,0.8016068607337826,0.6425972010923922,0.5535355215731611,3.2326806713002993e-16,1.5908191724556734e-14,0.7670902584043214,0.5625955923533735,13.798379183563899,PRO,Prostate (PRC)
1657.66,x_1657.66,1.347596796371051,0.7940256875278561,0.6081346032033256,0.5359636615923441,1.2070670777205021e-16,6.270042875937052e-15,0.7631305716350465,0.5535711088431948,14.202729489357608,PRO,Prostate (PRC)
1659.58,x_1659.58,1.3447260636437461,0.7828366436919492,0.575369162771163,0.516646124646402,3.3416457377138554e-18,2.231741974830325e-16,0.7805283453130121,0.561889419951797,15.6513560182403,PRO,Prostate (PRC)
1661.51,x_1661.51,1.3294074038392787,0.7725139666845751,0.5481405932990672,0.49886706231029887,1.7125328052257353e-18,1.455652884441875e-16,0.7831495898804082,0.5568934371547036,15.836942174709826,PRO,Prostate (PRC)
1663.43,x_1663.43,1.3086268524657807,0.7611644862596483,0.5228679293032146,0.48429808939343355,9.506503462226974e-19,8.888580737182221e-17,0.7817728303718701,0.5474623662061324,16.05116757842426,PRO,Prostate (PRC)
1665.35,x_1665.35,1.2980797653246097,0.7569454759181159,0.494427645103694,0.4690491360977579,1.7156551108234387e-19,2.005171910774894e-17,0.7781169540060361,0.5411342894064938,16.697848387781757,PRO,Prostate (PRC)
1667.28,x_1667.28,1.2687697959948308,0.741481298079169,0.4737715705987227,0.450609638843969,1.2483060082836752e-19,1.6673801682074807e-17,0.7749473134751513,0.5272884979156618,16.77796536829975,PRO,Prostate (PRC)
1669.2,x_1669.20,1.2388161959614046,0.7302182113208623,0.453132901219245,0.4366163165324243,1.2091541703336003e-19,1.6673801682074807e-17,0.7625617840278596,0.5085979846405423,16.77796536829975,PRO,Prostate (PRC)
1671.12,x_1671.12,1.2058946300133884,0.739109620052834,0.4324366167577838,0.43425981788709184,5.24145582248706e-18,3.2671741293502675e-16,0.7062428390506806,0.4667850099605544,15.485827718478133,PRO,Prostate (PRC)
1673.04,x_1673.04,1.1472206728457908,0.7545728199814692,0.42125247443754743,0.4370031190100046,1.509596956439167e-14,6.41578706486646e-13,0.6044102325466697,0.3926478528643216,12.19275005839099,PRO,Prostate (PRC)
1674.97,x_1674.97,1.0987741323164681,0.7616502881450419,0.4176577311703416,0.4337876608228346,5.200892828658068e-12,1.5686563854178365e-10,0.5286936291909748,0.33712384417142627,9.80447217831247,PRO,Prostate (PRC)
1676.89,x_1676.89,1.06334664098285,0.7479068810215724,0.41236021233132386,0.42221798157100077,2.1688223672981593e-11,5.964261510069938e-10,0.5076808442469425,0.3154397599612776,9.224443322648547,PRO,Prostate (PRC)
1678.81,x_1678.81,1.0331750138202624,0.73491977673105,0.40821478977543124,0.4156279918599327,1.9630394843695124e-10,4.960653832122957e-9,0.49142541214196156,0.2982552370892124,8.304461078153134,PRO,Prostate (PRC)
1680.74,x_1680.74,1.005626510365463,0.7204228018840813,0.41404926275972287,0.4123511189933281,2.2740043876725004e-9,5.062366910651876e-8,0.48117827042859934,0.28520370848138166,7.295646381205278,PRO,Prostate (PRC)
1682.66,x_1682.66,0.9888224787572467,0.707805732644185,0.4217218667994307,0.41428529484851523,5.0153275422967514e-9,9.769440108432214e-8,0.4823575144772326,0.2810167461130617,7.010130325205072,PRO,Prostate (PRC)
1684.58,x_1684.58,0.979739416153235,0.713301206511972,0.4419500723134265,0.4226629790900249,1.0107591840483736e-7,1.2434997856384596e-6,0.4578861190487716,0.26643820964126297,5.905354285260183,PRO,Prostate (PRC)
1686.51,x_1686.51,0.9585127569055641,0.7086487215801562,0.45880952463922503,0.42406118563965806,8.273322437921637e-7,7.093915685606236e-6,0.4357264440567256,0.2498640353254079,5.1491139776195824,PRO,Prostate (PRC)
1688.43,x_1688.43,0.943127900532148,0.7046433057676699,0.4648108038417807,0.4214195020584408,2.1150390245717644e-6,1.6077735674590242e-5,0.4205597725484668,0.23848459476447814,4.793775115617134,PRO,Prostate (PRC)
1690.35,x_1690.35,0.9242337616736485,0.7144729796059983,0.46609634780294484,0.4241442174431812,1.700418512735585e-5,9.577658490408265e-5,0.3713778813296916,0.20976078206765014,4.0187406526113705,PRO,Prostate (PRC)
1692.27,x_1692.27,0.89558836265620545,0.7259811795966171,0.4719034399945298,0.4357557776784656,3.309354386712106e-4,0.0012476799804741205,0.30290325733304996,0.16960718305958833,2.903896793288708,PRO,Prostate (PRC)
1694.2,x_1694.20,0.8742265273596176,0.7339742530008966,0.477130698639109,0.4424106415804616,0.0035165736292757533,0.009642218015756097,0.25227738448399,0.140252274358721,2.0158230531092434,PRO,Prostate (PRC)
1696.12,x_1696.12,0.8490498470102129,0.7389301256757901,0.4700019398134782,0.45090410535423875,0.02385411770662169,0.05023333345876415,0.20041105502074924,0.11011972133442283,1.2990080013206131,PRO,Prostate (PRC)
1698.04,x_1698.04,0.8082379984314538,0.7452746732324235,0.4651449092538693,0.4630795695388945,0.19721963427989894,0.28109810678613645,0.11700779585783093,0.06296332519903036,0.5511420793840314,PRO,Prostate (PRC)
1699.97,x_1699.97,0.7599730160635024,0.738873701636549,0.4803408029464144,0.47400302544819495,0.6685775108732483,0.7397869499011683,0.04062035994481051,0.021099314426953453,0.13089333405860754,PRO,Prostate (PRC)
1701.89,x_1701.89,0.7241124537682644,0.7203031107089809,0.496165214042448,0.48854569275411824,0.9073671255190133,0.9302502876757429,0.007609618184254975,0.0038093430592834876,0.03140018700278048,PRO,Prostate (PRC)
1703.81,x_1703.81,0.6846506106720354,0.7133266289578936,0.5214739784810286,0.5021080018214504,0.6304660234063013,0.7059709363890919,-0.05919480357854612,-0.028676018285858196,0.15121317773807505,PRO,Prostate (PRC)
1705.73,x_1705.73,0.6366628468251609,0.7068448695241605,0.5518156113400452,0.5157080162851452,0.24178040489059097,0.33195988042981284,-0.15086382147898847,-0.07018202269899954,0.4789144005152166,PRO,Prostate (PRC)
1707.66,x_1707.66,0.598579625029407,0.7027458663804449,0.5827873377081946,0.5304044745609192,0.09239828265598109,0.15290689253688905,-0.2314595333299393,-0.10416624135103791,0.8155729375878752,PRO,Prostate (PRC)
1709.58,x_1709.58,0.5857238151883732,0.7000755094480139,0.6045935848882663,0.5467679380620597,0.07956471243878181,0.1352600111459291,-0.25728958099733074,-0.11435169425964065,0.8688305811231904,PRO,Prostate (PRC)
1711.5,x_1711.50,0.5880513424455182,0.7051708515164635,0.6227823116503782,0.5667210043064169,0.07720963057438952,0.13246055887532882,-0.2620303126323756,-0.11711950907094537,0.8779134169174008,PRO,Prostate (PRC)
1713.43,x_1713.43,0.5941779605827583,0.7236924528889087,0.6438453520195284,0.5907438432119658,0.059990132815445386,0.10683956987131701,-0.28448119852834836,-0.12951449230615042,0.971267869086546,PRO,Prostate (PRC)
1715.35,x_1715.35,0.5832985355577978,0.751469174285154,0.6583580504092307,0.6164843680083474,0.018307865214418264,0.03980896273367692,-0.3654789195424991,-0.16817063872735627,1.400019138289029,PRO,Prostate (PRC)
1717.27,x_1717.27,0.5499359264443074,0.77817098599439,0.67281772775671,0.644140095708085,0.0028805184957968366,0.008136812065166291,-0.5008228825206843,-0.2282350595500826,2.0895457147287075,PRO,Prostate (PRC)
1719.19,x_1719.19,0.507345252359248,0.787999808740419,0.6859378251060203,0.6743362312022457,5.920529278121537e-4,0.0020407618296953236,-0.635226420197275,-0.280654556381171,2.6902076773440333,PRO,Prostate (PRC)
1721.12,x_1721.12,0.4563854755018099,0.7781132289541243,0.6746144240754659,0.7014159739830478,1.325622642551363e-4,5.608403487717305e-4,-0.7697259220803006,-0.32172775345231436,3.2511607492879064,PRO,Prostate (PRC)
1723.04,x_1723.04,0.3817587375521372,0.7431288315542581,0.6518733588554615,0.7191847958212301,2.449994489483775e-5,1.3089970558099028e-4,-0.9609493284178386,-0.36137009400212095,3.8830613302612766,PRO,Prostate (PRC)
1724.96,x_1724.96,0.28648865775658006,0.67350577721232,0.6233081564899774,0.7243858303382409,4.617334928743076e-6,3.128411708967229e-5,-1.233209404188817,-0.3870171194557399,4.504676097310853,PRO,Prostate (PRC)
1726.89,x_1726.89,0.18394060648024568,0.5668209168247809,0.5847371691008764,0.7140941510662653,2.2457204404561094e-6,1.67979888946117e-5,-1.6236476972406848,-0.3828803103445352,4.774742710194038,PRO,Prostate (PRC)
1728.81,x_1728.81,0.09330675412988886,0.4334831563720675,0.5284217378839062,0.685155756677758,8.504332366323395e-6,5.40921820579073e-5,-2.2159103815521446,-0.34017640224217865,4.266865498931497,PRO,Prostate (PRC)
1730.73,x_1730.73,-0.00907043377169399,0.29622735895054186,0.4716420728881331,0.6426961866047805,1.3004356745081319e-5,7.69561617509559e-5,NA,-0.30529779272223584,4.113756601208667,PRO,Prostate (PRC)
1732.66,x_1732.66,-0.10706114960855524,0.15153380141132133,0.41377208872610766,0.5883176251407057,6.750838783574754e-5,3.2204256442053036e-4,NA,-0.25859495101987656,3.4920867237349373,PRO,Prostate (PRC)
1734.58,x_1734.58,-0.20761214817158796,0.019753757937638505,0.3591293605926579,0.5198327523543422,7.341801026594998e-5,3.4495396783247855e-4,NA,-0.22736590610922647,3.4622388552170533,PRO,Prostate (PRC)
1736.5,x_1736.50,-0.3009663892503129,-0.08224386114499857,0.3114859696499179,0.44979996677705936,9.675981748827734e-6,6.055666042408891e-5,1.8716352274868815,-0.2187225281053143,4.21783808329962,PRO,Prostate (PRC)
1738.42,x_1738.42,-0.37675613953002407,-0.17446502838359992,0.26538718262746824,0.3828174685201549,7.206063211333593e-7,6.296887011772813e-6,1.1106975854957957,-0.20229111114642415,5.20087409939348,PRO,Prostate (PRC)
1740.35,x_1740.35,-0.4421211897688448,-0.2513311011089274,0.2240988819302667,0.3247854772414636,3.353601615628321e-8,5.082508148091385e-7,0.814855148459653,-0.19079008865991737,6.293921916444318,PRO,Prostate (PRC)
1742.27,x_1742.27,-0.48761535440380066,-0.31930682245006453,0.19195877217813725,0.27464248496106564,6.885532699011111e-9,1.2875946147150777e-7,0.6108017363986351,-0.16830853195373613,6.890220848392463,PRO,Prostate (PRC)
1744.19,x_1744.19,-0.5262929032596082,-0.379583138466291,0.16998417766201834,0.23472804368686087,1.0337740420024816e-8,1.789960609763556e-7,0.4714510930370686,-0.1467097647933172,6.747156526087457,PRO,Prostate (PRC)
1746.12,x_1746.12,-0.5574824204035582,-0.43271477306000194,0.15745024548795286,0.20756921712773954,3.558367174595888e-8,5.281068743249454e-7,0.3655106823250529,-0.12476764734355628,6.277278179298175,PRO,Prostate (PRC)
1748.04,x_1748.04,-0.5730473565954883,-0.47206807699696307,0.15426987597142308,0.19768372845212787,2.3538032595238643e-6,1.7329181477596954e-5,0.27965998084033766,-0.10097927959852526,4.761221950163068,PRO,Prostate (PRC)
1749.96,x_1749.96,-0.5992866057092128,-0.5035539281997872,0.14976168262563258,0.19450561035302388,4.302131472182267e-6,2.9577153871253085e-5,0.25110029494649183,-0.0957326775094256,4.52904361930055,PRO,Prostate (PRC)
1751.88,x_1751.88,-0.6189884600185288,-0.5334324427093721,0.1431589754487955,0.19114475713159848,1.571996354733493e-5,9.072941923924791e-5,0.21460731642240818,-0.08555601730915674,4.042251869041129,PRO,Prostate (PRC)
1753.81,x_1753.81,-0.6386107919190764,-0.5468651290269111,0.13780337259239359,0.19572358852775254,5.037310076668492e-6,3.3403439160886806e-5,0.2237522410315936,-0.09174566289216535,4.476208816670376,PRO,Prostate (PRC)
1755.73,x_1755.73,-0.6608149846615874,-0.5518973489598662,0.1333630341783026,0.2013813662942794,6.461476606662266e-8,8.390945315596137e-7,0.25984687702853276,-0.1089176357017212,6.076189109228466,PRO,Prostate (PRC)
1757.65,x_1757.65,-0.6646737714130817,-0.5613394989508134,0.13561067482403671,0.1964165769689923,2.0910970774732644e-7,2.247328468318968e-6,0.2437732457490216,-0.10333427246226834,5.648333446693941,PRO,Prostate (PRC)
1759.58,x_1759.58,-0.6649361349095898,-0.5695140958135249,0.14076971529435492,0.1897368055399789,1.3312939338823756e-6,1.0638972890427532e-5,0.22348459439494345,-0.09542203909606495,4.973100297750663,PRO,Prostate (PRC)
1761.5,x_1761.50,-0.6667040562451584,-0.5815727278803937,0.1421689066742734,0.1785921582386647,3.011469401394004e-6,2.117085631807063e-5,0.19708720381520375,-0.08513132836476467,4.674261575297001,PRO,Prostate (PRC)
1763.42,x_1763.42,-0.672275754213932,-0.5817726212140245,0.14167954695447044,0.16849269136890213,5.4511701308466264e-8,7.281205817630851e-7,0.20859804980285562,-0.09050313299990753,6.137796692585538,PRO,Prostate (PRC)
1765.34,x_1765.34,-0.6744911946549802,-0.5995543456753268,0.14253549551134093,0.16266244220472234,4.975149647475644e-6,3.322689228849805e-5,0.16990934612326866,-0.07493684897965336,4.478510276388205,PRO,Prostate (PRC)
1767.27,x_1767.27,-0.6638218351255025,-0.638127819501993,0.14018198465438805,0.16409303605851014,0.12408181733098025,0.1927184372167218,0.05695074194250133,-0.02569401562350948,0.7150767347558006,PRO,Prostate (PRC)
1769.19,x_1769.19,-0.6700019027753507,-0.6678770190348893,0.13779690704047834,0.17169437970838272,0.9404702001789454,0.9537306259949175,0.004582726202273184,-0.0021248837404613807,0.02057427116965551,PRO,Prostate (PRC)
1771.11,x_1771.11,-0.6839250856302324,-0.688465964600367,0.13319145569276006,0.18357433006893925,0.6844545043425352,0.7528999547767887,-0.009547041310462814,0.004540878970134665,0.12326272894539167,PRO,Prostate (PRC)
1773.04,x_1773.04,-0.698125705340713,-0.6948096235359654,0.12794728708874523,0.18840684450794715,0.8335561147803497,0.8747193797077745,0.006869106673895258,-0.003316081804747628,0.058131251424882055,PRO,Prostate (PRC)
1774.96,x_1774.96,-0.7083012427982203,-0.6990912024697516,0.12322701860084424,0.189735292270113,0.9335633153997455,0.9487844564116978,0.01888242062777002,-0.009210040328468616,0.02283243880899025,PRO,Prostate (PRC)
1776.88,x_1776.88,-0.7063416276936616,-0.6985257868345248,0.12117897607859184,0.18030696568826102,0.9335633153997455,0.9487844564116978,0.01605277070466506,-0.00781584085913678,0.02283243880899025,PRO,Prostate (PRC)
1778.81,x_1778.81,-0.7145322166687444,-0.688991626361559,0.12388893517716715,0.1647049741059344,0.18861212691482854,0.2704790470327679,0.05251268625862693,-0.025540590307185473,0.5678663723707236,PRO,Prostate (PRC)
1780.73,x_1780.73,-0.7254298811919068,-0.6782951796016787,0.12811102070172817,0.15695731163623922,0.004782957303984983,0.012597366420354814,0.09692307066521412,-0.047134701590228034,1.899720238108957,PRO,Prostate (PRC)
1782.65,x_1782.65,-0.7345515215882827,-0.6667765024546656,0.12367719428783354,0.15415145325007917,5.083287578114867e-5,2.5240998204157766e-4,0.13966062097389909,-0.06777501913361716,3.5978934740719075,PRO,Prostate (PRC)
1784.57,x_1784.57,-0.7435825211766001,-0.6724629655343676,0.11378141653199993,0.15765886192147333,1.641437799878602e-5,9.338063882481122e-5,0.14503824702600118,-0.07111955564223249,4.029743159349939,PRO,Prostate (PRC)
1786.5,x_1786.50,-0.7401527242242558,-0.6893355349815752,0.10694960691526487,0.15441483864929467,0.0012785810855525349,0.00406474683993816,0.10261674540429,-0.05081718924268064,2.3909664979030363,PRO,Prostate (PRC)
1788.42,x_1788.42,-0.7464204261613298,-0.687875846153923,0.1114360118174373,0.1542269026893988,2.963693454175025e-4,0.0011310421957769993,0.1178404330783112,-0.0585445800074067,2.946521192553525,PRO,Prostate (PRC)
1790.34,x_1790.34,-0.7512480924246214,-0.6833876685185495,0.12173796790214723,0.15764175402016045,9.836447593413488e-5,4.3588049762282525e-4,0.13658539812534232,-0.06786042390607194,3.3606325619625124,PRO,Prostate (PRC)
1792.27,x_1792.27,-0.7504147916460827,-0.677369891850029,0.13776228724097878,0.1592283695168019,5.8719548469864074e-5,2.859519678089735e-4,0.14774461036873673,-0.07304489979605366,3.5437069104632153,PRO,Prostate (PRC)
1794.19,x_1794.19,-0.7557992897270402,-0.6776529265059983,0.14386517752021782,0.1614014898890919,1.6350060833265414e-5,9.338063882481122e-5,0.1574568255191577,-0.07814636322104196,4.029743159349939,PRO,Prostate (PRC)
1796.11,x_1796.11,-0.7592317227169759,-0.6791053548442108,0.13202972190809614,0.1595318833509418,2.5632413898947408e-6,1.8435620765781405e-5,0.16090508922263483,-0.08012636787276517,4.734342234211136,PRO,Prostate (PRC)
1798.03,x_1798.03,-0.7637638976689147,-0.6850040060003627,0.12735974837247863,0.15043445996117977,5.052020586673057e-7,4.631018871116968e-6,0.1570145188681921,-0.07875989166855202,5.334323449279208,PRO,Prostate (PRC)
1799.96,x_1799.96,-0.7730513474412358,-0.7093979938295172,0.12263875673732103,0.13409684183912104,2.0827617364337433e-5,1.1256544644887572e-4,0.12396916079885749,-0.06365335361171864,3.9485949018431397,PRO,Prostate (PRC)
1801.88,x_1801.88,-0.7809814625848079,-0.7315331592202601,0.1217740173585691,0.13290853613999745,0.001408239453344632,0.004374431524509072,0.09436516887069236,-0.04944830336454786,2.3590783773411026,PRO,Prostate (PRC)
1803.8,x_1803.80,-0.7909320059562032,-0.7441575065304004,0.12472613033772918,0.1388932893270742,0.0012824602329216655,0.00406474683993816,0.08794577962612937,-0.04677449942580281,2.3909664979030363,PRO,Prostate (PRC)
1805.73,x_1805.73,-0.8056526217247341,-0.7530265377054755,0.1254603880682499,0.1426781577761531,3.716966089916464e-4,0.0013846068900684836,0.09745733375443029,-0.05262608401925861,2.8586735115868698,PRO,Prostate (PRC)
1807.65,x_1807.65,-0.8174110535199619,-0.7518131008784024,0.12144472146173775,0.1442073469290286,1.4528530226532547e-5,8.490109851129957e-5,0.12068785088361884,-0.06559795264155954,4.071086690506232,PRO,Prostate (PRC)
1809.57,x_1809.57,-0.8213155320856317,-0.7419277071024836,0.12337724981845374,0.14984305690803607,4.872326054255429e-7,4.510519664087946e-6,0.14665815088942408,-0.07938782498314811,5.345773419486907,PRO,Prostate (PRC)
1811.49,x_1811.49,-0.827440487926723,-0.7284562968298276,0.12610611745381758,0.15374224969334285,2.681465259755315e-9,5.698113676980044e-8,0.1838133679745163,-0.09898419109689538,7.244268890864761,PRO,Prostate (PRC)
1813.42,x_1813.42,-0.838481875788809,-0.7182835237775511,0.12652602635718602,0.15508291384768283,3.0850773877622943e-12,9.94671502606119e-11,0.22322646457903422,-0.12019835201125784,10.002320324441103,PRO,Prostate (PRC)
1815.34,x_1815.34,-0.8414922906506808,-0.7064770568159304,0.11507464596140005,0.15558974855507887,2.0332422737234263e-14,8.265571851875668e-13,0.25230767288359457,-0.13501523383475034,12.082727094479372,PRO,Prostate (PRC)
1817.26,x_1817.26,-0.8364194198256308,-0.7036650908232945,0.113791922642566,0.15643196376754132,4.114256486634154e-14,1.6028457562512226e-12,0.2493379419758564,-0.1327543290023363,11.795108268308356,PRO,Prostate (PRC)
1819.19,x_1819.19,-0.8253275400642357,-0.7086548992970927,0.11658064763631358,0.15154912677023058,5.912294861620527e-12,1.7274986548797477e-10,0.21988383478896895,-0.11667264076714301,9.762582282117892,PRO,Prostate (PRC)
1821.11,x_1821.11,-0.8136123300674148,-0.7077154745030722,0.11921234772588889,0.1530002757902014,4.255080656218348e-10,1.0201283111702962e-8,0.2011723435377911,-0.1058968555643427,7.991345199484592,PRO,Prostate (PRC)
1823.03,x_1823.03,-0.8095620033027319,-0.7100220262868255,0.12135488669476445,0.14998984618003436,1.4733559249345604e-9,3.443969474534535e-8,0.1892780481693113,-0.09953997701590633,7.462940706550543,PRO,Prostate (PRC)
1824.96,x_1824.96,-0.8089393626458442,-0.7217380762257247,0.12398172988950179,0.14906439631635274,5.723045897483813e-8,7.536687203024458e-7,0.16455641107199276,-0.08720128642011948,6.122819508984469,PRO,Prostate (PRC)
1826.88,x_1826.88,-0.8037493248538173,-0.7318156771509068,0.12571504989308283,0.1499371255071753,5.772041862411628e-6,3.7740273715768334e-5,0.135265475211585,-0.07193364770291055,4.42319495438792,PRO,Prostate (PRC)
1828.8,x_1828.80,-0.7994496899491559,-0.7329231475752135,0.12588134704635381,0.14836526231366345,6.508196331869545e-5,3.1366822527309404e-4,0.1253454813144632,-0.0665265423739424,3.5035294732929714,PRO,Prostate (PRC)
1830.72,x_1830.72,-0.7941999589314919,-0.7390264639334991,0.12580772739115653,0.14790935752864104,4.3384392535529386e-4,0.001560169500796922,0.1038763948509478,-0.055173494997992734,2.8068282162212626,PRO,Prostate (PRC)
1832.65,x_1832.65,-0.8017018024962403,-0.7509390129765814,0.12059496517910077,0.1503328987173053,0.0014599104936688012,0.004519921561524269,0.09437009459277666,-0.05076278951965896,2.3448691018463084,PRO,Prostate (PRC)
1834.57,x_1834.57,-0.8001485813671296,-0.7535818208475277,0.1143517481955999,0.14842082805497958,0.005048355160778107,0.013111700209243139,0.08650387125496255,-0.04656676051960196,1.8823409891934955,PRO,Prostate (PRC)
1836.49,x_1836.49,-0.7918062887642214,-0.7454931442974632,0.11014159023937596,0.14857290616151267,0.004196764894615485,0.011147656751322383,0.08695255366415129,-0.04631314446675827,1.95281641216017,PRO,Prostate (PRC)
1838.42,x_1838.42,-0.7789513109603651,-0.7388433078522315,0.11053666486057581,0.152680812161697,0.016118401918374728,0.0354604842204244,0.07626482127248681,-0.04010800310813356,1.4502553383114538,PRO,Prostate (PRC)
1840.34,x_1840.34,-0.7893072360655026,-0.7410045279049464,0.10662189810761204,0.1534193830323732,0.0037175049676177376,0.010074977231079956,0.09110473636569144,-0.04830270816055615,1.9967559266684913,PRO,Prostate (PRC)
1842.26,x_1842.26,-0.8026184673199352,-0.7330068821058062,0.10871722736787488,0.1524019031198737,3.0478535857814388e-5,1.5744437031522902e-4,0.13088777824371617,-0.06961158521412902,3.8028728636698115,PRO,Prostate (PRC)
1844.18,x_1844.18,-0.7990764318973799,-0.7301418201232258,0.1108389199414588,0.15090930431344238,5.722357288920828e-5,2.801258672848678e-4,0.13015695930788695,-0.06893461177415405,3.5526467858555466,PRO,Prostate (PRC)
1846.11,x_1846.11,-0.7929032061954668,-0.7268239429148736,0.11415816970707963,0.1532909596230094,2.005566595356285e-4,8.15306420286142e-4,0.1255389794593925,-0.06607926328059321,3.0886791377276497,PRO,Prostate (PRC)
1848.03,x_1848.03,-0.7910494215110008,-0.7197642845368393,0.11963011207644124,0.15485246697619132,7.209312535661084e-5,3.4043975862844007e-4,0.13624349579740724,-0.0712851369741615,3.467959726070909,PRO,Prostate (PRC)
1849.95,x_1849.95,-0.7878817088238403,-0.717592259850409,0.12717669283259714,0.1545202144690041,1.6815563180612255e-4,7.050471557790341e-4,0.13481489256938284,-0.07028944897343137,3.1517818350515197,PRO,Prostate (PRC)
1851.88,x_1851.88,-0.7936491684432894,-0.7138089779738039,0.1298067262954443,0.15183147054596347,1.1867711752124301e-5,7.205396420932611e-5,0.15296356310509424,-0.07984019046948543,4.1423421205144635,PRO,Prostate (PRC)
1853.8,x_1853.80,-0.7835060609693593,-0.7121731687817575,0.13171664873984512,0.15032089739534546,6.800383571495997e-5,0.00032275932179435314,0.13771653643362186,-0.07133289218760175,3.491121205776069,PRO,Prostate (PRC)
1855.72,x_1855.72,-0.7689435815520265,-0.7138150369740769,0.13404196296660634,0.14736367055758173,7.396495794876293e-4,0.0024699012743604767,0.10732760144373539,-0.05512854457794958,2.607320405791899,PRO,Prostate (PRC)
1857.64,x_1857.64,-0.7552494323561459,-0.7143331634062311,0.1384306533675839,0.1464545242693384,0.008774733309295997,0.021365561573416035,0.08035620305357516,-0.04091626894991485,1.6702856876803651,PRO,Prostate (PRC)
1859.57,x_1859.57,-0.758276875434893,-0.7231782899835052,0.14096358887572444,0.14766140440232453,0.013105026593471417,0.02959710112293665,0.06837345091766837,-0.035098585451387776,1.5287508236696024,PRO,Prostate (PRC)
1861.49,x_1861.49,-0.7635286703261793,-0.7240494940950277,0.14124408630461258,0.14986965806935684,0.006281245926522291,0.015915894149860006,0.07659411446337479,-0.0394791762311516,1.7981689578320437,PRO,Prostate (PRC)
1863.41,x_1863.41,-0.7478622086042954,-0.7259215404907934,0.13674178054128158,0.15196088083951825,0.06782624154730885,0.1185374501808108,0.04295891424464371,-0.021940668113502038,0.9261444189589358,PRO,Prostate (PRC)
1865.34,x_1865.34,-0.7284883198623139,-0.7278269334900254,0.12952082413097146,0.15136028872944263,0.7737854592185007,0.8268450335649121,0.0013104033803394532,-6.613863722885194e-4,0.08257587784043147,PRO,Prostate (PRC)
1867.26,x_1867.26,-0.724191000988046,-0.7149926563296712,0.12347669932317305,0.14908069878736308,0.37436245705210347,0.47110214985695387,0.018441851113149957,-0.009198344658374769,0.32688491387069957,PRO,Prostate (PRC)
1869.18,x_1869.18,-0.7263497336620721,-0.6979741511736246,0.11374474188105611,0.14707419374485586,0.0756237014331449,0.13021760744012978,0.057490837953486924,-0.028375582488447515,0.8853302884476919,PRO,Prostate (PRC)
1871.1,x_1871.10,-0.7328912273676127,-0.6816381692749326,0.10838167446113771,0.14557583250465367,5.733606765439398e-4,0.0019855267872910505,0.10459311999645783,-0.051253058092680104,2.7021242493736,PRO,Prostate (PRC)
1873.03,x_1873.03,-0.7349360969855417,-0.6671313804376113,0.11240222062154417,0.14363123485184234,5.121348422729417e-6,3.37215547552958e-5,0.1396481077530956,-0.06780471654793041,4.472092410142205,PRO,Prostate (PRC)
1874.95,x_1874.95,-0.7223461170144367,-0.654557939303867,0.1226492779109465,0.1461503422730521,7.200277795624577e-6,4.675180374242347e-5,0.1421695862651381,-0.06778817771056977,4.330201628849866,PRO,Prostate (PRC)
1876.87,x_1876.87,-0.7120914298315555,-0.6318183148989203,0.1275976580491067,0.15179804493242852,2.933635558398312e-7,3.0477213856693576e-6,0.17255298908348363,-0.08027311493263523,5.516024737528298,PRO,Prostate (PRC)
1878.8,x_1878.80,-0.7052420257602101,-0.6226003215926803,0.1261013842053982,0.1594668795278962,5.190968334788135e-7,4.709251366964282e-6,0.17981239774169427,-0.0826417041675298,5.3270481274863615,PRO,Prostate (PRC)
1880.72,x_1880.72,-0.7032054871635101,-0.6327819275695841,0.13358217972132713,0.15383502624235346,1.167997382708927e-5,7.13776178322122e-5,0.1522381596846353,-0.07042355959392599,4.146437950350502,PRO,Prostate (PRC)
1882.64,x_1882.64,-0.6977899366950342,-0.6415399157284515,0.13501824209547572,0.1513863561156644,4.310128309016984e-4,0.0015559729609771738,0.12125394226968468,-0.056250020966582714,2.80799795426178,PRO,Prostate (PRC)
1884.57,x_1884.57,-0.6857184503113677,-0.6603163901263953,0.1362803927721463,0.14659977605139787,0.08973940333671473,0.1495656722278579,0.05445896516401031,-0.025402060184972375,0.8251680727332094,PRO,Prostate (PRC)
1886.49,x_1886.49,-0.6899443669492328,-0.6734299710531143,0.13696575289401763,0.14456749178660516,0.2542214454282488,0.345981708842389,0.03495215757730304,-0.016514395896118472,0.4609468606257121,PRO,Prostate (PRC)
1888.41,x_1888.41,-0.6963144725900966,-0.6947265529209379,0.13601319598431144,0.15270678580598684,0.840339416086368,0.8756706136567891,0.003293775063240281,-0.0015879196691587216,0.05765922439400276,PRO,Prostate (PRC)
1890.33,x_1890.33,-0.7025707876706304,-0.7117762162360347,0.13213815135258625,0.16537586227366627,0.6660506632036055,0.737864182577454,-0.018780161333069107,0.009205428565404294,0.13202357067755147,PRO,Prostate (PRC)
1892.26,x_1892.26,-0.711503753306444,-0.7171825375252527,0.13288640863357062,0.17008911659017584,0.9252816964322221,0.9444742207031961,-0.011469009676056645,0.005678784218808741,0.024809891589836236,PRO,Prostate (PRC)
1894.18,x_1894.18,-0.7099110884249555,-0.7202680191362153,0.13000406442394993,0.17107614940362786,0.648470085628774,0.7226692849379065,-0.020895529233946667,0.01035693071125976,0.14106040337726372,PRO,Prostate (PRC)
1896.1,x_1896.10,-0.6998760934702501,-0.7035259252720653,0.12638079965813243,0.1668250926286527,0.7817750393567342,0.8306359793165301,-0.007504070175108463,0.0036498318018151066,0.08058926118639594,PRO,Prostate (PRC)
1898.03,x_1898.03,-0.6884811231621242,-0.6908921332208487,0.12731286684051055,0.1610608331831888,0.6515954981559904,0.7252878461617274,-0.0050433931858268055,0.002411010058724572,0.13948960006358227,PRO,Prostate (PRC)
1899.95,x_1899.95,-0.6881493740805144,-0.6886675575087817,0.1297632970713904,0.16247123528062596,0.7771115928810339,0.8285055180658686,-0.0010859566966890412,5.181834282673714e-4,0.08170459471890282,PRO,Prostate (PRC)
1901.87,x_1901.87,-0.6859974163196757,-0.6701707448413683,0.12757373404282762,0.1543323742197404,0.32818685102728395,0.4244186800975249,0.033674482904037746,-0.015826671478307408,0.37220550958516196,PRO,Prostate (PRC)
1903.79,x_1903.79,-0.678538267588685,-0.6550241378684325,0.12949475368467583,0.15193608376511958,0.11581179442969394,0.18198996267523335,0.05088218663092368,-0.023514129720252464,0.739952564075187,PRO,Prostate (PRC)
1905.72,x_1905.72,-0.6908495341736145,-0.6323880770048155,0.1280072373564193,0.15394077106051493,2.177558072841049e-4,8.775934474596469e-4,0.12756155391692442,-0.058461457168799025,3.0567066280754847,PRO,Prostate (PRC)
1907.64,x_1907.64,-0.7014238682731392,-0.6168752625157955,0.12650878524667586,0.15468837081634454,9.185259319824399e-8,1.1450956618714418e-6,0.1853080122959646,-0.08454860575734369,5.9411582306276,PRO,Prostate (PRC)
1909.56,x_1909.56,-0.6971904878139404,-0.6187875924726748,0.12497348723458947,0.16076796415963715,1.177787158218926e-6,9.575921677693007e-6,0.17210887914493816,-0.07840289534126565,5.018819414719946,PRO,Prostate (PRC)
1911.49,x_1911.49,-0.7023098549874915,-0.6159373494925562,0.12193318503446965,0.1632189056577942,2.8933239784159375e-7,3.039615640245957e-6,0.18932435400604844,-0.08637250549493536,5.517181329507584,PRO,Prostate (PRC)
1913.41,x_1913.41,-0.7033376597914086,-0.6111107523673394,0.12032383325316308,0.16516980397578243,8.588679024428466e-8,1.0851912010595426e-6,0.20278391200486864,-0.09222690742406925,5.964493736239947,PRO,Prostate (PRC)
1915.33,x_1915.33,-0.6865334034221802,-0.6122269596787886,0.11823294310305199,0.16350336817549233,1.2952848680655236e-5,7.69561617509559e-5,0.16526359578822342,-0.07430644374339157,4.113756601208667,PRO,Prostate (PRC)
1917.25,x_1917.25,-0.661192975949933,-0.6228505502968148,0.12101940689662911,0.16144668601792372,0.018653447198503013,0.04018657403364129,0.08618549514264127,-0.038342425653118184,1.3959190164928348,PRO,Prostate (PRC)
1919.18,x_1919.18,-0.648135846325974,-0.6313761653182035,0.12029680572472498,0.1607655751918092,0.326899769625981,0.4233397293632856,0.037796486797516134,-0.016759681007770477,0.3733109721742638,PRO,Prostate (PRC)
1921.1,x_1921.10,-0.6338993009552673,-0.6266154461172279,0.12714509060604437,0.16104528705605206,0.6730085271782873,0.7420553925845502,0.016673370803377125,-0.007283854838039394,0.129563674510865,PRO,Prostate (PRC)
1923.02,x_1923.02,-0.6234173764417578,-0.6149653796284131,0.12961304979033467,0.16576517623574408,0.6267678234947027,0.7040522205806665,0.019693205284788007,-0.008451996813344631,0.1523951274076987,PRO,Prostate (PRC)
1924.95,x_1924.95,-0.6254105841879082,-0.6012035900541448,0.12833004167996467,0.16730364309606777,0.12429432299229909,0.19272834493830787,0.05695010366626991,-0.02420699413376337,0.7150544081000172,PRO,Prostate (PRC)
1926.87,x_1926.87,-0.6318042764962151,-0.5996112133459275,0.13576727586687756,0.16216442588193283,0.02858712720760769,0.05723546882037085,0.07545046147422256,-0.03219306315028758,1.2423347554888295,PRO,Prostate (PRC)
1928.79,x_1928.79,-0.6334063125716332,-0.6134572427853411,0.14258710891614823,0.15644407942712524,0.14484738728123694,0.2177368281478401,0.04616852618171135,-0.019949069786292073,0.6620681078965742,PRO,Prostate (PRC)
1930.72,x_1930.72,-0.6407873531780803,-0.6249649431505176,0.14305545794266783,0.15383661738263357,0.18802888224576794,0.2704723152304508,0.03607046609575609,-0.015822410027562683,0.5678771814186481,PRO,Prostate (PRC)
1932.64,x_1932.64,-0.6430932693841447,-0.6380845661557788,0.14476223392405801,0.15429209379896736,0.5612860593140362,0.644720473536393,0.01128036905259006,-0.005008703228365885,0.19062853825376086,PRO,Prostate (PRC)
1934.56,x_1934.56,-0.640290153743473,-0.6560095371838885,0.1390838942951744,0.15335160855811777,0.4263709353613648,0.5130718462842677,-0.03499101849317252,0.01571938344041557,0.2898218156678402,PRO,Prostate (PRC)
1936.48,x_1936.48,-0.6397302685498912,-0.6622309442087196,0.1324440872128549,0.14812581689037171,0.21593419503389868,0.3031508593944373,-0.0498707567121838,0.022500675658828406,0.5183411962572092,PRO,Prostate (PRC)
1938.41,x_1938.41,-0.6457921279367577,-0.6531057720512348,0.12917102607715766,0.14812162465114354,0.7205199273802372,0.7824461464582134,-0.01624682871816143,0.0073136441144771025,0.10654554400628748,PRO,Prostate (PRC)
1940.33,x_1940.33,-0.6573588957056393,-0.6439668092771801,0.12692610652102582,0.1489983370691271,0.34610572368298237,0.44088399406483453,0.029694961698338376,-0.013392086428459238,0.3556756675957663,PRO,Prostate (PRC)
1942.25,x_1942.25,-0.6714284085691115,-0.6306250915685664,0.12451227701607556,0.15112997066306535,0.011421525443780837,0.026368213061568106,0.09045114500945166,-0.04080331700054507,1.5789193007638682,PRO,Prostate (PRC)
1944.18,x_1944.18,-0.6866344389267655,-0.6173200340063463,0.12564989472070737,0.15498664490607825,2.8454965065648816e-5,1.4946849627180697e-4,0.15352384284845855,-0.06931440492041918,3.8254503346779494,PRO,Prostate (PRC)
1946.1,x_1946.10,-0.6971168806094208,-0.6072501007809715,0.12415983686138019,0.15571862412272583,4.0246399065918665e-8,5.789289711789839e-7,0.19911004472192173,-0.08986677982844926,6.237374716613292,PRO,Prostate (PRC)
1948.02,x_1948.02,-0.6949447524500197,-0.5921756097408923,0.1265831078412058,0.15918339890447553,2.934241401168922e-9,6.096701577984316e-8,0.2308735789013813,-0.1027691427091274,7.214905062351632,PRO,Prostate (PRC)
1949.94,x_1949.94,-0.6849196745759808,-0.581509185952797,0.1348323693184617,0.1632617828519733,3.1264893725864568e-9,6.219718219932633e-8,0.2361331956519926,-0.1034104886231838,7.206229290277091,PRO,Prostate (PRC)
1951.87,x_1951.87,-0.6768522673673191,-0.5835636854190986,0.14037732931129226,0.1671625950610039,1.3068166291113963e-7,1.5273419352739444e-6,0.21395121160122935,-0.09328858194822043,5.816063723926855,PRO,Prostate (PRC)
1953.79,x_1953.79,-0.6754300003131514,-0.5914187722546259,0.1438248489468772,0.16878773919777515,8.421653915532536e-7,7.093915685606236e-6,0.19162652696651392,-0.08401122805852546,5.1491139776195824,PRO,Prostate (PRC)
1955.71,x_1955.71,-0.6752136909315454,-0.5952552677531106,0.14475394451967896,0.16919084652504982,1.7127749899861257e-6,1.3571564539296842e-5,0.18183596129053847,-0.07995842317843482,4.867370083687581,PRO,Prostate (PRC)
1957.64,x_1957.64,-0.6532687931695152,-0.5990102975398647,0.14003715138446024,0.1676879279609265,2.8370504166036573e-4,0.0010916222796396788,0.12509611899843745,-0.05425849562965057,2.9619276091089297,PRO,Prostate (PRC)
1959.56,x_1959.56,-0.6343457376574897,-0.6038705065248656,0.1315406121699926,0.16369032164909667,0.02118756037496784,0.045332652060857966,0.07103026960917704,-0.03047523113262407,1.3435888730060614,PRO,Prostate (PRC)
1961.48,x_1961.48,-0.6354464433071332,-0.6078608810920412,0.12609722921205813,0.1590875728294307,0.0671750147907437,0.1178398477098412,0.06402946308984207,-0.027585562215092008,0.928707827424916,PRO,Prostate (PRC)
1963.4,x_1963.40,-0.6328811327936671,-0.6097022828667685,0.12847234908063856,0.1571820251018853,0.18283946128512507,0.2642270421972055,0.053829698190137,-0.02317884992689856,0.5780227367743946,PRO,Prostate (PRC)
1965.33,x_1965.33,-0.6207884887558165,-0.6051367991091863,0.13228498526447935,0.1501811625000158,0.4473655712200612,0.5301480470098318,0.036840546682953446,-0.015651689646630218,0.27560283413303094,PRO,Prostate (PRC)
1967.25,x_1967.25,-0.6058232472957412,-0.5938003509420642,0.143097784266773,0.14537660581932135,0.4463279955380548,0.529589690137159,0.02891904207265003,-0.012022896353677037,0.27606047817584156,PRO,Prostate (PRC)
1969.17,x_1969.17,-0.6014907850752713,-0.5913855405111166,0.15159631314402552,0.14800809621676622,0.40302555169250837,0.4900245654518795,0.024443706539888456,-0.010105244564154736,0.30978214778214525,PRO,Prostate (PRC)
1971.1,x_1971.10,-0.6109473532979941,-0.5926133433457214,0.1506932282779445,0.1519740201552712,0.21754960214225622,0.3049579814609841,0.0439570276515391,-0.018334009952272745,0.5157599956589547,PRO,Prostate (PRC)
1973.02,x_1973.02,-0.6219892730706448,-0.6012103078883598,0.1473275140993321,0.1489030026899879,0.15142122542365963,0.2265261532337948,0.04902003497721109,-0.020778965182284947,0.6448816499450849,PRO,Prostate (PRC)
1974.94,x_1974.94,-0.6312282817027786,-0.608239005602874,0.14245981378475195,0.14772417127683177,0.1045972235347894,0.1677502641595679,0.05352359448324761,-0.022989276099904532,0.7753367872665569,PRO,Prostate (PRC)
1976.87,x_1976.87,-0.6301563359793158,-0.6125323783279258,0.13772804439864467,0.14931783906624435,0.17168880258192837,0.25043530485819504,0.04092375155765953,-0.01762395765138991,0.6013044469300921,PRO,Prostate (PRC)
1978.79,x_1978.79,-0.6314918069508496,-0.6105259187751553,0.12586357168543652,0.15064107846253472,0.07882255617896163,0.13448739056081957,0.04871155136803586,-0.020965888175694336,0.8713184328851468,PRO,Prostate (PRC)
1980.71,x_1980.71,-0.6386097995136306,-0.6195299997557306,0.12129353673635958,0.1512451426985489,0.10932057443037052,0.17324531710575666,0.043760616640326454,-0.019079799757899973,0.7613384957211519,PRO,Prostate (PRC)
1982.63,x_1982.63,-0.6320027531722411,-0.623763922449015,0.12425258537182746,0.1479158688446938,0.5199294245161947,0.599425415440989,0.018930761479636824,-0.008238830723226065,0.22226484705641655,PRO,Prostate (PRC)
1984.56,x_1984.56,-0.624743182040485,-0.6226019422016699,0.12902271817151104,0.1449385605517042,0.7998348075485985,0.8457321303260602,0.004953182602623784,-0.00214123983881509,0.07276716975372549,PRO,Prostate (PRC)
1986.48,x_1986.48,-0.6140082909585294,-0.6258354924153422,0.130523344814315,0.14620450090711573,0.5665654093448254,0.6483949299111527,-0.027525387051156765,0.01182720145681282,0.18816038975229812,PRO,Prostate (PRC)
1988.4,x_1988.40,-0.6072236670308352,-0.6248761180038315,0.13213744602097494,0.14766026316859746,0.2827508045777965,0.3771355239375745,-0.04134224819340656,0.01765245097299628,0.42350255769399503,PRO,Prostate (PRC)
1990.33,x_1990.33,-0.6035364799900671,-0.6118997077080713,0.13085469616696735,0.14885539762955574,0.4921632911131428,0.5744977243330692,-0.01985426722720747,0.00836322771800424,0.2407116872743002,PRO,Prostate (PRC)
1992.25,x_1992.25,-0.5977559650989492,-0.6115862536965194,0.1335664249564088,0.15117819295900148,0.40058789170130044,0.4883307415133193,-0.03299941305720967,0.013830288597570184,0.311285935045474,PRO,Prostate (PRC)
1994.17,x_1994.17,-0.5986427529685925,-0.6136130916602429,0.13877893382214404,0.15253049254436862,0.39670611213776763,0.4854976634146764,-0.035634007650432266,0.014970338691650431,0.3138128559074788,PRO,Prostate (PRC)
1996.09,x_1996.09,-0.599681249406825,-0.6052359120748106,0.14155073147669586,0.15267617548870802,0.8389817899556614,0.8756706136567891,-0.013301751544179147,0.005554662667985655,0.05765922439400276,PRO,Prostate (PRC)
1998.02,x_1998.02,-0.5983549426191699,-0.5985825752301623,0.13836585036078922,0.1550882768228491,0.8505364835426785,0.8836129023471161,-5.487420802296138e-4,2.2763261099245646e-4,0.053737951269088535,PRO,Prostate (PRC)
1999.94,x_1999.94,-0.5945847570292133,-0.5910985195799566,0.13258253763715974,0.16141222891474147,0.6876469865225956,0.7546360708904071,0.008483885294811694,-0.0034862374492566905,0.122262439773428,PRO,Prostate (PRC)
2001.86,x_2001.86,-0.581136211857569,-0.5721826856203677,0.13382569340402814,0.1623331191874191,0.590312846103197,0.6665972356358565,0.022400551728801704,-0.008953526237201359,0.17613649168146356,PRO,Prostate (PRC)
2003.79,x_2003.79,-0.5654866429888634,-0.557571991903114,0.14347204257645746,0.15958883056725529,0.6279995208174074,0.7040522205806665,0.020334890617238623,-0.007914651085749402,0.1523951274076987,PRO,Prostate (PRC)
2005.71,x_2005.71,-0.5513707009233991,-0.5493182919739846,0.15286552132542613,0.15815760502684967,0.8315235136939279,0.8735668374200254,0.00538028279442534,-0.002052408949414497,0.05870386113070436,PRO,Prostate (PRC)
2007.63,x_2007.63,-0.5433319149461131,-0.5439216617303432,0.1601752627694829,0.15412448582236268,0.9764465071579462,0.9806417660501394,-0.0015650928684468087,5.897467842300719e-4,0.008489613864844453,PRO,Prostate (PRC)
2009.55,x_2009.55,-0.5362199027494805,-0.5426516818354692,0.1620088203587919,0.15365261435103345,0.7691358540097133,0.8228169605252654,-0.01720171901123428,0.006431779085988687,0.08469676487884852,PRO,Prostate (PRC)
2011.48,x_2011.48,-0.5235226789500489,-0.5406440481751933,0.16588962508002134,0.16005129474494323,0.43858998040599606,0.5247904167813023,-0.04642710946426953,0.0171213692251444,0.2800141042288133,PRO,Prostate (PRC)
2013.4,x_2013.40,-0.514793013054027,-0.5423824972782119,0.16348047136970154,0.16633172279789865,0.23520904830520975,0.3248455837006959,-0.07531829296477452,0.027589484224184835,0.4883230331235029,PRO,Prostate (PRC)
2015.32,x_2015.32,-0.5163837434249934,-0.5440833740138992,0.15300357988502844,0.174249888696892,0.24812409202823374,0.33917547667602127,-0.07538430269038962,0.027699630588905788,0.46957555597103506,PRO,Prostate (PRC)
2017.25,x_2017.25,-0.5174444004350355,-0.5369583580444279,0.14468395825612146,0.17785540723513277,0.38567310434209745,0.4781671492474521,-0.053406457730184105,0.01951395760939245,0.3204202638342648,PRO,Prostate (PRC)
2019.17,x_2019.17,-0.5135743983318765,-0.5170581564768557,0.14358310296361815,0.1769973675979155,0.8559852719599342,0.8882866029772902,-0.00975329077577279,0.0034837581449792543,0.0514468878143882,PRO,Prostate (PRC)
2021.09,x_2021.09,-0.4960178554498783,-0.497010855475567,0.15146611913845703,0.1809569630834088,0.9370161653665063,0.9512596249920559,-0.0028853135054852912,9.93000025688695e-4,0.02170093594038175,PRO,Prostate (PRC)
2023.01,x_2023.01,-0.46466025167711533,-0.47911959345984273,0.16463798599571425,0.1845142983847067,0.40302555169250837,0.4900245654518795,-0.044209668978688624,0.014459341782727397,0.30978214778214525,PRO,Prostate (PRC)
2024.94,x_2024.94,-0.4342815152895867,-0.45885649572502485,0.1793495040445474,0.18991636686876265,0.21787372365340893,0.3049579814609841,-0.07941266156408254,0.024574980435438154,0.5157599956589547,PRO,Prostate (PRC)
2026.86,x_2026.86,-0.4105117586565201,-0.43877449504041144,0.19158090263998895,0.2027078237131116,0.1785966668390038,0.2588959434022768,-0.09605634697854801,0.028262736383891318,0.5868747544002333,PRO,Prostate (PRC)
2028.78,x_2028.78,-0.38443074308224306,-0.4156382754309458,0.19496048984328107,0.2137039082724154,0.1178375319975823,0.18486257117070376,-0.11260508386620591,0.031207532348702716,0.7331510108499774,PRO,Prostate (PRC)
2030.71,x_2030.71,-0.3534320816193784,-0.3888565667570718,0.19509880255876344,0.22019655959369291,0.062026814497326596,0.11004757410816009,-0.13780547248275163,0.03542448513769342,0.95841952660497165,PRO,Prostate (PRC)
2032.63,x_2032.63,-0.3365690406255273,-0.36413757527774343,0.19991579719546104,0.22854884781260063,0.14969546334037345,0.2243032984346942,-0.11358146821767799,0.027568534652216148,0.6491643399638268,PRO,Prostate (PRC)
2034.55,x_2034.55,-0.3336787213760352,-0.34237004539053434,0.20792495376304712,0.24130681001681412,0.4916161979352543,0.5744977243330692,-0.03709690378786262,0.008691324014499124,0.2407116872743002,PRO,Prostate (PRC)
2036.48,x_2036.48,-0.3257877698116907,-0.31707374640327646,0.2098736637128283,0.25528562331572335,0.8396605433896219,0.8756706136567891,0.039114139563873364,-0.008714023408414262,0.05765922439400276,PRO,Prostate (PRC)
2038.4,x_2038.40,-0.30896102171208484,-0.29435099645994556,0.21669271041458016,0.2694193472258133,0.8874413430663693,0.9158473021711429,0.06988756048639783,-0.01461002525213928,0.038176929555438215,PRO,Prostate (PRC)
2040.32,x_2040.32,-0.2824690919107828,-0.27895161968445403,0.23204985855007457,0.2880362754773586,0.562457189041718,0.6452729714773084,0.018078151065054893,-0.003517472226328755,0.1902565257871833,PRO,Prostate (PRC)
2042.24,x_2042.24,-0.250351575082396,-0.2616957588626688,0.24848884784851422,0.3126118254151011,0.3290467289837607,0.4249429441986412,-0.06393526139695226,0.011344183780272799,0.37166937743937833,PRO,Prostate (PRC)
2044.17,x_2044.17,-0.22666173139233353,-0.24210060271885428,0.2665358492625543,0.34263600627406066,0.3104665306116897,0.4065366436740387,-0.09506624377309335,0.015438871326520748,0.3909003026450921,PRO,Prostate (PRC)
2046.09,x_2046.09,-0.2127650624315962,-0.22084989802336696,0.285503317450792,0.37314594693603975,0.3996153134187685,0.4877810940555464,-0.05380514516226027,0.008084835591770756,0.31177503654887656,PRO,Prostate (PRC)
2048.01,x_2048.01,-0.19821509767216028,-0.19103594038554042,0.3043755457007353,0.39611038704184015,0.5677418243200404,0.6489469507814642,0.0532230435995828,-0.007179157286619858,0.1877908038537651,PRO,Prostate (PRC)
2049.94,x_2049.94,-0.18650002647682118,-0.14721211451316504,0.32490597574370866,0.4153255380852609,0.9176972967491954,0.9387822455804133,0.3412814999374723,-0.039287911963656136,0.02743513245155325,PRO,Prostate (PRC)
2051.86,x_2051.86,-0.16418001028025625,-0.09400649638211643,0.34600605575953614,0.4449094298026397,0.5065016349816067,0.5861126592918345,0.8044526784061188,-0.07017351389813982,0.2320188983057814,PRO,Prostate (PRC)
2053.78,x_2053.78,-0.1258654196732274,-0.039069478563539206,0.3529025820780085,0.4795301940999101,0.3711025529247294,0.4676292277420781,1.6877935293832982,-0.08679594110968819,0.33009835240666435,PRO,Prostate (PRC)
2055.7,x_2055.70,-0.09042648500914201,0.026307842379914587,0.35954584545713064,0.5105175919073373,0.20393877501319937,0.2884761794816058,NA,-0.11673432738905659,0.539890042289185,PRO,Prostate (PRC)
2057.63,x_2057.63,-0.0469795499706995,0.09726570739530319,0.3805757477454061,0.5399483150607126,0.09615713980313205,0.157179940062812,NA,-0.1442452573660027,0.803602881171481,PRO,Prostate (PRC)
2059.55,x_2059.55,0.013315890512772637,0.16000530282876851,0.4090364985728371,0.5687289030251639,0.10111702610073185,0.1630076196623867,-3.5867995773374797,-0.1466894123159959,0.7877920943691412,PRO,Prostate (PRC)
2061.47,x_2061.47,0.08719029106744867,0.22627604445652516,0.4379528555805136,0.5926562282233461,0.16684034964376782,0.24489125104697473,-1.3758342857688861,-0.13908575338907647,0.611026730146388,PRO,Prostate (PRC)
2063.4,x_2063.40,0.16361064245840648,0.29520502477780985,0.46868042340493915,0.6144135222339807,0.23282018676304217,0.32249907351621393,-0.8514467524378103,-0.13159438231940337,0.49147152867948496,PRO,Prostate (PRC)
2065.32,x_2065.32,0.24558043610908006,0.3595314701262524,0.5068578372556223,0.6395502507308116,0.35733200986310365,0.45394759405163304,-0.5499205601230635,-0.11395103401717235,0.3429942813452863,PRO,Prostate (PRC)
2067.24,x_2067.24,0.3346305210640314,0.4393855865166471,0.549628529088422,0.6688588717997295,0.43602787779049756,0.5226744432488657,-0.3929174798340088,-0.1047550654526157,0.2817687346972397,PRO,Prostate (PRC)
2069.16,x_2069.16,0.42721791272107357,0.5430282634560819,0.5908346026369216,0.7001996933712674,0.38140736650724694,0.4767592081340587,-0.3460544302517106,-0.11581035073500834,0.32170091023121467,PRO,Prostate (PRC)
2071.09,x_2071.09,0.5438193265259361,0.6626402128325928,0.6320603376019462,0.7408548270236138,0.33772571932609197,0.43253470342371814,-0.28509785793728576,-0.11882088630665666,0.3639790421857704,PRO,Prostate (PRC)
2073.01,x_2073.01,0.672814677765823,0.8010828880812138,0.6729165928366538,0.7851557784537121,0.30225448780445513,0.3991121613404821,-0.25174200373807126,-0.1282682103153907,0.3989050386339289,PRO,Prostate (PRC)
2074.93,x_2074.93,0.7945416704453325,0.968655668583024,0.7248720365943191,0.8307544383054042,0.12816816800969555,0.19775121631858966,-0.2858607055568566,-0.17411399813769146,0.7038808365846363,PRO,Prostate (PRC)
2076.86,x_2076.86,0.9326468898752287,1.161994901987136,0.7899369461552682,0.8799582040317646,0.04119990462871954,0.07813775015791637,-0.3172005641792333,-0.22934801211190736,1.1071390976936353,PRO,Prostate (PRC)
2078.78,x_2078.78,1.1051476574363737,1.3612352495480657,0.8633202046211288,0.9298963161329797,0.025866526634982203,0.05280611878538943,-0.30067703105388616,-0.2560875921116921,1.2773157516940807,PRO,Prostate (PRC)
2080.7,x_2080.70,1.3021665285774522,1.5687642804198672,0.9461037941153261,0.9865399995549844,0.02598250884778763,0.052927332838085914,-0.2687144431797109,-0.26659775184241497,1.2763199908167246,PRO,Prostate (PRC)
2082.63,x_2082.63,1.5105755106367806,1.7836571203885814,1.044597463880297,1.055290009531849,0.03477391744109522,0.06759586862250318,-0.23973985729862413,-0.27308160975180074,1.1700798467991795,PRO,Prostate (PRC)
2084.55,x_2084.55,1.735479897605808,1.9973332323440884,1.158637870514866,1.1410647257176914,0.05345449724590986,0.09686037776148396,-0.202740286894107,-0.26185333473828054,1.013853841510747,PRO,Prostate (PRC)
2086.47,x_2086.47,1.970135096220903,2.227105010126678,1.2766495099658275,1.2382452859507411,0.08182532328010576,0.13859905301974437,-0.17687493804088675,-0.25696991390577506,0.8582397370380972,PRO,Prostate (PRC)
2088.39,x_2088.39,2.2004556770866235,2.4649401334109453,1.3890386944541173,1.3384953934467978,0.09808193534806327,0.15921286380284574,-0.163750225215194,-0.2644844563243218,0.7980218458138348,PRO,Prostate (PRC)
2090.32,x_2090.32,2.412697397796412,2.688496268067546,1.4986892821931717,1.4388938540802876,0.10515532170797517,0.16806876204607998,-0.15615242457811662,-0.27579887027113426,0.7745129988252254,PRO,Prostate (PRC)
2092.24,x_2092.24,2.592304095896593,2.8854108596927452,1.6075506311734493,1.5354216248944708,0.10817186688595172,0.1717159516780388,-0.1545417386872407,-0.2931067637961524,0.76518935886377,PRO,Prostate (PRC)
2094.16,x_2094.16,2.7403279745481535,3.0501478624509195,1.6976479252038414,1.6203503679055102,0.10348808488903863,0.16654278721385735,-0.1545305569967022,-0.30981988790276604,0.7784741713850045,PRO,Prostate (PRC)
2096.09,x_2096.09,2.8458883603998535,3.179065481210611,1.763317019620664,1.6860997874521162,0.09529228346718184,0.1565874956798155,-0.15972361136972732,-0.33317712081075745,0.8052429215506126,PRO,Prostate (PRC)
2098.01,x_2098.01,2.909209423077407,3.2575507748051105,1.8128321803490426,1.730637714965575,0.08810912215417964,0.14711076645385351,-0.1631604585617611,-0.3483413517277034,0.8323555418177315,PRO,Prostate (PRC)
2099.93,x_2099.93,2.931644265683645,3.284203028923259,1.8424699890059144,1.756701388266296,0.09023319579174043,0.14985441929889395,-0.16383321098574238,-0.3525587632396143,0.8243304449183837,PRO,Prostate (PRC)
2101.85,x_2101.85,2.905658617628727,3.270281694028508,1.8446499425189422,1.757753310433432,0.08274403453731415,0.13964922796460058,-0.17054964351758578,-0.3646230763997811,0.8549614609056229,PRO,Prostate (PRC)
2103.78,x_2103.78,2.833506330464629,3.209812730650862,1.8243737695310243,1.7406170152664293,0.07519581992760145,0.12971972625886966,-0.1799006436527197,-0.37630640018623307,0.8869939764682895,PRO,Prostate (PRC)
2105.7,x_2105.70,2.7299124984018506,3.1127212325810367,1.784387465911652,1.7127002309827617,0.0627591672309084,0.11113602530473361,-0.1893216041565791,-0.38280873417918615,0.9541451394841377,PRO,Prostate (PRC)
2107.62,x_2107.62,2.6034524581179426,2.9904779535511294,1.7252020324222415,1.6712167601222117,0.049202387621555856,0.09020437730618573,-0.19994994828461937,-0.3870254954331869,1.0447723871388135,PRO,Prostate (PRC)
2109.55,x_2109.55,2.4578392378050258,2.848234447234913,1.6601462624734011,1.6204753929641362,0.03715451127031407,0.07148038690893756,-0.2126772684647386,-0.39039520942988704,1.1458131054114715,PRO,Prostate (PRC)
2111.47,x_2111.47,2.3027533667967792,2.696112025043802,1.5916143624090973,1.5611768720963715,0.03093772902580355,0.0607705391578284,-0.22752044963292883,-0.39335865824702276,1.2163069105634778,PRO,Prostate (PRC)
2113.39,x_2113.39,2.139693055753664,2.5292818230932705,1.5054555519650141,1.4927210132112414,0.02557852789213989,0.05244720083147105,-0.24132383987190303,-0.38958876733960635,1.280277685657004,PRO,Prostate (PRC)
2115.31,x_2115.31,1.9593563227533917,2.332377894511521,1.4091956299599193,1.4173491201378097,0.0244541003237265,0.05126588296565982,-0.25142165108001546,-0.37302157175812933,1.2901715582586242,PRO,Prostate (PRC)
2117.24,x_2117.24,1.758529480350331,2.103764748257449,1.3106974635319182,1.3354868915776426,0.02692665985503681,0.05437673210466396,-0.2586037300442292,-0.3452352679071178,1.2645868958944722,PRO,Prostate (PRC)
2119.16,x_2119.16,1.5405698299900679,1.8613330528924734,1.1999608192192026,1.2395708971642878,0.026510009494233315,0.05376758975511529,-0.2728719846370671,-0.32076322290240555,1.2694794312467907,PRO,Prostate (PRC)
2121.08,x_2121.08,1.2782526818264488,1.6012851752252923,1.0784639755518401,1.124291065728853,0.016623321272564565,0.03640001262259454,-0.3250569818646273,-0.32303249339884355,1.4388984657486856,PRO,Prostate (PRC)
2123.01,x_2123.01,0.9778903812764571,1.318693403994359,0.9509900335521897,0.9977570403299388,0.004900783281428814,0.012799531754569668,-0.43136413857755374,-0.34080302271790186,1.8928059178619925,PRO,Prostate (PRC)
2124.93,x_2124.93,0.6897838158415274,1.0320776232961901,0.8196068696644301,0.869261599896599,0.0011564861436530222,0.0037158575406033532,-0.5813346024509197,-0.34229380745466276,2.4299409444404585,PRO,Prostate (PRC)
2126.85,x_2126.85,0.42647870456664205,0.7577198102554047,0.692426933923697,0.7440163371381256,2.3313658888688427e-4,9.236555534289694e-4,-0.829189283204576,-0.33124110568876264,3.0344899542497834,PRO,Prostate (PRC)
2128.78,x_2128.78,0.1907077761537882,0.5054466164688164,0.5789992377233031,0.6235075126026184,2.945023486183298e-5,1.5383223237884825e-4,-1.4061903459802352,-0.3147388403150282,3.812952657527842,PRO,Prostate (PRC)
2130.7,x_2130.70,-0.0014605977187113195,0.2880975729906384,0.4758464683593796,0.5092172144803211,2.2457204404561094e-6,1.67979888946117e-5,NA,-0.2895581707093497,4.774742710194038,PRO,Prostate (PRC)
2132.62,x_2132.62,-0.14720720965418063,0.10045246807307634,0.38283931890952927,0.41223805861409246,3.509656606675006e-7,3.490988220469288e-6,NA,-0.24765967772725697,5.45705161660943,PRO,Prostate (PRC)
2134.54,x_2134.54,-0.25919336894793915,-0.06700293670042173,0.30262241462671224,0.34038831356984234,7.501420362408471e-7,6.494285221159185e-6,1.9517485409302926,-0.19219043224751742,5.187468641602317,PRO,Prostate (PRC)
2136.47,x_2136.47,-0.3478138600230017,-0.20856591810025496,0.24456206375099293,0.28795295606883897,7.5300230830747175e-6,4.855566608741283e-5,0.7378147676957891,-0.13924794192274673,4.313760083842154,PRO,Prostate (PRC)
2138.39,x_2138.39,-0.41530897897409946,-0.32069690126050937,0.20531353525477164,0.24861598014039715,2.59005121793989e-4,0.0010082589515346674,0.3729756742056196,-0.09461207771359009,2.996427913545632,PRO,Prostate (PRC)
2140.31,x_2140.31,-0.4999705686279462,-0.4158826367763955,0.1794881435860157,0.22216585254619906,2.445035127708218e-4,9.597834325245096e-4,0.26566730154070467,-0.08408793185155072,3.0178267509917247,PRO,Prostate (PRC)
2142.24,x_2142.24,-0.587093983388615,-0.492613908878461,0.1687472289626067,0.21227020972775537,1.481804529800969e-5,8.605510778657802e-5,0.2531345804634614,-0.09448007451015394,4.065223347094801,PRO,Prostate (PRC)
2144.16,x_2144.16,-0.6375392803815123,-0.5497631168193667,0.16588433310601972,0.20908511601561108,3.190277260764089e-5,1.6300050485324718e-4,0.21370447323511177,-0.08777616356214557,3.7878110504755522,PRO,Prostate (PRC)
2146.08,x_2146.08,-0.6756215698446943,-0.5955392069699045,0.16530961671256308,0.20084563415640266,6.484391381519498e-5,3.1366822527309404e-4,0.18201918520670518,-0.08008236287478987,3.5035294732929714,PRO,Prostate (PRC)
2148,x_2148.00,-0.7128125030361385,-0.6307340013242847,0.1625180774118373,0.19296118633903608,2.8454965065648816e-5,1.4946849627180697e-4,0.17649119849046319,-0.08207850171185382,3.8254503346779494,PRO,Prostate (PRC)
2149.93,x_2149.93,-0.7379112965920381,-0.6513927352247729,0.1644645306533049,0.18976155401897668,9.714972260549023e-6,6.055666042408891e-5,0.17992003188776662,-0.08651856136726521,4.21783808329962,PRO,Prostate (PRC)
2151.85,x_2151.85,-0.7494493207807986,-0.6707525933655248,0.17231600201555516,0.1898333828417281,8.396243807222832e-5,3.829506321830901e-4,0.16005042202027,-0.07869672741527378,3.416857209196862,PRO,Prostate (PRC)
2153.77,x_2153.77,-0.7574013108117603,-0.6896571745955723,0.1840691864223714,0.18756132186091276,4.1848505642363797e-4,0.0015166028207600835,0.1351787221387359,-0.06774413621618802,2.819128140595665,PRO,Prostate (PRC)
2155.7,x_2155.70,-0.754381359387593,-0.707248181235994,0.1940674803140429,0.18383066860962505,0.010760830893097663,0.02540751738648059,0.09307759361511432,-0.04713317815159901,1.5950377685594757,PRO,Prostate (PRC)
2157.62,x_2157.62,-0.7499711146157987,-0.7196869837177634,0.20516000196264284,0.18329149311533077,0.07882255617896163,0.13448739056081957,0.05946554579275112,-0.030284130898035277,0.8713184328851468,PRO,Prostate (PRC)
2159.54,x_2159.54,-0.7557468261707434,-0.7283769401083477,0.21853148554612803,0.18325036095956027,0.07691928089575165,0.13220501403957313,0.053217838518594976,-0.027369886062395654,0.8787520733796932,PRO,Prostate (PRC)
2161.46,x_2161.46,-0.7597426620935479,-0.7324590325159391,0.2309414005693741,0.18546244512922153,0.06288191837904217,0.1111428992143751,0.05276283661899942,-0.02728362957760877,0.9541182786287163,PRO,Prostate (PRC)
2163.39,x_2163.39,-0.7520281187744137,-0.7352780451722309,0.24246254951418073,0.18706429640405242,0.14012052484570922,0.21165216596242023,0.032496742008790505,-0.016750073602182725,0.6743772827736519,PRO,Prostate (PRC)
2165.31,x_2165.31,-0.7441649662492272,-0.7349529868961839,0.2490156975310324,0.18481962179381312,0.21019028079513324,0.29642219086493155,0.01797052994877614,-0.009211979353043298,0.5280892871655796,PRO,Prostate (PRC)
2167.23,x_2167.23,-0.7411519645155512,-0.7328489488807411,0.2624168364707644,0.17848043917803016,0.19362366368156245,0.2768167057221114,0.0162535346143935,-0.008303015634810063,0.5578077040129632,PRO,Prostate (PRC)
2169.16,x_2169.16,-0.7489620018667368,-0.7323450862865434,0.2822546317635151,0.1703105409381153,0.06525215090939987,0.1151146435854507,0.03236895295568644,-0.016616915580193403,0.9388694268146973,PRO,Prostate (PRC)
2171.08,x_2171.08,-0.7603424932804957,-0.7456811239259594,0.2909932308540456,0.16191211882102974,0.0444045615099977,0.0833700100639515,0.028090636773175966,-0.014661369354536324,1.078990146077413,PRO,Prostate (PRC)
2173,x_2173.00,-0.7672357405658197,-0.7587628347354703,0.28706910452101697,0.16148719119752733,0.09206250240401276,0.15262134707048214,0.01602093351853766,-0.00847290583034932,0.8163847175834589,PRO,Prostate (PRC)
2174.93,x_2174.93,-0.7721051272858956,-0.7711463345896739,0.28051324611085054,0.16208711400926334,0.28236185978295764,0.3771355239375745,0.0017926403737372094,-9.587926962217885e-4,0.42350255769399503,PRO,Prostate (PRC)
2176.85,x_2176.85,-0.7702441879641229,-0.7688805742913155,0.2722401625159391,0.1696747854220353,0.30470278323368927,0.40013637966783633,0.0025563642438715534,-0.0013636136728073511,0.39779196156590985,PRO,Prostate (PRC)
2178.77,x_2178.77,-0.7622089693363682,-0.7611543926464697,0.25000360597109256,0.17825113210479546,0.4118744411299051,0.49939005006587583,0.0019974680227096255,-0.001054576689898501,0.3015601148571847,PRO,Prostate (PRC)
2180.69,x_2180.69,-0.7561065342210311,-0.7576728777785526,0.22361922790432548,0.17960535880406628,0.6578646764415896,0.7305266893977272,-0.0029855867465404216,0.001566343557521499,0.1363639127256883,PRO,Prostate (PRC)
2182.62,x_2182.62,-0.7604134925456618,-0.7551908761210998,0.2043313989686601,0.17808047893223816,0.4396172392121948,0.5247904167813023,0.009942809268281333,-0.00522261642456201,0.2800141042288133,PRO,Prostate (PRC)
2184.54,x_2184.54,-0.7653245078242992,-0.7521349529451743,0.19734385756245743,0.18118409338167152,0.3342366270470667,0.4298641627084008,0.02508008971918723,-0.013189554879124876,0.36666876001614934,PRO,Prostate (PRC)
2186.46,x_2186.46,-0.7650459486050121,-0.7529447707082769,0.1968240632292214,0.18113598033614045,0.4463279955380548,0.529589690137159,0.023002383298310548,-0.012101177896735149,0.27606047817584156,PRO,Prostate (PRC)
2188.39,x_2188.39,-0.765637297140449,-0.7506579924212877,0.19070073462115908,0.1856976309736795,0.4123694019345546,0.49939005006587583,0.028505397781236497,-0.014979304719161313,0.3015601148571847,PRO,Prostate (PRC)
2190.31,x_2190.31,-0.7612636117661505,-0.7472544607498697,0.18469255655184835,0.19107203263928457,0.4520515971480857,0.5336720244109345,0.026796550747551176,-0.014009151016280863,0.27272556272461457,PRO,Prostate (PRC)
2192.23,x_2192.23,-0.7460350248357182,-0.738899860349432,0.18723960601633385,0.19530017999857643,0.7205199273802372,0.7824461464582134,0.013864526467354886,-0.00713516448628615,0.10654554400628748,PRO,Prostate (PRC)
2194.15,x_2194.15,-0.7314439747634744,-0.7310617804193019,0.18305019707816325,0.1933889143079101,0.9743689438215776,0.9806417660501394,7.540355306322948e-4,-3.821943441725262e-4,0.008489613864844453,PRO,Prostate (PRC)
2196.08,x_2196.08,-0.7220562269420083,-0.7252502304422539,0.15989634081903786,0.17407472931983242,0.76648264776293,0.8209178415330349,-0.006367672631080746,0.003194003500245568,0.08570030543145157,PRO,Prostate (PRC)
2198,x_2198.00,-0.7219819772173866,-0.7231326736797824,0.14884653379784166,0.17587132794753263,0.6547270441309397,0.727906999122983,-0.002297543281065492,0.0011506964623958504,0.1379241046811739,PRO,Prostate (PRC)
402,x_402.00,0.012526206888740763,0.12330116351952981,0.48502225360983825,0.494041026685689,0.1430947367308842,0.22870697238184054,-3.299061427055163,-0.11077495663078905,0.640720595249825,OVA,Ovarian (OVC)
403.92,x_403.92,0.0067515276987990275,0.10250905631988862,0.443565574941452,0.4268879786586909,0.19700812280598465,0.29284991227916635,-3.9241939833381587,-0.09575752862108959,0.5333549017254174,OVA,Ovarian (OVC)
405.85,x_405.85,7.714312136372463e-4,0.07945081535141912,0.4305477551709408,0.4084959203754001,0.2566192203862725,0.3565215023197099,-6.684529908883633,-0.07867938413778187,0.4479142721033128,OVA,Ovarian (OVC)
407.77,x_407.77,-0.0033569378465417897,0.05347315648562488,0.4119179534643528,0.39568409727081627,0.32589254261760137,0.4285647360723731,NA,-0.056830094332166674,0.36798356721683706,OVA,Ovarian (OVC)
409.69,x_409.69,-0.005663872949488659,0.024414978705069593,0.38186295118668806,0.38066868022214906,0.5530742277140452,0.6472145217930316,NA,-0.03007885165455825,0.18895174685958638,OVA,Ovarian (OVC)
411.61,x_411.61,-0.009113271342532404,-0.0025750322148985366,0.36148792901771026,0.3732641131335641,0.7961972615862065,0.8459595904353444,1.823780598337437,-0.006538239127633868,0.07265038172467955,OVA,Ovarian (OVC)
413.54,x_413.54,-0.02312982821847622,-0.028800452887278866,0.3601789486367572,0.3711564676835411,0.8451984692575601,0.8869366652702791,-0.31634922836241125,0.005670624668802644,0.05210739133589959,OVA,Ovarian (OVC)
415.46,x_415.46,-0.06410705464111857,-0.054366233197054345,0.3490283537132172,0.3733220429470711,0.5773067356003305,0.6680467794385013,0.23777628526402597,-0.009740821444064227,0.17519312533780246,OVA,Ovarian (OVC)
417.38,x_417.38,-0.11108574104475956,-0.05240779937088921,0.30240040274992297,0.3797397678359127,0.11770983425331008,0.1972378047076074,1.0838347497555134,-0.058677941673870346,0.705009839890028,OVA,Ovarian (OVC)
419.31,x_419.31,-0.14045731289266705,-0.030883219466658417,0.2762768208207809,0.3874050541056887,0.011869987784182582,0.031619483128805456,2.1852731225689324,-0.10957409342600863,1.5000452335860466,OVA,Ovarian (OVC)
421.23,x_421.23,-0.16326261638967612,-0.002703874904356278,0.2834409148605479,0.3962349005911557,6.081144075756919e-4,0.0022926893995293225,5.916547093856452,-0.16055874148531984,2.639654777022038,OVA,Ovarian (OVC)
423.15,x_423.15,-0.18904075121712127,0.0327564844937047,0.28055264163642957,0.4059509741171104,1.9808085385625146e-5,1.0120524500305744e-4,NA,-0.22179723571082596,3.9947969794244957,OVA,Ovarian (OVC)
425.07,x_425.07,-0.19659208664217168,0.06987781645264521,0.28273201428911704,0.42141885028400794,1.8650589652965615e-6,1.2545540521958885e-5,NA,-0.2664699030948169,4.901510622460409,OVA,Ovarian (OVC)
427,x_427.00,-0.19108272843826996,0.10447867417219663,0.30310032968921535,0.4412977014235809,9.476039008419623e-7,6.815458825286421e-6,NA,-0.2955614026104666,5.166504901592696,OVA,Ovarian (OVC)
428.92,x_428.92,-0.17836255394884315,0.14513488369652325,0.3303175666802001,0.4656014567167882,6.905384634969841e-7,5.083885538343938e-6,NA,-0.3234974376453664,5.293804235975074,OVA,Ovarian (OVC)
430.84,x_430.84,-0.17046614983152267,0.18430612885930983,0.35217051778736247,0.49039329247493413,3.040065627243635e-7,2.3687178012273326e-6,NA,-0.3547722786908325,5.625486676157757,OVA,Ovarian (OVC)
432.77,x_432.77,-0.1707094363347847,0.2134495033453975,0.3766422770512431,0.5195711922671434,2.1865728956469962e-7,1.809243944628267e-6,NA,-0.3841589396801822,5.742502872242841,OVA,Ovarian (OVC)
434.69,x_434.69,-0.17460466132665264,0.24871168008731506,0.4150944350516199,0.5633496219279017,1.8395308903687562e-7,1.5636012568134426e-6,NA,-0.4233163414139677,5.805873989156314,OVA,Ovarian (OVC)
436.61,x_436.61,-0.16996482840647456,0.31064111219458707,0.46866341277798257,0.6222750484946792,7.179011626435779e-8,7.06565881128153e-7,NA,-0.48060594060106165,6.150847337741147,OVA,Ovarian (OVC)
438.54,x_438.54,-0.14262062640777504,0.39114417609478214,0.5331541132951771,0.6855370383583532,5.372084472353441e-8,5.535905453224092e-7,NA,-0.5337648025025572,6.256811335728628,OVA,Ovarian (OVC)
440.46,x_440.46,-0.10429904560911758,0.48331993345626423,0.598370460347404,0.7449899251376267,4.740546496879076e-8,5.094725258140156e-7,NA,-0.5876189790653819,6.292879231106202,OVA,Ovarian (OVC)
442.38,x_442.38,-0.061656470535580286,0.5899121051771063,0.6451895584893426,0.8056650615884553,2.2799313541376938e-8,2.804915547524663e-7,NA,-0.6515685757126867,6.552080210270982,OVA,Ovarian (OVC)
444.3,x_444.30,-0.016965566003635465,0.6996369741026349,0.6945591270081992,0.8668519384085634,1.4836795024152994e-8,1.9267226871643123e-7,NA,-0.7166025401062703,6.715180788770084,OVA,Ovarian (OVC)
446.23,x_446.23,0.036041035864840754,0.7993798063902083,0.749798228612593,0.9202517300867513,1.1519338179862443e-8,1.583908999731086e-7,-4.471130522792297,-0.7633387705253676,6.8002697735356135,OVA,Ovarian (OVC)
448.15,x_448.15,0.08352203063235546,0.8853981929838711,0.7869614449175042,0.9548097893772155,1.0634576277671463e-8,1.484078928301913e-7,-3.4060820923152333,-0.8018761623515157,6.828543001203584,OVA,Ovarian (OVC)
450.07,x_450.07,0.09681422015933941,0.9361370939174327,0.8047377389639057,0.9611351604259748,3.460369919583088e-9,5.777581919303906e-8,-3.2734155897815147,-0.8393228737580933,7.238253888021172,OVA,Ovarian (OVC)
452,x_452.00,0.08090771182783141,0.9315206567920706,0.8000281320789598,0.941079421194376,1.2692832212302414e-9,2.8256662186911327e-8,-3.5252223525295268,-0.8506129449642392,7.548879140414536,OVA,Ovarian (OVC)
453.92,x_453.92,0.04668244591426856,0.8696077896855535,0.7828872312179611,0.8975267410522118,8.894476876488702e-10,2.3100932998658156e-8,-4.219383560797202,-0.822925343771285,7.636370479502391,OVA,Ovarian (OVC)
455.84,x_455.84,-0.010102370617155427,0.7592939006541073,0.7439802428047403,0.8315774083788063,6.021406966361275e-10,1.759379847983685e-8,NA,-0.7693962712712628,7.754640386765377,OVA,Ovarian (OVC)
457.76,x_457.76,-0.09158160190959429,0.6065703050907494,0.6817323191381754,0.7444478525101336,9.611928123346244e-10,2.428960214953713e-8,NA,-0.6981519070003437,7.614579598643848,OVA,Ovarian (OVC)
459.69,x_459.69,-0.19284439040544205,0.42024451791565504,0.6002847098480116,0.6417640311011262,1.0466339232373984e-9,2.5092377390435064e-8,NA,-0.6130889083210971,7.600458189277899,OVA,Ovarian (OVC)
461.61,x_461.61,-0.2931539887325234,0.2243496599371854,0.5145152262177922,0.5393293680812936,1.3919426897469758e-9,2.9578782157123235e-8,NA,-0.5175036486697088,7.529019711114287,OVA,Ovarian (OVC)
463.53,x_463.53,-0.3688685798413824,0.03277041622130197,0.4417683124620559,0.44855230331171464,1.9349663546028132e-8,2.4448561372346355e-7,NA,-0.4016389960626844,6.611746690995712,OVA,Ovarian (OVC)
465.46,x_465.46,-0.4217684346172903,-0.1405148886883294,0.38609965591113143,0.3780186634588596,2.8203018891794667e-6,1.8186084595743457e-5,1.5857349699813907,-0.2812535459289609,4.740260793047528,OVA,Ovarian (OVC)
467.38,x_467.38,-0.45674966407850837,-0.2883979868648223,0.3674932942076082,0.331234406172119,4.12784815544663e-4,0.0016014680603081324,0.6633444176293504,-0.16835167721368605,2.795481718486425,OVA,Ovarian (OVC)
469.3,x_469.30,-0.48610186576926645,-0.4035944820514102,0.3890276460100671,0.3022054930321298,0.00908955745792885,0.025369361860189472,0.26835282822333195,-0.08250738371785626,1.5956904568651418,OVA,Ovarian (OVC)
471.22,x_471.22,-0.5109782036873866,-0.48982539469580083,0.4218048003568316,0.28526718303492227,0.0478796534354137,0.09732059991763437,0.06099430325191058,-0.021152808991585725,1.0117952225924813,OVA,Ovarian (OVC)
473.15,x_473.15,-0.5264689302522992,-0.5459450704645854,0.4452243134771379,0.27888174307664787,0.19959438895379358,0.2952860026452484,-0.052407508755973484,0.019476140212286164,0.529757139279444,OVA,Ovarian (OVC)
475.07,x_475.07,-0.5322231839667834,-0.5799984859701245,0.46327262018978294,0.27796160746031456,0.6519545353800146,0.7317857029775673,-0.1240180011080989,0.047775302003341125,0.1356160796520952,OVA,Ovarian (OVC)
476.99,x_476.99,-0.5347033073806658,-0.5971575267613215,0.4772582300093653,0.28039712916136544,0.9881686078924422,0.99241423026792,-0.1593732381506381,0.06245421938065565,0.0033070169889811694,OVA,Ovarian (OVC)
478.92,x_478.92,-0.5341310789051115,-0.6087020655365838,0.46796278572966304,0.28323178333117593,0.6979972702826565,0.7650966561714933,-0.1885427610818034,0.07457098663147232,0.1162836961009238,OVA,Ovarian (OVC)
480.84,x_480.84,-0.5191714890042974,-0.6172064625721735,0.44358080980255393,0.28146929981000346,0.3204455871316696,0.4225904428323146,-0.24954245138273143,0.09803497356787605,0.37408032903506044,OVA,Ovarian (OVC)
482.76,x_482.76,-0.49674454440052673,-0.620110317112595,0.42365017182047005,0.2762358085514475,0.10052554046842266,0.17341583088187304,-0.3200213475075089,0.12336577271206828,0.7609112589312326,OVA,Ovarian (OVC)
484.69,x_484.69,-0.48827683681225187,-0.6208590445729153,0.40929433403026344,0.2661558108594463,0.07023795210383643,0.13134497043417415,-0.3465670572351217,0.13258220776066343,0.8815865529084075,OVA,Ovarian (OVC)
486.61,x_486.61,-0.4866645219622419,-0.6226716873452145,0.37952042638441097,0.25425191490078136,0.027310658952339358,0.06153124366370434,-0.35554472399541304,0.13600716538297258,1.2109043069040775,OVA,Ovarian (OVC)
488.53,x_488.53,-0.49582248277950824,-0.6274157933515567,0.34811878494052645,0.24552449006361507,0.013548077734143517,0.034992963208354114,-0.3395987644627374,0.13159331057204848,1.4560192798506817,OVA,Ovarian (OVC)
490.45,x_490.45,-0.5049688796322807,-0.6271316143232594,0.3268122900740748,0.23864494838016811,0.02217409616296746,0.05222362698331127,-0.3125743258512048,0.12216273469097871,1.2821329692779557,OVA,Ovarian (OVC)
492.38,x_492.38,-0.5097150819155858,-0.6260218601335862,0.30852288265891775,0.23623193754975333,0.028812610784112788,0.06429544411251899,-0.29652251987918415,0.1163067782180004,1.1918197995002235,OVA,Ovarian (OVC)
494.3,x_494.30,-0.5085975833474233,-0.6287316064707397,0.3036525318988071,0.23499121560957537,0.016128072657534118,0.03999933139202758,-0.30592022459333634,0.12013402312331634,1.3979472680515332,OVA,Ovarian (OVC)
496.22,x_496.22,-0.5134293063267297,-0.6359376370973876,0.3175916285301581,0.23686641157493873,0.01259648272008102,0.03327037102620269,-0.30872018991273525,0.12250833077065792,1.4779423559170508,OVA,Ovarian (OVC)
498.15,x_498.15,-0.5259916716899758,-0.6500742128331352,0.33932899639802916,0.24007881497409497,0.009024126638813496,0.02526215092003179,-0.3055649932138141,0.12408254114315931,1.5975296746464123,OVA,Ovarian (OVC)
500.07,x_500.07,-0.5379379220874033,-0.667968702236963,0.35971328998375424,0.24442158714050022,0.007800879854209711,0.022373689152411287,-0.31234133297759303,0.1300307801495597,1.650262400059031,OVA,Ovarian (OVC)
501.99,x_501.99,-0.5440176964843457,-0.6786051553673643,0.3683139157832835,0.26432588068763607,0.009559554553702594,0.0263663230315986,-0.3189193341917457,0.1345874588830186,1.5789504313908747,OVA,Ovarian (OVC)
503.91,x_503.91,-0.5462123913955682,-0.6793750074391546,0.3695142355837747,0.2883451325951925,0.011704544707289549,0.03126785514661636,-0.31474662013704807,0.13316261604358637,1.5049019086495146,OVA,Ovarian (OVC)
505.84,x_505.84,-0.5461067772465997,-0.6685560763805487,0.3633253227976321,0.3070479719067324,0.02003559456316338,0.047667381467068094,-0.29186599704028554,0.12244929913394897,1.3217787047047596,OVA,Ovarian (OVC)
507.76,x_507.76,-0.5376887738577816,-0.6461396320664705,0.3553294469397546,0.32202146218114663,0.037208064638176566,0.07888784679522697,-0.2650750676446649,0.10845085820868894,1.1029898976310184,OVA,Ovarian (OVC)
509.68,x_509.68,-0.5137365899507679,-0.6072215129670248,0.36535948690471653,0.332140146468998,0.09164217723839133,0.16167063342999224,-0.24119450590574992,0.09348492301625688,0.7913688601032434,OVA,Ovarian (OVC)
511.61,x_511.61,-0.47836158371449,-0.55776307571825,0.3770378708890678,0.3342597345569282,0.16111243231040795,0.25232851626504427,-0.22155132534137528,0.07940149200376001,0.5980336660233372,OVA,Ovarian (OVC)
513.53,x_513.53,-0.4386875963031112,-0.5012103087619272,0.38673309600713907,0.3325445581992268,0.2773799706761544,0.3758699602640643,-0.19222258280487967,0.06252271245881597,0.4249623819554248,OVA,Ovarian (OVC)
515.45,x_515.45,-0.40442548306877907,-0.4526543242584766,0.40118022150353866,0.33048984892349687,0.5180870249811134,0.6147352390321587,-0.16253621167401475,0.04822884118969756,0.21131189070448864,OVA,Ovarian (OVC)
517.37,x_517.37,-0.3760029494774402,-0.4136081564746493,0.40302833369975255,0.32777042222433056,0.754550664466925,0.8109251393983619,-0.1375210062876682,0.03760520699720915,0.09101923585889313,OVA,Ovarian (OVC)
519.3,x_519.30,-0.3381664416075365,-0.37786655187746754,0.3997278332850712,0.3224945774936727,0.7405078645327652,0.8013597839561752,-0.16014376838942454,0.03970011026993103,0.09617245631829693,OVA,Ovarian (OVC)
521.22,x_521.22,-0.293019443368422,-0.3451188730498066,0.4109575154482687,0.31588771699251594,0.6141308100010241,0.6994059772849665,-0.236097715746809,0.05209942968138459,0.15527066042999813,OVA,Ovarian (OVC)
523.14,x_523.14,-0.23962677934490142,-0.3209966275489117,0.4326599153185805,0.31201847530871524,0.37560005814674585,0.4823984263285816,-0.4217705217315884,0.08136984820401025,0.3165941176131955,OVA,Ovarian (OVC)
525.07,x_525.07,-0.1809593544892713,-0.29719548847916566,0.4530993776458948,0.3137326239557455,0.19829817237386574,0.29383326651278047,-0.7157496454827054,0.11623613398989435,0.5318990368471146,OVA,Ovarian (OVC)
526.99,x_526.99,-0.11978028127051117,-0.267392725122152,0.4743761198832526,0.3192622457414695,0.07276396942240912,0.13472140873257926,-1.1585764389084685,0.14761244385164085,0.8705633845618623,OVA,Ovarian (OVC)
528.91,x_528.91,-0.06473348035812769,-0.2331156286923971,0.502952254995576,0.3223428614754814,0.04914710678313123,0.09946438277538462,-1.8484778511863906,0.1683821483342694,1.0023324080313172,OVA,Ovarian (OVC)
530.84,x_530.84,-0.028421036151629494,-0.19746358395624083,0.5237102875038107,0.32330223810172415,0.05419211521658696,0.10622563464886543,-2.796599016370182,0.16904254780461134,0.9737706655227328,OVA,Ovarian (OVC)
532.76,x_532.76,-0.012589483996358213,-0.16537254099807197,0.5256556487592877,0.3309990211594931,0.11370450475360122,0.19272665205717965,-3.7155345226015752,0.15278305700171377,0.7150582228588774,OVA,Ovarian (OVC)
534.68,x_534.68,-0.0129421502437121,-0.1408870705196299,0.5220156078733177,0.3369605615929864,0.24439318754845094,0.3429676807814361,-3.444491219977383,0.1279449202759178,0.4647468033379816,OVA,Ovarian (OVC)
536.6,x_536.60,-0.017734877327518783,-0.11900109215127641,0.5198906075451621,0.3397845005859874,0.3722797581314668,0.4787917109393693,-2.746382784650526,0.10126621482375762,0.31985337690483623,OVA,Ovarian (OVC)
538.53,x_538.53,-0.02143529090468609,-0.10819620151808725,0.5289192779185665,0.3419095860131752,0.45393904779898414,0.5584644864369082,-2.3356439213198716,0.08676091061340116,0.253004439083501,OVA,Ovarian (OVC)
540.45,x_540.45,-0.029026852189945187,-0.11487618245286221,0.5418200009550901,0.34094441088209376,0.5688943931735284,0.6607655374127318,-1.9846568230054678,0.08584933026291702,0.17995261596276443,OVA,Ovarian (OVC)
542.37,x_542.37,-0.046134171951462924,-0.14097091197629438,0.5624638888139485,0.3435947732873079,0.7182199072579527,0.7835888136361561,-1.6115108772691202,0.09483674002483146,0.10591177253790234,OVA,Ovarian (OVC)
544.3,x_544.30,-0.06529595994562773,-0.17380726999551052,0.5902631154490318,0.34897669757911126,0.8451984692575601,0.8869366652702791,-1.4124365868127584,0.10851131004988279,0.05210739133589959,OVA,Ovarian (OVC)
546.22,x_546.22,-0.0815657875182036,-0.2057338116311637,0.6210534254667927,0.3555261692180176,0.8713978410623038,0.9083132457003946,-1.3347535395425738,0.12416802411296009,0.04176435255977789,OVA,Ovarian (OVC)
548.14,x_548.14,-0.11717765953527544,-0.2442498130888222,0.6299038259182604,0.36447604345695184,0.899695153707138,0.9295193024488111,-1.0596663241415682,0.12707215355354678,0.03174158721541247,OVA,Ovarian (OVC)
550.06,x_550.06,-0.16233065786453607,-0.2830022763691455,0.6258682978664617,0.37184524328801294,0.9911263136403142,0.994238959014709,-0.8018819533476094,0.12067161850460942,0.002509223138673922,OVA,Ovarian (OVC)
551.99,x_551.99,-0.20337767103046134,-0.31120902603071676,0.6207490255817018,0.3758052270605219,0.8220520779909561,0.8694781594135114,-0.6137250680451651,0.10783135500025542,0.060741322649564757,OVA,Ovarian (OVC)
553.91,x_553.91,-0.23241564056320052,-0.32570324681047297,0.6168339443734614,0.3746963903842937,0.7311934789390246,0.7921968746326628,-0.48685272027978665,0.09328760624727245,0.10116687530267508,OVA,Ovarian (OVC)
555.83,x_555.83,-0.2468715166259783,-0.33199213249118664,0.6089954645353004,0.3697142412335831,0.6906955324309321,0.7597650856740253,-0.4273901597182584,0.08512061586520833,0.11932066793779776,OVA,Ovarian (OVC)
557.76,x_557.76,-0.25637168072653554,-0.3425325402490602,0.5931453745120014,0.36413647699950835,0.7256237073759336,0.7879885788577211,-0.41800555659649496,0.08616085952252467,0.10348007714878836,OVA,Ovarian (OVC)
559.68,x_559.68,-0.2726411230284332,-0.35667749416203487,0.567941402312135,0.35342077783129006,0.7895292942965686,0.8407857518989655,-0.3876182501774413,0.08403637113360168,0.07531465654699657,OVA,Ovarian (OVC)
561.6,x_561.60,-0.30205308791003915,-0.3639398417493803,0.5417287790644268,0.3436751498879655,0.5539014625621577,0.6473723343695218,-0.26889867339842766,0.06188675383934117,0.1888458642281386,OVA,Ovarian (OVC)
563.52,x_563.52,-0.31245200791035727,-0.36311284780024455,0.5299154275094048,0.33355436250647424,0.4842806969332127,0.5850160873805605,-0.21678400992226232,0.05066083988988729,0.2328321910724493,OVA,Ovarian (OVC)
565.45,x_565.45,-0.3212843997235961,-0.3604275013972824,0.511750060608004,0.32388071399569096,0.4674583266553935,0.5713379548010366,-0.16585865271837882,0.03914310167368629,0.2431069241748326,OVA,Ovarian (OVC)
567.37,x_567.37,-0.34362289133529067,-0.3644100620561747,0.47614131603082294,0.31872551705748237,0.3931587756032544,0.49743363354403636,-0.08473688617383514,0.02078717072088404,0.30326485362829525,OVA,Ovarian (OVC)
569.29,x_569.29,-0.36380695097639126,-0.36839533776038513,0.4408601587032159,0.3149017463973264,0.30973124698833543,0.411361812406383,-0.018081745155838772,0.00458838678399387,0.3857760272522718,OVA,Ovarian (OVC)
571.22,x_571.22,-0.3829199680318155,-0.36855741772878386,0.41781835349040264,0.3138487156570073,0.22730612161411914,0.32646885362396527,0.05515364587976796,-0.01436255030303163,0.48615824576554445,OVA,Ovarian (OVC)
573.14,x_573.14,-0.40719433968070645,-0.3640419355221669,0.3964315442000036,0.32063517982307,0.1269723431649508,0.2090125719352623,0.16161327683598256,-0.04315240415853955,0.6798275906453908,OVA,Ovarian (OVC)
575.06,x_575.06,-0.4252996434186957,-0.36397814542061363,0.3721910516030352,0.33094307659430977,0.07929962490012589,0.14369214977057695,0.2246283885404226,-0.061321497998082064,0.8425669577144008,OVA,Ovarian (OVC)
576.99,x_576.99,-0.4377740989081446,-0.3743626992357031,0.363254397202517,0.3355849205878493,0.07120084863168964,0.13287982728668626,0.22575046280700434,-0.06341139967244153,0.8765409450395627,OVA,Ovarian (OVC)
578.91,x_578.91,-0.4512226913044227,-0.391066979658035,0.3702103886386742,0.33794035709671755,0.07845744031834603,0.14299747894279444,0.20642438729156856,-0.06015571164638772,0.8446716191145487,OVA,Ovarian (OVC)
580.83,x_580.83,-0.46774363671487873,-0.40208051142131396,0.37629344646839663,0.34219902313743644,0.07824803549657569,0.14299747894279444,0.21823411922015726,-0.06566312529356477,0.8446716191145487,OVA,Ovarian (OVC)
582.75,x_582.75,-0.46836986576453143,-0.40664099802779685,0.3768322662777313,0.33960538184989864,0.0960016438780245,0.16809276596620393,0.20389304877326644,-0.06172886773673458,0.7744509764389444,OVA,Ovarian (OVC)
584.68,x_584.68,-0.4711438866708336,-0.4123262763979173,0.36731860826675095,0.33102583557162135,0.11398699314183994,0.19272665205717965,0.19238175787666906,-0.05881761027291632,0.7150582228588774,OVA,Ovarian (OVC)
586.6,x_586.60,-0.4740906069512324,-0.4183007790804127,0.3584978218672918,0.3263962255759712,0.19786747120288536,0.29366045329317114,0.1806225304371101,-0.05578982787081971,0.5321545351692608,OVA,Ovarian (OVC)
588.52,x_588.52,-0.47031296243242454,-0.4135232382355595,0.358648517872808,0.32693117275971084,0.1923305130565596,0.28818754760878723,0.18565311159040376,-0.056789724196865066,0.540324788690755,OVA,Ovarian (OVC)
590.45,x_590.45,-0.46594324744718346,-0.4000745669321228,0.36402270935050024,0.3304396720559049,0.15172371941355417,0.24126135655046452,0.2198858347485582,-0.06586868051506067,0.6175122345805726,OVA,Ovarian (OVC)
592.37,x_592.37,-0.4604788612727625,-0.38295354205590254,0.3636764625776362,0.33252701612487745,0.1010385143984669,0.17365994662236497,0.26596618131940036,-0.07752531921685996,0.7603003368018569,OVA,Ovarian (OVC)
594.29,x_594.29,-0.45459674739062395,-0.3677866831416883,0.3475406051184115,0.33139298611891194,0.07335733354615205,0.13528423444901808,0.30571886743355764,-0.08681006424893567,0.8687528116118117,OVA,Ovarian (OVC)
596.21,x_596.21,-0.44973764682105893,-0.3546474947746208,0.32507875357015703,0.3252365416075532,0.059494936249318064,0.11517135692155775,0.34269875842516506,-0.09509015204643811,0.9386555163784108,OVA,Ovarian (OVC)
598.14,x_598.14,-0.4474726708191519,-0.34354966008507765,0.3064920397047106,0.31802547220808136,0.03766050422920996,0.07948661727835511,0.38128189282906205,-0.10392301073407423,1.0997059849461266,OVA,Ovarian (OVC)
600.06,x_600.06,-0.44618466683786,-0.33181095535135496,0.30754196410538537,0.3107848369247008,0.015432415989790765,0.038788464920576256,0.4272805303560508,-0.11437371148650505,1.411297407554234,OVA,Ovarian (OVC)
601.98,x_601.98,-0.433058424114409,-0.32471547788063493,0.30652889546196926,0.301810543528868,0.013087290611300364,0.034180493635658775,0.41538663055690594,-0.10834294623377405,1.4662216694767622,OVA,Ovarian (OVC)
603.91,x_603.91,-0.4166051835615298,-0.33119354577343124,0.3070284091825334,0.2940710626448846,0.03576946075115947,0.07635718219710982,0.3310071249376317,-0.08541163778809857,1.1171501067166383,OVA,Ovarian (OVC)
605.83,x_605.83,-0.4069873789511687,-0.3450926582375936,0.318452229790582,0.28830061274143665,0.1254411629532696,0.20722170911891707,0.2380009105744727,-0.0618947207135751,0.6835647486532724,OVA,Ovarian (OVC)
607.75,x_607.75,-0.4054965203902012,-0.3566617914498895,0.3286015101639561,0.28084840492616875,0.18773506717489336,0.28357397061151096,0.18513335101862613,-0.048834728940311656,0.5473336357548076,OVA,Ovarian (OVC)
609.67,x_609.67,-0.40590549082653826,-0.3688946257911805,0.33945740804867025,0.2744206292351173,0.1923305130565596,0.28818754760878723,0.1379354411981519,-0.037010865035357776,0.540324788690755,OVA,Ovarian (OVC)
611.6,x_611.60,-0.4027034756183946,-0.37284458913453233,0.35474534424686005,0.27693064837652337,0.2292146689944057,0.32870508513768304,0.11114380600346727,-0.029858886483862257,0.48319357723826367,OVA,Ovarian (OVC)
613.52,x_613.52,-0.4002529637582988,-0.36335669324160874,0.37378350647903685,0.28541447735288605,0.17561469873021285,0.2700653672907056,0.13952596968293735,-0.03689627051669003,0.5685311054049269,OVA,Ovarian (OVC)
615.44,x_615.44,-0.4008260772138526,-0.34678153156089836,0.3972727935998378,0.29294123546622175,0.10026983305700328,0.17329444345341602,0.2089498649222305,-0.054044545652954246,0.7612153623651814,OVA,Ovarian (OVC)
617.37,x_617.37,-0.3951025062739419,-0.3294197028739939,0.42682242527666037,0.3047137780416394,0.0466397838206177,0.09500696704199903,0.26230087945899716,-0.06568280339994798,1.0222445459011447,OVA,Ovarian (OVC)
619.29,x_619.29,-0.3706710751017626,-0.3085502152845234,0.4547068607841946,0.3199336873749365,0.040474561169782784,0.08428444252504878,0.2646350228858611,-0.062120859817239193,1.0742525813545596,OVA,Ovarian (OVC)
621.21,x_621.21,-0.335904971596363,-0.297142582268132,0.4758035145570148,0.33503994335137866,0.07577049036263522,0.13918547836751263,0.1768983421507634,-0.038762389328231006,0.856406073589268,OVA,Ovarian (OVC)
623.13,x_623.13,-0.3199645520075899,-0.3068821228221545,0.48609819594358805,0.3477494072661416,0.18608424876605342,0.28153523073828474,0.06022766878597838,-0.013082429185435396,0.5504672506959278,OVA,Ovarian (OVC)
625.06,x_625.06,-0.32680984117222556,-0.33301106840292904,0.4774628817860881,0.3545213559682756,0.41756571978909324,0.5219571497363665,-0.027118783866259308,0.006201227230703488,0.28236514909908944,OVA,Ovarian (OVC)
626.98,x_626.98,-0.34623608278804,-0.3748595878200231,0.45563801173333385,0.351947821150892,0.8899211767993325,0.9224792686334544,-0.11459453858991199,0.028623505031983076,0.03504338518978302,OVA,Ovarian (OVC)
628.9,x_628.90,-0.37585246168843894,-0.43300647805275383,0.4294462253057361,0.34282483612848974,0.6761786518454224,0.7499727633160972,-0.20422266244163337,0.057154016364314886,0.12495450855005105,OVA,Ovarian (OVC)
630.83,x_630.83,-0.40462340615001663,-0.500107988604829,0.4128311507312912,0.3313211896440142,0.24539612667677085,0.3429676807814361,-0.3056605537203354,0.09548458245481234,0.4647468033379816,OVA,Ovarian (OVC)
632.75,x_632.75,-0.42578745447891714,-0.5689568236222852,0.40993624897903813,0.31628188168882193,0.03323801018224964,0.07177260859215567,-0.4181865851818589,0.14316936914336803,1.1440412689468564,OVA,Ovarian (OVC)
634.67,x_634.67,-0.4405166439243161,-0.6283170977092931,0.4267732536195113,0.3028567214450289,0.0029233507436529477,0.009392896719297272,-0.5122972888489411,0.187800453784977,2.027200452973321,OVA,Ovarian (OVC)
636.6,x_636.60,-0.43934029807194724,-0.6670818757930904,0.46093273188499956,0.298003799546845,5.525013302229724e-4,0.0021085254847284865,-0.6025261304440197,0.22774157772114317,2.676021145509887,OVA,Ovarian (OVC)
638.52,x_638.52,-0.4115791157703453,-0.6836217108996019,0.4983699886470593,0.3023269668317063,1.1605988091491422e-4,5.094647354715718e-4,-0.7320298314118177,0.2720425951292566,3.2928858719522367,OVA,Ovarian (OVC)
640.44,x_640.44,-0.36444999285995805,-0.6840424337578644,0.522784206592547,0.311415472000092,1.3096373082754224e-5,7.160882358114151e-5,-0.9083668010827994,0.3195924408979064,4.1450334609812405,OVA,Ovarian (OVC)
642.36,x_642.36,-0.3276242486007883,-0.6729293721021268,0.5371069772125496,0.32104238809927793,3.897770870187734e-6,2.3976419497536387e-5,-1.0384152132865736,0.34530512350133846,4.620215671469175,OVA,Ovarian (OVC)
644.29,x_644.29,-0.3021637705710266,-0.6532144952057936,0.549671784407902,0.3290530999169239,3.967970225368781e-6,2.4248706932809216e-5,-1.1122286796624468,0.35105072463476694,4.615311415285157,OVA,Ovarian (OVC)
646.21,x_646.21,-0.27990912218512237,-0.6305505117933478,0.556969503870988,0.3317339431087867,3.4800559030759045e-6,2.183793469379846e-5,-1.171656307138456,0.3506413896082254,4.660788437098238,OVA,Ovarian (OVC)
648.13,x_648.13,-0.2572672885604459,-0.6097808851955161,0.5554135726538599,0.32786235462179647,1.5221810850002294e-6,1.0388608134855581e-5,-1.2450261381424195,0.3525135966350702,4.983442635295953,OVA,Ovarian (OVC)
650.06,x_650.06,-0.23323637234855726,-0.5961595221293059,0.5425732088208892,0.3240886553204576,2.828359449289697e-7,2.2411153263439546e-6,-1.3539093995012461,0.36292314978074863,5.649535794376992,OVA,Ovarian (OVC)
651.98,x_651.98,-0.21735525605689532,-0.5904870190150112,0.518287816411525,0.31849738515470066,2.034200874794279e-8,2.535970423910201e-7,-1.4418545556292695,0.3731317629581159,6.5958558157774885,OVA,Ovarian (OVC)
653.9,x_653.90,-0.2234755639011811,-0.5861347607091957,0.4855011287914083,0.31136217215899387,4.019143510543584e-9,6.479136521307328e-8,-1.39111930574093,0.3626591968080146,7.1884828689779985,OVA,Ovarian (OVC)
655.82,x_655.82,-0.25103949811816173,-0.5838620467872703,0.44586228427730884,0.3062097946302542,3.2832772487448326e-9,5.7277839810363564e-8,-1.2177164363923276,0.33282254866910854,7.2420133694734155,OVA,Ovarian (OVC)
657.75,x_657.75,-0.27726502308331624,-0.5821151777350871,0.4009172280491856,0.304192876023376,1.0878773589702735e-9,2.542913326593014e-8,-1.0700417268014577,0.3048501546517709,7.594668442193096,OVA,Ovarian (OVC)
659.67,x_659.67,-0.2926151514825407,-0.5755515328593648,0.3552149382006517,0.3083941022297233,1.3394911464425613e-9,2.9126144695902207e-8,-0.9759430581857874,0.2829363813768241,7.535716997284564,OVA,Ovarian (OVC)
661.59,x_661.59,-0.3032573528319621,-0.5600458168560066,0.3116645193917966,0.3179600805504731,3.4345131789289104e-9,5.777581919303906e-8,-0.8850044133041847,0.25678846402404454,7.238253888021172,OVA,Ovarian (OVC)
663.52,x_663.52,-0.3030058985276415,-0.5345493698924055,0.28279121082060016,0.3318383286067144,1.814264895506267e-8,2.323750242874465e-7,-0.8189793823652505,0.23154347136476405,6.633810551828314,OVA,Ovarian (OVC)
665.44,x_665.44,-0.28521791554697706,-0.49356369615172846,0.2764122696126642,0.34667785592399564,2.64830889041111e-7,2.1531902717690326e-6,-0.7911738114250318,0.2083457806047514,5.666917591018049,OVA,Ovarian (OVC)
667.36,x_667.36,-0.24019770017402994,-0.435987732842952,0.2872559331663767,0.36020925729961,1.4758353527870736e-6,1.0146368050411131e-5,-0.8600679027798217,0.19579003266892206,4.993689388089626,OVA,Ovarian (OVC)
669.28,x_669.28,-0.1713347840055083,-0.3607422844503902,0.2993799067910808,0.36749426725773027,3.7609266880045114e-6,2.3287857306518e-5,-1.0741548859320875,0.1894075004448819,4.632870468647127,OVA,Ovarian (OVC)
671.21,x_671.21,-0.08325883108687342,-0.27167343370473046,0.3082248788022783,0.35947108364349384,7.01656737069071e-6,4.0496854886393914e-5,-1.7062103032820686,0.18841460261785703,4.392578704156269,OVA,Ovarian (OVC)
673.13,x_673.13,0.007426091727404744,-0.1686486724038264,0.3219161134528244,0.33876615320833975,1.8635962422129283e-5,9.626864566127558e-5,NA,0.17607476413123113,4.01651513793836,OVA,Ovarian (OVC)
675.05,x_675.05,0.09046072504521857,-0.05093901848510435,0.3279829563407291,0.3198756418155523,3.7939660579613304e-4,0.0014842503197463781,NA,0.14139974353032292,2.8284928488434917,OVA,Ovarian (OVC)
676.98,x_676.98,0.17503849250046172,0.07446486789929727,0.3212792315893352,0.3156164484314386,0.007140348524268744,0.02066942993867268,1.2330292504455633,0.10057362460116445,1.6846715010167763,OVA,Ovarian (OVC)
678.9,x_678.90,0.24346386267959877,0.19718895707666834,0.32165441721871957,0.3267784761916273,0.19700812280598465,0.29284991227916635,0.30412749794478944,0.04627490560293043,0.5333549017254174,OVA,Ovarian (OVC)
680.82,x_680.82,0.2859572533855898,0.3041030176723294,0.35467077357995624,0.3440124434937809,0.7971510566507948,0.8460116208495949,-0.0887603311686876,-0.018145764286739585,0.07262367143356284,OVA,Ovarian (OVC)
682.75,x_682.75,0.3019845512174285,0.3794624964471379,0.40056455089974924,0.3615630903450633,0.18403584553802563,0.2802500253714234,-0.32948158412800643,-0.07747794522970941,0.5524543394157058,OVA,Ovarian (OVC)
684.67,x_684.67,0.28944759308734835,0.4104555063836536,0.43352285804398694,0.373173995844548,0.08473120488592636,0.1517694953416497,-0.5039222122273288,-0.12100791329630523,0.8188155099694256,OVA,Ovarian (OVC)
686.59,x_686.59,0.263678310585427,0.3966006485965586,0.4545817141794303,0.3775243163006366,0.08165359160855928,0.14710232784971664,-0.5889062990086038,-0.13292233801113157,0.8323804546396526,OVA,Ovarian (OVC)
688.51,x_688.51,0.22636588077830666,0.351248531821348,0.46659871857382534,0.37469729287611686,0.13484739807787235,0.21889291181043516,-0.6338334061835963,-0.12488265104304136,0.6597683015268874,OVA,Ovarian (OVC)
690.44,x_690.44,0.1739712789555532,0.28908136813955626,0.4756796855875683,0.3613444783780019,0.19106908642609685,0.287680508548149,-0.7326231750418472,-0.11511008918400306,0.5410895622207123,OVA,Ovarian (OVC)
692.36,x_692.36,0.11786977073637066,0.22318410960891022,0.4736851321089052,0.34282186198408426,0.19487171284799415,0.29152808242059924,-0.9210347699303588,-0.10531433887253956,0.5353196040168929,OVA,Ovarian (OVC)
694.28,x_694.28,0.06604669578727593,0.1605944620105232,0.45739086542879404,0.332028693131907,0.2138073927568614,0.30945806846387836,-1.281850990793481,-0.09454776622324726,0.509398189514523,OVA,Ovarian (OVC)
696.21,x_696.21,0.01556390077871965,0.10609727243340211,0.43893993151115895,0.3327255823711582,0.1655909293886599,0.25847665939632225,-2.7690328802417916,-0.09053337165468246,0.5875786678622736,OVA,Ovarian (OVC)
698.13,x_698.13,-0.02953140162159742,0.07006430380234525,0.43153654453567913,0.3406908939256874,0.14208508706802048,0.22748211713801225,NA,-0.09959570542394268,0.6430527384949646,OVA,Ovarian (OVC)
700.05,x_700.05,-0.04675888716248393,0.055713829353476095,0.43868059442654705,0.35157602403042365,0.15781405384980268,0.24799351319254706,NA,-0.10247271651596002,0.6055596789380032,OVA,Ovarian (OVC)
701.97,x_701.97,-0.0274342794717991,0.06369387312220624,0.46136386600289236,0.3658311182898281,0.2735718014296674,0.37232843426017326,NA,-0.09112815259400533,0.42907379598481654,OVA,Ovarian (OVC)
703.9,x_703.90,0.0346511829616967,0.09279489340327038,0.5048462758008395,0.3851105538918406,0.6897848185285032,0.7596570145160783,-1.4211147218521207,-0.05814371044157368,0.11938244762051078,OVA,Ovarian (OVC)
705.82,x_705.82,0.1456614148938377,0.15711169101033348,0.5711717239504902,0.41269759412912144,0.7914328788680528,0.8418540861679514,-0.10917105269704026,-0.011450276116495794,0.07476317579669312,OVA,Ovarian (OVC)
707.74,x_707.74,0.3025972611590982,0.2816482165941341,0.6653199365880105,0.45529726610287785,0.5530742277140452,0.6472145217930316,0.10350423858804216,0.020949044564964103,0.18895174685958638,OVA,Ovarian (OVC)
709.67,x_709.67,0.5038499427911867,0.4822470907478748,0.8005764117214139,0.523552820555673,0.658200983966911,0.7370274491126488,0.06322146926448517,0.02160285204331186,0.13251633741073562,OVA,Ovarian (OVC)
711.59,x_711.59,0.7533970746300676,0.7694723940121391,0.9666342973918197,0.6323521533795327,0.9970420503435649,0.9981095471854745,-0.030459097159363138,-0.016075319382071518,8.21790248466232e-4,OVA,Ovarian (OVC)
713.51,x_713.51,1.0423505478812967,1.137512596366021,1.1599101317557288,0.785986024600979,0.5874782072146945,0.6773022487617008,-0.12604186042149082,-0.09516204848472443,0.16921748245775145,OVA,Ovarian (OVC)
715.43,x_715.43,1.3565236806174954,1.5660438827585104,1.375662787395858,0.9687653419169294,0.24489429681200656,0.3429676807814361,-0.207210264520367,-0.20952020214101497,0.4647468033379816,OVA,Ovarian (OVC)
717.36,x_717.36,1.6641751131003202,2.0109776902756105,1.5854331642630746,1.154901751343655,0.07866730099835667,0.14310102418961768,-0.27308967772485077,-0.3468025771752903,0.8443572579361871,OVA,Ovarian (OVC)
719.28,x_719.28,1.9166493212895832,2.4071650836628287,1.7562859221518934,1.3152027019673735,0.02571241630120172,0.05892428735692061,-0.3287485327861542,-0.49051576237324546,1.2297056612232993,OVA,Ovarian (OVC)
721.2,x_721.20,2.0712768456625796,2.693610188901728,1.859530346478913,1.421873039243535,0.008423201652306278,0.023793636087330424,-0.3790205262999228,-0.6223333432391485,1.6235391850330358,OVA,Ovarian (OVC)
723.13,x_723.13,2.124289901465668,2.821626979685612,1.8609662268390708,1.4522440970076727,0.0037872251401165537,0.011842995003374508,-0.40954644387197514,-0.697337078219944,1.9265384539513848,OVA,Ovarian (OVC)
725.05,x_725.05,2.083343832415343,2.774916077460388,1.7472479716996199,1.4002081104178743,0.0022154707290539554,0.00739808975594803,-0.4135430081382883,-0.691572245045045,2.1308804039916325,OVA,Ovarian (OVC)
726.97,x_726.97,1.9604863469264142,2.574452161261959,1.5435942208268079,1.2785139693317669,0.002243048167273378,0.007463523261212129,-0.3930536917982408,-0.6139658143355446,2.127056109298712,OVA,Ovarian (OVC)
728.9,x_728.90,1.7878385243956378,2.2714715054591004,1.2944133606926733,1.1103527545401117,0.0030555682437956723,0.009750704122692674,-0.34541059598566803,-0.48363298106346253,2.0109640216800706,OVA,Ovarian (OVC)
730.82,x_730.82,1.603162823705692,1.9297505633366963,1.0429596278399749,0.9280974693558836,0.009321913482317501,0.025940443767758524,-0.26749326776701204,-0.3265877396310042,1.5860225986358913,OVA,Ovarian (OVC)
732.74,x_732.74,1.4385807693455757,1.6048536225113714,0.8319967341320034,0.7600553717923653,0.07929962490012589,0.14369214977057695,-0.15779538862584566,-0.16627285316579576,0.8425669577144008,OVA,Ovarian (OVC)
734.66,x_734.66,1.3159165233621524,1.3419176698375574,0.6846017001258283,0.6273615608751185,0.6897848185285032,0.7596570145160783,-0.028228166891595387,-0.02600114647540508,0.11938244762051078,OVA,Ovarian (OVC)
736.59,x_736.59,1.2271356350558413,1.1566443992250794,0.602783345685228,0.5411200385782275,0.4297357306998082,0.5343123779312775,0.08534925902817074,0.07049123583076189,0.27220476479335437,OVA,Ovarian (OVC)
738.51,x_738.51,1.157354214198564,1.0397247421101368,0.5784063357648146,0.49366519584688456,0.1740437864164274,0.2689767608253878,0.15462869700475393,0.11762947208842722,0.5702852407458446,OVA,Ovarian (OVC)
740.43,x_740.43,1.0999206328747677,0.9701876012200441,0.5777284967015012,0.47158091037830613,0.20264294197121274,0.2966889465369189,0.181063603924719,0.1297330316547236,0.5276986334858007,OVA,Ovarian (OVC)
742.36,x_742.36,1.0452237528358297,0.9211542392219293,0.5779575109013875,0.46065118377167724,0.29581775943491573,0.3962601791857396,0.18229698133016203,0.1240695136139004,0.4020195684147829,OVA,Ovarian (OVC)
744.28,x_744.28,0.9872288473567848,0.8715720192897203,0.5825692206355632,0.4496710751474529,0.40212158873862064,0.5053544159551214,0.17976447619660982,0.11565682806706457,0.2964039349368559,OVA,Ovarian (OVC)
746.2,x_746.20,0.9224779568140057,0.8130352674282683,0.5869097650320997,0.4349566791072414,0.5245085652613041,0.6207791247079991,0.18219629282059943,0.10944268938573742,0.20706289577138304,OVA,Ovarian (OVC)
748.12,x_748.12,0.8448507472600448,0.7457519386072453,0.5845727854809354,0.4197456957039913,0.607201787158617,0.694050942534605,0.18000044517931804,0.09909880865279952,0.15860865166371424,OVA,Ovarian (OVC)
750.05,x_750.05,0.7543788157236581,0.664867725524027,0.5862868490344774,0.4060485759780914,0.7442443851882594,0.8035433027148066,0.18222155865080242,0.0895110901996311,0.09499071426671708,OVA,Ovarian (OVC)
751.97,x_751.97,0.6550969035451547,0.5671415895544291,0.5906656378338646,0.3926797252432318,0.9261568207529873,0.9484738525783606,0.20799903218675458,0.08795531399072565,0.022974637192249188,OVA,Ovarian (OVC)
753.89,x_753.89,0.5457526528335912,0.454477110574742,0.5802919794573239,0.37611653964123815,0.9753542835360826,0.984765619253249,0.26403907116794645,0.09127554225884921,0.0066671221697957765,OVA,Ovarian (OVC)
755.82,x_755.82,0.4227734345115869,0.3276281306437456,0.5633704619778953,0.3568801593395072,0.9458125209649442,0.9612333772850248,0.36782450079474344,0.09514530386784131,0.017171157428024574,OVA,Ovarian (OVC)
757.74,x_757.74,0.2887954273259047,0.1951990890880452,0.5510441689357611,0.3393745926266613,0.9114439077079849,0.937490471248687,0.5650991835500047,0.09359633823785948,0.02803313779239881,OVA,Ovarian (OVC)
759.66,x_759.66,0.15110275342301607,0.05961709435432046,0.528410247437175,0.32185463564174266,0.9763398171633817,0.984765619253249,1.3417173309858739,0.09148565906869562,0.0066671221697957765,OVA,Ovarian (OVC)
761.58,x_761.58,0.01391990435581,-0.07789156092984376,0.49110539168620637,0.3035472888877362,0.8539140757771019,0.8940757680308962,NA,0.09181146528565376,0.04862567556269856,OVA,Ovarian (OVC)
763.51,x_763.51,-0.12008658903081776,-0.20880434971674605,0.4490495493169183,0.28397411616886603,0.6979972702826565,0.7650966561714933,-0.798081826818157,0.08871776068592829,0.1162836961009238,OVA,Ovarian (OVC)
765.43,x_765.43,-0.25021143999744927,-0.32950320510044406,0.39706167883409516,0.26414867542425546,0.5431949203088543,0.6396564867616861,-0.39714613307573077,0.0792917651029948,0.1940531915710681,OVA,Ovarian (OVC)
767.35,x_767.35,-0.3807613033495486,-0.4337858106472391,0.3452046049799771,0.2465157675145346,0.7163730520726781,0.782486920196208,-0.18809646019521215,0.05302450729769048,0.10652291324999642,OVA,Ovarian (OVC)
769.28,x_769.28,-0.5006301336424996,-0.5215962444034089,0.3013673042930295,0.23098309212379636,0.8471336734036061,0.8879708347896544,-0.05918846623693301,0.020966110760909262,0.05160129829563898,OVA,Ovarian (OVC)
771.2,x_771.20,-0.5960274342583985,-0.5996616559690475,0.2653315632034777,0.21817846995017895,0.4735377908359182,0.5750101745864721,-0.008770003168759017,0.003634221710648977,0.24032447056660247,OVA,Ovarian (OVC)
773.12,x_773.12,-0.6703960031583815,-0.6666716638929301,0.2360373745939778,0.21043049141467118,0.39179070370151137,0.4970479076810219,0.0080371515289175,-0.0037243392654514595,0.3036017500216234,OVA,Ovarian (OVC)
775.04,x_775.04,-0.7219810601033109,-0.7176667723258608,0.21434698882811268,0.20529149683187664,0.598589960264601,0.6858843294698552,0.008646876994064663,-0.004314287777450021,0.16374911943705836,OVA,Ovarian (OVC)
776.97,x_776.97,-0.7510869564446475,-0.7504302598839268,0.20417869836326288,0.19770316089414483,0.8268621946946817,0.8725915937240715,0.0012619424986506336,-6.566965607207598e-4,0.05918897518696442,OVA,Ovarian (OVC)
778.89,x_778.89,-0.7576036467573176,-0.7666707125941193,0.20335187721907377,0.192352629673647,0.9517162189205283,0.9651352111612732,-0.01716381606984253,0.009067065836801724,0.015411839663738538,OVA,Ovarian (OVC)
780.81,x_780.81,-0.7366942246193716,-0.7621177248943892,0.22171331650593565,0.19162598243326834,0.7209932765581375,0.7856978013774575,-0.04894800191032323,0.025423500275017608,0.1047444621420775,OVA,Ovarian (OVC)
782.74,x_782.74,-0.6973132062435166,-0.7362491932579799,0.24946841124097696,0.19013858579159973,0.6149993826619047,0.6995430934171301,-0.07838745280057473,0.038935987014463325,0.15518552683790907,OVA,Ovarian (OVC)
784.66,x_784.66,-0.6622420111795901,-0.7033432576176625,0.2612510167283541,0.18984718948388843,0.763015800099628,0.8181419416205874,-0.08687054215739246,0.041101246438072336,0.08717134288756039,OVA,Ovarian (OVC)
786.58,x_786.58,-0.6456487602219408,-0.6698295543078228,0.25929645691208425,0.19559214775036418,0.9448288517538586,0.9612333772850248,-0.053044575985820235,0.024180794085881918,0.017171157428024574,OVA,Ovarian (OVC)
788.51,x_788.51,-0.6384734725541633,-0.6390396102202714,0.25220055689376,0.20910860752414526,0.5172872006194652,0.6147352390321587,-0.0012786801896831294,5.661376661081352e-4,0.21131189070448864,OVA,Ovarian (OVC)
790.43,x_790.43,-0.6402135883911818,-0.6188010912538141,0.243863805183654,0.2295773532611254,0.2735718014296674,0.37232843426017326,0.04907763508975771,-0.021412497137367703,0.42907379598481654,OVA,Ovarian (OVC)
792.35,x_792.35,-0.6615856981643811,-0.6071963850329247,0.2404921464275171,0.2576178305248867,0.07335733354615205,0.13528423444901808,0.12376504106505229,-0.05438931313145634,0.8687528116118117,OVA,Ovarian (OVC)
794.27,x_794.27,-0.691684721088445,-0.6031230806632574,0.2350035140654168,0.28554003022675906,0.01795909710485668,0.043277721116085036,0.19766244861143673,-0.08856164042518766,1.3637356160337952,OVA,Ovarian (OVC)
796.2,x_796.20,-0.7169815940842724,-0.6114474565924556,0.22946437439082235,0.3030910969530856,0.009423106592339057,0.02614422748913062,0.22970790149124734,-0.10553413749181684,1.5826241861986161,OVA,Ovarian (OVC)
798.12,x_798.12,-0.7384346220278992,-0.6304467162381416,0.2272330819115656,0.3103032943240049,0.01826106648170477,0.043892280617979326,0.22809608822278274,-0.10798790578975759,1.3576118528740644,OVA,Ovarian (OVC)
800.04,x_800.04,-0.7512510002622043,-0.652448368739504,0.220903167484767,0.3039748884456907,0.053730237949231534,0.10554153882884765,0.20343155847013142,-0.0988026315227003,0.9765765779625235,OVA,Ovarian (OVC)
801.97,x_801.97,-0.7527279684853866,-0.6724470427180202,0.20290115363812947,0.280744376007531,0.12182504927328398,0.20232046371318033,0.16270815084774654,-0.08028092576736634,0.6939601882709835,OVA,Ovarian (OVC)
803.89,x_803.89,-0.7554677671392677,-0.694371924458377,0.188869323151052,0.24793252372140254,0.16672505408653035,0.2589500424765878,0.12166175409435756,-0.06109584268089063,0.5867840134070597,OVA,Ovarian (OVC)
805.81,x_805.81,-0.7670039138216566,-0.7188351583428086,0.19082851805213666,0.21732697393557873,0.1269723431649508,0.2090125719352623,0.0935730924672056,-0.04816875547884791,0.6798275906453908,OVA,Ovarian (OVC)
807.73,x_807.73,-0.7775125162210332,-0.7359034662917622,0.20290563499523837,0.1950467324494744,0.09624862180779703,0.16821020820614996,0.07934947443186433,-0.04160904992927106,0.774147651623279,OVA,Ovarian (OVC)
809.66,x_809.66,-0.7818317176230765,-0.7418878906153417,0.22288905373267717,0.1880914092982658,0.05044259727528009,0.10142758806964922,0.07565702051578803,-0.0399438270077348,0.9938439018387973,OVA,Ovarian (OVC)
811.58,x_811.58,-0.780473624581867,-0.7418382924650839,0.24059732910707549,0.19521928145107398,0.053577011096000285,0.10554153882884765,0.07324523539647013,-0.03863533211678305,0.9765765779625235,OVA,Ovarian (OVC)
813.5,x_813.50,-0.7665892147328278,-0.7337159016346286,0.2511611790430751,0.2070236332799411,0.10708877782262868,0.18238252689281934,0.0632322324372911,-0.032873313098199186,0.7390167714764868,OVA,Ovarian (OVC)
815.43,x_815.43,-0.7372931049753416,-0.7115945622699483,0.25688590703410513,0.21796223402425927,0.19529762961501046,0.29169853624606196,0.05118284975925244,-0.02569854270539329,0.5350657501784152,OVA,Ovarian (OVC)
817.35,x_817.35,-0.7043991106468356,-0.678407959808857,0.2637452713028637,0.23112386833570447,0.28845871172776705,0.38862953237098297,0.05424006889056853,-0.02599115083797854,0.4104641999832202,OVA,Ovarian (OVC)
819.27,x_819.27,-0.6747629990039337,-0.6392133702874584,0.268973329478219,0.24460572175634968,0.21839522902670575,0.31512274558637327,0.07808339861491485,-0.03554962871647527,0.5015202482822576,OVA,Ovarian (OVC)
821.19,x_821.19,-0.644395128336618,-0.5924181643319376,0.276943830717337,0.2592475556698227,0.09925218495053945,0.17217215756726229,0.1213299073978764,-0.05197696400468044,0.7640370781584869,OVA,Ovarian (OVC)
823.12,x_823.12,-0.6083265839692992,-0.5399860646362419,0.2892758998050576,0.27220819027318055,0.03975483835204953,0.08334254228512626,0.17192417546252944,-0.06834051933305729,1.0791332559358344,OVA,Ovarian (OVC)
825.04,x_825.04,-0.5675239488147331,-0.48454849648889364,0.2918792138635753,0.27825120812979875,0.014315182899233489,0.036570207679735824,0.2280406426171883,-0.08297545232583947,1.4368725733259653,OVA,Ovarian (OVC)
826.96,x_826.96,-0.5145466365226434,-0.42433227138719093,0.27892942382190056,0.28260622222346854,0.012773040144554689,0.03364166911312291,0.2781080365815608,-0.0902143651354525,1.4731224650549748,OVA,Ovarian (OVC)
828.89,x_828.89,-0.44164904843882485,-0.3606868038740127,0.2752917631972007,0.2895912534308389,0.031247117282573646,0.06826180995141673,0.29215449486857975,-0.08096224456481216,1.1658222006531656,OVA,Ovarian (OVC)
830.81,x_830.81,-0.3573698725264682,-0.2939760359024557,0.2709769320881828,0.2944094047669155,0.12513666084937017,0.20708456264453293,0.2817203306223546,-0.06339383662401249,0.6838522748785433,OVA,Ovarian (OVC)
832.73,x_832.73,-0.26434510079329454,-0.21915497359295197,0.2727216078549349,0.2956677780046337,0.32650145418654786,0.4287624433489076,0.27047229398683237,-0.04519012720034257,0.3677832628690591,OVA,Ovarian (OVC)
834.66,x_834.66,-0.16466678552929978,-0.1378075755826379,0.29818931549519534,0.2969577570006915,0.5497713578654186,0.6457741452313649,0.25689609179022443,-0.026859209946661883,0.18991934675788585,OVA,Ovarian (OVC)
836.58,x_836.58,-0.06857452910907529,-0.0597158564566689,0.3369020385961218,0.3034306791614731,0.6825153725868494,0.7552093175960997,0.19956186764810674,-0.008858672652406384,0.12193266045309165,OVA,Ovarian (OVC)
838.5,x_838.50,0.017837870744041005,0.012535605747224331,0.36523455844867425,0.3156220373809857,0.6807025717874344,0.7540958585559849,0.5088774959189963,0.005302264996816674,0.12257344432147625,OVA,Ovarian (OVC)
840.42,x_840.42,0.08971435255040178,0.08114313528339852,0.37588661915047383,0.32776509829628403,0.6289693055537804,0.7119688870372696,0.1448680603052146,0.008571217267003259,0.14753898456997755,OVA,Ovarian (OVC)
842.35,x_842.35,0.1481113782269246,0.14196044052839837,0.3876510212458214,0.33494420954643145,0.4819675798281571,0.5829750157041744,0.061193097244854625,0.006150937698526232,0.23435005720379265,OVA,Ovarian (OVC)
844.27,x_844.27,0.19415604202416398,0.18889975053662753,0.4010379150161575,0.33790515896490897,0.45842080562407034,0.5624979701555193,0.039595600535620244,0.005256291487536452,0.24987904041988465,OVA,Ovarian (OVC)
846.19,x_846.19,0.22722683453889397,0.21494583608889095,0.404519582762934,0.3380084527289628,0.5140943077777014,0.6123288888817208,0.08015969556089472,0.012280998450003022,0.21301525063129892,OVA,Ovarian (OVC)
848.12,x_848.12,0.2458441591561899,0.21798384516559166,0.4126616332513069,0.3361330660498582,0.6879647391766189,0.759441595194969,0.17352210904215157,0.02786031399059824,0.11950561990502497,OVA,Ovarian (OVC)
850.04,x_850.04,0.24954289154932732,0.20491974470108212,0.4313680932071682,0.33019669778867766,0.8393985039534442,0.8828319473526101,0.2842275495129955,0.0446231468482452,0.054121959257658114,OVA,Ovarian (OVC)
851.96,x_851.96,0.2471766857393841,0.17220202555884329,0.46727755315261466,0.3223275577751777,0.8587638660784281,0.8971443740595869,0.5214380173994012,0.0749746601805408,0.047137661959217064,OVA,Ovarian (OVC)
853.88,x_853.88,0.2296983642405201,0.11252272771962575,0.4941086997343401,0.31437142282759395,0.45319449788571226,0.5582830771055876,1.029517611056522,0.11717563652089434,0.25314553645379906,OVA,Ovarian (OVC)
855.81,x_855.81,0.19218048529661377,0.037273260193009534,0.4962298055170729,0.30481305957097465,0.15314038252774462,0.2422779317486315,2.3662177302441374,0.15490722510360425,0.6156861424298622,OVA,Ovarian (OVC)
857.73,x_857.73,0.14874755633304,-0.041052986497703246,0.47813718289269697,0.29888789059651566,0.03406423845832501,0.07321853553685949,NA,0.18980054283074324,1.1353789618055028,OVA,Ovarian (OVC)
859.65,x_859.65,0.09751617796862892,-0.11874083123357035,0.4395825765583567,0.2894807466728235,0.002495561298369881,0.008216020471745912,NA,0.21625700920219926,2.0853384872838054,OVA,Ovarian (OVC)
861.58,x_861.58,0.04211235100106686,-0.18829237706526206,0.3981062281222481,0.27279222013821713,1.937566229434763e-4,8.160470380727494e-4,NA,0.23040472806632892,3.0882848071938556,OVA,Ovarian (OVC)
863.5,x_863.50,-0.003123964339850453,-0.23835263962066588,0.3650605391432866,0.25762422860016465,1.5765717985421157e-5,8.281430514813922e-5,-6.2540316437433345,0.23522867528081542,4.081894637728529,OVA,Ovarian (OVC)
865.42,x_865.42,-0.04390967466078753,-0.2715824480850867,0.3287838248133497,0.2452592835791321,1.946783460436879e-6,1.3001732396489157e-5,-2.628807037526697,0.22767277342429915,4.885998776915528,OVA,Ovarian (OVC)
867.34,x_867.34,-0.07640466988296335,-0.28808077673569754,0.29068149477402644,0.23835757138523136,4.2660230116563666e-7,3.2428711511371566e-6,-1.9147545448053651,0.2116761068527342,5.489070306788579,OVA,Ovarian (OVC)
869.27,x_869.27,-0.0948075973937249,-0.28904571261983714,0.2634459002921463,0.23917563888191867,4.211104877167114e-7,3.2273631640584025e-6,-1.6082333200749606,0.19423811522611223,5.4911521621844415,OVA,Ovarian (OVC)
871.19,x_871.19,-0.10196680900986534,-0.28214533019342647,0.2522357198083956,0.24246038844235182,9.84037930325231e-7,7.02347683094726e-6,-1.468347886920917,0.18017852118356115,5.153447845891071,OVA,Ovarian (OVC)
873.11,x_873.11,-0.1055409360484028,-0.2717356012632593,0.2608538923601918,0.250130718434759,7.392471272349354e-6,4.240466650089967e-5,-1.3644092680524087,0.16619466521485649,4.372586348028164,OVA,Ovarian (OVC)
875.04,x_875.04,-0.10558211363088861,-0.25385361681580315,0.280415977713793,0.2582268784292767,1.5441154746795847e-4,6.562490767388234e-4,-1.265639343810264,0.14827150318491455,3.182931294584107,OVA,Ovarian (OVC)
876.96,x_876.96,-0.10357300692709173,-0.23897493895544425,0.29225285473545604,0.26420237571560723,6.997910730567917e-4,0.0025964470369369058,-1.2062191660012744,0.13540193202835252,2.5856205318405947,OVA,Ovarian (OVC)
878.88,x_878.88,-0.08938052787646654,-0.23481600109121184,0.29677952826341936,0.2664647681129175,2.9657357943726624e-4,0.0012004168691508396,-1.3935082483509498,0.14543547321474531,2.9206679101751694,OVA,Ovarian (OVC)
880.81,x_880.81,-0.061733392327935184,-0.22924833308034157,0.29701910724321284,0.2706776624826931,3.420925251660916e-5,1.6073191509060085e-4,-1.8928053438981312,0.1675149407524064,3.7938978807253663,OVA,Ovarian (OVC)
882.73,x_882.73,-0.018128589135679607,-0.20946597344835655,0.2973776494863679,0.28063427572504646,6.282130047517019e-6,3.671119746517758e-5,-3.530450045005077,0.19133738431267694,4.435201449218783,OVA,Ovarian (OVC)
884.65,x_884.65,0.03488628404849456,-0.17797451495231778,0.3199058756481076,0.2884538222800444,2.924159147906036e-6,1.85992435598105e-5,NA,0.21286079900081234,4.730504718388567,OVA,Ovarian (OVC)
886.57,x_886.57,0.09621065245903405,-0.127363104132797,0.3641309067835185,0.30244328220791655,1.5330340200788683e-5,8.144243231668988e-5,NA,0.22357375659183104,4.089149264403898,OVA,Ovarian (OVC)
888.5,x_888.50,0.163298054471136,-0.06065618479013899,0.4123196887252424,0.3212829856660262,2.232127011101237e-4,9.275727801687364e-4,NA,0.22395423926127497,3.032652004316031,OVA,Ovarian (OVC)
890.42,x_890.42,0.21843074908125365,0.013349638774299115,0.44395753851309583,0.3427315387453804,0.0029115936936620593,0.009387379667496639,4.0322018915738065,0.20508111030695453,2.027455616973357,OVA,Ovarian (OVC)
892.34,x_892.34,0.25639834148283813,0.0883239165599522,0.4645555757680748,0.3648581327948958,0.026543214750778775,0.060531477541410125,1.5375001703264677,0.16807442492288593,1.2180187250590404,OVA,Ovarian (OVC)
894.27,x_894.27,0.2779283244223508,0.15189081062806492,0.485052164850918,0.3818493707474317,0.13484739807787235,0.21889291181043516,0.8716739739920251,0.1260375137942859,0.6597683015268874,OVA,Ovarian (OVC)
896.19,x_896.19,0.26167347425141535,0.17830832312776423,0.49037352510977295,0.39243248209769677,0.39042552429950994,0.4959889473098394,0.5533910615721787,0.08336515112365112,0.30452800128365304,OVA,Ovarian (OVC)
898.11,x_898.11,0.21587952254429793,0.1658877962540457,0.47691477990788794,0.39389689716432463,0.6662672709053143,0.7416189265434154,0.38001663121273727,0.049991726290252225,0.12981919527607244,OVA,Ovarian (OVC)
900.03,x_900.03,0.14044803416435644,0.11608572491587454,0.44930775370972664,0.3889897110071053,0.8249373576107858,0.8715439879842765,0.27484370100730793,0.0243623092484819,0.059710688580680335,OVA,Ovarian (OVC)
901.96,x_901.96,0.0403504591811953,0.0367971573171251,0.4179279777224707,0.37748788018563323,0.9310669945223777,0.9514181856594789,0.1329873203456878,0.003553301864070199,0.021628551616895524,OVA,Ovarian (OVC)
903.88,x_903.88,-0.07431965628896546,-0.059899240750946575,0.3814580647706074,0.3570234001025198,0.9921122446638755,0.994238959014709,0.31121078667854857,-0.014420415538018885,0.002509223138673922,OVA,Ovarian (OVC)
905.8,x_905.80,-0.1929258682642808,-0.15613100407865332,0.35398369866907387,0.34153132724988683,0.7592499505103485,0.8150386954387782,0.30529130863920023,-0.03679486418562747,0.0888217718531512,OVA,Ovarian (OVC)
907.73,x_907.73,-0.29754252121223207,-0.23961683449720084,0.3269360224735585,0.3306851381134537,0.4282933600009222,0.5332280846882321,0.3123677584571166,-0.05792568671503123,0.27308698471970155,OVA,Ovarian (OVC)
909.65,x_909.65,-0.3843845977683645,-0.30644244819868954,0.29892201862369194,0.32587731772710865,0.17679980599781273,0.27099642394746704,0.32693533109070017,-0.07794214956967493,0.5670364400116794,OVA,Ovarian (OVC)
911.57,x_911.57,-0.4506594966487329,-0.35574829599147956,0.28635757963721686,0.32072681609852577,0.05496927132842127,0.10752357466961064,0.34118180033218154,-0.09491120065725334,0.9684963057348172,OVA,Ovarian (OVC)
913.49,x_913.49,-0.4975694807243843,-0.3922228796625966,0.2863643162828852,0.3101807932461572,0.017079278821652687,0.041586264839180376,0.343225081607639,-0.10534660106178767,1.3810500849868266,OVA,Ovarian (OVC)
915.42,x_915.42,-0.5238345057866721,-0.41976465543243224,0.29342447203815836,0.30207392302635994,0.01569678762205802,0.039347175406499325,0.31953108267332614,-0.10406985035423988,1.405086438639105,OVA,Ovarian (OVC)
917.34,x_917.34,-0.5287364301182699,-0.43773853493858783,0.2904763059381266,0.2954236315061007,0.026881970421194945,0.06085869816904908,0.27247990684055406,-0.09099789517968204,1.215677341889868,OVA,Ovarian (OVC)
919.26,x_919.26,-0.5186012308210175,-0.4477497620024999,0.28670626750254735,0.2905670195749671,0.09235750152808278,0.1626257324458708,0.211933405058186,-0.07085146881851762,0.7888107344181596,OVA,Ovarian (OVC)
921.19,x_921.19,-0.49775843372996664,-0.4450451479680663,0.297577533728031,0.288675796575985,0.20308120404666108,0.2966889465369189,0.16149440476108184,-0.05271328576190032,0.5276986334858007,OVA,Ovarian (OVC)
923.11,x_923.11,-0.46159411035811354,-0.4268176236918157,0.3155165280801698,0.2900379668697212,0.3656939437918266,0.4722704937090578,0.11300532330934014,-0.034776486666297846,0.3258091872194802,OVA,Ovarian (OVC)
925.03,x_925.03,-0.398437479068897,-0.38433388676083347,0.34176207307280554,0.29587863630082556,0.5672189785810822,0.6604604545122189,0.05199330935441245,-0.014103592308063517,0.18015318092800187,OVA,Ovarian (OVC)
926.96,x_926.96,-0.3000577057427505,-0.3109580594934662,0.38946706270330667,0.30648244939592656,0.6680650746139986,0.742735843952543,-0.051480198350413814,0.010900353750715741,0.12916561680721067,OVA,Ovarian (OVC)
928.88,x_928.88,-0.1774815200988436,-0.21124258967320614,0.45086501911363125,0.32388651784387296,0.6448455430889877,0.7246761812358214,-0.2512332173598408,0.033761069574362534,0.13985601290256705,OVA,Ovarian (OVC)
930.8,x_930.80,-0.051263375222484996,-0.10081196891740568,0.49463628087056233,0.33781487197179344,0.6626774181752515,0.7393835155057996,-0.9756803903753944,0.049548593694920685,0.13113023621445874,OVA,Ovarian (OVC)
932.72,x_932.72,0.03950228574336084,-0.006363157891261853,0.5120152936547796,0.342970448898239,0.5891814825664006,0.6784294165019513,NA,0.045865443634622693,0.16849532946080453,OVA,Ovarian (OVC)
934.65,x_934.65,0.07336963702313702,0.047875973727813756,0.5082020699794865,0.33680020460216453,0.422552119424563,0.5267816422159551,0.6158708477176371,0.025493663295323266,0.2783693681507034,OVA,Ovarian (OVC)
936.57,x_936.57,0.04297124081399803,0.04275274678253099,0.48021105515733853,0.3178350056465028,0.22305337730781813,0.32134808595194136,0.007354151222318103,2.1849403146703694e-4,0.4930242825374168,OVA,Ovarian (OVC)
938.49,x_938.49,-0.05833074942401976,-0.02654065490299737,0.4314346365366419,0.2909050818170949,0.06361621324356953,0.12065143891021808,1.1360822651955726,-0.03179009452102238,0.9184674942521597,OVA,Ovarian (OVC)
940.42,x_940.42,-0.21566494121913954,-0.1499415460052814,0.37859913803373024,0.2645499110468012,0.01736825548514088,0.042180049035342136,0.524394418779228,-0.06572339521385814,1.3748929197182458,OVA,Ovarian (OVC)
942.34,x_942.34,-0.38867651814646614,-0.3068899217300347,0.32879443396467445,0.2435370204180654,0.010415861253943694,0.02847611190771156,0.34084967078382516,-0.08178659641643143,1.5455193090063484,OVA,Ovarian (OVC)
944.26,x_944.26,-0.5447805419008693,-0.4697373847830417,0.2904002882546104,0.23144427143423246,0.013362070168883031,0.03460813187785494,0.21382118084029592,-0.07504315711782761,1.4608218429779276,OVA,Ovarian (OVC)
946.18,x_946.18,-0.6650293251929218,-0.6073998326514272,0.27315735230027,0.2277799537136752,0.022757195950560284,0.053194945534434664,0.130771654035414,-0.05762949254149463,1.2741296314415818,OVA,Ovarian (OVC)
948.11,x_948.11,-0.7341540614299286,-0.7040613884143189,0.2732550660949316,0.2278034386333804,0.08165359160855928,0.14710232784971664,0.06038170121801488,-0.030092673015609694,0.8323804546396526,OVA,Ovarian (OVC)
950.03,x_950.03,-0.7557166086111653,-0.7595580625387431,0.2896790277298612,0.22961942485053333,0.49671834659929925,0.5977241365126702,-0.0073149321698103035,0.0038414539275778425,0.2234992067016708,OVA,Ovarian (OVC)
951.95,x_951.95,-0.7487463016261799,-0.7760602871285428,0.31610649550529096,0.23523147959857418,0.9124238811083478,0.937490471248687,-0.05169182643350187,0.02731398550236286,0.02803313779239881,OVA,Ovarian (OVC)
953.88,x_953.88,-0.7258480638857568,-0.7557739410101885,0.34607293203176687,0.24999294642862618,0.7981051547192974,0.8460638544926793,-0.05828726249295461,0.02992587712443162,0.07259685846534833,OVA,Ovarian (OVC)
955.8,x_955.80,-0.6902399395598771,-0.7149618128334793,0.36991101277780275,0.2704576873746857,0.7442443851882594,0.8035433027148066,-0.05076830446523724,0.024721873273602202,0.09499071426671708,OVA,Ovarian (OVC)
957.72,x_957.72,-0.6435198813822287,-0.6734529634684868,0.3799988839686187,0.2927165864490209,0.9871827401017306,0.99241423026792,-0.06559256468148363,0.02993308208625811,0.0033070169889811694,OVA,Ovarian (OVC)
959.64,x_959.64,-0.595081657521187,-0.6307507710549719,0.3750325415618434,0.3096208947620377,0.6590952976477631,0.7371460565797351,-0.08398255228259562,0.03566911353378488,0.13244645341352587,OVA,Ovarian (OVC)
961.57,x_961.57,-0.5551461092883148,-0.5915319557610734,0.3598845758988477,0.3146067806090591,0.5053669974049657,0.6042431490711546,-0.09158874250439125,0.036385846472758665,0.21878826493762363,OVA,Ovarian (OVC)
963.49,x_963.49,-0.5297508798580927,-0.5660289434314484,0.3401171710495097,0.307064067472966,0.4712529102900949,0.5737258738557797,-0.09556192177349487,0.03627806357335572,0.24129556388885595,OVA,Ovarian (OVC)
965.41,x_965.41,-0.5050369988862775,-0.5462332770597993,0.3108925611732865,0.29476458173217573,0.3444810380789107,0.44859299526989066,-0.11312833938139054,0.04119627817352178,0.348147512160507,OVA,Ovarian (OVC)
967.34,x_967.34,-0.46584834168819267,-0.5219332939861573,0.2762946772745277,0.2814999010594189,0.1437708888809664,0.22939553089369213,-0.1640054091534468,0.05608495229796462,0.6394150473201692,OVA,Ovarian (OVC)
969.26,x_969.26,-0.41028370139764814,-0.4826281068200951,0.26259718330966486,0.2732617367680213,0.06273869706199181,0.1192290279531755,-0.23429061932211792,0.07234440542244697,0.9236179967339925,OVA,Ovarian (OVC)
971.18,x_971.18,-0.3220208250063334,-0.41749172713847665,0.26982485532572464,0.2792273958708342,0.015432415989790765,0.038788464920576256,-0.3745946443812028,0.09547090213214326,1.411297407554234,OVA,Ovarian (OVC)
973.1,x_973.10,-0.19816593805005273,-0.3162583234379705,0.30068068668062115,0.3042800428398718,0.004858433315464389,0.014653661774061947,-0.6743971635745865,0.11809238538791778,1.834053836773656,OVA,Ovarian (OVC)
975.03,x_975.03,-0.03604477868432368,-0.1780678481570083,0.3526216441115396,0.35094124067084653,0.003296850886978891,0.0104493409468653,-2.3045967751651464,0.14202306947268462,1.980911100190795,OVA,Ovarian (OVC)
976.95,x_976.95,0.18621542778429306,0.0018920359293868052,0.4103522339360677,0.4136242961512548,0.001076261058522145,0.0037973739234649266,6.620134747746568,0.18432339185490626,2.4205166362281565,OVA,Ovarian (OVC)
978.87,x_978.87,0.4583093716695759,0.2373445736518021,0.4658226100945986,0.4867707851938472,5.375045843287862e-4,0.002059699944046783,0.9493357899559445,0.22096479801777383,2.6861960428037692,OVA,Ovarian (OVC)
980.8,x_980.80,0.7666763082368473,0.5279492482040681,0.5244116938681512,0.5713995860510894,0.0012051274025714179,0.004220202701888673,0.5382174977325376,0.23872706003277921,2.3746666888019434,OVA,Ovarian (OVC)
982.72,x_982.72,1.131702794813747,0.8720496958771773,0.5994055847409958,0.6642269519726415,0.002425134997932576,0.008012371812957452,0.3760124931337937,0.25965309893656974,2.0962389055380943,OVA,Ovarian (OVC)
984.64,x_984.64,1.567606269402935,1.279138261424903,0.6876478915066023,0.7624485315722579,0.0036696319386640905,0.011513778062586995,0.29339082751173867,0.28846800797803196,1.9387821461786745,OVA,Ovarian (OVC)
986.57,x_986.57,2.0606904037535965,1.747110953207141,0.7787768448075955,0.8666681850546938,0.0055327829577365584,0.016422704969789467,0.2381564143843602,0.31357945054645553,1.784555309049608,OVA,Ovarian (OVC)
988.49,x_988.49,2.5898013163743974,2.2625733597148083,0.8773715691498825,0.975204152084496,0.01094630494127686,0.029410330804867428,0.19487677168511972,0.32722795665958904,1.5315000905585365,OVA,Ovarian (OVC)
990.41,x_990.41,3.140822784066212,2.801610281670736,0.9813042507125291,1.0809162608561733,0.01748504130331111,0.04235366222434168,0.16488620443455568,0.3392125023954762,1.3731090312586969,OVA,Ovarian (OVC)
992.33,x_992.33,3.695600623144355,3.3427031373532983,1.0823748200020353,1.1771250806208415,0.02522481071540494,0.05823505683679906,0.14479357841381102,0.35289748579105673,1.234815496325713,OVA,Ovarian (OVC)
994.26,x_994.26,4.230442399875586,3.8536776928464804,1.1785360728810912,1.2604865954073534,0.029267678745554013,0.06515542768355477,0.13457259311619268,0.3767647070291056,1.186049400138159,OVA,Ovarian (OVC)
996.18,x_996.18,4.692701420673384,4.293326766879106,1.2632935659546765,1.3223991969166766,0.026881970421194945,0.06085869816904908,0.1283226602285668,0.3993746537942773,1.215677341889868,OVA,Ovarian (OVC)
998.1,x_998.10,5.008422441463352,4.6260136718373746,1.3237662410032025,1.3612528363942247,0.036871779050094214,0.0783525304814502,0.11458669969552635,0.38240876962597703,1.105946972949266,OVA,Ovarian (OVC)
1000.03,x_1000.03,5.146480730763279,4.817357219049319,1.3518821254817759,1.3767756390745878,0.07139472055703268,0.1329762225514453,0.09534429847077579,0.32912351171396015,0.8762260081898914,OVA,Ovarian (OVC)
1001.95,x_1001.95,5.106144553364096,4.844780950794529,1.3430863052990434,1.3630794376283808,0.13292379149743616,0.21690007862147087,0.07580292741721571,0.2613636025695669,0.6637402905636547,OVA,Ovarian (OVC)
1003.87,x_1003.87,4.881715283689719,4.712483327523256,1.2952395963434857,1.318238994048216,0.3394591768579477,0.4439081543527008,0.050900630424268234,0.16923195616646236,0.3527068771466213,OVA,Ovarian (OVC)
1005.79,x_1005.79,4.490493044165009,4.437046079061773,1.2221706643102446,1.2486176347835793,0.7526734803376227,0.8098385547936446,0.017274318128729007,0.05344696510323654,0.09160155118387225,OVA,Ovarian (OVC)
1007.72,x_1007.72,3.986406854754097,4.045133162636202,1.137801265679737,1.1602964670198388,0.7809788544819857,0.8335790284710692,-0.02109823068464709,-0.0587263078821052,0.07905322006885485,OVA,Ovarian (OVC)
1009.64,x_1009.64,3.432162817991977,3.5747191551612274,1.038986130564643,1.0547974616969795,0.4311809190827325,0.5353972899632867,-0.05871189113243042,-0.1425563371692502,0.27132383142508365,OVA,Ovarian (OVC)
1011.56,x_1011.56,2.9005909515602246,3.0740866685705774,0.9457604317390692,0.944902737358266,0.3559525388323603,0.46160280694626477,-0.08381095433651434,-0.17349571701035282,0.33573155895638185,OVA,Ovarian (OVC)
1013.49,x_1013.49,2.4200540090259692,2.575310327853759,0.8642902958117233,0.832846616909149,0.382968837578866,0.4898438620194798,-0.08970700835185869,-0.15525631882778956,0.30994232950091816,OVA,Ovarian (OVC)
1015.41,x_1015.41,1.9944393399404805,2.103867293418326,0.7952146019777285,0.7250975025244506,0.6097960813174053,0.6961652454600413,-0.07706042324282382,-0.10942795347784529,0.1572876617206174,OVA,Ovarian (OVC)
1017.33,x_1017.33,1.6337825043977618,1.685480433671629,0.744818171127254,0.6304999145663499,0.930084743808287,0.9514181856594789,-0.044943913457489784,-0.05169792927386707,0.021628551616895524,OVA,Ovarian (OVC)
1019.25,x_1019.25,1.3515125339704677,1.3355600767835143,0.7199081380749432,0.5583621879278361,0.5951608118827187,0.6844715364210849,0.017130005373491963,0.015952457186953373,0.16464460718270266,OVA,Ovarian (OVC)
1021.18,x_1021.18,1.135784414871818,1.0580743737112925,0.7222386885562329,0.5123541968380388,0.3762663062673211,0.48259121585726367,0.10224788687416134,0.07771004116052538,0.3164205873991309,OVA,Ovarian (OVC)
1023.1,x_1023.10,0.9734601953614134,0.8465274496440224,0.7469130512825098,0.4935474826674968,0.38634736294892735,0.4934901425645452,0.20156491639337612,0.126932745717391,0.3067215179134531,OVA,Ovarian (OVC)
1025.02,x_1025.02,0.8495851754754831,0.6903039227119534,0.7863846223589664,0.4989640387371439,0.4524506378024773,0.5582830771055876,0.2995265182138608,0.15928125276352967,0.25314553645379906,OVA,Ovarian (OVC)
1026.95,x_1026.95,0.7529262076968687,0.5707003855115672,0.8328944044915112,0.5195582911958075,0.5522475990042769,0.6472145217930316,0.39977432772304067,0.18222582218530148,0.18895174685958638,OVA,Ovarian (OVC)
1028.87,x_1028.87,0.6686673941804424,0.4656514992140677,0.8809317704844621,0.5313888338473194,0.6307250608490129,0.7130930252646035,0.5220372056819476,0.20301589496637473,0.1468538113489727,OVA,Ovarian (OVC)
1030.79,x_1030.79,0.5839456586975531,0.3620180665743376,0.901087983689716,0.5205298252898257,0.656413824047744,0.7359075845139575,0.6897709082365118,0.2219275921232155,0.13317672106418757,OVA,Ovarian (OVC)
1032.72,x_1032.72,0.4852740390578057,0.2611921347354755,0.8873875149122679,0.4904066368850665,0.6324829033356949,0.7142168050952593,0.8936856773198478,0.22408190432233022,0.14616993533299424,OVA,Ovarian (OVC)
1034.64,x_1034.64,0.3773362794309491,0.16626061498420167,0.8364642747472424,0.4522346069503633,0.6167381470011832,0.7006684902139809,1.1823995093970572,0.21107566444674744,0.15448741273889643,OVA,Ovarian (OVC)
1036.56,x_1036.56,0.2820183594518076,0.0761669341539549,0.7598986329832259,0.41184880513753985,0.45319449788571226,0.5582830771055876,1.888538528807068,0.2058514252978527,0.25314553645379906,OVA,Ovarian (OVC)
1038.48,x_1038.48,0.2104584372802384,-0.001389763279111534,0.6916884742127009,0.38074706827306243,0.23452189865389875,0.3352874239165066,NA,0.21184820055934991,0.47458273594217315,OVA,Ovarian (OVC)
1040.41,x_1040.41,0.1397102071214589,-0.06126399343180048,0.6280537130338755,0.36777957355940805,0.13646677941575355,0.22037381477328077,NA,0.20097420055325937,0.656840010433101,OVA,Ovarian (OVC)
1042.33,x_1042.33,0.07018789091325699,-0.11114726907107575,0.5724390027662558,0.3647719212311618,0.08767237113872323,0.15614031812324994,NA,0.18133515998433275,0.8064849401306031,OVA,Ovarian (OVC)
1044.25,x_1044.25,0.011102653325891276,-0.15504833171244223,0.5323799192056494,0.3636859262660455,0.0664926422128973,0.12509179168824744,NA,0.1661509850383335,0.9027711870408421,OVA,Ovarian (OVC)
1046.18,x_1046.18,-0.05501901858818265,-0.19787670169868357,0.5085719292419114,0.3584726348772305,0.09699260729466723,0.16919419369498853,-1.846618377728,0.14285768311050093,0.771614544899208,OVA,Ovarian (OVC)
1048.1,x_1048.10,-0.14244035533536945,-0.25211424821433365,0.4873750546289764,0.348799565802739,0.19190935906116793,0.28818754760878723,-0.8237241205335795,0.1096738928789642,0.540324788690755,OVA,Ovarian (OVC)
1050.02,x_1050.02,-0.2497585279532516,-0.31383545112211486,0.45138598505016075,0.33279604751478886,0.40420720288932194,0.5066135853907722,-0.32947556958436863,0.06407692316886326,0.2953231683134576,OVA,Ovarian (OVC)
1051.94,x_1051.94,-0.35453439887823285,-0.36422107543934024,0.42380367957977405,0.3197592496428467,0.9684566857940288,0.9789264878026127,-0.038888901191717284,0.009686676561107388,0.009249920189081265,OVA,Ovarian (OVC)
1053.87,x_1053.87,-0.4301356223902508,-0.4065562624648268,0.4123593280952609,0.3160924350601264,0.6351235624516757,0.7163335716433253,0.08133679228057294,-0.023579359925424037,0.14488469474702234,OVA,Ovarian (OVC)
1055.79,x_1055.79,-0.4846529215518424,-0.450606812964795,0.3894669779508986,0.3121955988344605,0.49047832555647974,0.5909758175197275,0.10508304640564002,-0.03404610858704743,0.22843028990150835,OVA,Ovarian (OVC)
1057.71,x_1057.71,-0.5231723271138747,-0.48095708385183916,0.3646098403925421,0.3120553420118492,0.3514630770198941,0.4564138569633347,0.12137830739239185,-0.04221524326203557,0.3406411786461183,OVA,Ovarian (OVC)
1059.64,x_1059.64,-0.5545125762622439,-0.49282590180265085,0.3407213234784373,0.3104322556818077,0.18526287433009803,0.28120257710818447,0.17014242374530658,-0.06168667445959308,0.5509807035002394,OVA,Ovarian (OVC)
1061.56,x_1061.56,-0.5646684133117525,-0.4943885332816682,0.32926934907692645,0.3077109829866599,0.12976507706103418,0.21248747294582654,0.19175901248007246,-0.07027988003008434,0.6726666683942217,OVA,Ovarian (OVC)
1063.48,x_1063.48,-0.5513286049678371,-0.4860279220889179,0.334395827140102,0.3020259979795493,0.13549335929054157,0.21956029625070428,0.18187360890183393,-0.06530068287891921,0.6584461919004457,OVA,Ovarian (OVC)
1065.4,x_1065.40,-0.5364993812077387,-0.47155385061253485,0.335087723098709,0.28833195819598234,0.06985579716557304,0.13089212494952063,0.18615434383419951,-0.0649455305952038,0.8830864817445059,OVA,Ovarian (OVC)
1067.33,x_1067.33,-0.5329629213537938,-0.4547744143235786,0.3126231581047413,0.269497865327545,0.029728917377650908,0.06586857286280474,0.22888454218012336,-0.07818850703021513,1.1813217460699965,OVA,Ovarian (OVC)
1069.25,x_1069.25,-0.5248913171089779,-0.4449402992495227,0.29120149566455505,0.2547740838341124,0.023504770444803542,0.054805387446113,0.23840745360559967,-0.07995101785945513,1.2611767476631692,OVA,Ovarian (OVC)
1071.17,x_1071.17,-0.5135745137537484,-0.4419488973132877,0.2712388263944294,0.2362702069315271,0.04986333319775311,0.10069593205161803,0.21669450546255914,-0.07162561644046073,0.9969880738676342,OVA,Ovarian (OVC)
1073.1,x_1073.10,-0.5076548035445484,-0.43900599018858427,0.2577927277999128,0.2187217068057157,0.053730237949231534,0.10554153882884765,0.20960764187715147,-0.06864881335596412,0.9765765779625235,OVA,Ovarian (OVC)
1075.02,x_1075.02,-0.510165742306859,-0.43962819770439987,0.2561753339514477,0.20692423929048656,0.043081190616317384,0.08833533602249288,0.2146825552161492,-0.07053754460245909,1.0538655345904973,OVA,Ovarian (OVC)
1076.94,x_1076.94,-0.5266770385342878,-0.4449468435677484,0.26238434650333764,0.20713978543033973,0.028542504699759223,0.06399818200065917,0.24328607501692864,-0.08173019496653944,1.193832362864489,OVA,Ovarian (OVC)
1078.87,x_1078.87,-0.5531624359155958,-0.44543558654094384,0.27032602013406626,0.2150090667458803,0.004275945250116167,0.013108225602815136,0.31248699834185817,-0.10772684937465193,1.8824560926776255,OVA,Ovarian (OVC)
1080.79,x_1080.79,-0.5750202000846337,-0.44334232856790995,0.2755251669647132,0.22579757781304008,8.150119278596872e-4,0.0029309082790338753,0.3751922711891271,-0.13167787151672378,2.532997772326745,OVA,Ovarian (OVC)
1082.71,x_1082.71,-0.5944045075867972,-0.4399092918790084,0.2827625368101578,0.24032095461513478,1.9855975441151032e-4,8.32526324550503e-4,0.434239834254152,-0.1544952157077888,3.0796020251774743,OVA,Ovarian (OVC)
1084.63,x_1084.63,-0.6126430751631048,-0.4367565261753235,0.2853303131187518,0.24875814769394522,2.76917817904364e-5,1.3346296893844347e-4,0.4882184946843036,-0.17588654898778128,3.8746392183190443,OVA,Ovarian (OVC)
1086.56,x_1086.56,-0.6245995625835452,-0.44046600504667305,0.2833605823393922,0.25186814261829427,9.255673178508265e-6,5.1512228701816834e-5,0.5039018476746385,-0.18413355753687216,4.2880896597493585,OVA,Ovarian (OVC)
1088.48,x_1088.48,-0.6287653141074185,-0.4642467742289208,0.27736845718187636,0.253587592491583,3.1376299928901206e-5,1.489179717437697e-4,0.4376305607350973,-0.16451853987849774,3.8270528874851206,OVA,Ovarian (OVC)
1090.4,x_1090.40,-0.6428317782104592,-0.5055309521541704,0.26243511669317826,0.24667480248058302,1.1723777650580471e-4,5.122304721164832e-4,0.34664243279429746,-0.1373008260562888,3.290534589322495,OVA,Ovarian (OVC)
1092.33,x_1092.33,-0.6500910227475507,-0.545478678047653,0.2501364078993852,0.23457311221563984,9.730142096541211e-4,0.0034857022453126563,0.2531193525540991,-0.10461234469989766,2.4577097138240163,OVA,Ovarian (OVC)
1094.25,x_1094.25,-0.6521010191115345,-0.5938332879977618,0.23123507424410045,0.2259870381033341,0.033340341776723584,0.07182769484155888,0.13503772398395406,-0.0582677311137727,1.1437080711088854,OVA,Ovarian (OVC)
1096.17,x_1096.17,-0.6729940137459995,-0.6495880294278028,0.21713294789499465,0.2160776410323996,0.2464019492833054,0.3438594366864038,0.05106870255784941,-0.023405984318196738,0.463619052623118,OVA,Ovarian (OVC)
1098.09,x_1098.09,-0.7120788326378388,-0.6966340828162404,0.2098394263908902,0.20232281974638278,0.30446385002227794,0.4049412514521051,0.03163595396496917,-0.01544474982159838,0.3926079793059948,OVA,Ovarian (OVC)
1100.02,x_1100.02,-0.7362666932993209,-0.7354503678612535,0.20529800277886007,0.19100592888044451,0.6421879742744621,0.7225580697311937,0.0016004576063831874,-8.163254380674223e-4,0.14112724428021006,OVA,Ovarian (OVC)
1101.94,x_1101.94,-0.7624309354232268,-0.7675223287776847,0.20561050163923367,0.18299576227207723,0.7311934789390246,0.7921968746326628,-0.009602077178073144,0.005091393354457852,0.10116687530267508,OVA,Ovarian (OVC)
1103.86,x_1103.86,-0.7763519377354229,-0.7839674919443295,0.22122734458396145,0.17850342203243785,0.6644713824531551,0.7405014810413587,-0.014083044034926611,0.007615554208906583,0.13047406853042115,OVA,Ovarian (OVC)
1105.79,x_1105.79,-0.783470551126759,-0.7942949079553037,0.24173645774161148,0.17355929233279452,0.47430076938579463,0.5751896489957431,-0.01979573153359636,0.010824356828544657,0.24018893803629993,OVA,Ovarian (OVC)
1107.71,x_1107.71,-0.7840231581221919,-0.8028148672355195,0.2528626079476782,0.168081116301006,0.48582611247269303,0.5861256969831845,-0.034171108477610075,0.018791709113327615,0.23200923781757102,OVA,Ovarian (OVC)
1109.63,x_1109.63,-0.7661129168484737,-0.809437948173573,0.2556304810605047,0.16320062818886072,0.9418783547958677,0.9612333772850248,-0.07936354236337465,0.04332503132509924,0.017171157428024574,OVA,Ovarian (OVC)
1111.55,x_1111.55,-0.7189842499196774,-0.8063001396529225,0.2524411922586617,0.16114973344907824,0.05311951832239466,0.10522616447338771,-0.16535702197281482,0.08731588973324511,0.9778762594828307,OVA,Ovarian (OVC)
1113.48,x_1113.48,-0.6952473572431453,-0.8026145246707126,0.25749681096919613,0.155189012341592,0.007829553334652654,0.02238725494770713,-0.2071811863087228,0.10736716742756724,1.6499991549314563,OVA,Ovarian (OVC)
1115.4,x_1115.40,-0.6671665348194964,-0.7951713515499852,0.26415256875636617,0.15671706721504092,6.71932110332594e-4,0.0025130260926439015,-0.25321920370890727,0.1280048167304888,2.5998030021227305,OVA,Ovarian (OVC)
1117.32,x_1117.32,-0.6243563765854858,-0.7777122134887654,0.26883858713006004,0.16095953134910213,2.0028606192852417e-5,1.012256583260379e-4,-0.31686711065792883,0.15335583690327959,3.994709390094883,OVA,Ovarian (OVC)
1119.25,x_1119.25,-0.5626671192381955,-0.7500113901191328,0.2751875379120406,0.16738117185416448,2.7549639896056544e-7,2.2016165216079375e-6,-0.41463148724774895,0.1873442708809373,5.657258324352905,OVA,Ovarian (OVC)
1121.17,x_1121.17,-0.5110455182835435,-0.7153677951631975,0.2876666295438679,0.1735946414377486,3.926135031101933e-8,4.4767515293662287e-7,-0.48523418182741285,0.20432227687965399,6.349037009351137,OVA,Ovarian (OVC)
1123.09,x_1123.09,-0.4713896975088717,-0.673543719823496,0.30291435760300384,0.18449831666003283,2.0873683327556086e-7,1.7582787307445893e-6,-0.5148522848384002,0.20215402231462432,5.7549122773686205,OVA,Ovarian (OVC)
1125.01,x_1125.01,-0.4401383076870506,-0.6389185316768049,0.3297002433561019,0.19449161449626504,3.6504195017244136e-6,2.2754281560748847e-5,-0.5376760620782469,0.1987802239897543,4.642936872270445,OVA,Ovarian (OVC)
1126.94,x_1126.94,-0.40831229791995355,-0.608343746661826,0.35621115638764234,0.2021467443650441,1.3623790957551036e-5,7.405956130994314e-5,-0.5752148949006605,0.20003144874187245,4.1304188648120315,OVA,Ovarian (OVC)
1128.86,x_1128.86,-0.3792090805865947,-0.5879240298604832,0.37508940598000673,0.2080802109404125,6.101440942031233e-6,3.633660688407136e-5,-0.6326375845034512,0.2087149492738885,4.4396556295960945,OVA,Ovarian (OVC)
1130.78,x_1130.78,-0.35892651244180834,-0.5784673456906518,0.38749785699812367,0.20924874759827738,2.019561371408738e-6,1.3392126824589858e-5,-0.6885485543001576,0.2195408332488435,4.873150446525342,OVA,Ovarian (OVC)
1132.71,x_1132.71,-0.35298652078281173,-0.5745795084144902,0.39729293709631536,0.2067744903196195,4.768008378174896e-6,2.8948622296061867e-5,-0.7028950248095562,0.2215929876316785,4.538372100104263,OVA,Ovarian (OVC)
1134.63,x_1134.63,-0.30750562828260924,-0.5660701509514875,0.3941256624454998,0.21218867458137217,3.712096223775772e-8,4.2849505792967247e-7,-0.8803701785450185,0.25856452266887825,6.368054182670187,OVA,Ovarian (OVC)
1136.55,x_1136.55,-0.23630201118076932,-0.5371722660925602,0.37892691083284497,0.21585386227458145,4.318295536912158e-11,1.8352756031876672e-9,-1.1847563325013746,0.30087025491179087,8.736298708547581,OVA,Ovarian (OVC)
1138.48,x_1138.48,-0.13834945563061973,-0.4833416733158601,0.36162350563923934,0.22039240745933428,9.310424649383793e-14,2.378604174451017e-11,-1.8047338638697967,0.34499221768524035,10.623677823265105,OVA,Ovarian (OVC)
1140.4,x_1140.40,-0.027078576870409096,-0.41071598955359634,0.35502588388468714,0.23377475406631573,1.2355777480646614e-14,1.1552651944404584e-11,-3.922967055923859,0.38363741268318724,10.937318310783072,OVA,Ovarian (OVC)
1142.32,x_1142.32,0.06739456855001175,-0.3364360880355285,0.36614910281915636,0.25706855093427206,4.176622228158352e-14,1.9525708916640296e-11,NA,0.40383065658554024,10.709393189307466,OVA,Ovarian (OVC)
1144.24,x_1144.24,0.13609550856470395,-0.2677109938209441,0.37267810247855626,0.27818704303074737,1.924402227959752e-13,2.5704515473462406e-11,NA,0.4038065023856481,10.589990578110305,OVA,Ovarian (OVC)
1146.17,x_1146.17,0.1699615700772124,-0.21233806748604994,0.37322331946403414,0.29328972975740464,2.461683982821802e-12,1.2787080688546583e-10,NA,0.38229963756326235,9.89322859434615,OVA,Ovarian (OVC)
1148.09,x_1148.09,0.15222235499366876,-0.1916748910893079,0.367815966685088,0.2967407200874754,5.141732197022303e-11,2.090225914876458e-9,NA,0.34389724608297667,8.679806772127272,OVA,Ovarian (OVC)
1150.01,x_1150.01,0.08455039732591851,-0.20338117100306177,0.3541780741059627,0.29369105676106083,3.729583724498491e-9,6.117825934045771e-8,NA,0.28793156832898026,7.213402883833661,OVA,Ovarian (OVC)
1151.94,x_1151.94,-0.006425929531530587,-0.24118541036688204,0.3377454901037177,0.2875118611471475,2.1721268952821103e-7,1.809243944628267e-6,-5.230312216422849,0.23475948083535145,5.742502872242841,OVA,Ovarian (OVC)
1153.86,x_1153.86,-0.08593649911401713,-0.290622309397451,0.31444984751140237,0.2818655296374735,1.3531726662508494e-6,9.371973651441068e-6,-1.7578143676156697,0.20468581028343386,5.028168941057772,OVA,Ovarian (OVC)
1155.78,x_1155.78,-0.1636676878079723,-0.3415057492026484,0.2927850031181287,0.2732835788005713,9.68974932465232e-6,5.360896815710011e-5,-1.061144931599914,0.17783806139467612,4.2707625518120045,OVA,Ovarian (OVC)
1157.7,x_1157.70,-0.22168356298872335,-0.37399869970206495,0.28758722086519284,0.269713043310493,1.103359473407124e-4,4.912576703026958e-4,-0.7545341009629286,0.1523151367133416,3.308690655661546,OVA,Ovarian (OVC)
1159.63,x_1159.63,-0.25423993622390867,-0.3898218888336727,0.29830102272528514,0.2758449096852983,0.0010392515847584935,0.0036806826960196644,-0.6166264071756784,0.13558195260976402,2.434071620561333,OVA,Ovarian (OVC)
1161.55,x_1161.55,-0.27518783639985167,-0.40390213824577126,0.30609275767325794,0.2841289310318421,0.004032742140432789,0.012526956482739727,-0.5535907515734496,0.1287143018459196,1.902154431265003,OVA,Ovarian (OVC)
1163.47,x_1163.47,-0.29915824294689,-0.40830689354815397,0.31652730682327634,0.2847694222042592,0.026796933428165404,0.06085869816904908,-0.44874639903798325,0.109148650601264,1.215677341889868,OVA,Ovarian (OVC)
1165.4,x_1165.40,-0.31695928709937654,-0.4131365085315096,0.3335863062873468,0.28093922254057746,0.09550920986513148,0.1678592316238683,-0.38232207476354857,0.09617722143213309,0.7750547692026452,OVA,Ovarian (OVC)
1167.32,x_1167.32,-0.32686873208945655,-0.41626921118575416,0.34426124924388096,0.27781722598206154,0.12945243808786336,0.21248747294582654,-0.3488064262084778,0.08940047909629761,0.6726666683942217,OVA,Ovarian (OVC)
1169.24,x_1169.24,-0.3297887562998924,-0.4215343372120293,0.3593233171466496,0.27576875541060714,0.09899906498822265,0.17205227837172526,-0.3541088937914534,0.09174558091213691,0.7643395719374629,OVA,Ovarian (OVC)
1171.16,x_1171.16,-0.32709092793758554,-0.4314024308457853,0.3770507487217833,0.27623952440699634,0.057194881766457734,0.11117924002419538,-0.3993436262741583,0.10431150290819974,0.9539762989467336,OVA,Ovarian (OVC)
1173.09,x_1173.09,-0.3212784018285012,-0.4371860626372859,0.3832551237618197,0.2781145450096096,0.02563058694074171,0.05888107810710934,-0.44442460172165665,0.11590766080878467,1.2300242467058502,OVA,Ovarian (OVC)
1175.01,x_1175.01,-0.31370483676623756,-0.4495050260730795,0.39029825753254666,0.27376123721742684,0.011299853606963506,0.030273246769372146,-0.5189308633616183,0.13580018930684196,1.518940998983753,OVA,Ovarian (OVC)
1176.93,x_1176.93,-0.310510621012726,-0.4581176659871202,0.41614781165075654,0.27863842207103956,0.014266139678675942,0.0365447687659233,-0.5610770776703266,0.14760704497439425,1.437174781734619,OVA,Ovarian (OVC)
1178.86,x_1178.86,-0.3110025572730478,-0.4646209995462083,0.44611923729811814,0.28622305191888214,0.027657844603590737,0.06216366515470514,-0.5791294518666447,0.15361844227316046,1.206463387554342,OVA,Ovarian (OVC)
1180.78,x_1180.78,-0.3038357643491516,-0.4747527815210933,0.46931884670073154,0.2912747818967185,0.022610185664204523,0.05298376841110584,-0.6438864637089072,0.1709170171719417,1.2758571562323182,OVA,Ovarian (OVC)
1182.7,x_1182.70,-0.2907885275038575,-0.47933012855457496,0.48094308554316295,0.2924653264870594,0.010527562499186585,0.02853122010649118,-0.7210512240433312,0.1885416010507175,1.5446796558162392,OVA,Ovarian (OVC)
1184.63,x_1184.63,-0.28085991432267743,-0.47981516239588795,0.48639904101554776,0.28983656576528294,0.005812187636826942,0.017089293837840223,-0.7726301473827508,0.19895524807321052,1.7672758827833932,OVA,Ovarian (OVC)
1186.55,x_1186.55,-0.2719527501307968,-0.46505664121822315,0.4855413929072656,0.2911859033687407,0.005387408709537662,0.016144958793005492,-0.7740526264473513,0.19310389108742637,1.7919630591010263,OVA,Ovarian (OVC)
1188.47,x_1188.47,-0.26053989362570323,-0.45773633031655603,0.4743616391041253,0.2968323583797894,0.0028304952941998725,0.009221300000267878,-0.8130148945019133,0.1971964366908528,2.035207848670442,OVA,Ovarian (OVC)
1190.39,x_1190.39,-0.2618556888137359,-0.4556752903399258,0.4485812359407013,0.29919358030300164,0.002134592169745149,0.007153561572443421,-0.7992365362109249,0.19381960152618993,2.1454776804161853,OVA,Ovarian (OVC)
1192.32,x_1192.32,-0.2668799936561499,-0.44784267692003,0.4154226097237627,0.29413565905905653,0.002663615196529987,0.008738527048265044,-0.7468030403209401,0.1809626832638801,2.0585617651597072,OVA,Ovarian (OVC)
1194.24,x_1194.24,-0.2518007223409384,-0.4360841852654781,0.39858465055448716,0.2889518605087115,0.0010857020132788665,0.0038162833925403767,-0.7923266710648736,0.18428346292453968,2.418359382593033,OVA,Ovarian (OVC)
1196.16,x_1196.16,-0.2363040173297344,-0.41773344423830167,0.39176559379539005,0.2916887455299768,7.452683249018388e-4,0.0027326505246400754,-0.8219411473231887,0.18142942690856725,2.563415906150419,OVA,Ovarian (OVC)
1198.09,x_1198.09,-0.2133332569965852,-0.38974811017507693,0.38445953862093757,0.2953779082548594,6.136740867700568e-4,0.00230435851859439,-0.8694362004311545,0.17641485317849173,2.6374499512322256,OVA,Ovarian (OVC)
1200.01,x_1200.01,-0.17014558881946676,-0.3564969600541173,0.3750301350382481,0.29747170229730463,1.4046710578691782e-4,6.024621280310466e-4,-1.0671244582105333,0.18635137123465054,3.2200702485109174,OVA,Ovarian (OVC)
1201.93,x_1201.93,-0.12446314549292331,-0.3200173272977033,0.3658314392884987,0.30178384759232074,3.912712087691668e-5,1.8110820801939156e-4,-1.3624384926860136,0.19555418180478001,3.742061866545412,OVA,Ovarian (OVC)
1203.85,x_1203.85,-0.09052319592210938,-0.2760095436375109,0.3576580550514072,0.30932320233487104,7.361640947509544e-5,3.341327323262827e-4,-1.6083694376468896,0.1854863477154015,3.476080977901607,OVA,Ovarian (OVC)
1205.78,x_1205.78,-0.05995013784417066,-0.2354399066415539,0.35296797334885816,0.3199915363278296,1.3768668734891884e-4,5.960048734779588e-4,-1.973541836804791,0.17548976879738323,3.2247501890585357,OVA,Ovarian (OVC)
1207.7,x_1207.70,-0.053949042114122235,-0.21836300863204622,0.3473779150874979,0.32967623166415955,2.232127011101237e-4,9.275727801687364e-4,-2.0170793656875747,0.16441396651792398,3.032652004316031,OVA,Ovarian (OVC)
1209.62,x_1209.62,-0.06322974329216319,-0.206679673878207,0.3459019414919357,0.33487937067140167,7.25451957598136e-4,0.0026810181041670243,-1.7087370815638934,0.1434499305860438,2.5717002533377875,OVA,Ovarian (OVC)
1211.55,x_1211.55,-0.07435579158021775,-0.19240043710762375,0.33706918481738807,0.332966198500474,0.004497397820102417,0.013652814811025192,-1.371606957591714,0.118044645527406,1.8647778005741589,OVA,Ovarian (OVC)
1213.47,x_1213.47,-0.09489153790181805,-0.18107807577547633,0.3223433195983372,0.3228113886493768,0.03587841281676577,0.07641529836828245,-0.9322677738638374,0.08618653787365828,1.1168196868193676,OVA,Ovarian (OVC)
1215.39,x_1215.39,-0.1123190258332633,-0.16842917264371363,0.308871300130287,0.31204730156951077,0.16634636556985363,0.25879176673513005,-0.584543991970531,0.05611014681045033,0.5870495445349406,OVA,Ovarian (OVC)
1217.31,x_1217.31,-0.09914833110200962,-0.14591562683522658,0.2989753512052082,0.3039242612829351,0.2414016493117619,0.34250461624658174,-0.5574786668513368,0.04676729573321696,0.46533357074992887,OVA,Ovarian (OVC)
1219.24,x_1219.24,-0.06812730464168451,-0.11512831448578185,0.30366407314842714,0.29680714632325755,0.23991558598446622,0.3409134846435804,-0.7569463018761784,0.047001009844097344,0.46735582015428745,OVA,Ovarian (OVC)
1221.16,x_1221.16,-0.03253423101526626,-0.07431103971804535,0.30804631106218555,0.2939286756793514,0.2992562691935624,0.4002927205951085,-1.191643030661684,0.0417768087027791,0.39762230755695116,OVA,Ovarian (OVC)
1223.08,x_1223.08,0.014053032321302525,-0.02556969551748195,0.30264077360135855,0.297454836347056,0.27683374666059846,0.3756742425655436,NA,0.039622727838784476,0.4251885805424934,OVA,Ovarian (OVC)
1225.01,x_1225.01,0.07177328461434823,0.022267874157444627,0.29446585334257086,0.30079432138084605,0.15600386096906707,0.24597573356842786,1.688438423979705,0.049505410456903605,0.6091077355679834,OVA,Ovarian (OVC)
1226.93,x_1226.93,0.12270892638592601,0.06422609456205369,0.28353326101094073,0.30109245413911145,0.074355064823964,0.13685430238268967,0.9339980178825463,0.05848283182387232,0.8637415448253579,OVA,Ovarian (OVC)
1228.85,x_1228.85,0.15429823641904408,0.10056143117385027,0.27350736198961656,0.30363074003966734,0.06432550488102949,0.1215037314419446,0.6176394889072844,0.05373680524519381,0.9154103844544595,OVA,Ovarian (OVC)
1230.78,x_1230.78,0.1716429707547655,0.12385087741771182,0.27797474807850564,0.3075571500999486,0.08318086769291852,0.14956559864015156,0.4708034434662219,0.047792093337053684,0.8251682864101995,OVA,Ovarian (OVC)
1232.7,x_1232.70,0.16811866957816554,0.12726161707826766,0.283738414680298,0.31592406189201977,0.1206379583771249,0.20106326396187485,0.4016798309845135,0.04085705249989788,0.6966672716014088,OVA,Ovarian (OVC)
1234.62,x_1234.62,0.15746198852546636,0.11856243588866619,0.29406290855429895,0.32075570586578084,0.2008967841270141,0.29644990858515907,0.40935360313613517,0.03889955263680017,0.5280486792403097,OVA,Ovarian (OVC)
1236.54,x_1236.54,0.14793884916760267,0.10635287262802395,0.3128733035809539,0.3242389993007369,0.2354961264062262,0.3356537777283864,0.476138143368633,0.04158597653957871,0.47410846053817085,OVA,Ovarian (OVC)
1238.47,x_1238.47,0.14848254281743725,0.09567180551858978,0.3332127497226194,0.3299554277787592,0.17561469873021285,0.2700653672907056,0.634122228920501,0.05281073729884747,0.5685311054049269,OVA,Ovarian (OVC)
1240.39,x_1240.39,0.13889990163551624,0.08841801698347976,0.3610671892637602,0.3340924515283951,0.19700812280598465,0.29284991227916635,0.6516273641560041,0.050481884652036485,0.5333549017254174,OVA,Ovarian (OVC)
1242.31,x_1242.31,0.12501846373924733,0.07517016969451197,0.38156489957143686,0.34191390948496186,0.26819381457168473,0.3687664950360665,0.7339013612657083,0.049848294044735356,0.4332485444567018,OVA,Ovarian (OVC)
1244.24,x_1244.24,0.12446682175598368,0.05596758375165278,0.3990271894647544,0.35467055207911574,0.13388292241132194,0.21808455131460977,1.1530836685836392,0.0684992380043309,0.6613750979079946,OVA,Ovarian (OVC)
1246.16,x_1246.16,0.12464718955253226,0.03456124443092861,0.4215372798244304,0.3687603360850244,0.055597666878536574,0.1082996219404827,1.8505931160659417,0.09008594512160364,0.9653730594360719,OVA,Ovarian (OVC)
1248.08,x_1248.08,0.112430731202018,0.012935060689604908,0.4307693735799001,0.3823906283317424,0.05146987677309446,0.10304996741508206,3.1195790021796137,0.09949567051241309,0.9869521412108458,OVA,Ovarian (OVC)
1250,x_1250.00,0.09509817069449411,-0.00799540801755119,0.4374832142353084,0.39345907401045355,0.059829696080058926,0.11534178522650536,NA,0.1030935787120453,0.9380133309897986,OVA,Ovarian (OVC)
1251.93,x_1251.93,0.05669543959206422,-0.029963152782000835,0.45016951364157837,0.40083253994971374,0.11626683644908802,0.19552066920844838,NA,0.08665859237406505,0.7088073249755973,OVA,Ovarian (OVC)
1253.85,x_1253.85,0.016160642672470808,-0.05102959243564016,0.46686784958289446,0.4024348806245538,0.24539612667677085,0.3429676807814361,NA,0.06719023510811097,0.4647468033379816,OVA,Ovarian (OVC)
1255.77,x_1255.77,-0.0014034523832168863,-0.06529300310710175,0.4801876532591796,0.4023021557275979,0.314463616677548,0.41528740338066017,-5.540882609230463,0.06388955072388486,0.3816512418379611,OVA,Ovarian (OVC)
1257.7,x_1257.70,-0.012645323522623552,-0.06538879929128585,0.5031184285187917,0.405726618981831,0.5180870249811134,0.6147352390321587,-2.370531614194777,0.0527434757686623,0.21131189070448864,OVA,Ovarian (OVC)
1259.62,x_1259.62,-0.019384796143870852,-0.0556535324551658,0.5284067749614876,0.4124102357765432,0.7857259020621139,0.8376895307047623,-1.5215962011532171,0.036268736311294944,0.07691691225912078,OVA,Ovarian (OVC)
1261.54,x_1261.54,-0.006067846918924779,-0.04466612622473989,0.5394458963118324,0.4214012953671074,0.7256237073759336,0.7879885788577211,-2.8801300247454336,0.03859827930581511,0.10348007714878836,OVA,Ovarian (OVC)
1263.46,x_1263.46,0.025485342380705725,-0.030333576187776205,0.5511230361663096,0.4356482765147797,0.506947956617054,0.6053593096257286,NA,0.05581891856848193,0.21798677432578642,OVA,Ovarian (OVC)
1265.39,x_1265.39,0.05595135245994456,-0.013510494568719927,0.5676343344681037,0.4524297143424999,0.3683194950384499,0.4750051418771733,NA,0.06946184702866448,0.3233016891608251,OVA,Ovarian (OVC)
1267.31,x_1267.31,0.07777662012819173,0.002689426701050989,0.5717147795267158,0.4614731718475704,0.3870252448573098,0.4936815879148495,4.853448184127437,0.07508719342714074,0.3065530696937595,OVA,Ovarian (OVC)
1269.23,x_1269.23,0.098505420878508207,0.01822197078488875,0.5580251616628362,0.46557570103430757,0.2823290202882438,0.3814705693200982,2.434459593374388,0.08028345009361945,0.41853896249264105,OVA,Ovarian (OVC)
1271.16,x_1271.16,0.10139207402813372,0.028405179041387677,0.5479421668152901,0.46352070587745503,0.27249034877536404,0.37232843426017326,1.8356824173253534,0.07298689498674604,0.42907379598481654,OVA,Ovarian (OVC)
1273.08,x_1273.08,0.10028770443461973,0.030175678746458417,0.5352738754536334,0.4546043962942235,0.1902315245761801,0.28688141206246515,1.7326531873560949,0.07011202568816131,0.5422975901305138,OVA,Ovarian (OVC)
1275,x_1275.00,0.10681619166365,0.026765154433803773,0.5189434845063419,0.43662784603046484,0.08905733512417183,0.15830533905152216,1.9966620768108025,0.08005103722984623,0.8005044377496888,OVA,Ovarian (OVC)
1276.93,x_1276.93,0.10870514322297785,0.023419907357125628,0.5045193552250762,0.4136336078136652,0.06468259141014404,0.12193190114613846,2.214564598574692,0.08528523586585222,0.9138826546835453,OVA,Ovarian (OVC)
1278.85,x_1278.85,0.1120245320149995,0.018547800546818413,0.49203910668245643,0.38800246815541345,0.061698913508583746,0.11821410682484795,2.5944297744500178,0.09347673146818108,0.9273306947692573,OVA,Ovarian (OVC)
1280.77,x_1280.77,0.13462633496849744,0.017927606804824137,0.4774378299969848,0.3637282165521127,0.032932626572102594,0.071443169013726035,2.9086360781945872,0.1166987281636733,1.14603928963673,OVA,Ovarian (OVC)
1282.69,x_1282.69,0.1526859249598013,0.016506093443435968,0.474380850463288,0.3477562483788439,0.015911145218437648,0.039671788744637865,3.2094185060415175,0.1361798315163653,1.4015182173626999,OVA,Ovarian (OVC)
1284.62,x_1284.62,0.17068361596112944,0.02229286256631869,0.48115128265392043,0.3453230764374262,0.01331592243049877,0.03458440964587875,2.936614531851237,0.14839075339481075,1.4611196333068406,OVA,Ovarian (OVC)
1286.54,x_1286.54,0.20701789634765919,0.0409390708553738,0.5046516846948224,0.35737364938342564,0.010754166516409244,0.02897736510905661,2.3381769562261843,0.1660788254922854,1.5379411071540638,OVA,Ovarian (OVC)
1288.46,x_1288.46,0.2510846115260286,0.06289989897137231,0.5450200388127205,0.3825425264596638,0.0059453834590073576,0.01742612393157329,1.9970268160918474,0.1881847125546563,1.758799201663873,OVA,Ovarian (OVC)
1290.39,x_1290.39,0.2771485544083678,0.07999008357598132,0.5900700801134207,0.41544799870913673,0.005660196935155942,0.01674773460243926,1.7927535879684473,0.19715847083238647,1.7760439298926647,OVA,Ovarian (OVC)
1292.31,x_1292.31,0.29574836494121115,0.09557016427867585,0.6575082600785671,0.46104163192886105,0.009767530663067427,0.0267819389148623,1.629727771506042,0.2001782006625353,1.572157984846646,OVA,Ovarian (OVC)
1294.23,x_1294.23,0.29649441631896534,0.10955261878838754,0.7436855074064576,0.5156445616057053,0.03115031761468548,0.06820971187290614,1.4363726611579928,0.1869417975305778,1.1661537849838972,OVA,Ovarian (OVC)
1296.15,x_1296.15,0.28393903864259334,0.1114585140804363,0.831217228289246,0.5718261787831324,0.07256705647723556,0.1346234083456652,1.349066530183849,0.17248052456215704,0.8708794183330038,OVA,Ovarian (OVC)
1298.08,x_1298.08,0.2770798904778491,0.09969857514141715,0.9107466736334575,0.6294449207347256,0.07762254946975584,0.14230800736121904,1.4746479535963033,0.17738131533643192,0.8467706624248299,OVA,Ovarian (OVC)
1300,x_1300.00,0.275431568586842,0.07497185228932737,0.9737241722784052,0.682251293773226,0.02563058694074171,0.05888107810710934,1.8772589667448294,0.2004597162975146,1.2300242467058502,OVA,Ovarian (OVC)
1301.92,x_1301.92,0.2622967762162048,0.04382825663156813,1.0139057195733159,0.7148981294949653,0.01486455293828421,0.037767274449173195,2.5812394610813754,0.21846851958463664,1.4228843557706994,OVA,Ovarian (OVC)
1303.85,x_1303.85,0.2491170072823378,0.01760234188626466,1.0056850302410574,0.7164121222420308,0.006703320302778208,0.019525247610896027,3.822908062563641,0.23151466539607313,1.709403449877605,OVA,Ovarian (OVC)
1305.77,x_1305.77,0.24597194440796324,-0.017782198943824438,0.9424340562226081,0.6880628304710781,6.903876454257755e-4,0.0025717627429207176,NA,0.2637541433517877,2.589769099586506,OVA,Ovarian (OVC)
1307.69,x_1307.69,0.23092184452108452,-0.07195289554459489,0.8521933015939879,0.6340208164205524,3.768636138388182e-5,1.753072034523856e-4,NA,0.3028747400656794,3.756200238182607,OVA,Ovarian (OVC)
1309.61,x_1309.61,0.1786246127148581,-0.13616862880146066,0.742874292027741,0.5614769419604639,9.255673178508265e-6,5.1512228701816834e-5,NA,0.31479324151631877,4.2880896597493585,OVA,Ovarian (OVC)
1311.54,x_1311.54,0.09968634048885025,-0.20244299936977256,0.6411484225402503,0.4848555305852362,8.589664803992772e-6,4.867476722262571e-5,NA,0.3021293398586228,4.312696116729778,OVA,Ovarian (OVC)
1313.46,x_1313.46,0.011974629683644314,-0.2675766019717634,0.5555210296673214,0.41143808414501837,2.0704281687020843e-5,1.0407797514712092e-4,NA,0.27955123165540774,3.9826411656296585,OVA,Ovarian (OVC)
1315.38,x_1315.38,-0.05813083205684785,-0.32747958133299626,0.4858228076118781,0.34810583984839194,2.6509552079804415e-5,1.2909599580529754e-4,-2.4940499049813294,0.2693487492761484,3.889087228118033,OVA,Ovarian (OVC)
1317.31,x_1317.31,-0.11038458561235823,-0.37061442266150213,0.4532742697703921,0.30691002591317407,5.050914118496205e-5,2.3150023043107604e-4,-1.747389478243257,0.26022983704914393,3.635448572357065,OVA,Ovarian (OVC)
1319.23,x_1319.23,-0.15667771368685604,-0.391030853801512,0.4502757979583122,0.2890899122798082,2.2648889485894042e-4,9.370226402349969e-4,-1.3194879835902944,0.23435314011465594,3.0282499156113243,OVA,Ovarian (OVC)
1321.15,x_1321.15,-0.18021104944451033,-0.3871387717626143,0.45584913887472595,0.2928963372292982,7.899404674679273e-4,0.0028517155871911662,-1.103167607987897,0.20692772231810397,2.544893790556767,OVA,Ovarian (OVC)
1323.07,x_1323.07,-0.18251497197067798,-0.36549344850497856,0.458274263988646,0.3054310896003868,0.002864995803905609,0.009269104071459323,-1.0018346880597795,0.18297847653430058,2.032962241651118,OVA,Ovarian (OVC)
1325,x_1325.00,-0.17503777491980776,-0.33594429148356036,0.45977516502984017,0.3179032089273073,0.012996814391799357,0.03413489173127078,-0.9405596594943081,0.1609065165637526,1.4668014703012808,OVA,Ovarian (OVC)
1326.92,x_1326.92,-0.1698175638441371,-0.3016164018550805,0.47145822295898365,0.32772112042217544,0.062217008268503696,0.11847841696751722,-0.8287329153730622,0.1317988380109434,0.9263607572119062,OVA,Ovarian (OVC)
1328.84,x_1328.84,-0.17582612697337338,-0.2658065184225701,0.4818978039326114,0.3340062116236289,0.2623624324043988,0.3623469339706247,-0.5962297977436487,0.0899803914491967,0.44087540914982215,OVA,Ovarian (OVC)
1330.77,x_1330.77,-0.1812668556121415,-0.23917536074245505,0.4824033001703513,0.3354302008867077,0.5391046338281283,0.6356403942361917,-0.39995554685497947,0.05790850513031354,0.1967885116590443,OVA,Ovarian (OVC)
1332.69,x_1332.69,-0.1809532918581511,-0.22610138126818485,0.4814558171550261,0.3415576069447442,0.659990099011299,0.7372649254188347,-0.3213540445417415,0.04514808941003376,0.13237642669555735,OVA,Ovarian (OVC)
1334.61,x_1334.61,-0.16859430041382642,-0.2190893649210619,0.48603624707015525,0.35347478165845103,0.5680563903721118,0.6606128420372195,-0.3779656620810789,0.05049506450723548,0.18005298805954406,OVA,Ovarian (OVC)
1336.54,x_1336.54,-0.15118642102127908,-0.21182919457362323,0.5004659277159598,0.3696590259453946,0.5325924395643538,0.6287549633745844,-0.48657560088658586,0.060642773552344154,0.2015185736136534,OVA,Ovarian (OVC)
1338.46,x_1338.46,-0.12836703924887968,-0.20621520766388407,0.525027767792452,0.39470313772150534,0.4494821056463231,0.5566434023567048,-0.6838801634197913,0.07784816841500439,0.25442293406173033,OVA,Ovarian (OVC)
1340.38,x_1340.38,-0.08600069293733771,-0.20131906055071958,0.5485634941171036,0.4306228589170202,0.250454116624219,0.3489934411976822,-1.2270731906597134,0.11531836761338186,0.4571827348701052,OVA,Ovarian (OVC)
1342.3,x_1342.30,-0.030808089529119932,-0.18687320555677572,0.5706475373339217,0.47699790785456686,0.08675875215140495,0.15480807874344205,-2.600717709080746,0.1560651160276558,0.8102063791689653,OVA,Ovarian (OVC)
1344.23,x_1344.23,0.04177092846325386,-0.14797179399020746,0.6044232562017812,0.5324198050192804,0.03010239538783251,0.06606981147329435,NA,0.18974272245346133,1.1799969324262025,OVA,Ovarian (OVC)
1346.15,x_1346.15,0.13104147914581796,-0.08726696008078103,0.6546660772805668,0.5908368705174715,0.013087290611300364,0.034180493635658775,NA,0.21830843922659898,1.4662216694767622,OVA,Ovarian (OVC)
1348.07,x_1348.07,0.22636230790012937,-0.02010264032796963,0.7109393558315562,0.6409959778629767,0.008546652660394114,0.024069639269483425,NA,0.246464948228099,1.6185304184265383,OVA,Ovarian (OVC)
1350,x_1350.00,0.31422380061332134,0.04234916866927669,0.7541437850360397,0.6719200049261336,0.006854741255545713,0.019904295260668455,2.891357431218595,0.27187463194404465,1.701053194609455,OVA,Ovarian (OVC)
1351.92,x_1351.92,0.3663176861593543,0.08394397914207946,0.7788988880114329,0.6752061698587162,0.007246825438586533,0.020912906744069162,2.1255833523587486,0.2823737070172748,1.6795855991682491,OVA,Ovarian (OVC)
1353.84,x_1353.84,0.3690975949713141,0.09738124791764183,0.7858498000078553,0.6522186163687411,0.016237508012775747,0.04005823216872117,1.9222755372869034,0.2717163470536723,1.3973082207017107,OVA,Ovarian (OVC)
1355.76,x_1355.76,0.33424856886102944,0.08992131874285696,0.7665477366314172,0.6096897086755011,0.03766050422920996,0.07948661727835511,1.894174556847865,0.24432725011817247,1.0997059849461266,OVA,Ovarian (OVC)
1357.69,x_1357.69,0.2742170316449061,0.06855116643634637,0.733014293243386,0.5593850690216272,0.08952288739734991,0.15883092925336276,2.000049275999354,0.2056658652085597,0.7990649232179313,OVA,Ovarian (OVC)
1359.61,x_1359.61,0.2093148230129039,0.0460297952955721,0.6989376899797296,0.5115439587176988,0.20308120404666108,0.2966889465369189,2.1850101007471796,0.1632850277173318,0.5276986334858007,OVA,Ovarian (OVC)
1361.53,x_1361.53,0.15074276559199837,0.03810452972954231,0.6672836190700843,0.47838345764746576,0.47277548776039824,0.5748310546891708,1.9840260604411146,0.11263823586245605,0.24045977756663978,OVA,Ovarian (OVC)
1363.46,x_1363.46,0.10752651450951,0.053508388290760316,0.6362969011077103,0.4623521963820055,0.9153645945760591,0.9394795784068224,1.006841927284776,0.05401812621874968,0.027112655778060345,OVA,Ovarian (OVC)
1365.38,x_1365.38,0.08281196334411872,0.08033995722128731,0.6038639197932734,0.45401928772138356,0.4007347721221697,0.5049690187792839,0.04372097099222635,0.0024720061228314105,0.2967352662099342,OVA,Ovarian (OVC)
1367.3,x_1367.30,0.06878483067636791,0.10308289105528873,0.5657561176192575,0.4422544765537093,0.201768485794749,0.29662505380202875,-0.5836355828564017,-0.03429806037892082,0.527792170002006,OVA,Ovarian (OVC)
1369.22,x_1369.22,0.05140466527652389,0.11015986115006747,0.5172266361619309,0.42006340817384147,0.11858235557622054,0.19834436934484115,-1.0996124737396986,-0.05875519587354358,0.7025801238874585,OVA,Ovarian (OVC)
1371.15,x_1371.15,0.005635720880669979,0.08434173364072034,0.47001969471663124,0.38480504520020054,0.05817140038996479,0.11284286175231759,-3.903335746767167,-0.07870601276005036,0.9475259084482524,OVA,Ovarian (OVC)
1373.07,x_1373.07,-0.06927662073189782,0.011046943973790644,0.42526318877570835,0.3440384872268011,0.0517665813409986,0.10320203316382451,NA,-0.08032356470568847,0.9863117466707076,OVA,Ovarian (OVC)
1374.99,x_1374.99,-0.1572267663399444,-0.0971419532564866,0.37742276424947807,0.3029800576287785,0.11597991177058484,0.19538958109098525,0.694686118606279,-0.0600848130834578,0.7090985982187407,OVA,Ovarian (OVC)
1376.92,x_1376.92,-0.253969764220284,-0.21949460163269893,0.3338809447622021,0.26307039629631335,0.3514630770198941,0.4564138569633347,0.21047218496171807,-0.03447516258758507,0.3406411786461183,OVA,Ovarian (OVC)
1378.84,x_1378.84,-0.3587539578108936,-0.34387128043159865,0.30505895276110123,0.23377758911490928,0.7228442327589535,0.7867978552149262,0.06112629252397332,-0.01488267737929494,0.10413683262356006,OVA,Ovarian (OVC)
1380.76,x_1380.76,-0.47215323543527304,-0.4597472842447109,0.2796481002840331,0.2189864932422201,0.7526734803376227,0.8098385547936446,0.0384141863391571,-0.012405951190562148,0.09160155118387225,OVA,Ovarian (OVC)
1382.69,x_1382.69,-0.5791317522417793,-0.5588944582970675,0.24817129066768995,0.21455098235172188,0.5781511819966059,0.6681969779565222,0.051315818233571245,-0.020237293944711743,0.17509549286995332,OVA,Ovarian (OVC)
1384.61,x_1384.61,-0.6585258722580273,-0.6393346880160284,0.22378109325422116,0.21481085573823458,0.7136058803225176,0.7803760211714081,0.042668816721180905,-0.019191184241998838,0.10769608375846941,OVA,Ovarian (OVC)
1386.53,x_1386.53,-0.7106351827750942,-0.7047888403331911,0.2092547823773301,0.21228990365681796,0.9822537248163677,0.9896629662751119,0.011918052816941182,-0.005846342441903074,0.004512680965959561,OVA,Ovarian (OVC)
1388.45,x_1388.45,-0.7469537613116514,-0.7507915074668793,0.20362276501187118,0.20421612817920376,0.8782145799136803,0.913382238286197,-0.007393402566569881,0.003837746155227917,0.03934743797676842,OVA,Ovarian (OVC)
1390.38,x_1390.38,-0.777464127654643,-0.7707049658806995,0.2046447920827352,0.19574470589473708,0.5053669974049657,0.6042431490711546,0.012597440122690028,-0.006759161773943534,0.21878826493762363,OVA,Ovarian (OVC)
1392.3,x_1392.30,-0.7976956126387851,-0.7766830283459697,0.1990435056015736,0.18968115733478993,0.2124446976103095,0.30844067121993696,0.03851245066347976,-0.021012584292815384,0.510828360446656,OVA,Ovarian (OVC)
1394.22,x_1394.22,-0.805812055382524,-0.7741490046468051,0.1862793972817151,0.18586851945630278,0.15349611544594152,0.24243052017222183,0.05783218595409079,-0.031663050735718845,0.6154127066674194,OVA,Ovarian (OVC)
1396.15,x_1396.15,-0.8069644400868425,-0.7620925729070057,0.1694419319664982,0.18368528607903575,0.06204391155214034,0.11838991285969637,0.08253895056837839,-0.04487186717983682,0.9266852990995373,OVA,Ovarian (OVC)
1398.07,x_1398.07,-0.7988389904726458,-0.742011555541369,0.16834662109291187,0.18716624251185732,0.028722331908596046,0.06424732137449116,0.10646323471718813,-0.05682743493127684,1.1921449744017711,OVA,Ovarian (OVC)
1399.99,x_1399.99,-0.7717729075552646,-0.7059090949988854,0.17243102388991027,0.1949743234675428,0.016182709033191238,0.040028658587391026,0.12869416535479725,-0.06586381255637919,1.3976289634261272,OVA,Ovarian (OVC)
1401.91,x_1401.91,-0.7083089840622145,-0.6481955863101915,0.17405583037856512,0.20715314549342853,0.044896646239329,0.09185637687915234,0.12794983308071714,-0.06011339775202307,1.0368906885982943,OVA,Ovarian (OVC)
1403.84,x_1403.84,-0.6045326042474619,-0.5656728934720431,0.18246252493671178,0.22662686513555128,0.29070977072950566,0.39053683280472384,0.09585227435306304,-0.03885971077541883,0.40833800012345434,OVA,Ovarian (OVC)
1405.76,x_1405.76,-0.46537541163426427,-0.45693364231312655,0.20403448990103912,0.2521648228467076,0.9871827401017306,0.99241423026792,0.026410377753911238,-0.008441769321137715,0.0033070169889811694,OVA,Ovarian (OVC)
1407.68,x_1407.68,-0.289522526525656,-0.313700996921085,0.24350245761128952,0.2799694595549938,0.5053669974049657,0.6042431490711546,-0.11571489545231024,0.024178470395428975,0.21878826493762363,OVA,Ovarian (OVC)
1409.61,x_1409.61,-0.09021471017666752,-0.13171735119520822,0.28668782180728186,0.3062668621444097,0.30446385002227794,0.4049412514521051,-0.5460158440749552,0.041502641018540704,0.3926079793059948,OVA,Ovarian (OVC)
1411.53,x_1411.53,0.12210108894756314,0.07418776173803807,0.33449099129785903,0.3303321795815791,0.2839919277929663,0.3831637121016212,0.7188153162785726,0.04791332720952507,0.41661562793448503,OVA,Ovarian (OVC)
1413.45,x_1413.45,0.3490378519224862,0.2992883937348402,0.3796181960846971,0.3574424665277693,0.357887614804369,0.46346941806382963,0.22184648015863792,0.049749458187646034,0.33397891740795405,OVA,Ovarian (OVC)
1415.37,x_1415.37,0.5832340813382946,0.5289340832411137,0.40784708103301814,0.3854593275864625,0.3246769358687401,0.4275675141370028,0.14098683003371143,0.05429999809718089,0.36899529917652774,OVA,Ovarian (OVC)
1417.3,x_1417.30,0.8053944411292278,0.7389786409684822,0.44368424301753046,0.41089759876425275,0.3931587756032544,0.49743363354403636,0.1241626876645797,0.06641580016074555,0.30326485362829525,OVA,Ovarian (OVC)
1419.22,x_1419.22,1.0059290556892024,0.9298424842762868,0.48076586273093724,0.43544959812202155,0.4509649891065363,0.5577410910246183,0.1134701947779166,0.07608657141291564,0.25356735811225345,OVA,Ovarian (OVC)
1421.14,x_1421.14,1.185471506280218,1.0902473832581612,0.5077558498715883,0.45419755401164025,0.3132760906233192,0.414304306552763,0.1208053528986517,0.09522412302205674,0.3826805523343871,OVA,Ovarian (OVC)
1423.07,x_1423.07,1.3375379024943452,1.205490113777845,0.5357884007031325,0.46608652670478035,0.13975052161274137,0.2245132950307787,0.14995983687876377,0.13204778871650014,0.648757936230627,OVA,Ovarian (OVC)
1424.99,x_1424.99,1.4431106334452872,1.2700760156904622,0.565702732676318,0.4753068802284651,0.053730237949231534,0.10554153882884765,0.1842669227095826,0.17303461775482498,0.9765765779625235,OVA,Ovarian (OVC)
1426.91,x_1426.91,1.4937348127300734,1.2901351410611268,0.5942686014293165,0.48039378813853395,0.02982191137004537,0.06591840929312628,0.2114016972108303,0.20359967166894655,1.1809932813405666,OVA,Ovarian (OVC)
1428.84,x_1428.84,1.5015144560087363,1.284310949284067,0.6181749594644097,0.48118348009586454,0.02450841442463002,0.056861954062106874,0.2254236611889891,0.21720350672466937,1.2451782198511974,OVA,Ovarian (OVC)
1430.76,x_1430.76,1.4831889055939278,1.2613759368583997,0.6363134991244834,0.4808147735791682,0.021323817680318644,0.050475365901513754,0.23370387012347432,0.22181296873552814,1.2969205241241475,OVA,Ovarian (OVC)
1432.68,x_1432.68,1.460019076104614,1.2359318976146956,0.6424186897819841,0.48089041471640526,0.016402884578511235,0.04014842167776965,0.24038778985104872,0.22408717848991833,1.396331523115276,OVA,Ovarian (OVC)
1434.6,x_1434.60,1.446733045784951,1.2213964519928082,0.6449300778280045,0.4802143297781542,0.015911145218437648,0.039671788744637865,0.24426699389016931,0.22533659379214277,1.4015182173626999,OVA,Ovarian (OVC)
1436.53,x_1436.53,1.450933272950196,1.2288036863721639,0.6568075957417099,0.4798807087599079,0.02411808609807182,0.056095548511684454,0.23972654378884414,0.22212958657803217,1.2510716010168674,OVA,Ovarian (OVC)
1438.45,x_1438.45,1.4853569397063726,1.2666729326054273,0.6752197638616698,0.4830398522607109,0.042322347415405956,0.0875473337022225,0.22976543828019694,0.21868400710094527,1.057757076034502,OVA,Ovarian (OVC)
1440.37,x_1440.37,1.558937475013023,1.3275596117348012,0.7009215658122596,0.4921670916902241,0.05088073671991921,0.10208903183073918,0.23178626092986962,0.23137786327822174,0.9910209148304415,OVA,Ovarian (OVC)
1442.3,x_1442.30,1.6532025014309846,1.4042342236212304,0.7379641240287644,0.5042865408866936,0.06414757278212233,0.12141291609571736,0.23547970249366254,0.24896827780975417,0.91573510987757,OVA,Ovarian (OVC)
1444.22,x_1444.22,1.7330234664136306,1.4837867106674714,0.7640886305453047,0.5137620858087152,0.08100604712704564,0.14650029799572084,0.22400732563120682,0.24923675574615922,0.8341614919121546,OVA,Ovarian (OVC)
1446.14,x_1446.14,1.7884107659628614,1.5533624147186087,0.7650304480939802,0.5172069991360264,0.10574966039954957,0.18076038843433062,0.2032835498312661,0.23504835124425272,0.7428967340884287,OVA,Ovarian (OVC)
1448.06,x_1448.06,1.8258767995552632,1.607770036538985,0.750010955696751,0.514785866288482,0.12182504927328398,0.20232046371318033,0.1835282471269664,0.21810676301627807,0.6939601882709835,OVA,Ovarian (OVC)
1449.99,x_1449.99,1.8373675055808782,1.6358455031712067,0.7126572325883455,0.5095392545339019,0.11945994001783351,0.1994554355654899,0.16760362287043917,0.20152200240967155,0.7001541237866714,OVA,Ovarian (OVC)
1451.91,x_1451.91,1.8175025559739988,1.6385538395320625,0.6550730482112583,0.5058872541199801,0.10708877782262868,0.18238252689281934,0.14953422866319172,0.17894871644193633,0.7390167714764868,OVA,Ovarian (OVC)
1453.83,x_1453.83,1.7838789654998128,1.6284626385712166,0.6052473069789653,0.5044423134417145,0.1010385143984669,0.17365994662236497,0.1315070351947483,0.1554163269285962,0.7603003368018569,OVA,Ovarian (OVC)
1455.76,x_1455.76,1.748518539794511,1.6148125655132584,0.5808590918788665,0.5060623578494636,0.10548343763433894,0.18063555712107493,0.11476630673136458,0.13370597428125275,0.7431967571149098,OVA,Ovarian (OVC)
1457.68,x_1457.68,1.7063539302428639,1.5990971005030818,0.5763645711921019,0.5104412446838968,0.17640410990201416,0.2708338961549807,0.09365931843971873,0.10725682973978201,0.5672969825576792,OVA,Ovarian (OVC)
1459.6,x_1459.60,1.6567082785138816,1.5759548477303922,0.5798958766358412,0.513988731410612,0.3009854855606718,0.4014571027093126,0.07209334222851208,0.0807534307834894,0.3963608540016055,OVA,Ovarian (OVC)
1461.52,x_1461.52,1.5876860803183865,1.5389122322259468,0.5844736564058483,0.5126232366095451,0.47966048451355464,0.5809359495079969,0.045014706312558994,0.04877384809243979,0.2358717476589613,OVA,Ovarian (OVC)
1463.45,x_1463.45,1.488384837536577,1.4776972157972574,0.5849133067610508,0.5065250949963455,0.7071638349508362,0.7742367513805993,0.010396904023474787,0.010687621739319475,0.11112621748751704,OVA,Ovarian (OVC)
1465.37,x_1465.37,1.3672032471218267,1.384851827605601,0.5765148315509121,0.49632619701094227,0.9202683391119298,0.9434768608219896,-0.018503881201532475,-0.017648580483774268,0.025268746628414333,OVA,Ovarian (OVC)
1467.29,x_1467.29,1.223033725729185,1.2583725412103828,0.5708481864453583,0.48083039252615667,0.8568232996871719,0.8961183279726015,-0.04109487480827371,-0.03533881548119777,0.047634640122960765,OVA,Ovarian (OVC)
1469.22,x_1469.22,1.055474976738478,1.1063186264005203,0.5632369638386495,0.46209418499605026,0.6280922131773627,0.711837841601011,-0.06787451183244955,-0.050843649662042356,0.1476189284399729,OVA,Ovarian (OVC)
1471.14,x_1471.14,0.8825992531562576,0.946816460081402,0.5513546849732035,0.44039017189589386,0.4629272695445199,0.5665405720211075,-0.10132614966153645,-0.06421720692514432,0.24676898328699476,OVA,Ovarian (OVC)
1473.06,x_1473.06,0.73036708830291,0.7912779932619858,0.5372563321349786,0.41406562750496023,0.4697330414645673,0.5726211131282535,-0.11556272574422416,-0.06091090495907581,0.24213264313584335,OVA,Ovarian (OVC)
1474.99,x_1474.99,0.6025652530948525,0.6473035388410802,0.5159450687838917,0.3912156643496637,0.5756195878346946,0.6669198446411888,-0.10332474333357897,-0.044738285746227624,0.1759263596694576,OVA,Ovarian (OVC)
1476.91,x_1476.91,0.49657633990805705,0.5268639460578941,0.4872241222918212,0.37205647853240814,0.6934303570001942,0.7618770667393437,-0.08541476681648144,-0.030287606149837054,0.11811509892791187,OVA,Ovarian (OVC)
1478.83,x_1478.83,0.42858941522927857,0.43106426072245213,0.4648616984850185,0.3518920319634445,0.9016518244351356,0.9305126444225738,-0.008306714615616485,-0.002474845493173561,0.031277721011838525,OVA,Ovarian (OVC)
1480.75,x_1480.75,0.3977167199497522,0.3614609939266413,0.45414476817125216,0.3314999068523014,0.7743467142290283,0.828391507785059,0.1379008791609771,0.03625572602311089,0.0817643619043603,OVA,Ovarian (OVC)
1482.68,x_1482.68,0.3870656839051896,0.3194558955705475,0.4595881686158778,0.3160292627058391,0.45617683152304345,0.5604800755243701,0.27696085453269753,0.0676097883346421,0.25143982150544547,OVA,Ovarian (OVC)
1484.6,x_1484.60,0.38539184283799083,0.29401301451340783,0.4845658469406233,0.3069342435053876,0.23500865510527008,0.3354703702647749,0.39044485506923476,0.091378828324583,0.47434583197416363,OVA,Ovarian (OVC)
1486.52,x_1486.52,0.3858680165115414,0.27453113461110545,0.5158567388169837,0.3050266711575875,0.13975052161274137,0.2245132950307787,0.49113617697148076,0.11133688190043595,0.648757936230627,OVA,Ovarian (OVC)
1488.45,x_1488.45,0.3789432502824602,0.2544164150446277,0.5390978708836381,0.31595963059320153,0.08428588478959505,0.15126161665695081,0.5747881893909009,0.12452683523783248,0.8202712622538013,OVA,Ovarian (OVC)
1490.37,x_1490.37,0.36411474600429783,0.2260718706760746,0.5621859476783655,0.340153493966554,0.03951735697185762,0.08303085116558848,0.6876092553869889,0.13804287532822324,1.0807605100157647,OVA,Ovarian (OVC)
1492.29,x_1492.29,0.3317153853821924,0.17848578171266216,0.5862956328666588,0.365729310063142,0.019385270450050104,0.046356081510989376,0.8941330410984771,0.15322960366953026,1.333893282157935,OVA,Ovarian (OVC)
1494.21,x_1494.21,0.26484460196712994,0.11027506210720521,0.5976447080603359,0.3862545874123336,0.02705274359663326,0.061097379861961586,1.264031895807281,0.15456953985992472,1.2139774139127815,OVA,Ovarian (OVC)
1496.14,x_1496.14,0.17942005870275227,0.02865149988280416,0.6085405720030015,0.40027266157154634,0.041082740522647446,0.08536080530816748,2.646616307417723,0.1507685588199481,1.0687414963572088,OVA,Ovarian (OVC)
1498.06,x_1498.06,0.07644567591020199,-0.06999551945660566,0.6189149616986676,0.4063634708109245,0.061698913508583746,0.11821410682484795,NA,0.14644119536680766,0.9273306947692573,OVA,Ovarian (OVC)
1499.98,x_1499.98,-0.04664503701457643,-0.1774103322842334,0.6088885188038361,0.4018150514323329,0.11655431856465938,0.1956522223661697,-1.9273173384132638,0.13076529526965697,0.7085152146895329,OVA,Ovarian (OVC)
1501.91,x_1501.91,-0.18388416132976276,-0.28241612730640864,0.5912716677654696,0.38772088609040206,0.3722797581314668,0.4787917109393693,-0.6190279929353351,0.09853196597664587,0.31985337690483623,OVA,Ovarian (OVC)
1503.83,x_1503.83,-0.31246895576566275,-0.38326559943311767,0.5790200966472621,0.3700504062818248,0.8928516827215917,0.924492052430441,-0.2946325025105259,0.07079664366745492,0.0340968179828396,OVA,Ovarian (OVC)
1505.75,x_1505.75,-0.40871060194398334,-0.4774206904364838,0.5746589248417032,0.35556043155914313,0.9036090928514378,0.9314864878024054,-0.22418193192388047,0.06871008849250043,0.030823440623257915,OVA,Ovarian (OVC)
1507.67,x_1507.67,-0.48041493374534855,-0.5589151291787224,0.5757648100184058,0.34580632459249655,0.8948061689587503,0.9254908937792384,-0.21834865131670037,0.07850019543337389,0.03362785006168097,OVA,Ovarian (OVC)
1509.6,x_1509.60,-0.5314547937430588,-0.6289099858375288,0.5830598444557343,0.3355803873536304,0.8393985039534442,0.8828319473526101,-0.24290698414594877,0.09745519209446996,0.054121959257658114,OVA,Ovarian (OVC)
1511.52,x_1511.52,-0.5607898162366437,-0.6898381403435306,0.5908275758543022,0.3191634138749723,0.5245085652613041,0.6207791247079991,-0.29879822647826176,0.12904832410688694,0.20706289577138304,OVA,Ovarian (OVC)
1513.44,x_1513.44,-0.5923066633706767,-0.7303186871052696,0.5793785046191959,0.2977791965000201,0.4982849379335441,0.5988385822209046,-0.3021822900954783,0.13801202373459287,0.22269022652229836,OVA,Ovarian (OVC)
1515.37,x_1515.37,-0.616788834297767,-0.7549272328266478,0.5571686057204656,0.2750904403665219,0.38906323960294414,0.4949307877942215,-0.2915613698284436,0.13813839852888077,0.30545552951223687,OVA,Ovarian (OVC)
1517.29,x_1517.29,-0.636316566630936,-0.7760830966861845,0.5275458847709689,0.2518358976638976,0.29070977072950566,0.39053683280472384,-0.28646685815139,0.13976653005524842,0.40833800012345434,OVA,Ovarian (OVC)
1519.21,x_1519.21,-0.6580708085652467,-0.7917885775998816,0.4868798151320139,0.2300916817664042,0.27195072091523975,0.37232843426017326,-0.26687279871306435,0.13371776903463495,0.42907379598481654,OVA,Ovarian (OVC)
1521.13,x_1521.13,-0.6823044401227798,-0.8007945659096898,0.4393466484357138,0.21447467905607082,0.2735718014296674,0.37232843426017326,-0.23101689240367057,0.11849012578690998,0.42907379598481654,OVA,Ovarian (OVC)
1523.06,x_1523.06,-0.6978472799045283,-0.8088568209744477,0.3928842038764656,0.20775977582910518,0.1394194359731345,0.2245132950307787,-0.21297328669933976,0.11100954106991934,0.648757936230627,OVA,Ovarian (OVC)
1524.98,x_1524.98,-0.7008149470241087,-0.8109097969409407,0.34713441860070393,0.2063946172323035,0.024666071703885187,0.057086081789932304,-0.21050817683673326,0.11009484991683194,1.243469764584983,OVA,Ovarian (OVC)
1526.9,x_1526.90,-0.6978094072864948,-0.8009012175812044,0.30636601250677375,0.2054257080324391,0.00959394064092878,0.02638333676255414,-0.19879153217327214,0.1030918102947096,1.5786702790730915,OVA,Ovarian (OVC)
1528.83,x_1528.83,-0.6938387152793567,-0.7846437081509513,0.2814067940762069,0.2056633758845571,0.014966410323394226,0.037923018028112744,-0.1774375994895323,0.0908049928715946,1.4210971074943362,OVA,Ovarian (OVC)
1530.75,x_1530.75,-0.6869352572592485,-0.7693535738328297,0.27714266358549006,0.20555689196209712,0.031931969029549215,0.06943346754099654,-0.16347286535670458,0.08241831657358112,1.1584311453250913,OVA,Ovarian (OVC)
1532.67,x_1532.67,-0.674990097327526,-0.7422282144578911,0.29822545797235755,0.20436408628783478,0.24389279861549176,0.3429676807814361,-0.13699670036376432,0.0672381171303651,0.4647468033379816,OVA,Ovarian (OVC)
1534.6,x_1534.60,-0.647021557139429,-0.7052038487181777,0.34088655869725604,0.2049030416103057,0.5309706340575948,0.6276327975269926,-0.1242267522834617,0.05818229157874866,0.2022943700359845,OVA,Ovarian (OVC)
1536.52,x_1536.52,-0.5951838846192706,-0.6642841579976515,0.39316942593394366,0.21102914636093933,0.4990692179853792,0.5990111923187799,-0.15846529712338067,0.06910027337838087,0.22256506289136527,OVA,Ovarian (OVC)
1538.44,x_1538.44,-0.5319126408097814,-0.6201273923237915,0.447579665528474,0.22052900682790633,0.4697330414645673,0.5726211131282535,-0.2213756808209644,0.08821475151401015,0.24213264313584335,OVA,Ovarian (OVC)
1540.36,x_1540.36,-0.473791844470436,-0.5769407927153369,0.50029764496036,0.22800404905219585,0.43407973549778306,0.5382819001199299,-0.2841704522300465,0.10314894824490095,0.2689902232127253,OVA,Ovarian (OVC)
1542.29,x_1542.29,-0.42070897430165394,-0.5383383477105371,0.5458319887089502,0.23739556296590772,0.3965915952076327,0.5004225931432342,-0.3556913533878492,0.11762937340888319,0.3006630909531707,OVA,Ovarian (OVC)
1544.21,x_1544.21,-0.3666895182768647,-0.5005961860066724,0.5739915838122115,0.24674397553023888,0.20133229085730053,0.29644990858515907,-0.4490893241604015,0.13390666772980775,0.5280486792403097,OVA,Ovarian (OVC)
1546.13,x_1546.13,-0.3168830948689891,-0.46565349151863195,0.5756270323599766,0.2554092003085953,0.061871213517213454,0.11830180907688052,-0.5553075539508597,0.14877039664964287,0.92700861406945545,OVA,Ovarian (OVC)
1548.06,x_1548.06,-0.28782072947781157,-0.4406595125898047,0.5560453551913646,0.26659644252659626,0.0330341531307531,0.07149753050290311,-0.6144955858158054,0.15283878311199312,1.1457089583035867,OVA,Ovarian (OVC)
1549.98,x_1549.98,-0.2789194984311143,-0.4313916278763161,0.5259391869418001,0.27686604138562215,0.016402884578511235,0.04014842167776965,-0.6291512137944802,0.15247212944520178,1.396331523115276,OVA,Ovarian (OVC)
1551.9,x_1551.90,-0.2735188110798127,-0.4281979635190829,0.49461263747437006,0.28147998217624526,0.004428176306479223,0.013486465298234766,-0.6466397828823347,0.15467915243927022,1.870101860752377,OVA,Ovarian (OVC)
1553.82,x_1553.82,-0.27677708334478573,-0.42682598749584133,0.461333665638853,0.2824307789385357,0.004128475306153725,0.012781868911436203,-0.6249253551062053,0.1500489041510556,1.8934056408112334,OVA,Ovarian (OVC)
1555.75,x_1555.75,-0.2768742180428613,-0.4208530850869338,0.43674338707455457,0.28234020436648216,0.007519277922863236,0.021632384178083462,-0.6040877565955741,0.14397886704407253,1.6648956128621561,OVA,Ovarian (OVC)
1557.67,x_1557.67,-0.2603345053567498,-0.401972941378756,0.4252115546473913,0.286869540091139,0.013926968298467972,0.035872494102114474,-0.6267338003367628,0.1416384360220062,1.4452384271397605,OVA,Ovarian (OVC)
1559.59,x_1559.59,-0.2324923733072173,-0.36349854171970036,0.4331605174939599,0.293172120721359,0.04270034368551474,0.0877468601010028,-0.644768422052493,0.13100616841248305,1.0567684152063652,OVA,Ovarian (OVC)
1561.52,x_1561.52,-0.19069986040588122,-0.3089264818457348,0.46267801191458857,0.2985348233563943,0.11455362739304108,0.1933350931633455,-0.6959626548696507,0.11822662143985357,0.713689307979217,OVA,Ovarian (OVC)
1563.44,x_1563.44,-0.13088077585409316,-0.24311477936774611,0.4978999366378578,0.3069691776273871,0.16710439025891036,0.25910879749930543,-0.8933894831108421,0.11223400351365295,0.586517841199663,OVA,Ovarian (OVC)
1565.36,x_1565.36,-0.06003138369143402,-0.16449656775002325,0.5310585760604221,0.31876699660904195,0.26183668295307905,0.3623469339706247,-1.4542839175289344,0.10446518405858923,0.44087540914982215,OVA,Ovarian (OVC)
1567.28,x_1567.28,0.03569977583334719,-0.07507311500543279,0.5616589272969442,0.33221001646620407,0.2812240902860589,0.3805275317184733,NA,0.11077289083877997,0.4196139159213945,OVA,Ovarian (OVC)
1569.21,x_1569.21,0.14823452857482983,0.02512978677298628,0.5923863367712562,0.34690348909895186,0.20705665677024146,0.30108549623666525,2.5603635255174564,0.12310474180184355,0.5213101646336863,OVA,Ovarian (OVC)
1571.13,x_1571.13,0.25290060513828955,0.1316244791954823,0.6137162620640608,0.36443872686621337,0.16111243231040795,0.25232851626504427,0.9421374101212565,0.12127612594280723,0.5980336660233372,OVA,Ovarian (OVC)
1573.05,x_1573.05,0.3479337523996181,0.23957435521229095,0.6221044178342438,0.38409578605516254,0.2138073927568614,0.30945806846387836,0.538337277638419,0.10835939718732715,0.509398189514523,OVA,Ovarian (OVC)
1574.98,x_1574.98,0.4441708027093912,0.35070636141750455,0.6196098750981628,0.40718459095777215,0.26606309345494544,0.36637554106093373,0.3408500960378886,0.09346444129188664,0.436073527189866,OVA,Ovarian (OVC)
1576.9,x_1576.90,0.5446008832012084,0.4610095689288938,0.6093236650192503,0.43340577771875044,0.27303070889105535,0.37232843426017326,0.24040214550852287,0.08359131427231459,0.42907379598481654,OVA,Ovarian (OVC)
1578.82,x_1578.82,0.6409524652974691,0.5668876691531186,0.5972948475071633,0.45706189885199605,0.31032020703232754,0.41155942351095925,0.17715418448054324,0.07406479614435046,0.3855674497841397,OVA,Ovarian (OVC)
1580.75,x_1580.75,0.7337610123943786,0.6557760693376369,0.5883633643108719,0.4704975217150789,0.24539612667677085,0.3429676807814361,0.1621067610670982,0.07798494305674175,0.4647468033379816,OVA,Ovarian (OVC)
1582.67,x_1582.67,0.8160621967348812,0.7247287198011801,0.5868783420346143,0.47612697055494063,0.17131998348831817,0.26520560357877065,0.17123782250003397,0.09133347693370109,0.5764173038810322,OVA,Ovarian (OVC)
1584.59,x_1584.59,0.881861516549214,0.789085473713283,0.5977213099634192,0.47775974073091015,0.1828148447830585,0.27884482850270753,0.160370345687085,0.092776042835931,0.5546374055872096,OVA,Ovarian (OVC)
1586.51,x_1586.51,0.9386206245631359,0.8497746454746048,0.6168784921201761,0.47626951699631775,0.24439318754845094,0.3429676807814361,0.14346170179723533,0.08884597908853109,0.4647468033379816,OVA,Ovarian (OVC)
1588.44,x_1588.44,0.9894827428737923,0.9029938277479307,0.6297148623079266,0.47166294088977945,0.2571376945491136,0.3567117869486962,0.13195827998561416,0.08648891512586165,0.4476825398845174,OVA,Ovarian (OVC)
1590.36,x_1590.36,1.0435309716688619,0.9612316450386477,0.6296678250872778,0.4716051070575381,0.3004083420339759,0.4012597140025249,0.11851725167305059,0.08229932663021422,0.39657444072631604,OVA,Ovarian (OVC)
1592.28,x_1592.28,1.1123252271226838,1.026816633205489,0.6237916807106593,0.477553980820338,0.3132760906233192,0.414304306552763,0.11539999285093533,0.08550859391719468,0.3826805523343871,OVA,Ovarian (OVC)
1594.21,x_1594.21,1.1758023369114294,1.0885708605997841,0.6173588882570026,0.485145447621842,0.29127437696764824,0.39073392032245496,0.1112101291279647,0.0872314763116453,0.4081188852445837,OVA,Ovarian (OVC)
1596.13,x_1596.13,1.220568040197157,1.1241345659797144,0.6113753569090806,0.48899852253840664,0.255068154886824,0.354893935742828,0.11873787299533631,0.09643347421744264,0.44990142160458524,OVA,Ovarian (OVC)
1598.05,x_1598.05,1.253152678946043,1.126956332601078,0.6136840422135961,0.48621350090430326,0.1361417081245755,0.22022923373093095,0.1531304535317327,0.1261963463449649,0.6571250322973267,OVA,Ovarian (OVC)
1599.97,x_1599.97,1.2601327096113444,1.0920878413025599,0.6272018595660622,0.47881339065512374,0.04650370363890272,0.09493660022352411,0.2064865984726424,0.1680448683087845,1.0225663248675052,OVA,Ovarian (OVC)
1601.9,x_1601.90,1.234412021261537,1.024041084258056,0.6458947114113448,0.46921156746539716,0.012335697194762851,0.03267387217309707,0.26955017956738736,0.21037093700348097,1.4857993943351435,OVA,Ovarian (OVC)
1603.82,x_1603.82,1.163919700050624,0.9306041588083486,0.6620448295317014,0.4586463817185325,0.0055327829577365584,0.016422704969789467,0.3227516784547329,0.2333155412422755,1.784555309049608,OVA,Ovarian (OVC)
1605.74,x_1605.74,1.0460028133049109,0.8077358606458832,0.6761331281904117,0.44409835747624565,0.005768390560513295,0.017014022631166973,0.372930828419369,0.23826695265902764,1.7691929938548268,OVA,Ovarian (OVC)
1607.67,x_1607.67,0.9303294514300168,0.671957015797304,0.6895979461910802,0.4257875075817275,0.0042098231319140185,0.012947975751117129,0.4693721538487782,0.2583724356327127,1.8877981226125202,OVA,Ovarian (OVC)
1609.59,x_1609.59,0.8388185899256044,0.5575307173070163,0.6879475529685195,0.4121967766346685,0.0016821381666189275,0.005719269766504354,0.5893066742079659,0.2812878726185881,2.242659418168987,OVA,Ovarian (OVC)
1611.51,x_1611.51,0.7643611180205917,0.46488454402905505,0.6767449314914064,0.40541494837012154,5.944196220425881e-4,0.0022501309579344934,0.7173807149063656,0.29947657399153665,2.647792205153867,OVA,Ovarian (OVC)
1613.43,x_1613.43,0.697008749103963,0.3900866734107835,0.6772736497433408,0.40345246364042664,3.3560219487573046e-4,0.001346729837806043,0.8373804246797242,0.30692207569317953,2.8707195176532716,OVA,Ovarian (OVC)
1615.36,x_1615.36,0.6464173210206482,0.32642047267096197,0.6973806720757709,0.4024909622406009,2.4121424949083114e-4,9.891900143593295e-4,0.9857321241946175,0.3199968483496862,3.0047202763893193,OVA,Ovarian (OVC)
1617.28,x_1617.28,0.6131039258623953,0.27275008467870543,0.7147899620366195,0.4004479551372079,6.103543875054254e-5,2.783811474719867e-4,1.1685490618411676,0.34035384118368983,3.555360179356441,OVA,Ovarian (OVC)
1619.2,x_1619.20,0.5898546970702846,0.2301552583394467,0.7279763029798995,0.40131135295812637,2.402258583955014e-5,1.1884189290994382e-4,1.3577483827561327,0.3596994387308379,3.925030439384393,OVA,Ovarian (OVC)
1621.13,x_1621.13,0.5753028102359271,0.2025267135621947,0.7378509489226078,0.4069771821440187,4.40032277602916e-5,2.0267496529986523e-4,1.5062046876767419,0.3727760966737324,3.6931998926665677,OVA,Ovarian (OVC)
1623.05,x_1623.05,0.5721769241004774,0.17856451008617844,0.7398082671334482,0.416181891460693,2.2613801333031576e-5,1.124675757786411e-4,1.6800103854083348,0.3936124140142989,3.948972665908896,OVA,Ovarian (OVC)
1624.97,x_1624.97,0.5868936076031845,0.15120709926886305,0.7492754475478415,0.42990312417420085,4.998306627969494e-6,3.01510754654934e-5,1.9565660349242364,0.4356865083343215,4.520697192299977,OVA,Ovarian (OVC)
1626.9,x_1626.90,0.6379178705210939,0.13932481886308845,0.7823385683037946,0.4478316482277654,8.405988865172175e-7,6.092712859640298e-6,2.1949103234318335,0.4985930516580055,5.215189289036576,OVA,Ovarian (OVC)
1628.82,x_1628.82,0.7183413007605427,0.14372485575763266,0.8240501787583259,0.47188549028879667,1.1889482844033904e-7,1.0792880057448253e-6,2.3213518527560786,0.5746164450029101,5.966862649278466,OVA,Ovarian (OVC)
1630.74,x_1630.74,0.8131279485022106,0.1616918067500348,0.8754157171428405,0.5028829069263417,4.12319753723067e-8,4.589511544417472e-7,2.3302286586144243,0.6514361417521758,6.338233533384807,OVA,Ovarian (OVC)
1632.66,x_1632.66,0.9027946143967698,0.19014121758634484,0.9400740817324915,0.5442351352886138,5.639086078522473e-8,5.669403745611304e-7,2.247320518735419,0.7126533968104249,6.246462613700974,OVA,Ovarian (OVC)
1634.59,x_1634.59,0.9813262419769966,0.23813263454358413,0.9952514159306114,0.5917922412268617,1.6866138400810634e-7,1.460170315255365e-6,2.0429629058273955,0.7431936074334125,5.835596484858273,OVA,Ovarian (OVC)
1636.51,x_1636.51,1.092066880566881,0.3142682997848896,1.0116740222909493,0.639046366636138,5.188913574212445e-8,5.45127437290858e-7,1.7969892831244907,0.7777985807819914,6.263501958562766,OVA,Ovarian (OVC)
1638.43,x_1638.43,1.2164757963569939,0.39152374421344976,1.006963426495925,0.6689862276846835,3.1622175351040644e-9,5.7277839810363564e-8,1.635533408621275,0.8249520521435441,7.2420133694734155,OVA,Ovarian (OVC)
1640.36,x_1640.36,1.313548736943044,0.4713508185263844,0.9862146444474931,0.6815118487544998,2.580412576667914e-10,9.279560612248075e-9,1.4785946291901646,0.8421979184166597,8.032472587164087,OVA,Ovarian (OVC)
1642.28,x_1642.28,1.3884129525318039,0.5526016418592928,0.9499668107601027,0.6840046000913239,3.5345673576553814e-11,1.5737240378132294e-9,1.329123403913735,0.835811310672511,8.80307142150836,OVA,Ovarian (OVC)
1644.2,x_1644.20,1.4361979955366482,0.6208709862222807,0.9003047282431578,0.6780477225486695,8.942403779319212e-12,4.400603965086033e-10,1.2098879148212787,0.8153270093143675,9.356487714262999,OVA,Ovarian (OVC)
1646.12,x_1646.12,1.4783218386190238,0.6803735730403858,0.8440256357166875,0.6603463531447041,2.3762563251147646e-12,1.2787080688546583e-10,1.1195602313313298,0.797948265578638,9.89322859434615,OVA,Ovarian (OVC)
1648.05,x_1648.05,1.5151701220635378,0.7274103501327831,0.787229229881733,0.6320406916304682,2.609208022884441e-13,3.0495118767461905e-11,1.0586373974660752,0.7877597719307547,10.515769670883001,OVA,Ovarian (OVC)
1649.97,x_1649.97,1.5263882288512234,0.7578888185404973,0.7466318413233768,0.6056439034270977,1.0813725716643687e-13,2.378604174451017e-11,1.0100628651226233,0.7684994103107261,10.623677823265105,OVA,Ovarian (OVC)
1651.89,x_1651.89,1.5157434328904886,0.7719502526826522,0.7203293106339553,0.5860732952269656,1.5263770103428985e-13,2.378604174451017e-11,0.9734448717238844,0.7437931802078365,10.623677823265105,OVA,Ovarian (OVC)
1653.82,x_1653.82,1.4941298853639398,0.7863202688087032,0.6865597421987628,0.5695054063292897,1.4982817328550593e-13,2.378604174451017e-11,0.9261157505033296,0.7078096165552366,10.623677823265105,OVA,Ovarian (OVC)
1655.74,x_1655.74,1.4720714463146343,0.8016068607337826,0.6425612924127146,0.5535355215731611,3.4049410587148873e-13,3.394241424364029e-11,0.8768801125988188,0.6704645855808516,10.469257270580462,OVA,Ovarian (OVC)
1657.66,x_1657.66,1.4380851870897655,0.7940256875278561,0.6044206164065108,0.5359636615923441,3.6302047319401383e-13,3.394241424364029e-11,0.8568907388703083,0.6440594995619094,10.469257270580462,OVA,Ovarian (OVC)
1659.58,x_1659.58,1.3924136694682838,0.7828366436919492,0.5652901064212087,0.516646124646402,4.560715112483882e-13,3.8766078456113e-11,0.8308038819641682,0.6095770257763347,10.4115481296353,OVA,Ovarian (OVC)
1661.51,x_1661.51,1.3500711220261903,0.7725139666845751,0.519599635324419,0.49886706231029887,5.724366049559091e-13,4.4602352136147926e-11,0.8054016902217175,0.5775571553416152,10.350642237861535,OVA,Ovarian (OVC)
1663.43,x_1663.43,1.3050832109351185,0.7611644862596483,0.4787673577661345,0.48429808939343355,9.23873741249002e-13,6.644784215906283e-11,0.777860848430908,0.5439187246754702,10.177519117860875,OVA,Ovarian (OVC)
1665.35,x_1665.35,1.275842308243284,0.7569454759181159,0.4526657179148288,0.4690491360977579,1.5944520340339467e-12,9.938751012144935e-11,0.7531879612447747,0.518896832325168,10.002668189306418,OVA,Ovarian (OVC)
1667.28,x_1667.28,1.251140813105484,0.741481298079169,0.43371833958236927,0.450609638843969,1.0107203422389211e-12,6.750167999952795e-11,0.7547611681061028,0.509659515026315,10.170685418199419,OVA,Ovarian (OVC)
1669.2,x_1669.20,1.2183757809953812,0.7302182113208623,0.41536165230668154,0.4366163165324243,2.026463553106243e-12,1.1842146388464608e-10,0.7385588230725643,0.48815756967451895,9.926569574624612,OVA,Ovarian (OVC)
1671.12,x_1671.12,1.1934622502502572,0.739109620052834,0.3984756484091685,0.43425981788709184,1.4322296326463344e-11,6.695673532621614e-10,0.6912919342072638,0.4543526301974232,9.174205729811305,OVA,Ovarian (OVC)
1673.04,x_1673.04,1.181918736481554,0.7545728199814692,0.40024436364878985,0.4370031190100046,1.035097073813429e-10,4.03256568339815e-9,0.6473981145443058,0.4273459165000848,8.394418549988586,OVA,Ovarian (OVC)
1674.97,x_1674.97,1.1620815815647563,0.7616502881450419,0.412105600375045,0.4337876608228346,8.293616014340782e-10,2.215580278116752e-8,0.6095100598698395,0.4004312934197144,7.654512509359976,OVA,Ovarian (OVC)
1676.89,x_1676.89,1.1386422269657348,0.7479068810215724,0.42297791470944474,0.42221798157100077,2.5994937426747305e-9,4.960258468165047e-8,0.6063832847094958,0.39073534594416237,7.304495692789401,OVA,Ovarian (OVC)
1678.81,x_1678.81,1.122345504633309,0.73491977673105,0.4344114488662432,0.4156279918599327,7.882570345482475e-9,1.1338774266194022e-7,0.6108575080390857,0.38742572790225904,6.94543389061065,OVA,Ovarian (OVC)
1680.74,x_1680.74,1.111912969962701,0.7204228018840813,0.451646902206139,0.4123511189933281,1.3904405160510518e-8,1.831073073954554e-7,0.626127417488387,0.3914901680786198,6.737294323649163,OVA,Ovarian (OVC)
1682.66,x_1682.66,1.1114033883222822,0.707805732644185,0.48234827333046804,0.41428529484851523,2.5908559092268496e-8,3.1460393183468886e-7,0.6509564519895871,0.40359765567809724,6.502235853984065,OVA,Ovarian (OVC)
1684.58,x_1684.58,1.112437072033001,0.713301206511972,0.5095577196943152,0.4226629790900249,1.4950238014599226e-7,1.3063993031448856e-6,0.6411396838963567,0.399135865521029,5.883924059931226,OVA,Ovarian (OVC)
1686.51,x_1686.51,1.1056157127757091,0.7086487215801562,0.5403766275936616,0.42406118563965806,6.731680825436581e-7,4.99533458078032e-6,0.641706730005766,0.3969669911955529,5.301435418004503,OVA,Ovarian (OVC)
1688.43,x_1688.43,1.1005025056487923,0.7046433057676699,0.5714161887228729,0.4214195020584408,2.4540216516617047e-6,1.6045526183941914e-5,0.6431966461134744,0.3958591998811224,4.794646036434761,OVA,Ovarian (OVC)
1690.35,x_1690.35,1.0822768460320324,0.7144729796059983,0.5913854985209435,0.4241442174431812,1.6122481220435522e-5,8.421519520171627e-5,0.599117544320775,0.36780386642603413,4.074609540366563,OVA,Ovarian (OVC)
1692.27,x_1692.27,1.0590162282986266,0.7259811795966171,0.6018779346014104,0.4357557776784656,8.727003202853711e-5,3.941907243801072e-4,0.544720019073308,0.3330350487020095,3.404293599229408,OVA,Ovarian (OVC)
1694.2,x_1694.20,1.0293065280854132,0.7339742530008966,0.6133951239791959,0.4424106415804616,5.301492605763047e-4,0.0020398747269088266,0.4878707567351063,0.29533227508451665,2.690396502712714,OVA,Ovarian (OVC)
1696.12,x_1696.12,0.9959868766886616,0.7389301256757901,0.6227749358624508,0.45090410535423875,0.0028419530847547765,0.009226479632797624,0.43068828184703817,0.2570567510128715,2.0349639726127475,OVA,Ovarian (OVC)
1698.04,x_1698.04,0.970579574435141,0.7452746732324235,0.6282717377258863,0.4630795695388945,0.013178323402642042,0.03432237432164432,0.3810738167647761,0.2253049012027175,1.4644226765598873,OVA,Ovarian (OVC)
1699.97,x_1699.97,0.9427242307349962,0.738873701636549,0.6457924969804513,0.47400302544819495,0.03437856870962147,0.07372468289792677,0.35150760743424125,0.20385052909844725,1.1323870867446522,OVA,Ovarian (OVC)
1701.89,x_1701.89,0.9285982683242575,0.7203031107089809,0.6627066078077849,0.48854569275411824,0.031931969029549215,0.06943346754099654,0.36645000651506826,0.20829515761527662,1.1584311453250913,OVA,Ovarian (OVC)
1703.81,x_1703.81,0.908681494448385,0.7133266289578936,0.687889291744597,0.5021080018214504,0.06152701087140773,0.11821410682484795,0.34921143212603645,0.19535486549049141,0.9273306947692573,OVA,Ovarian (OVC)
1705.73,x_1705.73,0.890071637339912,0.7068448695241605,0.7228319350628006,0.5157080162851452,0.11398699314183994,0.19272665205717965,0.33252741271967984,0.18322676781575153,0.7150582228588774,OVA,Ovarian (OVC)
1707.66,x_1707.66,0.8642644601653985,0.7027458663804449,0.7661503683423846,0.5304044745609192,0.24339312974070706,0.3429676807814361,0.2984693904595061,0.1615185937849536,0.4647468033379816,OVA,Ovarian (OVC)
1709.58,x_1709.58,0.8184978421566337,0.7000755094480139,0.8172095977161827,0.5467679380620597,0.5849275755538736,0.6751941767195949,0.22546777700233428,0.11842233270861979,0.1705713119828936,OVA,Ovarian (OVC)
1711.5,x_1711.50,0.7828460681384907,0.7051708515164635,0.8719393862960637,0.5667210043064169,0.9990140147736253,0.9990140147736253,0.1507556121482357,0.07767521662202714,4.2841918527138854e-4,OVA,Ovarian (OVC)
1713.43,x_1713.43,0.7590478227160107,0.7236924528889087,0.9140546413951648,0.5907438432119658,0.6843300069174615,0.7563221707657524,0.06881396420160582,0.03535536982710197,0.12129316854465874,OVA,Ovarian (OVC)
1715.35,x_1715.35,0.7359739907673373,0.751469174285154,0.945310407823239,0.6164843680083474,0.3877038517775053,0.4938734351661683,-0.03005910220889665,-0.015495183517816757,0.306384333366736,OVA,Ovarian (OVC)
1717.27,x_1717.27,0.7104635096606271,0.77817098599439,0.970473015403712,0.644140095708085,0.20133229085730053,0.29644990858515907,-0.1313264612730395,-0.06770747633376295,0.5280486792403097,OVA,Ovarian (OVC)
1719.19,x_1719.19,0.6738008146973009,0.787999808740419,0.9816172520527775,0.6743362312022457,0.10285036337131988,0.17644970596731024,-0.2258727963864349,-0.11419899404311806,0.753379061004103,OVA,Ovarian (OVC)
1721.12,x_1721.12,0.6198080553253733,0.7781132289541243,0.9669856014643676,0.7014159739830478,0.03987403249053061,0.08340541471732914,-0.3281581290458521,-0.15830517362875096,1.0788057538523983,OVA,Ovarian (OVC)
1723.04,x_1723.04,0.5292242209111143,0.7431288315542581,0.9443172814701196,0.7191847958212301,0.010490210915392593,0.02853122010649118,-0.48973246800674897,-0.2139046106431438,1.5446796558162392,OVA,Ovarian (OVC)
1724.96,x_1724.96,0.40856575635056636,0.67350577721232,0.9108793823974909,0.7243858303382409,0.0024053499696194865,0.007975185182958226,-0.7211206411955112,-0.2649400208617536,2.0982592238816684,OVA,Ovarian (OVC)
1726.89,x_1726.89,0.27206096330391216,0.5668209168247809,0.8548512723347405,0.7140941510662653,7.519847124292633e-4,0.002746506664536567,-1.0589602737918669,-0.2947599535208687,2.561219342803939,OVA,Ovarian (OVC)
1728.81,x_1728.81,0.13798962650946986,0.4334831563720675,0.7775858230411018,0.685155756677758,3.436383760281128e-4,0.001373084964043955,-1.651408994350698,-0.2954935298625977,2.8623025885652904,OVA,Ovarian (OVC)
1730.73,x_1730.73,0.027335029983695042,0.29622735895054186,0.6885497735838363,0.6426961866047805,3.5519181579463614e-4,0.0014132099905020629,-3.437834120929779,-0.26889232896684684,2.849793301038649,OVA,Ovarian (OVC)
1732.66,x_1732.66,-0.06760978244756195,0.15153380141132133,0.5967984255556787,0.5883176251407057,0.0016679968165151074,0.005712736349603023,NA,-0.21914358385888327,2.2431558187461595,OVA,Ovarian (OVC)
1734.58,x_1734.58,-0.14909861390073675,0.019753757937638505,0.5051741644583636,0.5198327523543422,0.008062361463022569,0.02291279017606718,NA,-0.16885237183837526,1.6399220219286135,OVA,Ovarian (OVC)
1736.5,x_1736.50,-0.2178352829058014,-0.08224386114499857,0.4250276364005295,0.44979996677705936,0.016681801735587854,0.040724502931526484,1.4052686638364025,-0.13559142176080283,1.3901442078276203,OVA,Ovarian (OVC)
1738.42,x_1738.42,-0.2799849949888343,-0.17446502838359992,0.35146949408807016,0.3828174685201549,0.0420719256098653,0.08722228480094026,0.6824147521958281,-0.10551996660523436,1.0593725411039583,OVA,Ovarian (OVC)
1740.35,x_1740.35,-0.3215988751721205,-0.2513311011089274,0.3045453018453741,0.3247854772414636,0.15708807651865125,0.24726826859417328,0.35567440537537465,-0.07026777406319307,0.606831612141106,OVA,Ovarian (OVC)
1742.27,x_1742.27,-0.37660519785232177,-0.31930682245006453,0.2633542242893056,0.27464248496106564,0.24189844071412078,0.3426894576783378,0.23811022089284442,-0.05729837540225724,0.46509925577599387,OVA,Ovarian (OVC)
1744.19,x_1744.19,-0.44225481216063123,-0.379583138466291,0.23272962521393514,0.23472804368686087,0.16634636556985363,0.25879176673513005,0.2204624719659248,-0.06267167369434024,0.5870495445349406,OVA,Ovarian (OVC)
1746.12,x_1746.12,-0.4962826365383241,-0.43271477306000194,0.21208895440306985,0.20756921712773954,0.07158902491153202,0.13307303835443826,0.1977460311372711,-0.06356786347832216,0.8759099270948814,OVA,Ovarian (OVC)
1748.04,x_1748.04,-0.5287345932346359,-0.47206807699696307,0.18974234801467635,0.19768372845212787,0.06778433985612027,0.12726577864552702,0.163549121953793,-0.056666516237672826,0.8952883610236667,OVA,Ovarian (OVC)
1749.96,x_1749.96,-0.5476991248499885,-0.5035539281997872,0.1786881375866997,0.19450561035302388,0.1652141806639931,0.2583198309712936,0.12123751386471365,-0.044145196650201335,0.5878422521665625,OVA,Ovarian (OVC)
1751.88,x_1751.88,-0.5568914457932432,-0.5334324427093721,0.1690354807045774,0.19114475713159848,0.5085315108558193,0.6064757176660599,0.06209067551425943,-0.023459003083871166,0.21718658291736104,OVA,Ovarian (OVC)
1753.81,x_1753.81,-0.5594592251301499,-0.5468651290269111,0.15998013212444662,0.19572358852775254,0.7790823075999542,0.8325050944068082,0.03284797571533702,-0.012594096103238805,0.07961310020483064,OVA,Ovarian (OVC)
1755.73,x_1755.73,-0.5786907212573644,-0.5518973489598662,0.1551229808888298,0.2013813662942794,0.40212158873862064,0.5053544159551214,0.06839267755632286,-0.02679337229749823,0.2964039349368559,OVA,Ovarian (OVC)
1757.65,x_1757.65,-0.5991419702755195,-0.5613394989508134,0.15425470810274086,0.1964165769689923,0.23403585674604868,0.33510494036379096,0.0940244820339924,-0.037802471324706155,0.47481916942847924,OVA,Ovarian (OVC)
1759.58,x_1759.58,-0.5945748541909143,-0.5695140958135249,0.1639491453439984,0.1897368055399789,0.4133193909873346,0.5173408709145353,0.06212700679162966,-0.025060758377389414,0.2862232101439966,OVA,Ovarian (OVC)
1761.5,x_1761.50,-0.5986696320580921,-0.5815727278803937,0.15159001275989448,0.1785921582386647,0.6003078887714097,0.6870108641386391,0.04180054373151974,-0.01709690417769838,0.16303639511198498,OVA,Ovarian (OVC)
1763.42,x_1763.42,-0.6173148720140161,-0.5817726212140245,0.14358053904012819,0.16849269136890213,0.1303921132352001,0.2131409543267694,0.08555128777865308,-0.035542250799991626,0.6713330940247316,OVA,Ovarian (OVC)
1765.34,x_1765.34,-0.6440132161387712,-0.5995543456753268,0.13875593296406366,0.16266244220472234,0.05161805065269297,0.10312580632535881,0.10319993064905414,-0.04445887046344432,0.9866326427447101,OVA,Ovarian (OVC)
1767.27,x_1767.27,-0.6382492728850754,-0.638127819501993,0.14978359172077085,0.16409303605851014,0.958607194525671,0.9710701266321804,2.7455909324147e-4,-1.2145338308233722e-4,0.012749406024358242,OVA,Ovarian (OVC)
1769.19,x_1769.19,-0.6597168207536445,-0.6678770190348893,0.1755032912362637,0.17169437970838272,0.6413031329973238,0.7224318425933708,-0.017735610455447366,0.008160198281244813,0.1412031198958041,OVA,Ovarian (OVC)
1771.11,x_1771.11,-0.6796130328410624,-0.688465964600367,0.1897865459152497,0.18357433006893925,0.5968742654476928,0.6855988184196472,-0.018671842376004475,0.008852931759304572,0.16392993955958016,OVA,Ovarian (OVC)
1773.04,x_1773.04,-0.6935755750206556,-0.6948096235359654,0.1912295720819629,0.18840684450794715,0.7498604474888781,0.8086730316056528,-0.0025646466248686207,0.001234048515309838,0.0922270399116959,OVA,Ovarian (OVC)
1774.96,x_1774.96,-0.713904780937112,-0.6990912024697516,0.17392097845199353,0.189735292270113,0.8860161807793823,0.9194507536389815,0.03025102651361754,-0.014813578467360311,0.036471526888759424,OVA,Ovarian (OVC)
1776.88,x_1776.88,-0.7217589906984759,-0.6985257868345248,0.17179605703281509,0.18030696568826102,0.5489471618571351,0.6456171023099639,0.047203864937110665,-0.023233203863951113,0.1900249737313572,OVA,Ovarian (OVC)
1778.81,x_1778.81,-0.7291581476282757,-0.688991626361559,0.16289228383832224,0.1647049741059344,0.1771961630994187,0.2711594312568846,0.08174542170184217,-0.040166521266716715,0.5667752856722266,OVA,Ovarian (OVC)
1780.73,x_1780.73,-0.739129439332589,-0.6782951796016787,0.14411088230158783,0.15695731163623922,0.010602620754750446,0.028651590767894992,0.12391397200217766,-0.06083425973091028,1.5428512605189393,OVA,Ovarian (OVC)
1782.65,x_1782.65,-0.7513786332204763,-0.6667765024546656,0.13529079048681217,0.15415145325007917,1.1605988091491422e-4,5.094647354715718e-4,0.17233707069370183,-0.08460213076581069,3.2928858719522367,OVA,Ovarian (OVC)
1784.57,x_1784.57,-0.7570419615509651,-0.6724629655343676,0.14425926522640958,0.15765886192147333,2.680052640062577e-5,1.298367470703891e-4,0.1709186917540502,-0.08457899601659757,3.8866023738586355,OVA,Ovarian (OVC)
1786.5,x_1786.50,-0.728637899468919,-0.6893355349815752,0.15376389752590194,0.15441483864929467,0.02629157392304136,0.0601042093350701,0.07999576284648297,-0.03930236448734381,1.2210951115750022,OVA,Ovarian (OVC)
1788.42,x_1788.42,-0.7465629257553359,-0.687875846153923,0.1618384198165767,0.1542269026893988,0.008151249893188545,0.02309520803070088,0.11811583297927017,-0.05868707960141284,1.636478121480714,OVA,Ovarian (OVC)
1790.34,x_1790.34,-0.7655833051799406,-0.6833876685185495,0.15862595962181963,0.15764175402016045,7.621647502436752e-4,0.002772856192520764,0.1638553813555948,-0.08219563666139107,2.5570726534708923,OVA,Ovarian (OVC)
1792.27,x_1792.27,-0.7571990383403318,-0.677369891850029,0.14995085106732073,0.1592283695168019,0.001696389732573094,0.005746827536071895,0.16072894086316863,-0.0798291464903027,2.240571835971606,OVA,Ovarian (OVC)
1794.19,x_1794.19,-0.7653717715857514,-0.6776529265059983,0.1368824644923606,0.1614014898890919,3.7232811246428843e-4,0.0014688893888359059,0.17561437914808353,-0.08771884507975314,2.833010906474443,OVA,Ovarian (OVC)
1796.11,x_1796.11,-0.7761642006740079,-0.6791053548442108,0.1277349886160028,0.1595318833509418,3.0208288728719657e-5,1.4484487159668142e-4,0.1927267500979172,-0.09705884582979718,3.8390968768957787,OVA,Ovarian (OVC)
1798.03,x_1798.03,-0.7892735762093013,-0.6850040060003627,0.12502491055573892,0.15043445996117977,2.88913892747368e-6,1.8502362309506104e-5,0.20441330364594504,-0.10426957020893857,4.732772819030155,OVA,Ovarian (OVC)
1799.96,x_1799.96,-0.7983346375396142,-0.7093979938295172,0.12379099803595557,0.13409684183912104,3.037257994158458e-5,1.4488960329276317e-4,0.17039858320798462,-0.08893664371009702,3.838962776672212,OVA,Ovarian (OVC)
1801.88,x_1801.88,-0.81865729050971,-0.7315331592202601,0.12518947247891857,0.13290853613999745,1.991805517276981e-5,1.012140303616292e-4,0.16233658064426074,-0.08712413128944996,3.994759281109997,OVA,Ovarian (OVC)
1803.8,x_1803.80,-0.8245045836375503,-0.7441575065304004,0.14311181199924708,0.1388932893270742,1.4330034623508483e-4,6.11807414291344e-4,0.14791969202556873,-0.08034707710714994,3.2133852642485174,OVA,Ovarian (OVC)
1805.73,x_1805.73,-0.8302384068494931,-0.7530265377054755,0.139982374346579,0.1426781577761531,1.36315998894554e-4,5.928160882158511e-4,0.14082514239012184,-0.07721186914401768,3.2270800187119977,OVA,Ovarian (OVC)
1807.65,x_1807.65,-0.8502940912048967,-0.7518131008784024,0.1351029376624271,0.1442073469290286,3.258211044837468e-6,2.0583968425155625e-5,0.177588079140382,-0.09848099032649438,4.686470892984612,OVA,Ovarian (OVC)
1809.57,x_1809.57,-0.8462154723841061,-0.7419277071024836,0.151067335922751,0.14984305690803607,9.045664206279343e-6,5.094997610163365e-5,0.1897466855864736,-0.10428776528162254,4.292856015365721,OVA,Ovarian (OVC)
1811.49,x_1811.49,-0.8224592987100833,-0.7284562968298276,0.15996974149054602,0.15374224969334285,9.045872767095177e-5,4.066293767900957e-4,0.17510209037519772,-0.09400300188025568,3.39080124911911,OVA,Ovarian (OVC)
1813.42,x_1813.42,-0.8208802468387754,-0.7182835237775511,0.1588416816693023,0.15508291384768283,1.3934205959481773e-5,7.444847184065975e-5,0.1926185996070826,-0.10259672306122425,4.128144212323898,OVA,Ovarian (OVC)
1815.34,x_1815.34,-0.8056998811041192,-0.7064770568159304,0.15052954935911964,0.15558974855507887,1.2803797502363387e-5,7.042088626299862e-5,0.18960008501754053,-0.09922282428818874,4.1522985135358175,OVA,Ovarian (OVC)
1817.26,x_1817.26,-0.7869722182553746,-0.7036650908232945,0.15003357015076416,0.15643196376754132,2.519298269015157e-4,0.0010241495137083354,0.16142398158396096,-0.08330712743208002,2.989636636877234,OVA,Ovarian (OVC)
1819.19,x_1819.19,-0.7751127539066769,-0.7086548992970927,0.14743479348418642,0.15154912677023058,0.0032060076797706134,0.010195976804712665,0.12932313083448888,-0.0664578546095842,1.991571161197744,OVA,Ovarian (OVC)
1821.11,x_1821.11,-0.7692222970113557,-0.7077154745030722,0.14100508001995832,0.1530002757902014,0.008062361463022569,0.02291279017606718,0.12023128007796847,-0.06150682250828354,1.6399220219286135,OVA,Ovarian (OVC)
1823.03,x_1823.03,-0.7614974547968199,-0.7100220262868255,0.13588001739509695,0.14998984618003436,0.03000864984556427,0.0660190296602414,0.10097557149414506,-0.051475428509994314,1.1803308631668654,OVA,Ovarian (OVC)
1824.96,x_1824.96,-0.7712387619151145,-0.7217380762257247,0.14124095792977415,0.14906439631635274,0.022536990528510166,0.05294494006069599,0.09570232250634902,-0.04950068568938981,1.2761755390262353,OVA,Ovarian (OVC)
1826.88,x_1826.88,-0.7880527130816192,-0.7318156771509068,0.1483689689361253,0.1499371255071753,0.009457054721929863,0.026160787470427282,0.10681195408810337,-0.05623703593071239,1.582349187377053,OVA,Ovarian (OVC)
1828.8,x_1828.80,-0.7956079396255387,-0.7329231475752135,0.15539602435029626,0.14836526231366345,0.00889452536739708,0.024974117773322133,0.11839589942543406,-0.06268479205032518,1.6025098445612533,OVA,Ovarian (OVC)
1830.72,x_1830.72,-0.8112472507993951,-0.7390264639334991,0.15112003788072417,0.14790935752864104,0.001578712040318408,0.0054468478143827,0.13451583079676027,-0.07222078686589595,2.2638547588001448,OVA,Ovarian (OVC)
1832.65,x_1832.65,-0.8325085195325231,-0.7509390129765814,0.1399895973627422,0.1503328987173053,3.776178172448033e-4,0.0014834985677474415,0.14876947945826824,-0.08156950655594175,2.82871286863914,OVA,Ovarian (OVC)
1834.57,x_1834.57,-0.8419954790844479,-0.7535818208475277,0.13408573435075058,0.14842082805497958,9.917108200863456e-5,4.436601037228388e-4,0.16004852581117687,-0.08841365823692027,3.3529496235981897,OVA,Ovarian (OVC)
1836.49,x_1836.49,-0.8525833621130477,-0.7454931442974632,0.12972403520731557,0.14857290616151267,2.295427932737727e-6,1.5114261388097005e-5,0.1936460596689254,-0.10709021781558459,4.820613071305318,OVA,Ovarian (OVC)
1838.42,x_1838.42,-0.8509147248083251,-0.7388433078522315,0.11899420213786606,0.152680812161697,4.183902223385884e-7,3.2273631640584025e-6,0.20374638189273214,-0.11207141695609357,5.4911521621844415,OVA,Ovarian (OVC)
1840.34,x_1840.34,-0.8308723471741069,-0.7410045279049464,0.1116624318121227,0.1534193830323732,2.46901907648798e-5,1.2150172823769797e-4,0.16514469496824044,-0.08986781926916043,3.915417544627335,OVA,Ovarian (OVC)
1842.26,x_1842.26,-0.8101568729813635,-0.7330068821058062,0.12124150010296121,0.1524019031198737,2.4951070148714906e-4,0.0010187445672073553,0.14437473192388495,-0.0771499908755573,2.991934694264883,OVA,Ovarian (OVC)
1844.18,x_1844.18,-0.7961921238531668,-0.7301418201232258,0.14247252260043775,0.15090930431344238,0.0016539649156081843,0.005685504397403133,0.12494004877828795,-0.06605030372994103,2.2452310002301417,OVA,Ovarian (OVC)
1846.11,x_1846.11,-0.7782894515999343,-0.7268239429148736,0.1584499108363304,0.1532909596230094,0.016128072657534118,0.03999933139202758,0.0987009898379552,-0.051465508685060724,1.3979472680515332,OVA,Ovarian (OVC)
1848.03,x_1848.03,-0.7538428280139781,-0.7197642845368393,0.16218175345361346,0.15485246697619132,0.0860785947892543,0.1538881187914967,0.06673933567498443,-0.03407854347713879,0.8127949093594085,OVA,Ovarian (OVC)
1849.95,x_1849.95,-0.7459393905643297,-0.717592259850409,0.16059002768209865,0.1545202144690041,0.12452938556177107,0.2064449920217304,0.055894160043115156,-0.0283471307139207,0.6851956478520438,OVA,Ovarian (OVC)
1851.88,x_1851.88,-0.746123958327617,-0.7138089779738039,0.16677144708525346,0.15183147054596347,0.12976507706103418,0.21248747294582654,0.06387737496736723,-0.03231498035381308,0.6726666683942217,OVA,Ovarian (OVC)
1853.8,x_1853.80,-0.7444652414047567,-0.7121731687817575,0.1731257150505692,0.15032089739534546,0.14478970744685082,0.23062755785827177,0.06397649676339265,-0.03229207262299916,0.637088799770262,OVA,Ovarian (OVC)
1855.72,x_1855.72,-0.7487428130075992,-0.7138150369740769,0.16592565348742463,0.14736367055758173,0.11174249535787988,0.1899622421083958,0.06892005117733828,-0.03492777603352226,0.7213327131184587,OVA,Ovarian (OVC)
1857.64,x_1857.64,-0.7557759327973715,-0.7143331634062311,0.15985875044848466,0.1464545242693384,0.05311951832239466,0.10522616447338771,0.08136158738294988,-0.041442769391140444,0.9778762594828307,OVA,Ovarian (OVC)
1859.57,x_1859.57,-0.7663110161536204,-0.7231782899835052,0.14552371835651426,0.14766140440232453,0.034907959924155456,0.07468865567296419,0.08357878940408835,-0.04313272617011521,1.1267453573917423,OVA,Ovarian (OVC)
1861.49,x_1861.49,-0.7706842817738113,-0.7240494940950277,0.13978757626991525,0.14986965806935684,0.02195880777695314,0.05184718502891714,0.09005176836985394,-0.046634787678783596,1.2852748180520877,OVA,Ovarian (OVC)
1863.41,x_1863.41,-0.7650358874695121,-0.7259215404907934,0.1339641486093378,0.15196088083951825,0.05266529386688534,0.10477031865008041,0.07571390076851545,-0.03911434697871874,0.9797617352171762,OVA,Ovarian (OVC)
1865.34,x_1865.34,-0.7430750957799667,-0.7278269334900254,0.12725930438334013,0.15136028872944263,0.3952163019693642,0.4993611382991291,0.029912619152207602,-0.015248162289941303,0.30158525869863384,OVA,Ovarian (OVC)
1867.26,x_1867.26,-0.7354615190191105,-0.7149926563296712,0.12345247634195769,0.14908069878736308,0.2655322388805748,0.366183839754185,0.040721490516815596,-0.02046886268943926,0.43630082568272643,OVA,Ovarian (OVC)
1869.18,x_1869.18,-0.7424781009116781,-0.6979741511736246,0.12328273270662819,0.14707419374485586,0.02991515534960183,0.06596856191480592,0.08917499018475272,-0.044503949738053494,1.1806629832421442,OVA,Ovarian (OVC)
1871.1,x_1871.10,-0.7456901680957309,-0.6816381692749326,0.13024417199388952,0.14557583250465367,0.0019239247842448679,0.006470754220391912,0.12957037802000315,-0.06405199882079826,2.1890450957356204,OVA,Ovarian (OVC)
1873.03,x_1873.03,-0.7378905273855211,-0.6671313804376113,0.14368490659554278,0.14363123485184234,4.530917614732135e-4,0.0017505818056919612,0.1454360987103928,-0.07075914694790975,2.7568175895944766,OVA,Ovarian (OVC)
1874.95,x_1874.95,-0.7334302689745601,-0.654557939303867,0.16225944108765103,0.1461503422730521,2.4005039053444835e-4,9.887538112321992e-4,0.16413914451536912,-0.07887232967069313,3.004911829467543,OVA,Ovarian (OVC)
1876.87,x_1876.87,-0.7309291060562624,-0.6318183148989203,0.17296600941133886,0.15179804493242852,1.3934205959481773e-5,7.444847184065975e-5,0.2102220353980882,-0.09911079115734212,4.128144212323898,OVA,Ovarian (OVC)
1878.8,x_1878.80,-0.7238104516593087,-0.6226003215926803,0.1706664900387487,0.1594668795278962,6.282130047517019e-6,3.671119746517758e-5,0.2173059420613114,-0.10121013006662838,4.435201449218783,OVA,Ovarian (OVC)
1880.72,x_1880.72,-0.7041276135345806,-0.6327819275695841,0.16183918352737903,0.15383502624235346,7.794162796849434e-4,0.0028246287655248918,0.15412875576730745,-0.07134568596499657,2.549038622420928,OVA,Ovarian (OVC)
1882.64,x_1882.64,-0.684334850182529,-0.6415399157284515,0.1518902008059806,0.1513863561156644,0.04815891003989344,0.09767588044967541,0.09316352942066042,-0.04279493445407756,1.0102126653582355,OVA,Ovarian (OVC)
1884.57,x_1884.57,-0.6762068695318173,-0.6603163901263953,0.14024623847376813,0.14659977605139787,0.5697329861218462,0.6609185384912236,0.03430726744123046,-0.015890479405421987,0.17985206617840596,OVA,Ovarian (OVC)
1886.49,x_1886.49,-0.6803796367819351,-0.6734299710531143,0.15366842204204417,0.14456749178660516,0.5977318331714103,0.6857414282395935,0.014812054972667563,-0.006949665728820831,0.16383961236581182,OVA,Ovarian (OVC)
1888.41,x_1888.41,-0.6921994766671243,-0.6947265529209379,0.17624535885477408,0.15270678580598684,0.6689646918937411,0.7428527160577766,-0.005257395987347784,0.0025270762538135427,0.12909728441443064,OVA,Ovarian (OVC)
1890.33,x_1890.33,-0.7053965992779199,-0.7117762162360347,0.18777485936720292,0.16537586227366627,0.7649008364657522,0.8192236908310175,-0.012989124274838644,0.006379616958114842,0.08659749698297567,OVA,Ovarian (OVC)
1892.26,x_1892.26,-0.7082171035156928,-0.7171825375252527,0.1925948217906832,0.17008911659017584,0.9635312445190184,0.9750018545728162,-0.018148700943091046,0.008965434009559958,0.010994558219438217,OVA,Ovarian (OVC)
1894.18,x_1894.18,-0.7116521731148036,-0.7202680191362153,0.19155470716978062,0.17107614940362786,0.9045879475129242,0.9314864878024054,-0.01736159007599681,0.008615846021411744,0.030823440623257915,OVA,Ovarian (OVC)
1896.1,x_1896.10,-0.7174911647464436,-0.7035259252720653,0.1760347853067233,0.1668250926286527,0.5672189785810822,0.6604604545122189,0.028357517875292105,-0.013965239474378333,0.18015318092800187,OVA,Ovarian (OVC)
1898.03,x_1898.03,-0.7184449489326019,-0.6908921332208487,0.16000792671030625,0.1610608331831888,0.332014897381292,0.43539120484082466,0.05641720921226351,-0.027552815711753165,0.3611203482110408,OVA,Ovarian (OVC)
1899.95,x_1899.95,-0.7057714380539812,-0.6886675575087817,0.14268850156677668,0.16247123528062596,0.5572164469070024,0.6504336802222812,0.03539338287261507,-0.017103880545199512,0.1867969785517891,OVA,Ovarian (OVC)
1901.87,x_1901.87,-0.6955409223612303,-0.6701707448413683,0.13900773076666334,0.1543323742197404,0.2039597982522081,0.29750766203715223,0.05360676765667554,-0.025370177519862036,0.5265018449350767,OVA,Ovarian (OVC)
1903.79,x_1903.79,-0.6920040843402564,-0.6550241378684325,0.14084166489357794,0.15193608376511958,0.042574028988703036,0.08767999362210868,0.07923259920231819,-0.0369799464718239,1.0570994904505262,OVA,Ovarian (OVC)
1905.72,x_1905.72,-0.685895454734422,-0.6323880770048155,0.13646428081954226,0.15394077106051493,0.0055327829577365584,0.016422704969789467,0.11717870578101951,-0.053507377729606564,1.784555309049608,OVA,Ovarian (OVC)
1907.64,x_1907.64,-0.6911666960989226,-0.6168752625157955,0.12925954316635493,0.15468837081634454,3.9762038018108914e-4,0.00154906273112216,0.1640551607081446,-0.07429143358312706,2.809930994617453,OVA,Ovarian (OVC)
1909.56,x_1909.56,-0.6910703518543699,-0.6187875924726748,0.1316978511985118,0.16076796415963715,0.0012314876940004618,0.004296421618994148,0.15938856107923963,-0.07228275938169515,2.3668931067735945,OVA,Ovarian (OVC)
1911.49,x_1911.49,-0.6750842694620106,-0.6159373494925562,0.14067986995359547,0.1632189056577942,0.015068882086175735,0.0380794722988495,0.1322841938230586,-0.059146919969454426,1.4193090786511586,OVA,Ovarian (OVC)
1913.41,x_1913.41,-0.6685637517727485,-0.6111107523673394,0.16301490731121238,0.16516980397578243,0.017661510915225626,0.04267057546701799,0.1296314746587014,-0.057452999405409155,1.369871500087368,OVA,Ovarian (OVC)
1915.33,x_1915.33,-0.6634120047760473,-0.6122269596787886,0.18467896503800701,0.16350336817549233,0.01838309335149577,0.04407228790679114,0.11583872450778104,-0.05118504509725874,1.355834403551728,OVA,Ovarian (OVC)
1917.25,x_1917.25,-0.6573636762587635,-0.6228505502968148,0.18631665902584743,0.16144668601792372,0.07845744031834603,0.14299747894279444,0.07780582396721794,-0.034513125961948665,0.8446716191145487,OVA,Ovarian (OVC)
1919.18,x_1919.18,-0.6533696830682871,-0.6313761653182035,0.18731575336791983,0.1607655751918092,0.2048411552872657,0.2983278507688371,0.04939979150704028,-0.021993517750083624,0.5253062006419168,OVA,Ovarian (OVC)
1921.1,x_1921.10,-0.6424420503970858,-0.6266154461172279,0.18847090305538075,0.16104528705605206,0.3432211502051113,0.44820080368963555,0.0359860501278799,-0.015826604279857936,0.348527369046694,OVA,Ovarian (OVC)
1923.02,x_1923.02,-0.6519853011373535,-0.6149653796284131,0.17296558794192365,0.16576517623574408,0.09575517345288416,0.16797577331791122,0.08433437867210182,-0.0370199215089404,0.7747533508518395,OVA,Ovarian (OVC)
1924.95,x_1924.95,-0.6670846353361191,-0.6012035900541448,0.15959631622570483,0.16730364309606777,0.004016983976237547,0.012519600059273689,0.15001642547225397,-0.06588104528197425,1.902409544514152,OVA,Ovarian (OVC)
1926.87,x_1926.87,-0.668329482149283,-0.5996112133459275,0.14927113581403081,0.16216442588193283,0.0017993021133981607,0.006073456592156246,0.15653240145440248,-0.06871826880335552,2.21656406812822,OVA,Ovarian (OVC)
1928.79,x_1928.79,-0.6679417459074257,-0.6134572427853411,0.1422343149796213,0.15644407942712524,0.006678377871611724,0.019513385343615505,0.1227596830128902,-0.05448450312208464,1.7096673790673054,OVA,Ovarian (OVC)
1930.72,x_1930.72,-0.6632539338419048,-0.6249649431505176,0.1483828909155317,0.15383661738263357,0.09140472764212221,0.1615565601992141,0.0857861951915302,-0.03828899069138714,0.7916754022364123,OVA,Ovarian (OVC)
1932.64,x_1932.64,-0.6627871097333452,-0.6380845661557788,0.16550180725230926,0.15429209379896736,0.3351037657015056,0.4388263598472097,0.05479798987131357,-0.024702543577566405,0.35770729269179496,OVA,Ovarian (OVC)
1934.56,x_1934.56,-0.6625626256290867,-0.6560095371838885,0.16254984987887294,0.15335160855811777,0.8752919842282403,0.9113563532888693,0.014340057597182102,-0.006553088445198196,0.04031177450241728,OVA,Ovarian (OVC)
1936.48,x_1936.48,-0.6719921734893196,-0.6622309442087196,0.15165604293770374,0.14812581689037171,0.8355366797371765,0.8807517424512514,0.021110036635365346,-0.00976122928059997,0.055146488951471596,OVA,Ovarian (OVC)
1938.41,x_1938.41,-0.6818149499327959,-0.6531057720512348,0.15407005247051986,0.14812162465114354,0.20220536935973993,0.2966889465369189,0.06206366771232249,-0.028709177881561132,0.5276986334858007,OVA,Ovarian (OVC)
1940.33,x_1940.33,-0.6688437695745411,-0.6439668092771801,0.16166659794198934,0.1489983370691271,0.24489429681200656,0.3429676807814361,0.05468301249874674,-0.024876960297360973,0.4647468033379816,OVA,Ovarian (OVC)
1942.25,x_1942.25,-0.6725091917243906,-0.6306250915685664,0.16075447922102445,0.15112997066306535,0.05512581240572093,0.10760466513434044,0.09277155505616931,-0.04188410015582422,0.9681688996902444,OVA,Ovarian (OVC)
1944.18,x_1944.18,-0.67318538894617,-0.6173200340063463,0.15775272620888958,0.15498664490607825,0.021323817680318644,0.050475365901513754,0.12498544600493083,-0.0558653549398237,1.2969205241241475,OVA,Ovarian (OVC)
1946.1,x_1946.10,-0.6582215640751705,-0.6072501007809715,0.14829936667856788,0.15571862412272583,0.0401133306000172,0.0837186698906609,0.11628265122244925,-0.05097146329419899,1.0771776802824093,OVA,Ovarian (OVC)
1948.02,x_1948.02,-0.6594245694463843,-0.5921756097408923,0.13843579370324227,0.15918339890447553,0.004160841718698682,0.0128395610791527,0.1551828190470454,-0.06724895970549194,1.8914498223855556,OVA,Ovarian (OVC)
1949.94,x_1949.94,-0.6688849114635902,-0.581509185952797,0.13621165336961058,0.1632617828519733,1.6066423375141076e-4,6.79733296640584e-4,0.20195634400163362,-0.0873757255107932,3.1676614557021434,OVA,Ovarian (OVC)
1951.87,x_1951.87,-0.6801490385866213,-0.5835636854190986,0.13875190097824402,0.1671625950610039,3.154662105979774e-5,1.4897015500460044e-4,0.22096115600681757,-0.0965853531675227,3.8269007303467633,OVA,Ovarian (OVC)
1953.79,x_1953.79,-0.6893643120868409,-0.5914187722546259,0.1407139731600628,0.16878773919777515,1.8226353732246027e-5,9.467578188694465e-5,0.22108692306007444,-0.09794553983221499,4.023761099539237,OVA,Ovarian (OVC)
1955.71,x_1955.71,-0.6982842349185941,-0.5952552677531106,0.134601271319697,0.16919084652504982,6.20924835928072e-6,3.671119746517758e-5,0.23030627635137876,-0.1030289671654836,4.435201449218783,OVA,Ovarian (OVC)
1957.64,x_1957.64,-0.710755677667911,-0.5990102975398647,0.1355844518517579,0.1676879279609265,1.002756967447893e-6,7.102861852755909e-6,0.24677329267857295,-0.11174538012804636,5.148566632064429,OVA,Ovarian (OVC)
1959.56,x_1959.56,-0.7099331945464072,-0.6038705065248656,0.14508415487839985,0.16369032164909667,6.6978395272135205e-6,3.889739104313442e-5,0.23344441639694194,-0.10606268802154162,4.410079527043649,OVA,Ovarian (OVC)
1961.48,x_1961.48,-0.7036826414591357,-0.6078608810920412,0.15747246059344114,0.1590875728294307,1.1259280314947451e-4,4.98930194050989e-4,0.21118407096101202,-0.09582176036709456,3.3019602128117986,OVA,Ovarian (OVC)
1963.4,x_1963.40,-0.6835991728989247,-0.6097022828667685,0.16855542824709957,0.1571820251018853,0.004784194864215922,0.014476447242854004,0.1650459594676433,-0.07389689003215616,1.8393380080380621,OVA,Ovarian (OVC)
1965.33,x_1965.33,-0.6567686897781145,-0.6051367991091863,0.17680254951467161,0.1501811625000158,0.05015226420795552,0.10106113585008278,0.11812421899531199,-0.05163189066892826,0.9954158249316386,OVA,Ovarian (OVC)
1967.25,x_1967.25,-0.6479223547976902,-0.5938003509420642,0.18136824212115393,0.14537660581932135,0.03800289816239203,0.08002862563476701,0.1258431919069562,-0.054122003855626044,1.09675464136372,OVA,Ovarian (OVC)
1969.17,x_1969.17,-0.645726094972627,-0.5913855405111166,0.18409664215366536,0.14800809621676622,0.016402884578511235,0.04014842167776965,0.1268235657832761,-0.054340554461510426,1.396331523115276,OVA,Ovarian (OVC)
1971.1,x_1971.10,-0.6432266639778411,-0.5926133433457214,0.18374277991832053,0.1519740201552712,0.0140231404232435,0.03602097883443042,0.11823629349184969,-0.05061332063211976,1.4434444898336452,OVA,Ovarian (OVC)
1973.02,x_1973.02,-0.6473249003812566,-0.6012103078883598,0.1683927895516157,0.1489030026899879,0.029543677240654605,0.06561362997627566,0.1066204266441904,-0.04611459249289673,1.1830059348831976,OVA,Ovarian (OVC)
1974.94,x_1974.94,-0.6551787787774189,-0.608239005602874,0.1591544864019792,0.14772417127683177,0.01970809009188135,0.04700781692833945,0.10725046126291786,-0.046939773174544897,1.3278299172437942,OVA,Ovarian (OVC)
1976.87,x_1976.87,-0.6659519695328586,-0.6125323783279258,0.1586702726025356,0.14931783906624435,0.0034994585472919748,0.01101681394517844,0.12063221178070126,-0.05341959120493278,1.9579439849841678,OVA,Ovarian (OVC)
1978.79,x_1978.79,-0.6707835510692861,-0.6105259187751553,0.1655261256856348,0.15064107846253472,5.8367107787866e-4,0.002218424625270517,0.13579498036980256,-0.060257632294130836,2.6539553225864587,OVA,Ovarian (OVC)
1980.71,x_1980.71,-0.6661360343612697,-0.6195299997557306,0.18405913834740653,0.1512451426985489,0.004376895382878195,0.013373847003238928,0.10464284468665715,-0.046606034605539026,1.8737436494349933,OVA,Ovarian (OVC)
1982.63,x_1982.63,-0.6419352169686205,-0.623763922449015,0.1867331608546507,0.1479158688446938,0.18526287433009803,0.28120257710818447,0.041427663936489056,-0.01817129451960553,0.5509807035002394,OVA,Ovarian (OVC)
1984.56,x_1984.56,-0.6256801313935698,-0.6226019422016699,0.1767394948855668,0.1449385605517042,0.6176083366927219,0.7008055762229307,0.007115225785539762,-0.0030781891918999493,0.154402451198974,OVA,Ovarian (OVC)
1986.48,x_1986.48,-0.6239366650152173,-0.6258354924153422,0.15789329698524912,0.14620450090711573,0.8162887704189068,0.8643601362872908,-0.004383895655176518,0.001898827400124925,0.06330527069864612,OVA,Ovarian (OVC)
1988.4,x_1988.40,-0.6250014244144103,-0.6248761180038315,0.14872901300239122,0.14766026316859746,0.8821139507121512,0.9164183821287348,2.8927510236670623e-4,-1.253064105788404e-4,0.037906208028026495,OVA,Ovarian (OVC)
1990.33,x_1990.33,-0.6313569671894605,-0.6118997077080713,0.1528922566918836,0.14885539762955574,0.3438507257064994,0.4483966925182384,0.04516079363955171,-0.01945725948138921,0.34833759952571686,OVA,Ovarian (OVC)
1992.25,x_1992.25,-0.6446818202503534,-0.6115862536965194,0.1687520825136904,0.15117819295900148,0.17522098265244493,0.2700653672907056,0.0760314414177947,-0.033095566553833944,0.5685311054049269,OVA,Ovarian (OVC)
1994.17,x_1994.17,-0.6528147517042487,-0.6136130916602429,0.17449024608970443,0.15253049254436862,0.09975997402378589,0.17273254761525889,0.0893445359569298,-0.039201660044005826,0.762625821564647,OVA,Ovarian (OVC)
1996.09,x_1996.09,-0.660409520583708,-0.6052359120748106,0.18065385965432718,0.15267617548870802,0.01466266905160114,0.037355846221381654,0.12586352433687062,-0.05517360850889741,1.4276414210775172,OVA,Ovarian (OVC)
1998.02,x_1998.02,-0.6673251923011414,-0.5985825752301623,0.18335434807115977,0.1550882768228491,0.004971746249320908,0.01494721139265289,0.15683993405163932,-0.06874261707097906,1.8254398233761746,OVA,Ovarian (OVC)
1999.94,x_1999.94,-0.6719722941258759,-0.5910985195799566,0.17777061579981626,0.16141222891474147,0.0014132016859308984,0.004893865097575519,0.18500343734969482,-0.08087377454591926,2.3103480064157864,OVA,Ovarian (OVC)
2001.86,x_2001.86,-0.6544923564198256,-0.5721826856203677,0.17418010163228587,0.1623331191874191,0.0016821381666189275,0.005719269766504354,0.19390081860903718,-0.08230967079945795,2.242659418168987,OVA,Ovarian (OVC)
2003.79,x_2003.79,-0.6382019155607772,-0.557571991903114,0.1667191481971991,0.15958883056725529,0.0012747739300085178,0.0044309056675017255,0.19485517256052803,-0.0806299236576632,2.3535074958540934,OVA,Ovarian (OVC)
2005.71,x_2005.71,-0.6349851698827033,-0.5493182919739846,0.14867520777522866,0.15815760502684967,3.022876524200864e-4,0.0012182713578137102,0.20908091882453203,-0.08566687790871863,2.9142559661569423,OVA,Ovarian (OVC)
2007.63,x_2007.63,-0.6399182406396928,-0.5439216617303432,0.13776160398932424,0.15412448582236268,1.9054330420360927e-5,9.788900518152455e-5,0.2344891059760734,-0.09599657890934965,4.009266085082919,OVA,Ovarian (OVC)
2009.55,x_2009.55,-0.6473530673168155,-0.5426516818354692,0.14865407597575708,0.15365261435103345,8.394127205185504e-6,4.78567618100515e-5,0.25452674925509383,-0.10470138548134633,4.3200566909211595,OVA,Ovarian (OVC)
2011.48,x_2011.48,-0.6486235996136785,-0.5406440481751933,0.15959727898122267,0.16005129474494323,2.1878880450040338e-5,1.093944022502017e-4,0.26270290209745906,-0.10797955143848526,3.9610049004344603,OVA,Ovarian (OVC)
2013.4,x_2013.40,-0.640822662910686,-0.5423824972782119,0.15781876820695248,0.16633172279789865,1.4046710578691782e-4,6.024621280310466e-4,0.24061495529958146,-0.09844016563247415,3.2200702485109174,OVA,Ovarian (OVC)
2015.32,x_2015.32,-0.6301214221080857,-0.5440833740138992,0.15068248486064884,0.174249888696892,7.35298137101347e-4,0.0027067077094085016,0.2118024760511198,-0.08603804809418658,2.567558640071655,OVA,Ovarian (OVC)
2017.25,x_2017.25,-0.6175836081881639,-0.5369583580444279,0.14589926219527902,0.17785540723513277,0.0010256792918553683,0.0036464263797899975,0.20182460277274245,-0.080625250143736,2.43813255028245,OVA,Ovarian (OVC)
2019.17,x_2019.17,-0.5988561048427721,-0.5170581564768557,0.14604159948356388,0.1769973675979155,0.0010256792918553683,0.0036464263797899975,0.21188321235998483,-0.08179794836591636,2.43813255028245,OVA,Ovarian (OVC)
2021.09,x_2021.09,-0.5714080217582657,-0.497010855475567,0.14703696107591055,0.1809569630834088,0.003458052729219015,0.010923240884526281,0.20124430495287365,-0.07439716628269866,1.961648488971403,OVA,Ovarian (OVC)
2023.01,x_2023.01,-0.561153100349593,-0.47911959345984273,0.15680704149802233,0.1845142983847067,0.002674454386777766,0.00874340857215808,0.22800906437740368,-0.08203350688975025,2.058319226920103,OVA,Ovarian (OVC)
2024.94,x_2024.94,-0.5719703189663371,-0.45885649572502485,0.16928295977104993,0.18991636686876265,3.668823794267536e-5,1.715175123820073e-4,0.3178978744859577,-0.11311382324131225,3.7656915307664858,OVA,Ovarian (OVC)
2026.86,x_2026.86,-0.5826608486291321,-0.43877449504041144,0.18306764504770062,0.2027078237131116,1.1508915556342575e-6,8.090854169308501e-6,0.4091775177046692,-0.1438863535887207,5.092005626541619,OVA,Ovarian (OVC)
2028.78,x_2028.78,-0.5810500538704789,-0.4156382754309458,0.1955174395012496,0.2137039082724154,1.485021317890855e-7,1.3063993031448856e-6,0.48333492064629335,-0.16541177843953314,5.883924059931226,OVA,Ovarian (OVC)
2030.71,x_2030.71,-0.5623664384124272,-0.3888565667570718,0.19995730484604535,0.22019655959369291,1.0668148361952992e-7,1.0144074025049281e-6,0.5322735404828886,-0.17350987165535536,5.993787590243778,OVA,Ovarian (OVC)
2032.63,x_2032.63,-0.5397128441364611,-0.36413757527774343,0.19724722130467967,0.22854884781260063,1.2215344030611798e-7,1.0877473017735267e-6,0.567709690130727,-0.17557526885871771,5.963471985329037,OVA,Ovarian (OVC)
2034.55,x_2034.55,-0.5262820023109279,-0.34237004539053434,0.20854810657353323,0.24130681001681412,1.118675580518603e-7,1.025452615475386e-6,0.6202810481106049,-0.18391195692039358,5.9890844028851005,OVA,Ovarian (OVC)
2036.48,x_2036.48,-0.5080465080836769,-0.31707374640327646,0.23100372904843974,0.25528562331572335,2.545647225083795e-7,2.0878773293450424e-6,0.6801438542321387,-0.19097276168040045,5.68029502135635,OVA,Ovarian (OVC)
2038.4,x_2038.40,-0.4863784035592894,-0.29435099645994556,0.2566270974174023,0.2694193472258133,5.450683965696216e-7,4.07711160634077e-6,0.7245435943652806,-0.19202740709934385,5.389647400062553,OVA,Ovarian (OVC)
2040.32,x_2040.32,-0.480776529261908,-0.27895161968445403,0.2878840236948252,0.2880362754773586,2.683409612714217e-7,2.1629206792136143e-6,0.7853537106357255,-0.20182490957745397,5.664959407149667,OVA,Ovarian (OVC)
2042.24,x_2042.24,-0.48600426659329926,-0.2616957588626688,0.3178985585596943,0.3126118254151011,8.347765783952137e-8,8.13037604999505e-7,0.8930809798585883,-0.22430850773063044,6.089889366747775,OVA,Ovarian (OVC)
2044.17,x_2044.17,-0.48314810730104935,-0.24210060271885428,0.3299997920250304,0.34263600627406066,4.2697935887918115e-8,4.696772947670993e-7,0.9968618118603638,-0.24104750458219507,6.328200434059248,OVA,Ovarian (OVC)
2046.09,x_2046.09,-0.459832314540521,-0.22084989802336696,0.33250546438738265,0.37314594693603975,3.0202042916782965e-7,2.3687178012273326e-6,1.058045083286121,-0.23898241651715402,5.625486676157757,OVA,Ovarian (OVC)
2048.01,x_2048.01,-0.4243771854544482,-0.19103594038554042,0.33390954314430005,0.39611038704184015,1.7756950121402084e-6,1.2030977075007935e-5,1.151507167359259,-0.23334124506890777,4.91969910075218,OVA,Ovarian (OVC)
2049.94,x_2049.94,-0.38167298733302674,-0.14721211451316504,0.33776286259335403,0.4153255380852609,5.995426092270863e-6,3.593412433508498e-5,1.3744467046899096,-0.2344608728198617,4.444492933834204,OVA,Ovarian (OVC)
2051.86,x_2051.86,-0.3326026079525225,-0.09400649638211643,0.3427562183192498,0.4449094298026397,1.5677710222693684e-5,8.281430514813922e-5,1.8229781263902383,-0.23859611157040606,4.081894637728529,OVA,Ovarian (OVC)
2053.78,x_2053.78,-0.29396945463376334,-0.039069478563539206,0.35941916813707114,0.4795301940999101,1.3934205959481773e-5,7.444847184065975e-5,2.9115843705451576,-0.25489997607022413,4.128144212323898,OVA,Ovarian (OVC)
2055.7,x_2055.70,-0.26061614884840817,0.026307842379914587,0.3924129385647651,0.5105175919073373,2.6873192767955208e-6,1.7448913359748693e-5,NA,-0.28692399122832274,4.75823161377983,OVA,Ovarian (OVC)
2057.63,x_2057.63,-0.22783315942990515,0.09726570739530319,0.44067744759049615,0.5399483150607126,1.1873831283619588e-6,8.2850986941674e-6,NA,-0.32509886682520833,5.081702313789363,OVA,Ovarian (OVC)
2059.55,x_2059.55,-0.20873699581681346,0.16000530282876851,0.48245151583194495,0.5687289030251639,4.406358220360311e-7,3.322536238739428e-6,NA,-0.36874229864558195,5.478530273530833,OVA,Ovarian (OVC)
2061.47,x_2061.47,-0.18860107815875976,0.22627604445652516,0.5215727172700237,0.5926562282233461,1.0887494685528092e-7,1.0179807530968766e-6,NA,-0.4148771226152849,5.9922604331022455,OVA,Ovarian (OVC)
2063.4,x_2063.40,-0.15541658597458813,0.29520502477780985,0.5672104184273973,0.6144135222339807,5.44709413579269e-8,5.535905453224092e-7,NA,-0.450621610752398,6.256811335728628,OVA,Ovarian (OVC)
2065.32,x_2065.32,-0.1152874963325374,0.3595314701262524,0.6127862424089124,0.6395502507308116,6.127004922516747e-8,6.094414470801232e-7,NA,-0.47481896645878985,6.215068013477159,OVA,Ovarian (OVC)
2067.24,x_2067.24,-0.07236627374656285,0.4393855865166471,0.65519408609217,0.6688588717997295,3.6603808645125836e-8,4.278070135399082e-7,NA,-0.51175186026321,6.3687520998095755,OVA,Ovarian (OVC)
2069.16,x_2069.16,-6.505040191989185e-4,0.5430282634560819,0.7015162773660074,0.7001996933712674,3.271069969116822e-8,3.871456229271175e-7,NA,-0.5436787674752809,6.41212564651112,OVA,Ovarian (OVC)
2071.09,x_2071.09,0.09170114455591935,0.6626402128325928,0.7505489976422614,0.7408548270236138,9.568643232593527e-8,9.223382909767986e-7,-2.8532005559835354,-0.5709390682766734,6.03510976120421,OVA,Ovarian (OVC)
2073.01,x_2073.01,0.17826493114095765,0.8010828880812138,0.7983080129073139,0.7851557784537121,1.0740784261816887e-7,1.0144074025049281e-6,-2.167922314846954,-0.6228179569402561,5.993787590243778,OVA,Ovarian (OVC)
2074.93,x_2074.93,0.2692654258299164,0.968655668583024,0.848337336480586,0.8307544383054042,4.12319753723067e-8,4.589511544417472e-7,-1.8469510513492424,-0.6993902427531076,6.338233533384807,OVA,Ovarian (OVC)
2076.86,x_2076.86,0.3792508691654767,1.161994901987136,0.9037423633671439,0.8799582040317646,1.2385451377425847e-8,1.6543424339847382e-7,-1.615376784785334,-0.7827440328216594,6.781374590431981,OVA,Ovarian (OVC)
2078.78,x_2078.78,0.4990708074923662,1.3612352495480657,0.9662308980524116,0.9298963161329797,7.324584829844572e-9,1.0859173904889912e-7,-1.4475981621315355,-0.8621644420556995,6.964203211781599,OVA,Ovarian (OVC)
2080.7,x_2080.70,0.6293914138058406,1.5687642804198672,1.0445963863406946,0.9865399995549844,6.755150749567432e-9,1.0187203146525079e-7,-1.3175978168172393,-0.9393728666140265,6.991945033339521,OVA,Ovarian (OVC)
2082.63,x_2082.63,0.768731278299643,1.7836571203885814,1.1375926579333249,1.055290009531849,5.616457094094043e-9,8.900656581318525e-8,-1.214285963487932,-1.0149258420889384,7.050577955251057,OVA,Ovarian (OVC)
2084.55,x_2084.55,0.9061822664351645,1.9973332323440884,1.2430329745580129,1.1410647257176914,8.176850244023726e-9,1.1583871179033612e-7,-1.140201017012617,-1.0911509659089238,6.936146280786598,OVA,Ovarian (OVC)
2086.47,x_2086.47,1.042715526341468,2.227105010126678,1.3605141738829485,1.2382452859507411,7.433017432224111e-9,1.0859173904889912e-7,-1.0948232329079675,-1.18438948378521,6.964203211781599,OVA,Ovarian (OVC)
2088.39,x_2088.39,1.1814824991496389,2.4649401334109453,1.4713210534868393,1.3384953934467978,6.32148990997336e-9,9.689496829221461e-8,-1.0609537127699373,-1.2834576342613064,7.013698775061351,OVA,Ovarian (OVC)
2090.32,x_2090.32,1.2958563266540266,2.688496268067546,1.5685223896568714,1.4388938540802876,3.3080249730049548e-9,5.7277839810363564e-8,-1.052893118761464,-1.3926399414135195,7.2420133694734155,OVA,Ovarian (OVC)
2092.24,x_2092.24,1.3816095054792144,2.8854108596927452,1.6480090016918671,1.5354216248944708,1.8615375909765816e-9,3.7837774947023994e-8,-1.0624263038867028,-1.503801354213531,7.422074410236454,OVA,Ovarian (OVC)
2094.16,x_2094.16,1.4419187098346484,3.0501478624509195,1.7074708954879252,1.6203503679055102,1.1661445003978673e-9,2.6593783118829412e-8,-1.080888821617558,-1.608229152616271,7.575219877382076,OVA,Ovarian (OVC)
2096.09,x_2096.09,1.4876262676338334,3.179065481210611,1.7490357175164852,1.6860997874521162,6.824791986851703e-10,1.9336910629413157e-8,-1.0955900893414396,-1.6914392135767775,7.713612909972309,OVA,Ovarian (OVC)
2098.01,x_2098.01,1.5195525204695661,3.2575507748051105,1.768207382957766,1.730637714965575,4.756273326761346e-10,1.588255557329235e-8,-1.1001406196722732,-1.7379982543355443,7.79907961638735,OVA,Ovarian (OVC)
2099.93,x_2099.93,1.532604749156328,3.284203028923259,1.7707720656751766,1.756701388266296,5.744581768608192e-10,1.7326399850479548e-8,-1.0995571336344236,-1.7515982797669312,7.761291667378252,OVA,Ovarian (OVC)
2101.85,x_2101.85,1.5220256376897248,3.270281694028508,1.7481739743209734,1.757753310433432,5.480188746050665e-10,1.707992159185791e-8,-1.103421744101054,-1.7482560563387834,7.767514127341487,OVA,Ovarian (OVC)
2103.78,x_2103.78,1.488156497683867,3.209812730650862,1.708593473359905,1.7406170152664293,5.352483243564812e-10,1.707992159185791e-8,-1.1089623577135825,-1.7216562329669949,7.767514127341487,OVA,Ovarian (OVC)
2105.7,x_2105.70,1.4405899438939718,3.1127212325810367,1.6725070411106633,1.7127002309827617,7.792889978033401e-10,2.1430447439591853e-8,-1.1115161018695292,-1.672131288687065,7.668968761365211,OVA,Ovarian (OVC)
2107.62,x_2107.62,1.376039188571152,2.9904779535511294,1.6329487735468444,1.6712167601222117,9.991513356801857e-10,2.458438154897299e-8,-1.119853958269519,-1.6144387649799774,7.60934071246012,OVA,Ovarian (OVC)
2109.55,x_2109.55,1.2969438742529973,2.848234447234913,1.5804736911758333,1.6204753929641362,1.7782781007303786e-9,3.6948667204064536e-8,-1.1349512503956947,-1.5512905729819155,7.432401222664547,OVA,Ovarian (OVC)
2111.47,x_2111.47,1.215887451136948,2.696112025043802,1.5097127587564052,1.5611768720963715,2.118603228473822e-9,4.1268625387979656e-8,-1.1488700995509806,-1.480224573906854,7.384379996747919,OVA,Ovarian (OVC)
2113.39,x_2113.39,1.1239316196741058,2.5292818230932705,1.4264434930834493,1.4927210132112414,2.0396054331820516e-9,4.057512936223869e-8,-1.170172819574451,-1.4053502034191647,7.391740086875314,OVA,Ovarian (OVC)
2115.31,x_2115.31,1.0236893842731911,2.332377894511521,1.338836869931912,1.4173491201378097,3.2587098111196026e-9,5.7277839810363564e-8,-1.188022735721788,-1.3086885102383299,7.2420133694734155,OVA,Ovarian (OVC)
2117.24,x_2117.24,0.916101206644101,2.103764748257449,1.2408773337150942,1.3354868915776426,1.2031668687196146e-8,1.6303782931200575e-7,-1.199393601879332,-1.1876635416133479,6.787711615502109,OVA,Ovarian (OVC)
2119.16,x_2119.16,0.7918912071926708,1.8613330528924734,1.1298759627601485,1.2395708971642878,2.8810546995189806e-8,3.4535719795515984e-7,-1.2329610302158591,-1.0694418456998025,6.4617314879722105,OVA,Ovarian (OVC)
2121.08,x_2121.08,0.6611613150907336,1.6012851752252923,1.0038790908147739,1.124291065728853,5.1173529062769864e-8,5.437187462919298e-7,-1.2761547619729008,-0.9401238601345587,6.264625693169357,OVA,Ovarian (OVC)
2123.01,x_2123.01,0.515002989142005,1.318693403994359,0.8714890429827167,0.9977570403299388,1.2133077830960481e-7,1.0877473017735267e-6,-1.3564547588970532,-0.8036904148523539,5.963471985329037,OVA,Ovarian (OVC)
2124.93,x_2124.93,0.35043606817800266,1.0320776232961901,0.7463928057810826,0.869261599896599,1.7673580663822253e-7,1.5160365064838354e-6,-1.5583255867609618,-0.6816415551181875,5.819290340673892,OVA,Ovarian (OVC)
2126.85,x_2126.85,0.17098845870411977,0.7577198102554047,0.6275585043818842,0.7440163371381256,1.118675580518603e-7,1.025452615475386e-6,-2.1477589835870514,-0.5867313515512849,5.9890844028851005,OVA,Ovarian (OVC)
2128.78,x_2128.78,1.356120161246484e-4,0.5054466164688164,0.5137047217462333,0.6235075126026184,4.740546496879076e-8,5.094725258140156e-7,-11.853261480816974,-0.5053110044526917,6.292879231106202,OVA,Ovarian (OVC)
2130.7,x_2130.70,-0.15328201138187217,0.2880975729906384,0.4201109168672222,0.5092172144803211,6.092396526419014e-9,9.493984587002964e-8,NA,-0.44137958437251057,7.022551477671903,OVA,Ovarian (OVC)
2132.62,x_2132.62,-0.286567260566426,0.10045246807307634,0.3507614490828111,0.41223805861409246,3.934610773620142e-10,1.3625411382721602e-8,NA,-0.38701972863950235,7.865650376497278,OVA,Ovarian (OVC)
2134.54,x_2134.54,-0.3897041904738861,-0.06700293670042173,0.2915384862302925,0.34038831356984234,2.1287546174878995e-10,7.961542269404743e-9,2.5401010402136484,-0.32270125377346437,8.099002794798404,OVA,Ovarian (OVC)
2136.47,x_2136.47,-0.4593947283861003,-0.20856591810025496,0.2419126008108669,0.28795295606883897,3.3080249730049548e-9,5.7277839810363564e-8,1.13923465316839,-0.25082881028584536,7.2420133694734155,OVA,Ovarian (OVC)
2138.39,x_2138.39,-0.5183041358292361,-0.32069690126050937,0.21179566780143946,0.24861598014039715,5.409463304484704e-8,5.535905453224092e-7,0.6925902071705069,-0.1976072345687267,6.256811335728628,OVA,Ovarian (OVC)
2140.31,x_2140.31,-0.5680747801679991,-0.4158826367763955,0.18947885326807362,0.22216585254619906,7.219810727252067e-7,5.273846117172408e-6,0.4499053316492666,-0.15219214339160358,5.277872546411731,OVA,Ovarian (OVC)
2142.24,x_2142.24,-0.6132506668487734,-0.492613908878461,0.16999894031518373,0.21227020972775537,2.5375421796727313e-5,1.2421999675361276e-4,0.3160201110007569,-0.12063675797031237,3.9058084864403964,OVA,Ovarian (OVC)
2144.16,x_2144.16,-0.6537438306278035,-0.5497631168193667,0.1748440207986258,0.20908511601561108,3.6025365159884774e-4,0.0014272761196818754,0.24991572331442058,-0.10398071380843676,2.845492000498606,OVA,Ovarian (OVC)
2146.08,x_2146.08,-0.6830554109609905,-0.5955392069699045,0.1748350774785172,0.20084563415640266,0.0029469949229674144,0.009436439222515523,0.19780643806104325,-0.08751620399108606,2.0251918529204564,OVA,Ovarian (OVC)
2148,x_2148.00,-0.7040939027983212,-0.6307340013242847,0.1679763495647097,0.19296118633903608,0.010527562499186585,0.02853122010649118,0.15873638027133014,-0.07335990147403648,1.5446796558162392,OVA,Ovarian (OVC)
2149.93,x_2149.93,-0.7228380386178629,-0.6513927352247729,0.16760866209538247,0.18976155401897668,0.011995427590329394,0.03186285453681245,0.15014501756527462,-0.07144530339308997,1.4967153191170377,OVA,Ovarian (OVC)
2151.85,x_2151.85,-0.7308762985445203,-0.6707525933655248,0.16491783113511552,0.1898333828417281,0.04244803043176873,0.08761348444526217,0.12384669890832874,-0.06012370517899546,1.057429047148298,OVA,Ovarian (OVC)
2153.77,x_2153.77,-0.7157706686110398,-0.6896571745955723,0.17127036526858208,0.18756132186091276,0.3796084753684969,0.48621085543773235,0.05361811842109493,-0.026113494015467476,0.3131753490630728,OVA,Ovarian (OVC)
2155.7,x_2155.70,-0.7055943205164186,-0.707248181235994,0.18129751710952335,0.18383066860962505,0.8694519317407696,0.907296379662522,-0.0033776179906176503,0.0016538607195754063,0.04225082206190989,OVA,Ovarian (OVC)
2157.62,x_2157.62,-0.7186149256063191,-0.7196869837177634,0.18910768097416242,0.18329149311533077,0.9458125209649442,0.9612333772850248,-0.002150668573811314,0.001072058111444285,0.017171157428024574,OVA,Ovarian (OVC)
2159.54,x_2159.54,-0.7393875218185441,-0.7283769401083477,0.19406878316114168,0.18325036095956027,0.6106619391568417,0.6963035525751793,0.021645477415736847,-0.01101058171019631,0.15720138902683115,OVA,Ovarian (OVC)
2161.46,x_2161.46,-0.75413567279146565,-0.7324590325159391,0.19863143761960497,0.18546244512922153,0.40420720288932194,0.5066135853907722,0.04207608174688504,-0.021676640275526515,0.2953231683134576,OVA,Ovarian (OVC)
2163.39,x_2163.39,-0.76097943480501,-0.7352780451722309,0.20355942680012512,0.18706429640405242,0.2741136265565427,0.3725236058580922,0.049567624387917106,-0.025701389632779015,0.4288462019248557,OVA,Ovarian (OVC)
2165.31,x_2165.31,-0.7614690506980414,-0.7349529868961839,0.19804166360776282,0.18481962179381312,0.22635610772670972,0.3256045549607286,0.051133501762557036,-0.026516063801857448,0.4873095282899834,OVA,Ovarian (OVC)
2167.23,x_2167.23,-0.7690384889010984,-0.7328489488807411,0.1824397473302681,0.17848043917803016,0.09069534497612766,0.16060634006189273,0.06954002875844482,-0.036189540020357236,0.7942373146018781,OVA,Ovarian (OVC)
2169.16,x_2169.16,-0.7708029912598285,-0.7323450862865434,0.1810245339088538,0.1703105409381153,0.059662121396072826,0.11525637087877705,0.07383865157476877,-0.03845790497328516,0.9383350593350442,OVA,Ovarian (OVC)
2171.08,x_2171.08,-0.770060142824869,-0.7456811239259594,0.1887812608222392,0.16191211882102974,0.23647321477246508,0.3365334182834929,0.04641236626078747,-0.024379018898909588,0.47297180319188675,OVA,Ovarian (OVC)
2173,x_2173.00,-0.7576521538832337,-0.7587628347354703,0.19651637052233809,0.16148719119752733,0.9507320764220364,0.9651352111612732,-0.0021133742009587456,0.0011106808522366451,0.015411839663738538,OVA,Ovarian (OVC)
2174.93,x_2174.93,-0.7431938848292874,-0.7711463345896739,0.191368276381909,0.16208711400926334,0.2179332873629801,0.3149422313514473,-0.05326609483524272,0.027952449760386466,0.5017690998805779,OVA,Ovarian (OVC)
2176.85,x_2176.85,-0.7410726339532455,-0.7688805742913155,0.17489941914601892,0.1696747854220353,0.18240918186582067,0.278680694517226,-0.05314464986501357,0.027807940338069992,0.5548931158042438,OVA,Ovarian (OVC)
2178.77,x_2178.77,-0.7426096441259162,-0.7611543926464697,0.1652817593064154,0.17825113210479546,0.36112742118768193,0.4670181726286067,-0.03558511586448265,0.018544748520553433,0.3306662198219577,OVA,Ovarian (OVC)
2180.69,x_2180.69,-0.7513683221294971,-0.7576728777785526,0.17220137023187077,0.17960535880406628,0.9458125209649442,0.9612333772850248,-0.012054828119115922,0.006304555649055521,0.017171157428024574,OVA,Ovarian (OVC)
2182.62,x_2182.62,-0.759278149765749,-0.7551908761210998,0.19385035050599125,0.17808047893223816,0.42041083265535373,0.5248119206044803,0.00778716688259722,-0.004087273644649225,0.2799963089335577,OVA,Ovarian (OVC)
2184.54,x_2184.54,-0.7636407164031276,-0.7521349529451743,0.20816903937380124,0.18118409338167152,0.27033622916462685,0.37116648203953906,0.02190251359864677,-0.011505763457953289,0.4304312493780635,OVA,Ovarian (OVC)
2186.46,x_2186.46,-0.7804008347770369,-0.7529447707082769,0.2058283062601439,0.18113598033614045,0.15278527703115874,0.24212582037988714,0.051671342999294934,-0.02745606406876,0.6159588947773058,OVA,Ovarian (OVC)
2188.39,x_2188.39,-0.7871708476227719,-0.7506579924212877,0.19955129063298932,0.1856976309736795,0.09774118432658176,0.17018250902300547,0.06852113092514694,-0.03651285520148417,0.769085077771645,OVA,Ovarian (OVC)
2190.31,x_2190.31,-0.7825300269619287,-0.7472544607498697,0.19040503423830696,0.19107203263928457,0.14008221198780188,0.2246601513011917,0.06654659459204967,-0.03527556621205907,0.6484739529690757,OVA,Ovarian (OVC)
2192.23,x_2192.23,-0.7721698835933578,-0.738899860349432,0.1983523208605533,0.19530017999857643,0.1524307983908897,0.2419741875984412,0.06353951517682625,-0.033270023243925806,0.616230959562788,OVA,Ovarian (OVC)
2194.15,x_2194.15,-0.7598816746547116,-0.7310617804193019,0.21191452480818926,0.1933889143079101,0.18608424876605342,0.28153523073828474,0.05578153062280548,-0.02881989423540965,0.5504672506959278,OVA,Ovarian (OVC)
2196.08,x_2196.08,-0.7462938730729632,-0.7252502304422539,0.20778931446637924,0.17407472931983242,0.2623624324043988,0.3623469339706247,0.04126504919144291,-0.021043642630709347,0.44087540914982215,OVA,Ovarian (OVC)
2198,x_2198.00,-0.7337857524486698,-0.7231326736797824,0.20193329125022227,0.17587132794753263,0.45917017025101703,0.5626790421817837,0.021098557960072664,-0.010653078768887436,0.2497392604889933,OVA,Ovarian (OVC)
402,x_402.00,0.019935143039053707,0.12330116351952981,0.4483386381289067,0.494041026685689,0.004928308597779597,0.007211218370772963,-2.628739884428751,-0.1033660204804761,2.1419913528948022,LUN,Lung (LC)
403.92,x_403.92,-0.005779684227880971,0.10250905631988862,0.40883911870535194,0.4268879786586909,5.757504430030249e-4,9.5279055612005e-4,NA,-0.10828874054776959,3.0210025561487845,LUN,Lung (LC)
405.85,x_405.85,-0.03772776115223951,0.07945081535141912,0.4020507568027473,0.4084959203754001,1.7987818271997046e-4,3.1030645912024426e-4,NA,-0.11717857650365864,3.5082091843543304,LUN,Lung (LC)
407.77,x_407.77,-0.0694556403925391,0.05347315648562488,0.4033236949309724,0.39568409727081627,1.3938090217649417e-4,2.4268369373374682e-4,NA,-0.12292879687816398,3.614959403558318,LUN,Lung (LC)
409.69,x_409.69,-0.09680725449893131,0.024414978705069593,0.4148380049198139,0.38066868022214906,2.878162147294748e-4,4.892875650401072e-4,NA,-0.1212222332040009,3.310435821442367,LUN,Lung (LC)
411.61,x_411.61,-0.10959545377481927,-0.0025750322148985366,0.43916328614751876,0.3732641131335641,0.0026412414047138604,0.004041834228162781,5.41200087023724,-0.10702042155992074,2.393421502614509,LUN,Lung (LC)
413.54,x_413.54,-0.10280057564541963,-0.028800452887278866,0.45614046956231885,0.3711564676835411,0.045741104037894574,0.06049212485916751,1.8357209994417427,-0.07400012275814076,1.2183011601049225,LUN,Lung (LC)
415.46,x_415.46,-0.0662806895579018,-0.054366233197054345,0.4646961959761406,0.3733220429470711,0.8168872791221718,0.8338314475755794,0.2858825086455315,-0.011914456360847453,0.07892172968106138,LUN,Lung (LC)
417.38,x_417.38,-0.01621623494928183,-0.05240779937088921,0.4829635651646521,0.3797397678359127,0.2555968331553161,0.2928713713237997,-1.69240407451089,0.03619156442160738,0.5333230792701431,LUN,Lung (LC)
419.31,x_419.31,0.03898767211226862,-0.030883219466658417,0.5033682985576152,0.3874050541056887,0.061570339574052085,0.07896881687481302,NA,0.06987089157892704,1.102544368617166,LUN,Lung (LC)
421.23,x_421.23,0.10138483598807856,-0.002703874904356278,0.5197865739586861,0.3962349005911557,0.0070841826454715534,0.010221775885055406,NA,0.10408871089243484,1.990473645289484,LUN,Lung (LC)
423.15,x_423.15,0.171509988202618,0.0327564844937047,0.5419401400024189,0.4059509741171104,5.720552914744904e-4,9.483540736323555e-4,2.3884045293789,0.13875350370891332,3.023029485958074,LUN,Lung (LC)
425.07,x_425.07,0.24221688172872605,0.06987781645264521,0.5734041116960471,0.42141885028400794,4.092682534120553e-5,7.5179924742686e-5,1.7933782974420225,0.17233906527608084,4.123898113363528,LUN,Lung (LC)
427,x_427.00,0.297671127122586,0.10447867417219663,0.6067043940745247,0.4412977014235809,1.1478244014796099e-5,2.2082629946161217e-5,1.5105018366145013,0.19319245295038934,4.655949205259461,LUN,Lung (LC)
428.92,x_428.92,0.3392099899346277,0.14513488369652325,0.6384198551172802,0.4656014567167882,2.404118842175241e-5,4.531957898052117e-5,1.2247786534276643,0.19407510623810445,4.343714133391291,LUN,Lung (LC)
430.84,x_430.84,0.3881486275303676,0.18430612885930983,0.6731289514105605,0.49039329247493413,1.2758782408831223e-5,2.4445617934953265e-5,1.0745010287503272,0.20384249867105778,4.61179898018994,LUN,Lung (LC)
432.77,x_432.77,0.4545652008407728,0.2134495033453975,0.7168702592776176,0.5195711922671434,1.1638971459853531e-6,2.3812775306264884e-6,1.0905888522437714,0.2411156974953753,5.623189985949312,LUN,Lung (LC)
434.69,x_434.69,0.5336598495885835,0.24871168008731506,0.7666491853543944,0.5633496219279017,9.844279932445884e-8,2.125727883796051e-7,1.1014431140876983,0.28494816950126844,6.67249233065447,LUN,Lung (LC)
436.61,x_436.61,0.6197212729008084,0.31064111219458707,0.8291256902991566,0.6222750484946792,1.1444380768085963e-7,2.4430356205845606e-7,0.9963683979718252,0.3090801607062213,6.612070200766826,LUN,Lung (LC)
438.54,x_438.54,0.7124175443854032,0.39114417609478214,0.9067567668035884,0.6855370383583532,5.270382025588251e-7,1.0999569629296909e-6,0.8650208979002901,0.32127336829062103,5.9586243067761355,LUN,Lung (LC)
440.46,x_440.46,0.8169466572658042,0.48331993345626423,0.984094000084536,0.7449899251376267,1.0728061863760777e-6,2.2045577676079836e-6,0.7572621645667474,0.33362672380953995,5.656678516558831,LUN,Lung (LC)
442.38,x_442.38,0.9157555974596479,0.5899121051771063,1.061165022398908,0.8056650615884553,3.932793074300376e-6,7.774125844547254e-6,0.6344617300738201,0.3258434922825415,5.109348433456477,LUN,Lung (LC)
444.3,x_444.30,0.9925583292865157,0.6996369741026349,1.1196389205159858,0.8668519384085634,3.92655064876893e-5,7.241271906506804e-5,0.5045447443131429,0.29292135518388074,4.140185144650576,LUN,Lung (LC)
446.23,x_446.23,1.0291346637369585,0.7993798063902083,1.1523089436127676,0.9202517300867513,8.723547696337681e-4,0.0014136078156110454,0.3644783368185894,0.22975485734675016,2.849671062350071,LUN,Lung (LC)
448.15,x_448.15,1.016887857628626,0.8853981929838711,1.1585138295869004,0.9548097893772155,0.02883020954377846,0.038785965357457354,0.19976204275037993,0.13148966464475487,1.4113253947780187,LUN,Lung (LC)
450.07,x_450.07,0.9616421235420162,0.9361370939174327,1.1328704300513983,0.9611351604259748,0.3427049874825756,0.38420762985156853,0.03878022923718184,0.025505029624583453,0.4154340148789793,LUN,Lung (LC)
452,x_452.00,0.8680926673060699,0.9315206567920706,1.0699740272599167,0.941079421194376,0.8464232986321671,0.8592896679924824,-0.10173859267143061,-0.0634279894860007,0.06586041008675979,LUN,Lung (LC)
453.92,x_453.92,0.735136869785254,0.8696077896855535,0.9764435726871797,0.8975267410522118,0.2104970375344357,0.2443709944027266,-0.2423516803355883,-0.13447091990029947,0.6119503439221545,LUN,Lung (LC)
455.84,x_455.84,0.5714505653012464,0.7592939006541073,0.8673377733795333,0.8315774083788063,0.01677185466473227,0.023197757561427026,-0.41002909454442915,-0.1878433353528609,1.6345539946680356,LUN,Lung (LC)
457.76,x_457.76,0.39084406316441306,0.6065703050907494,0.7547042610449909,0.7444478525101336,7.245610578636397e-4,0.0011843786522771035,-0.6340804354399073,-0.21572624192633633,2.9265094291127016,LUN,Lung (LC)
459.69,x_459.69,0.20896139248322737,0.42024451791565504,0.6467511890566229,0.6417640311011262,8.393628013401834e-5,1.503456358722359e-4,-1.0079891126217115,-0.21128312543242767,3.8229091737763934,LUN,Lung (LC)
461.61,x_461.61,0.039681304253305724,0.2243496599371854,0.5455325613274751,0.5393293680812936,5.641573470805039e-5,1.024246834019944e-4,-2.49918772076627,-0.18466835568387968,3.9895953697910205,LUN,Lung (LC)
463.53,x_463.53,-0.11001354400624856,0.03277041622130197,0.45512671066270094,0.44855230331171464,2.849208463335204e-4,4.8524770732575874e-4,NA,-0.14278396022755052,3.314036507867727,LUN,Lung (LC)
465.46,x_465.46,-0.24582988822709634,-0.1405148886883294,0.3875413883680945,0.3780186634588596,0.0026336886174972095,0.004036883372721132,0.8069417253922251,-0.10531499953876694,2.393953797360878,LUN,Lung (LC)
467.38,x_467.38,-0.35148274484085834,-0.2883979868648223,0.33361915918183344,0.331234406172119,0.05883844146618544,0.07588130037363225,0.28539366939539873,-0.06308475797603602,1.1198652352391754,LUN,Lung (LC)
469.3,x_469.30,-0.4308681008169862,-0.4035944820514102,0.2904189412120425,0.3022054930321298,0.5015720518010102,0.5434181557751384,0.09434006916840976,-0.02727361876557599,0.26486585575758986,LUN,Lung (LC)
471.22,x_471.22,-0.48301070903457605,-0.48982539469580083,0.2554424210991504,0.28526718303492227,0.36853752097377773,0.41119639869985936,-0.02021243701419132,0.006814685661224784,0.3859506975916418,LUN,Lung (LC)
473.15,x_473.15,-0.5116638801301984,-0.5459450704645854,0.2369366005006522,0.27888174307664787,0.016574015666619594,0.02295808096042862,-0.09355958783579549,0.034281190334387035,1.639064416932953,LUN,Lung (LC)
475.07,x_475.07,-0.5307923437142592,-0.5799984859701245,0.23672920144216175,0.27796160746031456,8.521278694633253e-4,0.0013832283992156408,-0.12790180376823765,0.04920614225586528,2.8591061030944354,LUN,Lung (LC)
476.99,x_476.99,-0.5523854748212638,-0.5971575267613215,0.2427733029708383,0.28039712916136544,7.561648458521814e-4,0.0012317319353167067,-0.11243636836520404,0.04477205194005773,2.90948379840544,LUN,Lung (LC)
478.92,x_478.92,-0.5719511816298071,-0.6087020655365838,0.24906299537199722,0.28323178333117593,0.0021019135379248635,0.003275481929932912,-0.0898444013375398,0.03675088390677672,2.48472479212643,LUN,Lung (LC)
480.84,x_480.84,-0.5831882885946814,-0.6172064625721735,0.2520882395114495,0.28146929981000346,0.004968464511052871,0.007258616121616304,-0.08179155613127803,0.03401817397749207,2.139146171040173,LUN,Lung (LC)
482.76,x_482.76,-0.6127030087012736,-0.620110317112595,0.2529915511541771,0.2762358085514475,0.2631337766263864,0.3011384102150199,-0.017336984971626137,0.007407308411321423,0.5212338466774313,LUN,Lung (LC)
484.69,x_484.69,-0.646269220544898,-0.6208590445729153,0.25185126468868185,0.2661558108594463,0.46651265105647527,0.5071968938811678,0.05786960790514052,-0.025410175971982696,0.2948234147761651,LUN,Lung (LC)
486.61,x_486.61,-0.6656990988262366,-0.6226716873452145,0.24268634794227353,0.25425191490078136,0.068200981433417407,0.08687727198943498,0.09639868311162986,-0.04302741148102207,1.0610938247089108,LUN,Lung (LC)
488.53,x_488.53,-0.6819763131026719,-0.6274157933515567,0.2340792825561923,0.24552449006361507,0.007366538731911615,0.010612810037499785,0.12029997009560305,-0.0545605197511152,1.97416960929371,LUN,Lung (LC)
490.45,x_490.45,-0.6845921040099687,-0.6271316143232594,0.23012386293028936,0.23864494838016811,0.001473258714806798,0.0023426817999053673,0.12647659659086202,-0.05746048968670936,2.630286696435036,LUN,Lung (LC)
492.38,x_492.38,-0.6766893870973254,-0.6260218601335862,0.2312184430421724,0.23623193754975333,0.0019250650758496812,0.003025102262049499,0.11228089899505676,-0.05066752696373922,2.519259939658409,LUN,Lung (LC)
494.3,x_494.30,-0.675526143089216,-0.6287316064707397,0.23293296918979048,0.23499121560957537,0.0030580439178278036,0.004634150831716364,0.10356747284216362,-0.04679453661847632,2.334029834957767,LUN,Lung (LC)
496.22,x_496.22,-0.6802751459914348,-0.6359376370973876,0.23452873679647168,0.23686641157493873,0.008044250351965607,0.011500571986372847,0.09723323345026834,-0.044337508894047195,1.9392805592683064,LUN,Lung (LC)
498.15,x_498.15,-0.6779065447952848,-0.6500742128331352,0.24099966909411938,0.24007881497409497,0.12137283045349533,0.14680930979821233,0.06048206394695674,-0.027832331962149626,0.8332464030998492,LUN,Lung (LC)
500.07,x_500.07,-0.6707897426295054,-0.667968702236963,0.24526230238573715,0.24442158714050022,0.9047268392099979,0.9135200806278055,0.006080130592827055,-0.0028210403925423844,0.03928190172140652,LUN,Lung (LC)
501.99,x_501.99,-0.6699018351458296,-0.6786051553673643,0.25128904909881883,0.26432588068763607,0.4292913220579653,0.471665553612453,-0.018622713831960576,0.00870332022153475,0.3263658397226893,LUN,Lung (LC)
503.91,x_503.91,-0.6590186665194547,-0.6793750074391546,0.2647078661654204,0.2883451325951925,0.09708477068102658,0.11912632622934363,-0.043888881786288095,0.020356340919699845,0.9239922513409875,LUN,Lung (LC)
505.84,x_505.84,-0.6299379548985173,-0.6685560763805487,0.2824693534869903,0.3070479719067324,0.011068614610073937,0.015656814917426824,-0.08583896758493978,0.038618121482031365,1.8052965822829163,LUN,Lung (LC)
507.76,x_507.76,-0.59138835318351,-0.6461396320664705,0.3025592101463194,0.32202146218114663,0.002080539528557465,0.0032475867432407842,-0.12774034334123868,0.0547512788829605,2.4884392400678066,LUN,Lung (LC)
509.68,x_509.68,-0.5442693780912341,-0.6072215129670248,0.32215727066987665,0.332140146468998,0.00234050964949512,0.0036171512764924586,-0.15790231019034273,0.06295213487579066,2.4416333277957274,LUN,Lung (LC)
511.61,x_511.61,-0.4952688449045102,-0.55776307571825,0.33907658197635293,0.3342597345569282,0.007639136551095748,0.010938120482809378,-0.17144088606253216,0.06249423081373984,1.9610572972046514,LUN,Lung (LC)
513.53,x_513.53,-0.4543032683335623,-0.5012103087619272,0.3564856552463653,0.3325445581992268,0.12443666061996778,0.15012680990925145,-0.14176070071564206,0.046907040428364855,0.823541743759812,LUN,Lung (LC)
515.45,x_515.45,-0.41609594836138836,-0.4526543242584766,0.37068015797760906,0.33048984892349687,0.5104800113896151,0.5498834224070163,-0.12149377618188373,0.03655837589708827,0.2597293729998434,LUN,Lung (LC)
517.37,x_517.37,-0.38220142106888455,-0.4136081564746493,0.3786805407557854,0.32777042222433056,0.9920128021589454,0.9930749143668244,-0.1139317804998069,0.031406735405764774,0.0030179884946163475,LUN,Lung (LC)
519.3,x_519.30,-0.35237021960565595,-0.37786655187746754,0.38525169720655666,0.3224945774936727,0.5984391229040023,0.6322492428420814,-0.10078509477354221,0.025496332271811584,0.19911168207798682,LUN,Lung (LC)
521.22,x_521.22,-0.32478249471060083,-0.3451188730498066,0.3925846127557845,0.31588771699251594,0.3861761169153699,0.4293396781401556,-0.08761975687782747,0.020336378339205763,0.3671989736192442,LUN,Lung (LC)
523.14,x_523.14,-0.29747330501677377,-0.3209966275489117,0.3969481964796866,0.31201847530871524,0.47508060600966556,0.5159121563519596,-0.10979828751677496,0.023523322532137902,0.2874242387977977,LUN,Lung (LC)
525.07,x_525.07,-0.26553489804561936,-0.29719548847916566,0.40489585887167295,0.3137326239557455,0.6577082921967292,0.6886419408778744,-0.16251131393591864,0.0316605904335463,0.16200653066250378,LUN,Lung (LC)
526.99,x_526.99,-0.23603376321698172,-0.267392725122152,0.415292689589989,0.3192622457414695,0.5620856819381193,0.598576438054831,-0.1799676885598182,0.03135896190517029,0.22288038242427047,LUN,Lung (LC)
528.91,x_528.91,-0.20624773323685316,-0.2331156286923971,0.4239543542717305,0.3223428614754814,0.4252368428327464,0.46776052711602106,-0.1766682725147154,0.02686789545554394,0.32997642976712477,LUN,Lung (LC)
530.84,x_530.84,-0.18510167678858772,-0.19746358395624083,0.4360271385313464,0.32330223810172415,0.14338702688361948,0.17210124536095536,-0.09326914105812535,0.012361907167653119,0.7642159870144849,LUN,Lung (LC)
532.76,x_532.76,-0.17125710862395482,-0.16537254099807197,0.448047524278729,0.3309990211594931,0.023645628577906475,0.0322283713124527,0.05044446861887869,-0.005884567625882853,1.4917616413659462,LUN,Lung (LC)
534.68,x_534.68,-0.15855047340687847,-0.1408870705196299,0.45852585993660655,0.3369605615929864,0.004020685548790541,0.0059389273114046695,0.17040410712544593,-0.017663402887248575,2.226291990171545,LUN,Lung (LC)
536.6,x_536.60,-0.15431155441606437,-0.11900109215127641,0.46937973124943194,0.3397845005859874,2.2772587519890713e-4,3.8997013426919077e-4,0.3748740509150684,-0.035310462264787956,3.40896865199593,LUN,Lung (LC)
538.53,x_538.53,-0.1546477303047818,-0.10819620151808725,0.4884841293149364,0.3419095860131752,2.637199786618098e-5,4.9414464939637705e-5,0.5153398141252092,-0.04645152878669455,4.3061459028189715,LUN,Lung (LC)
540.45,x_540.45,-0.15938613095776386,-0.11487618245286221,0.5152921660480846,0.34094441088209376,1.273340662780777e-5,2.4445617934953265e-5,0.47244989364895407,-0.04450994850490164,4.61179898018994,LUN,Lung (LC)
542.37,x_542.37,-0.16867556078273718,-0.14097091197629438,0.5397411318140082,0.3435947732873079,5.326584611182126e-5,9.727259006748608e-5,0.25885513242758035,-0.0277046488064428,4.012009520055009,LUN,Lung (LC)
544.3,x_544.30,-0.1818156909153566,-0.17380726999551052,0.5593491493212693,0.34897669757911126,4.346724624971127e-4,7.231650399195736e-4,0.06498864851957468,-0.008008420919846077,3.1407625771911647,LUN,Lung (LC)
546.22,x_546.22,-0.1979816054839579,-0.2057338116311637,0.5711003550757981,0.3555261692180176,0.00413867276662695,0.006103563149520817,-0.05541279439893987,0.007752206147205787,2.2144165577107517,LUN,Lung (LC)
548.14,x_548.14,-0.21595802062044298,-0.2442498130888222,0.5780878055308543,0.36447604345695184,0.05400086340790543,0.07022365408399385,-0.1776073331557546,0.028291792468379234,1.1535165757931138,LUN,Lung (LC)
550.06,x_550.06,-0.23957768286460046,-0.2830022763691455,0.5845964712099349,0.37184524328801294,0.24202568693925428,0.27834442470873644,-0.24032105714811716,0.04342459350454503,0.5554174732702108,LUN,Lung (LC)
551.99,x_551.99,-0.26119978675022837,-0.31120902603071676,0.5788462217780355,0.3758052270605219,0.44599196318320256,0.4877222053523911,-0.25273107211233153,0.05000923928048839,0.3118274711000941,LUN,Lung (LC)
553.91,x_553.91,-0.2770278083432494,-0.32570324681047297,0.5606657386217365,0.3746963903842937,0.5527300490658356,0.5913073179365632,-0.23352807697436398,0.04867543846722355,0.22818674619994364,LUN,Lung (LC)
555.83,x_555.83,-0.290824800337852,-0.33199213249118664,0.5405230370124894,0.3697142412335831,0.5882010427787214,0.6228402887860753,-0.19099936672272916,0.041167332153334624,0.2056233026043112,LUN,Lung (LC)
557.76,x_557.76,-0.3067252877060146,-0.3425325402490602,0.5147469401040309,0.36413647699950835,0.7414636484536516,0.7694434087726574,-0.15929442758915033,0.03580725254304562,0.11382331626335916,LUN,Lung (LC)
559.68,x_559.68,-0.31958126609324816,-0.35667749416203487,0.48088673355294287,0.35342077783129006,0.9382467832952012,0.9446549808510751,-0.15843781648182054,0.03709622806878671,0.024726781197019404,LUN,Lung (LC)
561.6,x_561.60,-0.32807560321403384,-0.3639398417493803,0.4423923637590419,0.3436751498879655,0.6779781236474387,0.7082788219110113,-0.14967211569637862,0.03586423853534648,0.1497957437510815,LUN,Lung (LC)
563.52,x_563.52,-0.34411242213805326,-0.36311284780024455,0.4039786490337902,0.33355436250647424,0.8023817414468583,0.8217162412407585,-0.07753822345655713,0.01900042566219129,0.08527812910093611,LUN,Lung (LC)
565.45,x_565.45,-0.36374415791800524,-0.3604275013972824,0.3725659724176349,0.32388071399569096,0.6501705313212894,0.6822777180532049,0.013215017529822133,-0.003316656520722827,0.16603881175476012,LUN,Lung (LC)
567.37,x_567.37,-0.38390225373964026,-0.3644100620561747,0.35395829699518266,0.31872551705748237,0.27215071634161025,0.31069709374774795,0.07517643547133494,-0.019492191683465554,0.50766280910492,LUN,Lung (LC)
569.29,x_569.29,-0.39570788955136305,-0.36839533776038513,0.3421524304082874,0.3149017463973264,0.14820976438102643,0.17743422496320063,0.10318129661947774,-0.027312551790977913,0.7509626061556339,LUN,Lung (LC)
571.22,x_571.22,-0.39678685764447114,-0.36855741772878386,0.3320016321712292,0.3138487156570073,0.1619803156798932,0.1912267615665406,0.10647512518257829,-0.02822943991568727,0.7184513296991497,LUN,Lung (LC)
573.14,x_573.14,-0.3953267462934266,-0.3640419355221669,0.3285373334695736,0.32063517982307,0.1532806711476487,0.18256997136694464,0.11894122919016616,-0.03128481077125972,0.738570652552395,LUN,Lung (LC)
575.06,x_575.06,-0.39314546837455056,-0.36397814542061363,0.333646834455652,0.33094307659430977,0.1953706351824124,0.2283394298694445,0.11121169086217897,-0.029167322953936925,0.6414190876506871,LUN,Lung (LC)
576.99,x_576.99,-0.39294628228711054,-0.3743626992357031,0.33964596359390203,0.3355849205878493,0.4590865832351311,0.499704255325783,0.0698955898434402,-0.01858358305140745,0.3012869522251389,LUN,Lung (LC)
578.91,x_578.91,-0.3892016291286746,-0.391066979658035,0.3424116758050509,0.33794035709671755,0.8940470953805377,0.9037124693846516,-0.00689799372359745,0.0018653505293603767,0.04396972530194308,LUN,Lung (LC)
580.83,x_580.83,-0.3822670409948819,-0.40208051142131396,0.34257140042806017,0.34219902313743644,0.30680206804894883,0.34644919520020184,-0.07290378073468186,0.019813470426432056,0.460360443193373,LUN,Lung (LC)
582.75,x_582.75,-0.3762450235652883,-0.40664099802779685,0.339259144796562,0.33960538184989864,0.1507908132868077,0.18029336371248747,-0.11208346328526783,0.03039597446250858,0.7440202586136434,LUN,Lung (LC)
584.68,x_584.68,-0.3666243604510584,-0.4123262763979173,0.3406315505110211,0.33102583557162135,0.05637646914310154,0.073109568167545,-0.16948418991867406,0.045701915946858906,1.1360257813124943,LUN,Lung (LC)
586.6,x_586.60,-0.3568832240218205,-0.4183007790804127,0.3341740966418804,0.3263962255759712,0.011864420876950338,0.016706676987874345,-0.22908919218959164,0.0614175550585922,1.7771099240949468,LUN,Lung (LC)
588.52,x_588.52,-0.3514964452142037,-0.4135232382355595,0.32354718824202505,0.32693117275971084,0.005682745427999703,0.008225026277367991,-0.2344589216326674,0.062026793021355775,2.0848627058889075,LUN,Lung (LC)
590.45,x_590.45,-0.33626542376961066,-0.4000745669321228,0.31985814493084613,0.3304396720559049,0.003053724077679175,0.004634150831716364,-0.2506691600794852,0.06380914316251213,2.334029834957767,LUN,Lung (LC)
592.37,x_592.37,-0.30628779638323816,-0.38295354205590254,0.3280023482844486,0.33252701612487745,4.261952290475454e-4,7.10325381745909e-4,-0.32228243956006347,0.07666574567266438,3.148542666596079,LUN,Lung (LC)
594.29,x_594.29,-0.26356479808597033,-0.3677866831416883,0.3363224599104564,0.33139298611891194,3.692850281406512e-6,7.3152860447353574e-6,-0.4807130988154334,0.10422188505571794,5.135768687280117,LUN,Lung (LC)
596.21,x_596.21,-0.21507542034025556,-0.3546474947746208,0.33587641593593326,0.3252365416075532,3.2410813818494854e-9,8.016960560923992e-9,-0.7215457389935448,0.13957207443436526,8.095990252889479,LUN,Lung (LC)
598.14,x_598.14,-0.16223145368234998,-0.34354966008507765,0.33451210462068004,0.31802547220808136,1.6676737339906657e-13,5.285677767055161e-13,-1.0824697904757967,0.18131820640272767,12.276899316470194,LUN,Lung (LC)
600.06,x_600.06,-0.10986600895713951,-0.33181095535135496,0.3341031323519098,0.3107848369247008,2.400760633686534e-18,1.1003486237729946e-17,-1.5946251986602646,0.22194494639421547,16.958469695393198,LUN,Lung (LC)
601.98,x_601.98,-0.06580827316029951,-0.32471547788063493,0.3374871286760764,0.301810543528868,8.397385880905315e-23,5.269500536004342e-22,-2.302852763153514,0.2589072047203354,21.27823054697662,LUN,Lung (LC)
603.91,x_603.91,-0.027596817435504024,-0.33119354577343124,0.35115169385606865,0.2940710626448846,2.0568207628113954e-27,1.764337076356564e-26,-3.5851486757546396,0.3035967283379272,25.753418439376073,LUN,Lung (LC)
605.83,x_605.83,0.0012758382692991239,-0.3450926582375936,0.3747372092260095,0.28830061274143665,4.647355086964999e-31,5.1643064491889e-30,NA,0.3463684965068927,29.286987994669968,LUN,Lung (LC)
607.75,x_607.75,0.01899125249651078,-0.3566617914498895,0.40663805348398774,0.28084840492616875,1.9704537487288786e-32,2.424176651396712e-31,NA,0.3756530439464003,30.61543573601917,LUN,Lung (LC)
609.67,x_609.67,0.03615307347269115,-0.3688946257911805,0.442279908362265,0.2744206292351173,9.701764276534182e-33,1.2094866131412614e-31,NA,0.40504769926387163,30.91739893414051,LUN,Lung (LC)
611.6,x_611.60,0.05352648667398849,-0.37284458913453233,0.4781827480796356,0.27693064837652337,1.008595588178691e-31,1.1787960936838451e-30,NA,0.42637107580852085,29.928561311992762,LUN,Lung (LC)
613.52,x_613.52,0.06919621556612261,-0.36335669324160874,0.5161260133661562,0.28541447735288605,7.329123209062575e-29,7.0646703097665025e-28,NA,0.43255290880773134,27.150908100763772,LUN,Lung (LC)
615.44,x_615.44,0.08481604106294936,-0.34678153156089836,0.5509902162075072,0.29294123546622175,3.995397649756828e-26,3.113080668768862e-25,NA,0.43159757262384774,24.506809625367193,LUN,Lung (LC)
617.37,x_617.37,0.09266274331003976,-0.3294197028739939,0.580651437550379,0.3047137780416394,7.569644627570433e-23,4.782174139715104e-22,NA,0.4220824461840337,21.320374613385372,LUN,Lung (LC)
619.29,x_619.29,0.08464597075885286,-0.3085502152845234,0.6058216781130608,0.3199336873749365,3.379743783451976e-18,1.5340099211299018e-17,NA,0.39319618604337625,16.814171831600834,LUN,Lung (LC)
621.21,x_621.21,0.06751122595213678,-0.297142582268132,0.613300410552085,0.33503994335137866,1.0906901629564376e-14,3.86286099380405e-14,NA,0.36465380822026877,13.41309091978944,LUN,Lung (LC)
623.13,x_623.13,0.037855368641583766,-0.3068821228221545,0.6026619664149139,0.3477494072661416,4.960646139900188e-13,1.5460680469355585e-12,NA,0.3447374914637383,11.810771395438218,LUN,Lung (LC)
625.06,x_625.06,-0.017984851547440693,-0.33301106840292904,0.581843048285404,0.3545213559682756,1.6103219055065334e-11,4.632772251226488e-11,-4.210791860445121,0.3150262168554884,10.334159049347198,LUN,Lung (LC)
626.98,x_626.98,-0.09557598329518269,-0.3748595878200231,0.5525245889508241,0.351947821150892,3.4590504234173015e-10,9.162074067691719e-10,-1.971641505920661,0.2792836045248404,9.038006201638764,LUN,Lung (LC)
628.9,x_628.90,-0.18624066197281258,-0.43300647805275383,0.5155688125009633,0.34282483612848974,1.2022939670929228e-9,3.0714340416171664e-9,-1.2172249320844402,0.24676581607994125,8.5126588066245,LUN,Lung (LC)
630.83,x_630.83,-0.2854621387717611,-0.500107988604829,0.4769572168482527,0.3313211896440142,2.4393374832210387e-9,6.082081458164456e-9,-0.8089424079367459,0.2146458498330679,8.215947767586425,LUN,Lung (LC)
632.75,x_632.75,-0.38425504216154577,-0.5689568236222852,0.4388576493738976,0.31628188168882193,8.323469561311124e-9,1.945611009956475e-8,-0.5662562028933593,0.1847017814607394,7.7109439847851275,LUN,Lung (LC)
634.67,x_634.67,-0.47048268127609894,-0.6283170977092931,0.40151293430560003,0.3028567214450289,2.437688501240785e-8,5.50540760545926e-8,-0.4173519918579916,0.15783441643319418,7.259210521515387,LUN,Lung (LC)
636.6,x_636.60,-0.5343198082526373,-0.6670818757930904,0.36975090338019734,0.298003799546845,1.0963179797098111e-7,2.3564535885716629e-7,-0.3201608804555312,0.13276206754045317,6.627741109448039,LUN,Lung (LC)
638.52,x_638.52,-0.5741982081928879,-0.6836217108996019,0.34265278294375495,0.3023269668317063,9.499669395963302e-7,1.956429710402134e-6,-0.25164978938270055,0.10942350270671397,5.708535750591233,LUN,Lung (LC)
640.44,x_640.44,-0.5883837808384068,-0.6840424337578644,0.31854903078145824,0.311415472000092,2.2569839297566416e-6,4.518800801547024e-6,-0.21732868828410823,0.09565865291945763,5.344976802881167,LUN,Lung (LC)
642.36,x_642.36,-0.5913397382122098,-0.6729293721021268,0.301890990529378,0.32104238809927793,9.445687604099154e-6,1.8285130248100847e-5,-0.18646815933946517,0.08158963388991702,4.737901941761265,LUN,Lung (LC)
644.29,x_644.29,-0.5938677746991184,-0.6532144952057936,0.2898679315236669,0.3290530999169239,2.830057861077999e-4,4.828657116985272e-4,-0.1374152770279731,0.05934672050667511,3.3161736327624696,LUN,Lung (LC)
646.21,x_646.21,-0.5902503296699125,-0.6305505117933478,0.27898746936507884,0.3317339431087867,0.0034270316632691073,0.005151566889319317,-0.09528515978304751,0.040300182123435224,2.2880606568061386,LUN,Lung (LC)
648.13,x_648.13,-0.5840597591181156,-0.6097808851955161,0.27594428469082566,0.32786235462179647,0.03248764004104748,0.04333230162393637,-0.06217504250072775,0.025721126077400513,1.363188242513565,LUN,Lung (LC)
650.06,x_650.06,-0.5847877300094474,-0.5961595221293059,0.27878490364851666,0.3240886553204576,0.21018009592236833,0.2443709944027266,-0.027785428969755242,0.011371792119858504,0.6119503439221545,LUN,Lung (LC)
651.98,x_651.98,-0.5900211766943193,-0.5904870190150112,0.282236819382722,0.31849738515470066,0.5612053505878872,0.5983204136826392,-0.001138610611660835,4.6584232069191156e-4,0.22306617951047733,LUN,Lung (LC)
653.9,x_653.90,-0.5901904964020619,-0.5861347607091957,0.28177576653572756,0.31136217215899387,0.7169342743214029,0.7464738825061377,0.009948307867145989,-0.004055735692866214,0.12698538269031698,LUN,Lung (LC)
655.82,x_655.82,-0.5795855119643638,-0.5838620467872703,0.27319854856338377,0.3062097946302542,0.35819903609208925,0.4001387081793351,-0.010606019889328485,0.004276534822906464,0.3977894342857025,LUN,Lung (LC)
657.75,x_657.75,-0.5679925346153918,-0.5821151777350871,0.27070980404798667,0.304192876023376,0.1609378924596926,0.1904771258858387,-0.03543272783992255,0.014122643119695355,0.720157170634139,LUN,Lung (LC)
659.67,x_659.67,-0.5572765909880251,-0.5755515328593648,0.2699054838871195,0.3083941022297233,0.11542245607880315,0.14015583952426094,-0.046551637472288,0.01827494187133971,0.8533888028603086,LUN,Lung (LC)
661.59,x_661.59,-0.5491424842829038,-0.5600458168560066,0.26944047378490343,0.3179600805504731,0.19582153804754307,0.22858069672216325,-0.02836437938687104,0.01090333257310283,0.6409604478734391,LUN,Lung (LC)
663.52,x_663.52,-0.5336040677734428,-0.5345493698924055,0.270682151288804,0.3318383286067144,0.447551996552626,0.4888564448325997,-0.0025535387345267243,9.453021189627098e-4,0.310818654925764,LUN,Lung (LC)
665.44,x_665.44,-0.5091214206869636,-0.49356369615172846,0.2763877268259495,0.34667785592399564,0.9524514664630521,0.9575721732719933,0.04477357427642151,-0.015557724535235185,0.018828482871083914,LUN,Lung (LC)
667.36,x_667.36,-0.4799288782103749,-0.435987732842952,0.28109035877720723,0.36020925729961,0.3157452021966853,0.3552608472369443,0.13853338504527554,-0.043941145367422885,0.44945265281434543,LUN,Lung (LC)
669.28,x_669.28,-0.4374068376558944,-0.3607422844503902,0.27892249060798363,0.36749426725773027,0.021730435315781938,0.029791725836152656,0.2780079353818174,-0.0766645532055042,1.5259043373553676,LUN,Lung (LC)
671.21,x_671.21,-0.3831589959226242,-0.27167343370473046,0.27727071480058857,0.35947108364349384,0.00011993443174876558,2.1078701820506735e-4,0.496071228511454,-0.11148556221789374,3.676156139643139,LUN,Lung (LC)
673.13,x_673.13,-0.3134716264540136,-0.1686486724038264,0.2709736538078343,0.33876615320833975,1.8964735919034483e-8,4.3038903117226314e-8,0.8943178555378124,-0.14482295405018722,7.366138805562072,LUN,Lung (LC)
675.05,x_675.05,-0.23523318252090059,-0.05093901848510435,0.2656373625531261,0.3198756418155523,1.4976544964738527e-14,5.186322052603897e-14,2.207270707032442,-0.18429416403579624,13.285140518548912,LUN,Lung (LC)
676.98,x_676.98,-0.15955934760140872,0.07446486789929727,0.270173408288579,0.3156164484314386,4.616987338377462e-23,2.9771608009537426e-22,NA,-0.23402421550070598,21.526197707818536,LUN,Lung (LC)
678.9,x_678.90,-0.10008760889039009,0.19718895707666834,0.28296362356447974,0.3267784761916273,2.5743399843904336e-31,2.9000095004880184e-30,NA,-0.2972765659670584,29.537600579341472,LUN,Lung (LC)
680.82,x_680.82,-0.07137661500308141,0.3041030176723294,0.3054296513540715,0.3440124434937809,3.051315773904855e-40,5.8224086706143655e-39,NA,-0.3754796326754108,38.23489731501471,LUN,Lung (LC)
682.75,x_682.75,-0.07535915153272388,0.3794624964471379,0.3280674369242377,0.3615630903450633,7.133280573430002e-48,2.565237436983481e-46,NA,-0.4548216479798618,45.5908724306304,LUN,Lung (LC)
684.67,x_684.67,-0.0972630921955142,0.4104555063836536,0.3443995821708071,0.373173995844548,1.1493567478064501e-51,8.266527378454083e-50,NA,-0.5077185985791678,49.0826768915481,LUN,Lung (LC)
686.59,x_686.59,-0.12984721589366152,0.3966006485965586,0.35210945321801945,0.3775243163006366,3.0726793541586627e-52,2.3941293301152914e-50,NA,-0.5264478644902201,49.62085239284426,LUN,Lung (LC)
688.51,x_688.51,-0.16750971465112185,0.351248531821348,0.3538779439601705,0.37469729287611686,6.891567718278968e-51,4.216462102650566e-49,NA,-0.5187582464724698,48.37505179873631,LUN,Lung (LC)
690.44,x_690.44,-0.21109041804458267,0.28908136813955626,0.35344138829235466,0.3613444783780019,1.3278942284600386e-49,6.534637387421769e-48,NA,-0.5001717861841389,47.18477850678445,LUN,Lung (LC)
692.36,x_692.36,-0.2500513957186344,0.22318410960891022,0.3537419443779875,0.34282186198408426,5.673545518418243e-48,2.121906023888423e-46,NA,-0.4732355053275446,45.67327385427561,LUN,Lung (LC)
694.28,x_694.28,-0.2771152762337505,0.1605944620105232,0.35496460159763843,0.332028693131907,2.60218024497011e-44,6.9515386544201516e-43,NA,-0.43770973824427367,42.15791905797596,LUN,Lung (LC)
696.21,x_696.21,-0.2861749149349655,0.10609727243340211,0.3493128031230748,0.3327255823711582,5.818044046365572e-38,8.917821612052146e-37,NA,-0.3922721873683676,36.04974121932396,LUN,Lung (LC)
698.13,x_698.13,-0.27950197132082105,0.07006430380234525,0.34563077781822815,0.3406908939256874,4.694824044717182e-31,5.1643064491889e-30,NA,-0.3495662751231663,29.286987994669968,LUN,Lung (LC)
700.05,x_700.05,-0.27083823010311725,0.055713829353476095,0.3495403429004798,0.35157602403042365,7.59844993975932e-27,6.343348833638361e-26,NA,-0.3265520594565933,25.197681405210037,LUN,Lung (LC)
701.97,x_701.97,-0.2507029754121275,0.06369387312220624,0.36115205372281484,0.3658311182898281,4.509605098613615e-24,3.1233190868175776e-23,NA,-0.31439684853433375,22.50538364479153,LUN,Lung (LC)
703.9,x_703.90,-0.20442765999167956,0.09279489340327038,0.385922320977356,0.3851105538918406,1.724986986111256e-20,9.098108414309513e-20,NA,-0.29722255339494996,19.041048892362532,LUN,Lung (LC)
705.82,x_705.82,-0.13749937635932474,0.15711169101033348,0.4118637923303916,0.41269759412912144,2.1468949399543444e-18,9.888407728361143e-18,NA,-0.29461106736965825,17.00487363463727,LUN,Lung (LC)
707.74,x_707.74,-0.0500964698394,0.2816482165941341,0.4386655447341838,0.45529726610287785,4.0013068300225774e-20,2.044383544301153e-19,NA,-0.33174468643353405,18.689437623435822,LUN,Lung (LC)
709.67,x_709.67,0.06818670241814766,0.4822470907478748,0.48098692055058745,0.523552820555673,6.018616365465124e-24,4.137798751257273e-23,-2.8221920473025373,-0.41406038832972714,22.38323063579302,LUN,Lung (LC)
711.59,x_711.59,0.22612935362489262,0.7694723940121391,0.550040343271853,0.6323521533795327,2.699804793054088e-28,2.5243174815055725e-27,-1.7667167845408103,-0.5433430403872465,26.597856025103397,LUN,Lung (LC)
713.51,x_713.51,0.41694672054274623,1.137512596366021,0.643388845186168,0.785986024600979,5.465389540925384e-32,6.551460539442608e-31,-1.447945383336858,-0.7205658758232749,30.18366187046448,LUN,Lung (LC)
715.43,x_715.43,0.6309318121392289,1.5660438827585104,0.7549353621154146,0.9687653419169294,1.3926059400382037e-34,1.8601236484796008e-33,-1.3115672744765627,-0.9351120706192815,32.730458185853294,LUN,Lung (LC)
717.36,x_717.36,0.8487404324515473,2.0109776902756105,0.862724394844524,1.154901751343655,5.144215314502277e-37,7.399755875476353e-36,-1.2445007825467092,-1.1622372578240632,35.13078260779367,LUN,Lung (LC)
719.28,x_719.28,1.0392325513455647,2.4071650836628287,0.9518306446874144,1.3152027019673735,2.6322094772842782e-39,4.394849752251429e-38,-1.2118157711034565,-1.367932532317264,37.357055967662674,LUN,Lung (LC)
721.2,x_721.20,1.1840919840646245,2.693610188901728,1.005145790251338,1.421873039243535,7.434229264814963e-41,1.5446676361337756e-39,-1.1857592421561922,-1.5095182048371036,38.81116495269293,LUN,Lung (LC)
723.13,x_723.13,1.2698025434907547,2.821626979685612,1.0074075737843369,1.4522440970076727,1.6688646498819678e-41,3.71521058961819e-40,-1.1519224779268873,-1.5518244361948572,39.43001656405226,LUN,Lung (LC)
725.05,x_725.05,1.2905647591828655,2.774916077460388,0.9564889156060001,1.4002081104178743,2.308661923872078e-41,4.9059065882281655e-40,-1.1044410061636802,-1.4843513182775225,39.3092807253109,LUN,Lung (LC)
726.97,x_726.97,1.260832917703812,2.574452161261959,0.8693175927361599,1.2785139693317669,5.809901706680626e-40,1.0651486462247813e-38,-1.0298877720836914,-1.3136192435581469,37.972589780271804,LUN,Lung (LC)
728.9,x_728.90,1.1949487273876416,2.2714715054591004,0.7688710085868805,1.1103527545401117,3.807696225728617e-37,5.6511047159623124e-36,-0.9266779187128562,-1.0765227780714588,35.24786664507456,LUN,Lung (LC)
730.82,x_730.82,1.1159504122957797,1.9297505633366963,0.6742794061858292,0.9280974693558836,9.289808868684744e-32,1.0994900369899031e-30,-0.7901409119013466,-0.8138001510409165,29.958808701637352,LUN,Lung (LC)
732.74,x_732.74,1.0489195572453607,1.6048536225113714,0.6047986748912516,0.7600553717923653,1.331999539891623e-22,8.2478117205209765e-22,-0.6135371994257447,-0.5559340652660107,21.08366126160331,LUN,Lung (LC)
734.66,x_734.66,1.0039578434944696,1.3419176698375574,0.573241123708848,0.6273615608751185,4.367520786630446e-12,1.3130649310287674e-11,-0.41859710788535914,-0.33795982634308785,10.88171379752799,LUN,Lung (LC)
736.59,x_736.59,0.9772855639653016,1.1566443992250794,0.5734255463515147,0.5411200385782275,2.8586301608840205e-5,5.334968463925268e-5,-0.24309307295630717,-0.1793588352597778,4.27286814343421,LUN,Lung (LC)
738.51,x_738.51,0.9604855929127086,1.0397247421101368,0.5889563641473773,0.49366519584688456,0.02065687987102446,0.028361501731876463,-0.11436564470931296,-0.07923914919742814,1.5472707771349437,LUN,Lung (LC)
740.43,x_740.43,0.9434401539233161,0.9701876012200441,0.6013485942790359,0.47158091037830613,0.17351016969898359,0.2038090561162684,-0.04033269519973281,-0.026747447296727955,0.6907765223220311,LUN,Lung (LC)
742.36,x_742.36,0.9198625534291839,0.9211542392219293,0.6026370812574101,0.46065118377167724,0.35163411771694325,0.39374598810220596,-0.0020244323423509853,-0.0012916857927454117,0.4047838582282486,LUN,Lung (LC)
744.28,x_744.28,0.8856803462868287,0.8715720192897203,0.5927291518915004,0.4496710751474529,0.538553931023066,0.5774632173240445,0.023166197382604812,0.0141083269971084,0.23847567381149015,LUN,Lung (LC)
746.2,x_746.20,0.8344942981997256,0.8130352674282683,0.5798558309906839,0.4349566791072414,0.5927078650833812,0.6269025496074225,0.03758421242789828,0.021459030771457388,0.2027999638854262,LUN,Lung (LC)
748.12,x_748.12,0.7584545803219591,0.7457519386072453,0.5673257650590012,0.4197456957039913,0.37576649330769285,0.4187624210282393,0.024366932679334895,0.012702641714713803,0.37803229803504834,LUN,Lung (LC)
750.05,x_750.05,0.6715490214180474,0.664867725524027,0.5625675372516823,0.4060485759780914,0.21902235631378092,0.2531346145282882,0.01442534801715179,0.006681295894020445,0.5966484638075443,LUN,Lung (LC)
751.97,x_751.97,0.5757855677514412,0.5671415895544291,0.5613364810849818,0.3926797252432318,0.16028895644047453,0.19019057648711127,0.021822633845770507,0.008643978197012125,0.7208110051748146,LUN,Lung (LC)
753.89,x_753.89,0.4653340845290001,0.454477110574742,0.554520635278509,0.37611653964123815,0.11086830657714579,0.13515236851320903,0.03405915470437288,0.010856973954258109,0.8691763389907557,LUN,Lung (LC)
755.82,x_755.82,0.34275996605669684,0.3276281306437456,0.5361317419456032,0.3568801593395072,0.10374860162019339,0.12696982004565552,0.06513918561971883,0.015131835412951267,0.896299495935682,LUN,Lung (LC)
757.74,x_757.74,0.2125236849736432,0.1951990890880452,0.5052560783166817,0.3393745926266613,0.10902915382981128,0.13325785468088047,0.12267671024570123,0.01732459588559801,0.875307182721456,LUN,Lung (LC)
759.66,x_759.66,0.07510241497932436,0.05961709435432046,0.4647759571531567,0.32185463564174266,0.1132263598104554,0.1376679407318281,0.3331282476447098,0.015485320625003907,0.8611671838121079,LUN,Lung (LC)
761.58,x_761.58,-0.06386910468771628,-0.07789156092984376,0.4207058897671527,0.3035472888877362,0.15253045262908055,0.1821404510960285,-0.2863528691085682,0.014022456242127473,0.7395935921684694,LUN,Lung (LC)
763.51,x_763.51,-0.20186638091456025,-0.20880434971674605,0.37227368025466734,0.28397411616886603,0.12615268852722636,0.15200098424350084,-0.0487513408566203,0.006937968802185807,0.8181535998832713,LUN,Lung (LC)
765.43,x_765.43,-0.33352632037156155,-0.32950320510044406,0.3282579500807231,0.26414867542425546,0.08408016003210753,0.10495987934582182,0.017508171113742726,-0.004023115271117483,0.9789766772012076,LUN,Lung (LC)
767.35,x_767.35,-0.4423482099059962,-0.4337858106472391,0.293611001654926,0.2465157675145346,0.08652967375826953,0.10725829559987682,0.02819968671460928,-0.008562399258757125,0.9695691085238889,LUN,Lung (LC)
769.28,x_769.28,-0.5232247904155182,-0.5215962444034089,0.2658790626922715,0.23098309212379636,0.23015080338596292,0.26534032202943936,0.00449742410874732,-0.0016285460121092665,0.5761967481169807,LUN,Lung (LC)
771.2,x_771.20,-0.5898961985288497,-0.5996616559690475,0.24710445901897946,0.21817846995017895,0.8114822534685981,0.8292195704843053,-0.023687653625550968,0.009765457440197856,0.08133045663480463,LUN,Lung (LC)
773.12,x_773.12,-0.6387235245271307,-0.6666716638929301,0.23995088566202338,0.21043049141467118,0.21658475776190259,0.25062716399428087,-0.06178491631021916,0.02794813936579943,0.6009718601835021,LUN,Lung (LC)
775.04,x_775.04,-0.6684964035424551,-0.7176667723258608,0.2320682864738409,0.20529149683187664,0.003258301835736076,0.004921667554787126,-0.10239447518081272,0.04917036878340575,2.3078877250496292,LUN,Lung (LC)
776.97,x_776.97,-0.6808204170410129,-0.7504302598839268,0.2226001328000826,0.19770316089414483,8.382756688200834e-6,1.636300105108096e-5,-0.14044389744947827,0.06960984284291383,4.786137041716179,LUN,Lung (LC)
778.89,x_778.89,-0.6686914305465286,-0.7666707125941193,0.21884133402882583,0.192352629673647,1.114220655634395e-9,2.8542364740223544e-9,-0.19726671564209064,0.09797928204759077,8.544510048352215,LUN,Lung (LC)
780.81,x_780.81,-0.6331353250378354,-0.7621177248943892,0.22831632703634375,0.19162598243326834,8.14637840126731e-14,2.6355930121747177e-13,-0.2675003634846941,0.1289823998565538,12.57912165258071,LUN,Lung (LC)
782.74,x_782.74,-0.580629450473739,-0.7362491932579799,0.25578825982544073,0.19013858579159973,7.914512418318693e-16,3.0578797979867677e-15,-0.34257692363784453,0.15561974278424084,14.514579590243866,LUN,Lung (LC)
784.66,x_784.66,-0.5051562846423338,-0.7033432576176625,0.3012760996393463,0.18984718948388843,1.657332845458557e-18,7.748031052518753e-18,-0.4774999584649955,0.19818697297532872,17.11080864738626,LUN,Lung (LC)
786.58,x_786.58,-0.409641574542629,-0.6698295543078228,0.35731473201810815,0.19559214775036418,2.9931764875961635e-22,1.8172857246119565e-21,-0.7094332582995078,0.26018797976519376,20.740576784928166,LUN,Lung (LC)
788.51,x_788.51,-0.30414215458303484,-0.6390396102202714,0.4167091958460772,0.20910860752414526,1.6285076701822106e-27,1.423041749177913e-26,-1.0711620537862123,0.3348974556372366,25.846782358403686,LUN,Lung (LC)
790.43,x_790.43,-0.21222596268395552,-0.6188010912538141,0.47205000415122444,0.2295773532611254,4.008818200809985e-32,4.8678506724121245e-31,-1.5438790481869296,0.40657512856985856,30.31266275278012,LUN,Lung (LC)
792.35,x_792.35,-0.15072849137521319,-0.6071963850329247,0.519749886695556,0.2576178305248867,7.470334297054889e-33,9.438868334792325e-32,-2.010218249758397,0.45646789365771157,31.02508007195367,LUN,Lung (LC)
794.27,x_794.27,-0.12522427254932944,-0.6031230806632574,0.5578120303377846,0.28554003022675906,9.544426588868474e-31,1.025751593171497e-29,-2.267947344295293,0.47789880811392793,28.988957799825293,LUN,Lung (LC)
796.2,x_796.20,-0.13311480032019055,-0.6114474565924556,0.5737915524737653,0.3030910969530856,5.101031435155287e-29,4.9681920748647855e-28,-2.1995660220718287,0.47833265627226507,27.303801622283697,LUN,Lung (LC)
798.12,x_798.12,-0.16162300407055347,-0.6304467162381416,0.5636057971321223,0.3103032943240049,9.311644044703024e-29,8.884068552854415e-28,-1.9637485268388342,0.46882371216758817,27.05138809892911,LUN,Lung (LC)
800.04,x_800.04,-0.2115304840496425,-0.652448368739504,0.5337266642910461,0.3039748884456907,2.9885282659107882e-28,2.7666078501253336e-27,-1.6250027603626351,0.4409178846898615,26.55805239510414,LUN,Lung (LC)
801.97,x_801.97,-0.27734067607657215,-0.6724470427180202,0.48761631629691154,0.280744376007531,2.1881009891308117e-27,1.8598858407611898e-26,-1.2777644876302798,0.3951063666414481,25.730513711829936,LUN,Lung (LC)
803.89,x_803.89,-0.3528642890456391,-0.694371924458377,0.42974621454671297,0.24793252372140254,1.046156224757284e-26,8.656248408389917e-26,-0.9765971949853102,0.34150763541273793,25.062670289108457,LUN,Lung (LC)
805.81,x_805.81,-0.4338579228525262,-0.7188351583428086,0.37025856925948275,0.21732697393557873,4.576978919284413e-25,3.2919040688699434e-24,-0.7284396162689926,0.2849772354902824,23.48255282928221,LUN,Lung (LC)
807.73,x_807.73,-0.5055421464977129,-0.7359034662917622,0.3147120492422483,0.1950467324494744,3.329861055517857e-22,2.0086581205865784e-21,-0.5416860503556574,0.23036131979404928,20.697093975137047,LUN,Lung (LC)
809.66,x_809.66,-0.5713355766677508,-0.7418878906153417,0.26840414247127764,0.1880914092982658,3.237545669722917e-17,1.3453800894181902e-16,-0.3768634045765704,0.17055231394759085,15.87115500382714,LUN,Lung (LC)
811.58,x_811.58,-0.6308614094635397,-0.7418382924650839,0.2362069067212665,0.19521928145107398,4.1128642996918696e-10,1.0802045281494096e-9,-0.2337819792698773,0.11097688300154418,8.96649400651587,LUN,Lung (LC)
813.5,x_813.50,-0.6744742720077167,-0.7337159016346286,0.2119623029778358,0.2070236332799411,5.40623756906871e-5,9.853473931928352e-5,-0.12145831310635995,0.05924162962691193,4.006410628032226,LUN,Lung (LC)
815.43,x_815.43,-0.6995247737677144,-0.7115945622699483,0.19230306635417044,0.21796223402425927,0.14578312949639124,0.17475285394759718,-0.024680369570518827,0.012069788502233947,0.7575757229152019,LUN,Lung (LC)
817.35,x_817.35,-0.7069351528641064,-0.678407959808857,0.18654799464550598,0.23112386833570447,0.3861761169153699,0.4293396781401556,0.059424871311428464,-0.02852719305524931,0.3671989736192442,LUN,Lung (LC)
819.27,x_819.27,-0.6979061825081642,-0.6392133702874584,0.1920433326444845,0.24460572175634968,0.009963724737449588,0.014136695947671266,0.1267357168723247,-0.05869281222070577,1.849652082715113,LUN,Lung (LC)
821.19,x_821.19,-0.6712190819958029,-0.5924181643319376,0.2058731093357903,0.2592475556698227,2.1374305057185968e-4,3.666967931829152e-4,0.18016814018000993,-0.07880091766386532,3.435692887991549,LUN,Lung (LC)
823.12,x_823.12,-0.6334755202622456,-0.5399860646362419,0.21975672485723508,0.27220819027318055,7.122735488317976e-6,1.3932547450998552e-5,0.23036708761914726,-0.09348945562600375,4.855969469163796,LUN,Lung (LC)
825.04,x_825.04,-0.5904177829766791,-0.48454849648889364,0.23384994241263285,0.27825120812979875,2.595306673126402e-7,5.465341755345014e-7,0.28509564257160125,-0.10586928648778549,6.262382675833241,LUN,Lung (LC)
826.96,x_826.96,-0.5374156915823944,-0.42433227138719093,0.2550056279649217,0.28260622222346854,3.238156092208152e-8,7.278067178400534e-8,0.3408447586304105,-0.11308342019520351,7.137983940083391,LUN,Lung (LC)
828.89,x_828.89,-0.47031976449234725,-0.3606868038740127,0.2772943170861923,0.2895912534308389,4.441430292396547e-8,9.840609771068179e-8,0.3828962514794324,-0.10963296061833455,7.006977989779512,LUN,Lung (LC)
830.81,x_830.81,-0.406067079453936,-0.2939760359024557,0.29647967227230715,0.2944094047669155,3.646789919257534e-8,8.157293240444484e-8,0.4660208695300603,-0.11209104355148031,7.08845392528413,LUN,Lung (LC)
832.73,x_832.73,-0.35386138091973324,-0.21915497359295197,0.30870723404632067,0.2956677780046337,1.6325564237279967e-10,4.411677040999066e-10,0.6912354057704836,-0.13470640732678127,9.355396287810663,LUN,Lung (LC)
834.66,x_834.66,-0.30563383157887497,-0.1378075755826379,0.3175344623586799,0.2969577570006915,1.6304633102338054e-14,5.604717628928706e-14,1.1491547989962625,-0.16782625599623707,13.251446262692063,LUN,Lung (LC)
836.58,x_836.58,-0.2599015091621107,-0.0597158564566689,0.32989921026800534,0.3034306791614731,1.590632641441816e-17,6.853647556442848e-17,2.1217976508483627,-0.20018565270544178,16.164078232591823,LUN,Lung (LC)
838.5,x_838.50,-0.2070432104643802,0.012535605747224331,0.34498424585109766,0.3156220373809857,2.1386309461517008e-18,9.888407728361143e-18,NA,-0.21957881621160455,17.00487363463727,LUN,Lung (LC)
840.42,x_840.42,-0.15307587660596453,0.08114313528339852,0.35392098894320156,0.32776509829628403,8.1385028690439205e-19,3.922422774513436e-18,NA,-0.23421901188936306,17.406445598138177,LUN,Lung (LC)
842.35,x_842.35,-0.10433600917091358,0.14196044052839837,0.3547957945701791,0.33494420954643145,3.197260537701967e-19,1.5733887382901787e-18,NA,-0.24629644969931197,17.803163962668183,LUN,Lung (LC)
844.27,x_844.27,-0.0579109543050181,0.18889975053662753,0.3535748852592444,0.33790515896490897,7.23854289749925e-19,3.506755237907668e-18,NA,-0.24681070484164563,17.45509454564849,LUN,Lung (LC)
846.19,x_846.19,-0.018148737491921852,0.21494583608889095,0.3558160100737309,0.3380084527289628,1.8975450280796677e-17,8.10139087330817e-17,NA,-0.23309457358081281,16.091440413621687,LUN,Lung (LC)
848.12,x_848.12,0.008727912055305983,0.21798384516559166,0.3603486366295597,0.3361330660498582,4.3045415395133415e-15,1.54797936132499e-14,-4.64228217661348,-0.20925593311028567,13.81023483391309,LUN,Lung (LC)
850.04,x_850.04,0.01237142448577851,0.20491974470108212,0.3713297627198431,0.33019669778867766,1.4584324342131697e-13,4.638211993160931e-13,-4.049865897846011,-0.1925483202153036,12.333649405470357,LUN,Lung (LC)
851.96,x_851.96,-0.014934996491421703,0.17220202555884329,0.38634176118543717,0.3223275577751777,2.4891362332330637e-14,8.432399920554039e-14,NA,-0.187137022050265,13.074048804506868,LUN,Lung (LC)
853.88,x_853.88,-0.06447336643331852,0.11252272771962575,0.40098471134068964,0.31437142282759395,2.5229426336625028e-14,8.516069900629748e-14,NA,-0.17699609415294426,13.069760782492851,LUN,Lung (LC)
855.81,x_855.81,-0.1309439042037393,0.037273260193009534,0.4036181598333367,0.30481305957097465,4.360613907117996e-14,1.4356246489983542e-13,NA,-0.16821716439674883,12.842959093643291,LUN,Lung (LC)
857.73,x_857.73,-0.2100238367163383,-0.041052986497703246,0.3921060705470078,0.29888789059651566,3.997477566800924e-14,1.3254047960847036e-13,2.3550222665240628,-0.16897085021863506,12.877651462212288,LUN,Lung (LC)
859.65,x_859.65,-0.3027067502764273,-0.11874083123357035,0.37672974378936536,0.2894807466728235,2.180908811818723e-15,8.059880391503976e-15,1.3501121135325567,-0.18396591904285695,14.09367140307025,LUN,Lung (LC)
861.58,x_861.58,-0.3851797614119658,-0.18829237706526206,0.36107053448208604,0.27279222013821713,1.119068427326011e-16,4.490682315664465e-16,1.0325612235615533,-0.19688738434670375,15.3476876671448,LUN,Lung (LC)
863.5,x_863.50,-0.4362824374888482,-0.23835263962066588,0.33862595528836525,0.25762422860016465,1.3891821657800404e-17,6.041327093043432e-17,0.8721675427867308,-0.19792979786818232,16.218867649809656,LUN,Lung (LC)
865.42,x_865.42,-0.46535175942427726,-0.2715824480850867,0.31586080556230345,0.2452592835791321,1.4585251230619747e-18,6.8528692967987256e-18,0.7769336301786252,-0.19376931133919056,17.164127551302464,LUN,Lung (LC)
867.34,x_867.34,-0.46633536336742515,-0.28808077673569754,0.29114422108711097,0.23835757138523136,1.1037416709563097e-17,4.8909879731950216e-17,0.6948963567407456,-0.1782545866317276,16.3106034050956,LUN,Lung (LC)
869.27,x_869.27,-0.44362126542041436,-0.28904571261983714,0.2629857511983859,0.23917563888191867,1.3708267082895421e-14,4.764769413571457e-14,0.6180325901193843,-0.15457555280057722,13.321958111780456,LUN,Lung (LC)
871.19,x_871.19,-0.41130200820791546,-0.28214533019342647,0.23962309757518943,0.24246038844235182,1.375710832870598e-10,3.739214037017469e-10,0.5437612499487672,-0.129156678014489,9.427219674606377,LUN,Lung (LC)
873.11,x_873.11,-0.38099579013976576,-0.2717356012632593,0.22770467893491342,0.250130718434759,3.6377877423832636e-8,8.156670357621945e-8,0.4875729874211727,-0.10926018887650646,7.088487088846278,LUN,Lung (LC)
875.04,x_875.04,-0.3577621723260297,-0.25385361681580315,0.22374514868648426,0.2582268784292767,1.0501586320749958e-7,2.2624385276270072e-7,0.49500568875173573,-0.10390855551022654,6.64542321211174,LUN,Lung (LC)
876.96,x_876.96,-0.3446969544616598,-0.23897493895544425,0.22199687285953865,0.26420237571560723,7.145929928387314e-8,1.56474109673118e-7,0.5284710713182303,-0.10572201550621557,6.805557510873257,LUN,Lung (LC)
878.88,x_878.88,-0.3403065635212694,-0.23481600109121184,0.21514884852715507,0.2664647681129175,6.485450899990692e-8,1.423449904105938e-7,0.5353061599826093,-0.10549056243005758,6.846657812502409,LUN,Lung (LC)
880.81,x_880.81,-0.3299577464119247,-0.22924833308034157,0.21655291457153125,0.2706776624826931,2.9889967856440156e-7,6.280251673207089e-7,0.5253719653957738,-0.10070941333158315,6.202022952107546,LUN,Lung (LC)
882.73,x_882.73,-0.30527322248467964,-0.20946597344835655,0.22891331327394834,0.28063427572504646,4.058299193640262e-6,8.005294822897985e-6,0.5433873030579238,-0.0958072490363231,5.096622669041378,LUN,Lung (LC)
884.65,x_884.65,-0.2643227390384244,-0.17797451495231778,0.2418206288433945,0.2884538222800444,3.426465949747942e-5,6.356638220266521e-5,0.5706325205919737,-0.08634822408610662,4.196772505167457,LUN,Lung (LC)
886.57,x_886.57,-0.1992863314547693,-0.127363104132797,0.26021001080336614,0.30244328220791655,0.0010688906393563299,0.0017172040340174717,0.6458994476733668,-0.07192322732197229,2.765178099956476,LUN,Lung (LC)
888.5,x_888.50,-0.1253956260487444,-0.06065618479013899,0.28400135044493563,0.3212829856660262,0.004524052524941718,0.006640485260314767,1.0477726439321284,-0.06473944125860542,2.1778001829547886,LUN,Lung (LC)
890.42,x_890.42,-0.050245378734681295,0.013349638774299115,0.3040932051104947,0.3427315387453804,0.011276987977358396,0.015927467913640636,NA,-0.06359501750898042,1.7978532611442322,LUN,Lung (LC)
892.34,x_892.34,0.01667548511824645,0.0883239165599522,0.31612629617059645,0.3648581327948958,0.00937746523533152,0.013345403340996912,-2.4050052354036793,-0.07164843144170574,1.8746682959025376,LUN,Lung (LC)
894.27,x_894.27,0.06472478345895938,0.15189081062806492,0.31894924969445343,0.3818493707474317,0.002038388447864022,0.003192450919184021,-1.23063165971935,-0.08716602716910554,2.495875770866865,LUN,Lung (LC)
896.19,x_896.19,0.08938403060620126,0.17830832312776423,0.31510879249184476,0.39243248209769677,0.0022769896550143237,0.0035306556010586943,-0.9962769907875483,-0.08892429252156298,2.4521446437664127,LUN,Lung (LC)
898.11,x_898.11,0.07700292971961124,0.1658877962540457,0.3036215709038522,0.39389689716432463,0.0024903001817793637,0.0038359648599072572,-1.1072124758507829,-0.08888486653443446,2.4161253799211533,LUN,Lung (LC)
900.03,x_900.03,0.025671704792834628,0.11608572491587454,0.2899229059378565,0.3889897110071053,0.0035389559261862448,0.0052942780655746225,-2.176895795710217,-0.09041402012303992,2.276193252461706,LUN,Lung (LC)
901.96,x_901.96,-0.04928604627696655,0.0367971573171251,0.2786218851518925,0.37748788018563323,0.008138010207791169,0.011616854266083578,NA,-0.08608320359409165,1.934911458850881,LUN,Lung (LC)
903.88,x_903.88,-0.1322006621889817,-0.059899240750946575,0.27602184868723106,0.3570234001025198,0.017214412627540275,0.0237747057706797,1.1421329544313288,-0.07230142143803511,1.6238848490681894,LUN,Lung (LC)
905.8,x_905.80,-0.21071929834108383,-0.15613100407865332,0.28644241359939543,0.34153132724988683,0.0477114467582649,0.06274290115186734,0.4325677882622849,-0.0545882942624305,1.2024354039500786,LUN,Lung (LC)
907.73,x_907.73,-0.2763957333592603,-0.23961683449720084,0.30619962879176826,0.3306851381134537,0.12756048606326922,0.15349942660123128,0.20600687707536144,-0.036778898862059484,0.8138932424955002,LUN,Lung (LC)
909.65,x_909.65,-0.32941799182881526,-0.30644244819868954,0.3283380187285352,0.32587731772710865,0.23854017045648623,0.27467371844435295,0.10430352903831844,-0.022975543630125717,0.5611828931117812,LUN,Lung (LC)
911.57,x_911.57,-0.3591012988029671,-0.35574829599147956,0.3509687619245678,0.32072681609852577,0.5208820226325206,0.5591557877857712,0.013534062475360719,-0.0033530028114875376,0.2524671753878481,LUN,Lung (LC)
913.49,x_913.49,-0.36532838358064157,-0.3922228796625966,0.38024996565107205,0.3101807932461572,0.7378488284009004,0.7665429495053799,-0.10248012011540282,0.026894496081955044,0.11546350654917598,LUN,Lung (LC)
915.42,x_915.42,-0.35876997948727724,-0.41976465543243224,0.4188891828288939,0.30207392302635994,0.16686789938651167,0.1967484059601367,-0.22652210376428636,0.06099467594515501,0.7060887775738328,LUN,Lung (LC)
917.34,x_917.34,-0.34218837628101506,-0.43773853493858783,0.4528167461470619,0.2954236315061007,0.017316411064301016,0.02388030139398444,-0.35527955891358387,0.09555015865757277,1.6219601962646824,LUN,Lung (LC)
919.26,x_919.26,-0.3148856653530239,-0.4477497620024999,0.4733281119147756,0.2905670195749671,4.1581574818869545e-4,6.942637938507683e-4,-0.5078659422367776,0.13286409664947596,3.1584754827930293,LUN,Lung (LC)
921.19,x_921.19,-0.2689671078675769,-0.4450451479680663,0.48832874388408876,0.288675796575985,7.503182295566581e-7,1.5555377929833155e-6,-0.726524065421197,0.17607804010048944,5.808119432909685,LUN,Lung (LC)
923.11,x_923.11,-0.19851899384356028,-0.4268176236918157,0.5057927405241591,0.2900379668697212,5.637407217518977e-11,1.5594602805858708e-10,-1.1043465870435176,0.2282986298482554,9.807025682235505,LUN,Lung (LC)
925.03,x_925.03,-0.10089951969926653,-0.38433388676083347,0.5233129945239168,0.29587863630082556,1.8363351808885996e-15,6.867893576523363e-15,-1.929451422273652,0.28343436706156694,14.163176443197601,LUN,Lung (LC)
926.96,x_926.96,0.02605655344175683,-0.3109580594934662,0.5382431258751971,0.30648244939592656,1.732046307750902e-20,9.098108414309513e-20,NA,0.33701461293522306,19.041048892362532,LUN,Lung (LC)
928.88,x_928.88,0.16640738263921642,-0.21124258967320614,0.5499764083568417,0.32388651784387296,6.99731519431071e-24,4.7755399318835875e-23,NA,0.3776499723124226,22.320977519120817,LUN,Lung (LC)
930.8,x_930.80,0.30573574993672786,-0.10081196891740568,0.5594001332067395,0.33781487197179344,2.4859964159733035e-25,1.8447671816944753e-24,NA,0.40654771885413354,23.734058436055324,LUN,Lung (LC)
932.72,x_932.72,0.4087463436390814,-0.006363157891261853,0.5634863254284832,0.342970448898239,3.359266807717524e-25,2.45383942594991e-24,NA,0.41510950153034326,23.61015385998943,LUN,Lung (LC)
934.65,x_934.65,0.44300289746602234,0.047875973727813756,0.5601512660486457,0.33680020460216453,4.718438398934128e-23,3.0217396595913765e-22,3.2099155229328282,0.39512692373820857,21.519742955375325,LUN,Lung (LC)
936.57,x_936.57,0.40991448444293554,0.04275274678253099,0.5495892417375247,0.3178350056465028,1.063948657793947e-20,5.684525685927659e-20,3.2612037252179418,0.36716173766040455,19.245305766785922,LUN,Lung (LC)
938.49,x_938.49,0.3092981892931955,-0.02654065490299737,0.5378486698359114,0.2909050818170949,1.3277987104125962e-17,5.828599972937922e-17,NA,0.3358388441961929,16.234435750051496,LUN,Lung (LC)
940.42,x_940.42,0.15130206487844333,-0.1499415460052814,0.5285938546809639,0.2645499110468012,1.2718118693622192e-14,4.453723212935112e-14,NA,0.30124361088372476,13.351276776711533,LUN,Lung (LC)
942.34,x_942.34,-0.03484963463082846,-0.3068899217300347,0.5259632715044933,0.2435370204180654,3.826012221032082e-12,1.1577091995679602e-11,-3.138542529892619,0.27204028709920625,10.936400515637224,LUN,Lung (LC)
944.26,x_944.26,-0.21795141245460226,-0.4697373847830417,0.5257428023603007,0.23144427143423246,5.915500876616524e-10,1.5406666628513789e-9,-1.1078514121333238,0.25178597232843947,8.812291314652054,LUN,Lung (LC)
946.18,x_946.18,-0.37087547063337,-0.6073998326514272,0.5163463453046914,0.2277799537136752,4.174823977687375e-9,1.013885823152648e-8,-0.7117131733388308,0.23652436201805715,7.994010949506332,LUN,Lung (LC)
948.11,x_948.11,-0.481448782421065,-0.7040613884143189,0.49820920204492125,0.2278034386333804,1.265885512571124e-9,3.2163123756902197e-9,-0.5483198438983211,0.2226126059932539,8.492641778191505,LUN,Lung (LC)
950.03,x_950.03,-0.5504716501835653,-0.7595580625387431,0.47896997750751047,0.22961942485053333,9.856894118220777e-10,2.531921978169348e-9,-0.4644927081189317,0.2090864123551779,8.59654968134528,LUN,Lung (LC)
951.95,x_951.95,-0.5868952254291997,-0.7760602871285428,0.4664480281753342,0.23523147959857418,4.085076969617978e-8,9.115863882083078e-8,-0.40306635824040876,0.1891650616993431,7.040202168320706,LUN,Lung (LC)
953.88,x_953.88,-0.600267604043899,-0.7557739410101885,0.46099917016017394,0.24999294642862618,1.1011384921908174e-4,1.9536328087256438e-4,-0.3323494610523553,0.15550633696628946,3.7091570599261887,LUN,Lung (LC)
955.8,x_955.80,-0.5934738544498911,-0.7149618128334793,0.45850284399740904,0.2704576873746857,0.01396105796703796,0.019512091478595655,-0.2686821273533222,0.12148795838358817,1.7096961765854608,LUN,Lung (LC)
957.72,x_957.72,-0.5717746939212953,-0.6734529634684868,0.45816076398835137,0.2927165864490209,0.048202695726162315,0.0632998883482609,-0.23613079742975238,0.1016782695471915,1.1985970560138763,LUN,Lung (LC)
959.64,x_959.64,-0.5356445202318828,-0.6307507710549719,0.46104007607166553,0.3096208947620377,0.060310411963795565,0.07767250025640338,-0.23579459531202265,0.0951062508230891,1.1097327148006275,LUN,Lung (LC)
961.57,x_961.57,-0.47708570383964943,-0.5915319557610734,0.4672495880806019,0.3146067806090591,0.015466471047690411,0.02148759350607806,-0.31020823731301506,0.11444625192142399,1.6678122204114476,LUN,Lung (LC)
963.49,x_963.49,-0.4010871990066898,-0.5660289434314484,0.47982231793659014,0.307064067472966,6.857223924560983e-5,1.2401362416759225e-4,-0.4969609519353337,0.16494174442475856,3.9065306005169758,LUN,Lung (LC)
965.41,x_965.41,-0.3070363910273989,-0.5462332770597993,0.5027320332234125,0.29476458173217573,1.6014673146200606e-9,4.046951186945288e-9,-0.831109605774941,0.2391968860324004,8.39287203390054,LUN,Lung (LC)
967.34,x_967.34,-0.18278101543920872,-0.5219332939861573,0.5400257394076734,0.2814999010594189,1.4155774825144572e-17,6.127615491439895e-17,-1.5137543303607983,0.33915227854694857,16.212708494547957,LUN,Lung (LC)
969.26,x_969.26,-0.01294396943288406,-0.4826281068200951,0.602892739529655,0.2732617367680213,3.294333640311046e-29,3.2768105890327956e-28,-5.2206683971524,0.46968413738721104,27.484548661612827,LUN,Lung (LC)
971.18,x_971.18,0.19901362261664216,-0.41749172713847665,0.6902428357315677,0.2792273958708342,2.4428439124736635e-39,4.152834651205228e-38,NA,0.6165053497551188,37.381655360365855,LUN,Lung (LC)
973.1,x_973.10,0.4422569618774724,-0.3162583234379705,0.7889867045563309,0.3042800428398718,7.338613692268237e-46,2.0792738794760002e-44,NA,0.7585152853154429,43.682088302149445,LUN,Lung (LC)
975.03,x_975.03,0.7243637582287835,-0.1780678481570083,0.8967809499495335,0.35094124067084653,1.4944582205641695e-48,5.82216015094791e-47,NA,0.9024316063857918,46.234915852535764,LUN,Lung (LC)
976.95,x_976.95,1.0481041139298464,0.0018920359293868052,1.006885817637235,0.4136242961512548,6.678644035459217e-50,3.673254219502569e-48,9.112865902624828,1.0462120780004596,47.43494901385276,LUN,Lung (LC)
978.87,x_978.87,1.420884617073854,0.2373445736518021,1.1177531690557847,0.4867707851938472,8.546625222410337e-50,4.4394969905298134e-48,2.581729370884876,1.183540043422052,47.3526662340774,LUN,Lung (LC)
980.8,x_980.80,1.849917721520394,0.5279492482040681,1.2288654519028648,0.5713995860510894,2.7742014287107576e-49,1.296939167922279e-47,1.8089879979034185,1.3219684733163257,46.88708039373493,LUN,Lung (LC)
982.72,x_982.72,2.328361233011354,0.8720496958771773,1.338968433918051,0.6642269519726415,6.702866072906514e-49,2.848718080985268e-47,1.416831609462069,1.4563115371341766,46.54535052792114,LUN,Lung (LC)
984.64,x_984.64,2.841794390158152,1.279138261424903,1.4442247906540908,0.7624485315722579,3.9415504485575483e-47,1.270810230828037e-45,1.1516293432768252,1.5626561287332492,44.8959192974849,LUN,Lung (LC)
986.57,x_986.57,3.37462428603821,1.747110953207141,1.5314915857879932,0.8666681850546938,2.6828760417282316e-44,6.968025275044157e-43,0.9497552584042389,1.627513332831069,42.15689028268577,LUN,Lung (LC)
988.49,x_988.49,3.916040808929562,2.2625733597148083,1.5893981435791145,0.975204152084496,1.3420301223281297e-40,2.6141628424516697e-39,0.7914309604224871,1.6534674492147539,38.58266736267153,LUN,Lung (LC)
990.41,x_990.41,4.433252400536596,2.801610281670736,1.6058790492109956,1.0809162608561733,4.838638716758287e-37,7.06894875026406e-36,0.6621090295191926,1.6316421188658605,35.150645166953524,LUN,Lung (LC)
992.33,x_992.33,4.893364096508902,3.3427031373532983,1.5747021127293475,1.1771250806208415,1.9247663025384943e-33,2.4652828669499894e-32,0.5498112593026729,1.550660959155604,31.60813324250949,LUN,Lung (LC)
994.26,x_994.26,5.2617959215000125,3.8536776928464804,1.5025757231378911,1.2604865954073534,1.1442738634741025e-29,1.1629305025524846e-28,0.44931927947113187,1.408118228653532,27.934446238203453,LUN,Lung (LC)
996.18,x_996.18,5.499293013125685,4.293326766879106,1.4080935348551402,1.3223991969166766,9.401839850140406e-25,6.65963656051612e-24,0.3571501034984624,1.2059662462465788,23.17654947114039,LUN,Lung (LC)
998.1,x_998.10,5.578117617671029,4.6260136718373746,1.3176556437287115,1.3612528363942247,5.576257910810027e-18,2.506635166638161e-17,0.27000877171494014,0.9521039458336542,16.600908871724236,LUN,Lung (LC)
1000.03,x_1000.03,5.481260636364255,4.817357219049319,1.2508174757628923,1.3767756390745878,5.981217169676802e-10,1.5534550149021693e-9,0.186265793504513,0.6639034173149367,8.808701318567762,LUN,Lung (LC)
1001.95,x_1001.95,5.212561808878614,4.844780950794529,1.2028503373420953,1.3630794376283808,0.0014932979540336576,0.0023705154278802544,0.1055611267496918,0.36778085808408445,2.625157213843671,LUN,Lung (LC)
1003.87,x_1003.87,4.793400604390342,4.712483327523256,1.1581164567145055,1.318238994048216,0.9920128021589454,0.9930749143668244,0.024561997618205184,0.08091727686708605,0.0030179884946163475,LUN,Lung (LC)
1005.79,x_1005.79,4.272897359795384,4.437046079061773,1.0970405371894352,1.2486176347835793,0.004384119349533831,0.006445206905368132,-0.05438486110170215,-0.16414871926638863,2.190763136275307,LUN,Lung (LC)
1007.72,x_1007.72,3.7110314483854796,4.045133162636202,1.0108625720572313,1.1602964670198388,1.3131831515874237e-6,2.6808433334808756e-6,-0.12436693681165448,-0.33410171425072255,5.5717285651267074,LUN,Lung (LC)
1009.64,x_1009.64,3.148796111761564,3.5747191551612274,0.9078511457508982,1.0547974616969795,7.919635284541715e-10,2.0455411577476527e-9,-0.1830295033129091,-0.42592304339966347,8.689191777762836,LUN,Lung (LC)
1011.56,x_1011.56,2.6305150613875794,3.0740866685705774,0.7998725945692045,0.944902737358266,1.5303558436330856e-11,4.429977442095774e-11,-0.2248124503109774,-0.44357160718299804,10.35359848524381,LUN,Lung (LC)
1013.49,x_1013.49,2.177300844703496,2.575310327853759,0.6984241767010456,0.832846616909149,2.3241542074960846e-11,6.625256658563534e-11,-0.2422054236349529,-0.39800948315026297,10.178797292751335,LUN,Lung (LC)
1015.41,x_1015.41,1.80366283931586,2.103867293418326,0.6145821400074337,0.7250975025244506,1.5572076028473168e-8,3.5511929479566855e-8,-0.22211391262178015,-0.30020445410246577,7.449625730414132,LUN,Lung (LC)
1017.33,x_1017.33,1.5013699472001985,1.685480433671629,0.5544065760876218,0.6304999145663499,1.1657262912490772e-4,2.05264422282088e-4,-0.1668802644731528,-0.18411048647143047,3.687686318751866,LUN,Lung (LC)
1019.25,x_1019.25,1.2598117000836444,1.3355600767835143,0.5211302458763857,0.5583621879278361,0.06946139758315473,0.08824240046229574,-0.08423669351080776,-0.07574837669986989,1.0543226862733368,LUN,Lung (LC)
1021.18,x_1021.18,1.0807968461399435,1.0580743737112925,0.5208345319930056,0.5123541968380388,0.7832587374351617,0.8051204237052908,0.030654300886543955,0.022722472428650997,0.09413915635357707,LUN,Lung (LC)
1023.1,x_1023.10,0.9496432528526454,0.8465274496440224,0.5416919265254514,0.4935474826674968,0.03692751320158858,0.049114117842795624,0.16582861106439148,0.10311580320862301,1.3087936520742323,LUN,Lung (LC)
1025.02,x_1025.02,0.8465298866345055,0.6903039227119534,0.5654884783515884,0.4989640387371439,6.941880091567955e-4,0.0011367176682339822,0.29432893495097817,0.15622596392255206,2.9443473896253938,LUN,Lung (LC)
1026.95,x_1026.95,0.7477850296502079,0.5707003855115672,0.5831351770962615,0.5195582911958075,6.018393370732339e-5,1.0905422096191351e-4,0.3898894531122029,0.17708464413864067,3.962357520319202,LUN,Lung (LC)
1028.87,x_1028.87,0.6374459577383363,0.4656514992140677,0.5808050939851531,0.5313888338473194,3.867741697253789e-5,7.161066310757016e-5,0.45305157797061135,0.17179445852426867,4.145022304731546,LUN,Lung (LC)
1030.79,x_1030.79,0.5254148060583702,0.3620180665743376,0.5578347521826379,0.5205298252898257,3.92655064876893e-5,7.241271906506804e-5,0.537393919457664,0.1633967394840326,4.140185144650576,LUN,Lung (LC)
1032.72,x_1032.72,0.4168111354769963,0.2611921347354755,0.5216072729607324,0.4904066368850665,2.831371172897136e-5,5.2946640933176444e-5,0.6742803050334125,0.1556190007415208,4.276161587406554,LUN,Lung (LC)
1034.64,x_1034.64,0.32125826566446625,0.16626061498420167,0.4814059176134648,0.4522346069503633,8.764995421463589e-6,1.7037984862928183e-5,0.9502829343322348,0.15499765068026458,4.768581771932153,LUN,Lung (LC)
1036.56,x_1036.56,0.23690257586068225,0.0761669341539549,0.4408296904152234,0.41184880513753985,5.653108802567337e-7,1.1772063987528863e-6,1.6370443028047958,0.16073564170672736,5.929147385940829,LUN,Lung (LC)
1038.48,x_1038.48,0.16923803979721683,-0.001389763279111534,0.4050995986898867,0.38074706827306243,1.3473621354170725e-8,3.0877048936641246e-8,NA,0.17062780307632835,7.5103642138990026,LUN,Lung (LC)
1040.41,x_1040.41,0.12565693216359752,-0.06126399343180048,0.3767419119632921,0.36777957355940805,3.1071000967930045e-11,8.803450274246847e-11,NA,0.186920925595398,10.05534708450977,LUN,Lung (LC)
1042.33,x_1042.33,0.08923270467583938,-0.11114726907107575,0.35432851456854114,0.3647719212311618,6.633930472350144e-14,2.161228220086197e-13,NA,0.20037997374691513,12.665299370326021,LUN,Lung (LC)
1044.25,x_1044.25,0.05378601368566393,-0.15504833171244223,0.33800760618667053,0.3636859262660455,1.0971481083341524e-15,4.1531719890381885e-15,NA,0.20883434539810616,14.38162008373635,LUN,Lung (LC)
1046.18,x_1046.18,0.006753602767784964,-0.19787670169868357,0.32511339834289066,0.3584726348772305,9.059284855112191e-16,3.4857742137983123e-15,NA,0.20463030446646854,14.45770074713916,LUN,Lung (LC)
1048.1,x_1048.10,-0.05496670318200543,-0.25211424821433365,0.3119833844352686,0.348799565802739,2.12804134193759e-15,7.895708947268439e-15,-2.1974683223705243,0.19714754503232823,14.102608869067518,LUN,Lung (LC)
1050.02,x_1050.02,-0.12166387983877343,-0.31383545112211486,0.29620484439402506,0.33279604751478886,1.578524021744644e-15,5.927389398920651e-15,-1.3671146733475315,0.19217157128334145,14.227136540915627,LUN,Lung (LC)
1051.94,x_1051.94,-0.19122132271812864,-0.36422107543934024,0.28001490603809565,0.3197592496428467,3.9841214885712646e-14,1.3254047960847036e-13,-0.929574584631836,0.1729997527212116,12.877651462212288,LUN,Lung (LC)
1053.87,x_1053.87,-0.26412446957338853,-0.4065562624648268,0.26967297370731774,0.3160924350601264,4.7034063744109744e-11,1.3166721437348086e-10,-0.6222389663764757,0.14243179289143826,9.880522352519387,LUN,Lung (LC)
1055.79,x_1055.79,-0.3309710221143474,-0.450606812964795,0.2591635409600601,0.3121955988344605,5.162164967924093e-9,1.2375959602587249e-8,-0.4451653752949658,0.11963579085044757,7.907421116923595,LUN,Lung (LC)
1057.71,x_1057.71,-0.39410681255166274,-0.48095708385183916,0.24929336734639468,0.3120553420118492,3.0737901937672674e-6,6.11488049185616e-6,-0.28732213985965044,0.08685027130017642,5.21361202631937,LUN,Lung (LC)
1059.64,x_1059.64,-0.4427424051784578,-0.49282590180265085,0.24067419705627224,0.3104322556818077,0.0016092740773660183,0.0025416744296236945,-0.15461085478991515,0.050083496624193036,2.594880080246707,LUN,Lung (LC)
1061.56,x_1061.56,-0.4761442395254281,-0.4943885332816682,0.23559450932677092,0.3077109829866599,0.09517102816454052,0.11693155234408067,-0.05424671511343162,0.018244293756240093,0.9320682847322884,LUN,Lung (LC)
1063.48,x_1063.48,-0.4944136072421415,-0.4860279220889179,0.23451160801923054,0.3020259979795493,0.7732455492159185,0.7962385336089028,0.024679301557364884,-0.008385685153223632,0.0989568087554778,LUN,Lung (LC)
1065.4,x_1065.40,-0.5058892605782592,-0.47155385061253485,0.23287129728577916,0.28833195819598234,0.2020604865210219,0.23556927044533102,0.10139928691520919,-0.03433540996572437,0.6278813630633953,LUN,Lung (LC)
1067.33,x_1067.33,-0.5147215125832093,-0.4547744143235786,0.23307359461165905,0.269497865327545,0.002656406406178308,0.004058398676105748,0.17864135986812252,-0.05994709825963068,2.391645292362262,LUN,Lung (LC)
1069.25,x_1069.25,-0.5162019005946284,-0.4449402992495227,0.23691064111997306,0.2547740838341124,1.1451684333997331e-4,2.0202499721297176e-4,0.21432412830989236,-0.07126160134510573,3.6945948905533994,LUN,Lung (LC)
1071.17,x_1071.17,-0.522451271328425,-0.4419488973132877,0.23745909319506406,0.2362702069315271,6.712411891858086e-6,1.3157453079428325e-5,0.24141742729975144,-0.08050237401513727,4.880828170038156,LUN,Lung (LC)
1073.1,x_1073.10,-0.538780307095987,-0.43900599018858427,0.23910203764939558,0.2187217068057157,4.1255161312758064e-8,9.184184720816378e-8,0.29545710322627416,-0.09977431690740274,7.0369593899260146,LUN,Lung (LC)
1075.02,x_1075.02,-0.5542018865937909,-0.43962819770439987,0.2429401521765574,0.20692423929048656,3.420546262985844e-10,9.085826011056148e-10,0.3341283768735033,-0.11457368888939101,9.041635583960058,LUN,Lung (LC)
1076.94,x_1076.94,-0.5723010032983444,-0.4449468435677484,0.2451739390832828,0.20713978543033973,3.0916131480694164e-12,9.385254199496442e-12,0.3631418655740245,-0.12735415973059605,11.027553960022546,LUN,Lung (LC)
1078.87,x_1078.87,-0.5836838045676588,-0.44543558654094384,0.25123746418830606,0.2150090667458803,1.86111410006323e-14,6.35088205678511e-14,0.38997098367856114,-0.13824821802671494,13.197165952536162,LUN,Lung (LC)
1080.79,x_1080.79,-0.5918708117755399,-0.44334232856790995,0.26276355061308804,0.22579757781304008,1.5375612136310204e-16,6.143674080106855e-16,0.41686201648570526,-0.14852848320762996,15.211571831545154,LUN,Lung (LC)
1082.71,x_1082.71,-0.6003056914140256,-0.4399092918790084,0.2889531570198288,0.24032095461513478,1.362273661757644e-19,6.81136830878822e-19,0.44849214773028095,-0.16039639953501716,18.166765635625524,LUN,Lung (LC)
1084.63,x_1084.63,-0.6002833672376251,-0.4367565261753235,0.3333689255897074,0.24875814769394522,1.2951370129206246e-21,7.521447870066981e-21,0.4588153333265351,-0.1635268410623016,20.123698550172335,LUN,Lung (LC)
1086.56,x_1086.56,-0.5986448700659374,-0.44046600504667305,0.38455523820200244,0.25186814261829427,1.6654764778438972e-22,1.0244871755158183e-21,0.4426706053311388,-0.15817886501926431,20.989493473707466,LUN,Lung (LC)
1088.48,x_1088.48,-0.6060167758779798,-0.4642467742289208,0.4332253012872375,0.253587592491583,2.1413150835226137e-21,1.2134118806628145e-20,0.38446657243373983,-0.14177000164905895,19.915991757141235,LUN,Lung (LC)
1090.4,x_1090.40,-0.6223502541957114,-0.5055309521541704,0.479681601696814,0.24667480248058302,1.3868440257014487e-18,6.548985676923508e-18,0.2999278561224385,-0.116819302041541,17.18382595940169,LUN,Lung (LC)
1092.33,x_1092.33,-0.641649422676681,-0.545478678047653,0.514096317766491,0.23457311221563984,8.818004718465388e-17,3.5538079361056624e-16,0.23426286039226007,-0.09617074462902797,15.44930604713945,LUN,Lung (LC)
1094.25,x_1094.25,-0.6656246321822437,-0.5938332879977618,0.5320270949890857,0.2259870381033341,3.223971974279608e-13,1.0115482536749777e-12,0.16465111754171444,-0.07179134418448185,11.995013395340107,LUN,Lung (LC)
1096.17,x_1096.17,-0.6908799201725349,-0.6495880294278028,0.5277632424110248,0.2160776410323996,9.813694894073611e-9,2.2882306049772633e-8,0.08891006765284593,-0.04129189074473205,7.64050021002655,LUN,Lung (LC)
1098.09,x_1098.09,-0.7100333502907589,-0.6966340828162404,0.49961312175347133,0.20232281974638278,2.611952884057496e-5,4.903967764244496e-5,0.027485770232610934,-0.013399267474518473,4.309452393272828,LUN,Lung (LC)
1100.02,x_1100.02,-0.7201420394667599,-0.7354503678612535,0.45631250331519213,0.19100592888044451,0.023166768367480176,0.03166802401110229,-0.03034653657065158,0.015308328394493587,1.49937903444455,LUN,Lung (LC)
1101.94,x_1101.94,-0.7219168445288794,-0.7675223287776847,0.4077528984912246,0.18299576227207723,0.8294193919361775,0.8429425341960065,-0.08837617385824582,0.045605484248805284,0.07420203146333715,LUN,Lung (LC)
1103.86,x_1103.86,-0.7049756967930614,-0.7839674919443295,0.3547448248329654,0.17850342203243785,0.0020744693912598017,0.003243526556568419,-0.15322051572050688,0.07899179515126808,2.4889825419070526,LUN,Lung (LC)
1105.79,x_1105.79,-0.6936601078242841,-0.7942949079553037,0.3092737887024744,0.17355929233279452,4.5854976721064154e-8,1.0135792726760043e-7,-0.19544610001757848,0.10063480013101955,6.994142279196514,LUN,Lung (LC)
1107.71,x_1107.71,-0.6874285985072043,-0.8028148672355195,0.2739743995376305,0.168081116301006,4.081697788949356e-12,1.2310927202153703e-11,-0.22385776351515424,0.11538626872831526,10.909709236783174,LUN,Lung (LC)
1109.63,x_1109.63,-0.6724738762447166,-0.809437948173573,0.24882753208599973,0.16320062818886072,2.1633890474633135e-17,9.152799816190942e-17,-0.2674426261853918,0.1369640719288564,16.03844603612743,LUN,Lung (LC)
1111.55,x_1111.55,-0.6583763204288234,-0.8063001396529225,0.2299985345611897,0.16114973344907824,7.108279509376092e-21,3.8417580007321654e-20,-0.29240492617417874,0.14792381922409903,19.415469995605704,LUN,Lung (LC)
1113.48,x_1113.48,-0.6553576264305221,-0.8026145246707126,0.2228211047141245,0.155189012341592,7.68748764197113e-21,4.1309200834729925e-20,-0.2924252729416323,0.1472568982401905,19.3839532067766,LUN,Lung (LC)
1115.4,x_1115.40,-0.6499687425858656,-0.7951713515499852,0.22812031562870333,0.15671706721504092,6.799517640802884e-19,3.311223434453488e-18,-0.29089584602943763,0.14520260896411963,17.480011512973018,LUN,Lung (LC)
1117.32,x_1117.32,-0.6359484400030322,-0.7777122134887654,0.23226429994344058,0.16095953134910213,3.841491946826584e-17,1.5892898098596708e-16,-0.2903270064497688,0.1417637734857332,15.79879690119004,LUN,Lung (LC)
1119.25,x_1119.25,-0.6083647716830779,-0.7500113901191328,0.24307104686407952,0.16738117185416448,1.0740776427419942e-15,4.0968555059735215e-15,-0.3019763393069381,0.14164661843605486,14.387549353123983,LUN,Lung (LC)
1121.17,x_1121.17,-0.5689441941925756,-0.7153677951631975,0.2610732855528161,0.1735946414377486,2.7570428542399935e-15,1.010915713221331e-14,-0.3303985403425058,0.1464236009706219,13.995285052924176,LUN,Lung (LC)
1123.09,x_1123.09,-0.513443907956901,-0.673543719823496,0.2790200497939454,0.18449831666003283,2.9770970326768637e-15,1.0831072862073414e-14,-0.3915655866649766,0.16009981186659505,13.965328522598961,LUN,Lung (LC)
1125.01,x_1125.01,-0.4714780599186613,-0.6389185316768049,0.3017682514653215,0.19449161449626504,1.3615205674785217e-14,4.750081084300066e-14,-0.4384421500661579,0.16744047175814358,13.323298976867022,LUN,Lung (LC)
1126.94,x_1126.94,-0.4406641258610304,-0.608343746661826,0.32565067728886404,0.2021467443650441,2.3896481980735276e-12,7.349740346048514e-12,-0.46520820344793423,0.16767962080079563,11.133728003537605,LUN,Lung (LC)
1128.86,x_1128.86,-0.41761361893800164,-0.5879240298604832,0.3491277416624055,0.2080802109404125,5.686931709827818e-11,1.5685195128876136e-10,-0.4934619853475275,0.17031041092248156,9.804510074169485,LUN,Lung (LC)
1130.78,x_1130.78,-0.40208791938118127,-0.5784673456906518,0.3608135935458902,0.20924874759827738,1.6542989599106847e-11,4.744691802197823e-11,-0.5247256245202357,0.17637942630947057,10.323791992499467,LUN,Lung (LC)
1132.71,x_1132.71,-0.3988854368309696,-0.5745795084144902,0.3682853383236891,0.2067744903196195,3.424837360388246e-11,9.645249795069306e-11,-0.5265331959156423,0.17569407158352063,10.015686520408337,LUN,Lung (LC)
1134.63,x_1134.63,-0.39716049927081243,-0.5660701509514875,0.36963639809936544,0.21218867458137217,2.8504728450886933e-10,7.593139914979852e-10,-0.5112597931798377,0.16890965168067507,9.119578597521814,LUN,Lung (LC)
1136.55,x_1136.55,-0.37007886113997135,-0.5371722660925602,0.35443655034097515,0.21585386227458145,4.8714980436870566e-11,1.3556103187045826e-10,-0.5375533023417911,0.16709340495258884,9.867865134036927,LUN,Lung (LC)
1138.48,x_1138.48,-0.3242715745158864,-0.4833416733158601,0.33131284608236883,0.22039240745933428,6.170163859255992e-11,1.6967950612953978e-10,-0.5758422888831611,0.1590700987999737,9.770370608550476,LUN,Lung (LC)
1140.4,x_1140.40,-0.2766994827192852,-0.41071598955359634,0.3154836591987202,0.23377475406631573,1.332644863063923e-7,2.831870334010836e-7,-0.5698228682975632,0.13401650683431116,6.547926636050349,LUN,Lung (LC)
1142.32,x_1142.32,-0.22318513956252137,-0.3364360880355285,0.30535113517695855,0.25706855093427206,8.519871476623217e-6,1.659599964717231e-5,-0.5920936707243488,0.11325094847300712,4.7799965830760796,LUN,Lung (LC)
1144.24,x_1144.24,-0.1804568709794266,-0.2677109938209441,0.30200758576016945,0.27818704303074737,6.169016685541774e-4,0.001017289347615795,-0.5690249160407442,0.08725412284151751,2.992555503124291,LUN,Lung (LC)
1146.17,x_1146.17,-0.1673885660374446,-0.21233806748604994,0.29966971335367565,0.29328972975740464,0.07598149105870519,0.0956160082636465,-0.3431638782600428,0.04494950144860535,1.0194693910026809,LUN,Lung (LC)
1148.09,x_1148.09,-0.18094573839312886,-0.1916748910893079,0.2896364332202244,0.2967407200874754,0.6930146876097807,0.7231793894142243,-0.08310467642524058,0.01072915269617905,0.14075395973294538,LUN,Lung (LC)
1150.01,x_1150.01,-0.20665307490560547,-0.20338117100306177,0.28198190182314103,0.29369105676106083,0.7902895006951859,0.8111094216794718,0.02302482194571699,-0.003271903902543699,0.09092055389481742,LUN,Lung (LC)
1151.94,x_1151.94,-0.25315059342012125,-0.24118541036688204,0.2782171678883963,0.2875118611471475,0.4577675042436952,0.49884920334248833,0.0698535095604549,-0.011965183053239209,0.30203071700933243,LUN,Lung (LC)
1153.86,x_1153.86,-0.2993149672790891,-0.290622309397451,0.271703105115028,0.2818655296374735,0.5882010427787214,0.6228402887860753,0.04251911234482497,-0.008692657881638088,0.2056233026043112,LUN,Lung (LC)
1155.78,x_1155.78,-0.3235896152532512,-0.3415057492026484,0.26146609374427704,0.2732835788005713,0.3086598633657393,0.34812662514712456,-0.07774479113594913,0.017916133949397228,0.45826276007600253,LUN,Lung (LC)
1157.7,x_1157.70,-0.3383946973424416,-0.37399869970206495,0.256501915441729,0.269713043310493,0.03213629781624347,0.04298632111328705,-0.14432669855415511,0.035604002359623355,1.3666697213999892,LUN,Lung (LC)
1159.63,x_1159.63,-0.3510456091868948,-0.3898218888336727,0.2551684394421408,0.2758449096852983,0.01423413111185715,0.019834444991932095,-0.1511570270766443,0.03877627964677788,1.7025799474617551,LUN,Lung (LC)
1161.55,x_1161.55,-0.3542599593355907,-0.40390213824577126,0.2533033143787686,0.2841289310318421,0.005132063792580932,0.007485927684965947,-0.1891978718709309,0.04964217891018058,2.125754372542455,LUN,Lung (LC)
1163.47,x_1163.47,-0.35010816746451096,-0.40830689354815397,0.2465330334321792,0.2847694222042592,0.0036087017754180078,0.005389993865839995,-0.22185379457625048,0.058198726083643015,2.2684117290680583,LUN,Lung (LC)
1165.4,x_1165.40,-0.3503223347722257,-0.4131365085315096,0.24193844159111563,0.28093922254057746,0.0010738374148451396,0.0017221920804120164,-0.23793621175726506,0.06281417375928394,2.763918412225653,LUN,Lung (LC)
1167.32,x_1167.32,-0.35092056868854216,-0.41626921118575416,0.2398378342309327,0.27781722598206154,1.595266512023764e-4,2.767299051469795e-4,-0.24637298910218966,0.065348642497212,3.5579439057722175,LUN,Lung (LC)
1169.24,x_1169.24,-0.358508135890033,-0.4215343372120293,0.24281038207331246,0.27576875541060714,1.710439223142033e-4,2.956119544617007e-4,-0.2336448967905318,0.06302620132199632,3.5292780071791987,LUN,Lung (LC)
1171.16,x_1171.16,-0.37510827766555993,-0.4314024308457853,0.2511148588309079,0.27623952440699634,9.000167672421877e-4,0.001455909476421186,-0.20172770774639812,0.05629415318022535,2.836865627160989,LUN,Lung (LC)
1173.09,x_1173.09,-0.39470599879953044,-0.4371860626372859,0.26131689679680986,0.2781145450096096,0.005584925968872381,0.008121159845871969,-0.1474693185198677,0.04248006383775543,2.0903819413634253,LUN,Lung (LC)
1175.01,x_1175.01,-0.42295287484995847,-0.4495050260730795,0.2695482285758743,0.27376123721742684,0.02611232036906412,0.03533287922586824,-0.08784052049356525,0.026552151223121045,1.4518209710860321,LUN,Lung (LC)
1176.93,x_1176.93,-0.445501803844986,-0.4581176659871202,0.2707323083692602,0.27863842207103956,0.09035304658967143,0.11145131736324905,-0.04028701322579014,0.012615862142134227,0.9529147937588136,LUN,Lung (LC)
1178.86,x_1178.86,-0.4626001294529891,-0.4646209995462083,0.2735706422912914,0.28622305191888214,0.2870527750261582,0.325721292050313,-0.00628870519815766,0.0020208700932191626,0.48715385114431053,LUN,Lung (LC)
1180.78,x_1180.78,-0.4794132005713083,-0.4747527815210933,0.2709647779369645,0.2912747818967185,0.5090827109920684,0.5496447283805819,0.014093210487320314,-0.0046604190502150256,0.25991793297458876,LUN,Lung (LC)
1182.7,x_1182.70,-0.47768054558399037,-0.47933012855457496,0.2678314484970817,0.2924653264870594,0.41295995996852436,0.45586489087434506,-0.004973512973138438,0.0016495829705845955,0.34116385435799307,LUN,Lung (LC)
1184.63,x_1184.63,-0.454574424212485,-0.47981516239588795,0.26790650788450937,0.28983656576528294,0.057682452252445775,0.07467041900185682,-0.07796239930511879,0.025240738183402944,1.1268514116865591,LUN,Lung (LC)
1186.55,x_1186.55,-0.41469300756384897,-0.46505664121822315,0.27374580152001765,0.2911859033687407,0.0022869129809666468,0.003540171584774528,-0.16536309448434613,0.050363633654374185,2.4509756881112597,LUN,Lung (LC)
1188.47,x_1188.47,-0.3746420548340471,-0.45773633031655603,0.2763375161628276,0.2968323583797894,4.187638726944576e-6,8.243036230933007e-6,-0.28900464551346744,0.08309427548250892,5.083912791280924,LUN,Lung (LC)
1190.39,x_1190.39,-0.3487266045468063,-0.4556752903399258,0.27749665391135786,0.29919358030300164,1.2387152880251851e-8,2.859750109391477e-8,-0.38591067908984894,0.1069486857931195,7.543671914721949,LUN,Lung (LC)
1192.32,x_1192.32,-0.34261327996359414,-0.44784267692003,0.27819006329564994,0.29413565905905653,1.5532662749079863e-8,3.550865445083049e-8,-0.386411932477911,0.10522939695643585,7.449665784348656,LUN,Lung (LC)
1194.24,x_1194.24,-0.3432250971613375,-0.4360841852654781,0.2792412345738966,0.2889518605087115,1.6065088785565798e-7,3.3983841661773803e-7,-0.345452517786196,0.09285908810414062,6.468727528403868,LUN,Lung (LC)
1196.16,x_1196.16,-0.3377362800728226,-0.41773344423830167,0.2850936621508806,0.2916887455299768,8.94419475920753e-6,1.7350253319209628e-5,-0.30668630619226567,0.07999716416547908,4.760694179989432,LUN,Lung (LC)
1198.09,x_1198.09,-0.32767333179293,-0.38974811017507693,0.2965749027585542,0.2953779082548594,8.066113008926413e-4,0.0013116201153645557,-0.25028446712197405,0.06207477838214692,2.882191931492731,LUN,Lung (LC)
1200.01,x_1200.01,-0.3188259396790987,-0.3564969600541173,0.29249293996130615,0.29747170229730463,0.02337854554567126,0.03191086143825201,-0.16112124085679225,0.03767102037501857,1.4960614718068148,LUN,Lung (LC)
1201.93,x_1201.93,-0.2951822503437009,-0.3200173272977033,0.287164442082853,0.30178384759232074,0.08107856388391652,0.10148387848923955,-0.11654442800868563,0.024835076954002444,0.9936029433591825,LUN,Lung (LC)
1203.85,x_1203.85,-0.2643406054312984,-0.2760095436375109,0.28754487076729307,0.30932320233487104,0.30659610453486014,0.34644919520020184,-0.06232032818633518,0.011668938206212509,0.460360443193373,LUN,Lung (LC)
1205.78,x_1205.78,-0.23865092730617907,-0.2354399066415539,0.2874127463682524,0.3199915363278296,0.7440962018241392,0.7713192335981931,0.0195431492866252,-0.0032110206646251693,0.11276583894550773,LUN,Lung (LC)
1207.7,x_1207.70,-0.21530232159501478,-0.21836300863204622,0.2907594093494874,0.32967623166415955,0.5831125431231893,0.6188538340751214,-0.020364697780245907,0.00306068703703144,0.2084119140663542,LUN,Lung (LC)
1209.62,x_1209.62,-0.2112397351643589,-0.206679673878207,0.2937991243968772,0.33487937067140167,0.8570022838077919,0.8690858301087694,0.0314848760375611,-0.004560061286151912,0.06093733091392256,LUN,Lung (LC)
1211.55,x_1211.55,-0.23133855420852473,-0.19240043710762375,0.29915410614101356,0.332966198500474,0.1680733624692684,0.19767118730662384,0.2658949067501875,-0.038938117100900976,0.7040566291469436,LUN,Lung (LC)
1213.47,x_1213.47,-0.2483392009486578,-0.18107807577547633,0.3048539757523971,0.3228113886493768,0.005222698544735561,0.007606266572161603,0.45570228931950074,-0.06726112517318147,2.118828458205252,LUN,Lung (LC)
1215.39,x_1215.39,-0.24297903698924703,-0.16842917264371363,0.3075696548328479,0.31204730156951077,0.0011773293701735877,0.0018849365772470967,0.5286924378738439,-0.0745498643455334,2.724703257986039,LUN,Lung (LC)
1217.31,x_1217.31,-0.2114028481321566,-0.14591562683522658,0.3057204168813657,0.3039242612829351,0.00183372629337219,0.002886421017345114,0.5348634794599311,-0.06548722129693002,2.5396403218308574,LUN,Lung (LC)
1219.24,x_1219.24,-0.16808044910307535,-0.11512831448578185,0.3049484613871083,0.29680714632325755,0.0036899405742856447,0.005493780950568595,0.5459131784301211,-0.05295213461729349,2.2601286608702913,LUN,Lung (LC)
1221.16,x_1221.16,-0.10308951422679923,-0.07431103971804535,0.3105710208235633,0.2939286756793514,0.05249932812475351,0.06855708351486667,0.4722545559376329,-0.02877847450875387,1.1639476660023182,LUN,Lung (LC)
1223.08,x_1223.08,-0.018682197665350408,-0.02556969551748195,0.3256046611121432,0.297454836347056,0.8741186197207879,0.8845247937650829,-0.452791607725242,0.006887497852131542,0.05328998904657489,LUN,Lung (LC)
1225.01,x_1225.01,0.06054535486112439,0.022267874157444627,0.3386951413707114,0.30079432138084605,0.29220676384443756,0.33116766569036254,1.4430114844211392,0.03827748070367976,0.47995207314854216,LUN,Lung (LC)
1226.93,x_1226.93,0.12532837843880754,0.06422609456205369,0.345127398916267,0.30109245413911145,0.04970200492817175,0.06499492952145536,0.964470696299665,0.06110228387675384,1.1871205228455486,LUN,Lung (LC)
1228.85,x_1228.85,0.16152918170388567,0.10056143117385027,0.34073389460659165,0.30363074003966734,0.03820610054446486,0.05074247728561739,0.6837123222430294,0.06096775053003539,1.2946283340159261,LUN,Lung (LC)
1230.78,x_1230.78,0.162402431452655,0.12385087741771182,0.32386405412033625,0.3075571500999486,0.12865169931415607,0.1546135460909202,0.3909663778720863,0.03855155403494319,0.8107524590928659,LUN,Lung (LC)
1232.7,x_1232.70,0.13931003276016554,0.12726161707826766,0.31293825542714826,0.31592406189201977,0.422462407574885,0.4652560083421879,0.13050082178198455,0.012048415681897878,0.332308009657682,LUN,Lung (LC)
1234.62,x_1234.62,0.10114090263310262,0.11856243588866619,0.3164352921117613,0.32075570586578084,0.6339617917711196,0.6678425767572426,-0.22927833857233482,-0.017421533255563573,0.17532589695985326,LUN,Lung (LC)
1236.54,x_1236.54,0.05802395178177195,0.10635287262802395,0.3184200864001529,0.3242389993007369,0.04698246829357264,0.06204605629165313,-0.8741272428115345,-0.048328920846252,1.2072858174723191,LUN,Lung (LC)
1238.47,x_1238.47,0.02275823417953195,0.09567180551858978,0.3241082784299625,0.3299554277787592,0.0014512837152014094,0.0023116699722543744,-2.0716568911274424,-0.07291357133905783,2.6360741682876587,LUN,Lung (LC)
1240.39,x_1240.39,-0.004159657392072934,0.08841801698347976,0.3362191257079379,0.3340924515283951,4.5291940257213984e-5,8.30352238048923e-5,NA,-0.0925776743755527,4.0807376394430515,LUN,Lung (LC)
1242.31,x_1242.31,-0.024789592772611446,0.07517016969451197,0.3631204637651716,0.34191390948496186,1.8929897002796938e-5,3.575647211639422e-5,NA,-0.09995976246712342,4.446645337078693,LUN,Lung (LC)
1244.24,x_1244.24,-0.0376906531988243,0.05596758375165278,0.38914665533992904,0.35467055207911574,1.1110027603081373e-4,1.967400721378993e-4,NA,-0.09365823695047709,3.7061071737059326,LUN,Lung (LC)
1246.16,x_1246.16,-0.03985981806325724,0.03456124443092861,0.41145028413266943,0.3687603360850244,0.0015595896133689454,0.002467371046531242,NA,-0.07442106249418584,2.6077655358187535,LUN,Lung (LC)
1248.08,x_1248.08,-0.03566688471443031,0.012935060689604908,0.44137245969483074,0.3823906283317424,0.02611232036906412,0.03533287922586824,NA,-0.048601945404035216,1.4518209710860321,LUN,Lung (LC)
1250,x_1250.00,-0.03065843783525692,-0.00799540801755119,0.4763486125395811,0.39345907401045355,0.16132820565535577,0.1906976893650539,1.9391740184068735,-0.02266302981770573,0.7196545691568591,LUN,Lung (LC)
1251.93,x_1251.93,-0.024560426717285408,-0.029963152782000835,0.5070286286464797,0.40083253994971374,0.5163704972130853,0.5555885096596487,-0.28686440048340395,0.0054027260647154275,0.25524674465330516,LUN,Lung (LC)
1253.85,x_1253.85,-0.015585545319821778,-0.05102959243564016,0.5295936262534743,0.4024348806245538,0.9289029174833027,0.9369193396406559,-1.7111897823563689,0.03544404711581838,0.028297796366040077,LUN,Lung (LC)
1255.77,x_1255.77,-0.004329607098512234,-0.06529300310710175,0.538948917210738,0.4023021557275979,0.5074085991887296,0.5490734156873555,-3.914931542650127,0.060963396008589514,0.26036958287918205,LUN,Lung (LC)
1257.7,x_1257.70,0.017050720661480768,-0.06538879929128585,0.5450842617199534,0.405726618981831,0.18928441425084114,0.22150303795311196,NA,0.08243951995276662,0.6546203129748841,LUN,Lung (LC)
1259.62,x_1259.62,0.03780865129939904,-0.0556535324551658,0.5482121553429837,0.4124102357765432,0.08573328868971597,0.10645501318045741,NA,0.09346218375456483,0.9728338819443589,LUN,Lung (LC)
1261.54,x_1261.54,0.0513337349870521,-0.04466612622473989,0.5491137861954832,0.4214012953671074,0.06297518260349165,0.08065999415652697,NA,0.09599986121179199,1.0933418137911846,LUN,Lung (LC)
1263.46,x_1263.46,0.08063167808168496,-0.030333576187776205,0.5404462986798101,0.4356482765147797,0.016436750629065074,0.022801723795513124,NA,0.11096525426946116,1.6420323193775983,LUN,Lung (LC)
1265.39,x_1265.39,0.12160549813929199,-0.013510494568719927,0.5290086560224547,0.4524297143424999,9.98718451180822e-4,0.0016124957595133067,NA,0.13511599270801192,2.7925014187841013,LUN,Lung (LC)
1267.31,x_1267.31,0.14960258686556185,0.002689426701050989,0.5176009694308493,0.4614731718475704,1.5485627245034325e-4,2.691275366934404e-4,5.797165953154085,0.14691316016451086,3.570041863655139,LUN,Lung (LC)
1269.23,x_1269.23,0.1566933713348041,0.01822197078488875,0.5026821839840486,0.46557570103430757,1.0797271806465788e-4,1.922942693151526e-4,3.104123279659456,0.13847140054991536,3.7160336582570563,LUN,Lung (LC)
1271.16,x_1271.16,0.1572757487408739,0.028405179041387677,0.4864429359464085,0.46352070587745503,1.2273299011478984e-4,2.1489765123095225e-4,2.4690287128211703,0.12887056969948624,3.6677683311954397,LUN,Lung (LC)
1273.08,x_1273.08,0.15677422271816466,0.030175678746458417,0.47218508048464247,0.4546043962942235,8.109407773157738e-5,1.4553351761808993e-4,2.377191632805014,0.12659854397170625,3.837036973412033,LUN,Lung (LC)
1275,x_1275.00,0.14904467762502094,0.026765154433803773,0.454717489576869,0.43662784603046484,8.781963130459675e-5,1.5700067929215673e-4,2.4772727542323847,0.12227952319121717,3.804098468532186,LUN,Lung (LC)
1276.93,x_1276.93,0.12798975915379132,0.023419907357125628,0.43270764533766476,0.4136336078136652,6.441224819189221e-4,0.001058443797177842,2.450170778418856,0.1045698517966657,2.9753321978463267,LUN,Lung (LC)
1278.85,x_1278.85,0.10610753575784315,0.018547800546818413,0.4226014544605931,0.38800246815541345,0.005614861209930126,0.008152011228702901,2.5161429130854387,0.08755973521102474,2.0887352307974654,LUN,Lung (LC)
1280.77,x_1280.77,0.09370690392835539,0.017927606804824137,0.42528680946794917,0.3637282165521127,0.0303613579335394,0.04067030038375264,2.385907355515037,0.07577929712353125,1.3907226199601908,LUN,Lung (LC)
1282.69,x_1282.69,0.09084276687393614,0.016506093443435968,0.43528033900117025,0.3477562483788439,0.061389026759733324,0.07884442310487728,2.460301415266442,0.07433667343050017,1.1032290201592254,LUN,Lung (LC)
1284.62,x_1284.62,0.09194446777545673,0.02229286256631869,0.4470916930882862,0.3453230764374262,0.07562253127470427,0.09529254277877154,2.0441318671283333,0.06965160520913805,1.0209410842173692,LUN,Lung (LC)
1286.54,x_1286.54,0.09459078276709798,0.0409390708553738,0.46115330385762254,0.35737364938342564,0.1679391001326929,0.19767118730662384,1.208201262157881,0.05365171191172418,0.7040566291469436,LUN,Lung (LC)
1288.46,x_1288.46,0.09980350848935989,0.06289989897137231,0.4881251593069891,0.3825425264596638,0.40383036865260985,0.4473713207229742,0.66602435213145,0.03690360951798757,0.3493318603175702,LUN,Lung (LC)
1290.39,x_1290.39,0.10621166747994147,0.07999008357598132,0.5156835636860885,0.41544799870913673,0.5099208507108075,0.5498834224070163,0.40904473964052257,0.02622158390396015,0.2597293729998434,LUN,Lung (LC)
1292.31,x_1292.31,0.11090441867878943,0.09557016427867585,0.5284449706389996,0.46104163192886105,0.5568137284474954,0.5949952412553237,0.2146825560385076,0.015334254400113587,0.22548650772492668,LUN,Lung (LC)
1294.23,x_1294.23,0.10466220396337717,0.10955261878838754,0.5403096841152506,0.5156445616057053,0.7153089935667403,0.7456119386676724,-0.0658828116860862,-0.004890414825010375,0.12748714671633213,LUN,Lung (LC)
1296.15,x_1296.15,0.08748552787728482,0.1114585140804363,0.553983073272073,0.5718261787831324,0.8263669130712127,0.8416700040540129,-0.3493869916005559,-0.023972986203151483,0.07485815019840618,LUN,Lung (LC)
1298.08,x_1298.08,0.06525929636656007,0.09969857514141715,0.5634119730341024,0.6294449207347256,0.7835931396489997,0.8051204237052908,-0.6113818175979783,-0.034439278774857085,0.09413915635357707,LUN,Lung (LC)
1300,x_1300.00,0.04235163030948701,0.07497185228932737,0.565219702772774,0.682251293773226,0.4426225375089501,0.48574186921463414,-0.8239167186116317,-0.032620221979840366,0.3135944602799485,LUN,Lung (LC)
1301.92,x_1301.92,0.004394160265969798,0.04382825663156813,0.5563668671158901,0.7148981294949653,0.3994329826930611,0.4430247198315684,-3.3179065320142125,-0.03943409636559833,0.35357204039786955,LUN,Lung (LC)
1303.85,x_1303.85,-0.03961474732475855,0.01760234188626466,0.5321701084774993,0.7164121222420308,0.64048707658884,0.6736281401693649,NA,-0.05721708921102321,0.1715797788940829,LUN,Lung (LC)
1305.77,x_1305.77,-0.07771196573686377,-0.017782198943824438,0.4945661230278792,0.6880628304710781,0.6432921970427289,0.6758182070055635,2.127765585694994,-0.05992976679303934,0.1701701122125955,LUN,Lung (LC)
1307.69,x_1307.69,-0.11442409823740768,-0.07195289554459489,0.4488995550287451,0.6340208164205524,0.2691218611706152,0.3076148413136005,0.6692737140905928,-0.04247120269281279,0.5119927152128945,LUN,Lung (LC)
1309.61,x_1309.61,-0.14931607011270068,-0.13616862880146066,0.40353547518009814,0.5614769419604639,0.08565397703456988,0.10645501318045741,0.13297601004815043,-0.013147441311240016,0.9728338819443589,LUN,Lung (LC)
1311.54,x_1311.54,-0.197283493559563,-0.20244299936977256,0.36623620173771904,0.4848555305852362,0.052605410547700654,0.06859980315495134,-0.03724568799327263,0.005159505810209547,1.163677130486267,LUN,Lung (LC)
1313.46,x_1313.46,-0.26052092440308,-0.2675766019717634,0.34541968429892983,0.41143808414501837,0.11038196051615397,0.1347351606822506,-0.03855286127855232,0.007055677568683416,0.8705190553708849,LUN,Lung (LC)
1315.38,x_1315.38,-0.3105476360554857,-0.32747958133299626,0.350474294087076,0.34810583984839194,0.18694760461734614,0.21904261944513612,-0.0765906104567944,0.016931945277510574,0.6594713756209412,LUN,Lung (LC)
1317.31,x_1317.31,-0.35188599901568196,-0.37061442266150213,0.3688242649217396,0.30691002591317407,0.5079663150476603,0.5490734156873555,-0.07481112021276026,0.01872842364582017,0.26036958287918205,LUN,Lung (LC)
1319.23,x_1319.23,-0.3809444491324608,-0.391030853801512,0.3892890361878331,0.2890899122798082,0.7996903729042288,0.819858002922647,-0.03770191036006731,0.010086404669051197,0.08626135967389442,LUN,Lung (LC)
1321.15,x_1321.15,-0.3873598103443402,-0.3871387717626143,0.4082751409315791,0.2928963372292982,0.32144728722910726,0.3612418432202107,8.234801333571602e-4,-2.210385817258964e-4,0.44220195042071386,LUN,Lung (LC)
1323.07,x_1323.07,-0.37511416793785984,-0.36549344850497856,0.43050382746445015,0.3054310896003868,0.11929444815785287,0.14448226557978294,0.03748430937707336,-0.009620719432881286,0.8401854569455496,LUN,Lung (LC)
1325,x_1325.00,-0.34677209720873853,-0.33594429148356036,0.44607622877346825,0.3179032089273073,0.08130632448045076,0.10163290560056346,0.04576593625213148,-0.010827805725178163,0.9929656581244285,LUN,Lung (LC)
1326.92,x_1326.92,-0.3120274608024952,-0.3016164018550805,0.4586076025944111,0.32772112042217544,0.06774138379910037,0.0864095414081294,0.048958278185040005,-0.01041105894741473,1.0634382997420324,LUN,Lung (LC)
1328.84,x_1328.84,-0.269424618393477,-0.2658065184225701,0.47776327451156336,0.3340062116236289,0.07441240752004659,0.09389419842273085,0.019505269939341197,-0.003618099970906896,1.0273612412890925,LUN,Lung (LC)
1330.77,x_1330.77,-0.23322209732419408,-0.23917536074245505,0.5135920944103468,0.3354302008867077,0.12189682595180212,0.14725262566529068,-0.03636444080339451,0.005953263418260968,0.8319369525559335,LUN,Lung (LC)
1332.69,x_1332.69,-0.19428614852876916,-0.22610138126818485,0.5635662093857471,0.3415576069447442,0.3950645305090062,0.4386999240212836,-0.21878780168296943,0.031815232739415694,0.35783244081078347,LUN,Lung (LC)
1334.61,x_1334.61,-0.1229362550227095,-0.2190893649210619,0.6176679528370839,0.35347478165845103,0.5662026934495221,0.6022165182557768,-0.8336141624395136,0.0961531098983524,0.22024733635406588,LUN,Lung (LC)
1336.54,x_1336.54,-0.042047800877426135,-0.21182919457362323,0.6866090872095909,0.3696590259453946,0.061328687490208866,0.07884442310487728,-2.3328266838612692,0.1697813936961971,1.1032290201592254,LUN,Lung (LC)
1338.46,x_1338.46,0.042530034604168244,-0.20621520766388407,0.7747054143833967,0.39470313772150534,0.0025813694737172005,0.003969704700535498,NA,0.2487452422680523,2.4012417984504513,LUN,Lung (LC)
1340.38,x_1340.38,0.1475015224674542,-0.20131906055071958,0.8801175428419342,0.4306228589170202,1.646963747435805e-5,3.129900617586337e-5,NA,0.34882058301817376,4.504469452204058,LUN,Lung (LC)
1342.3,x_1342.30,0.2691888861194755,-0.18687320555677572,1.004870165027459,0.47699790785456686,7.26802413091357e-8,1.5877576080383617e-7,NA,0.4560620916762512,6.79921579758044,LUN,Lung (LC)
1344.23,x_1344.23,0.4142532892823362,-0.14797179399020746,1.1328941642462027,0.5324198050192804,8.343005857655872e-10,2.1489560542446942e-9,NA,0.5622250832725436,8.667772465659873,LUN,Lung (LC)
1346.15,x_1346.15,0.5536594013555782,-0.08726696008078103,1.2492700192720056,0.5908368705174715,2.043189103218112e-10,5.473873385412421e-10,NA,0.6409263614363593,9.261705252350204,LUN,Lung (LC)
1348.07,x_1348.07,0.6642208125757929,-0.02010264032796963,1.340330172286448,0.6409959778629767,3.761634085479576e-10,9.935389463060462e-10,NA,0.6843234529037625,9.002815104060671,LUN,Lung (LC)
1350,x_1350.00,0.7321171809658402,0.04234916866927669,1.3805731276624504,0.6719200049261336,1.4690143752044e-9,3.7222992976046455e-9,4.111636931421415,0.6897680122965635,8.429188709638288,LUN,Lung (LC)
1351.92,x_1351.92,0.7418848074962942,0.08394397914207946,1.3604770357523392,0.6752061698587162,7.035947035665736e-9,1.665471007176573e-8,3.1436811981165436,0.6579408283542147,7.778462923184648,LUN,Lung (LC)
1353.84,x_1353.84,0.6937000910468192,0.09738124791764183,1.2919067010615863,0.6522186163687411,4.270132724359515e-8,9.483548924646429e-8,2.8325834451676655,0.5963188431291774,7.0230291109776735,LUN,Lung (LC)
1355.76,x_1355.76,0.5820999463478133,0.08992131874285696,1.1963698454671723,0.6096897086755011,1.3160609394464336e-06,2.6808648766501428e-6,2.6945182204614158,0.4921786276049563,5.5717250751644904,LUN,Lung (LC)
1357.69,x_1357.69,0.4252214473042049,0.06855116643634637,1.0947073886756171,0.5593850690216272,1.8686432200914373e-4,3.2176453237301914e-4,2.63294359315498,0.35667028086785857,3.4924618292351233,LUN,Lung (LC)
1359.61,x_1359.61,0.26647263458927456,0.0460297952955721,1.004824818022531,0.5115439587176988,0.029214681817149594,0.03924673491240643,2.5333215230342803,0.22044283929370245,1.4061964680526913,LUN,Lung (LC)
1361.53,x_1361.53,0.12756535070365393,0.03810452972954231,0.9374892891811728,0.47838345764746576,0.9597331764621455,0.963856627274013,1.7431755505066218,0.08946082097411162,0.01598756217032682,LUN,Lung (LC)
1363.46,x_1363.46,0.024094560544529787,0.053508388290760316,0.8847195918383612,0.4623521963820055,0.001967948177913086,0.0030873012522629785,-1.1510246729636864,-0.02941382774623053,2.5104209909221478,LUN,Lung (LC)
1365.38,x_1365.38,-0.05306774269849436,0.08033995722128731,0.8403141016112691,0.45401928772138356,1.2481647130513245e-10,3.412380136558446e-10,NA,-0.13340769991978169,9.466942594733752,LUN,Lung (LC)
1367.3,x_1367.30,-0.10630835455004874,0.10308289105528873,0.7985630011179872,0.4422544765537093,3.013354470531482e-19,1.4907335608184844e-18,NA,-0.20939124560533745,17.826599971172353,LUN,Lung (LC)
1369.22,x_1369.22,-0.1449672915072792,0.11015986115006747,0.7533407178842686,0.42006340817384147,2.995081834590895e-26,2.3935055686687922e-25,NA,-0.25512715265734665,24.620965557762432,LUN,Lung (LC)
1371.15,x_1371.15,-0.18593160977844755,0.08434173364072034,0.7032986387137131,0.38480504520020054,6.020701749921393e-31,6.545762949042446e-30,NA,-0.27027334341916787,29.18403972646262,LUN,Lung (LC)
1373.07,x_1373.07,-0.22881956651051788,0.011046943973790644,0.6511387308934644,0.3440384872268011,3.8369186121573184e-29,3.776335686702203e-28,NA,-0.23986651048430851,27.42292940727583,LUN,Lung (LC)
1374.99,x_1374.99,-0.28112586166893444,-0.0971419532564866,0.5997455813016466,0.3029800576287785,1.8211246737843716e-23,1.2162511214202768e-22,1.5330594972137834,-0.18398390841244783,21.914976746290776,LUN,Lung (LC)
1376.92,x_1376.92,-0.3378962184786078,-0.21949460163269893,0.5460015245475507,0.26307039629631335,1.7401513889029098e-16,6.923581057975407e-16,0.6223970502466624,-0.11840161684590886,15.15966921891826,LUN,Lung (LC)
1378.84,x_1378.84,-0.39774622394827,-0.34387128043159865,0.494635809146159,0.23377758911490928,3.728051942854844e-9,9.148893875509919e-9,0.20998017314004444,-0.053874943516671325,8.038631410064806,LUN,Lung (LC)
1380.76,x_1380.76,-0.4588784849319073,-0.4597472842447109,0.4473448997377329,0.2189864932422201,0.0010002647492168106,0.0016124957595133067,-0.002728892667222268,8.68799312803592e-4,2.7925014187841013,LUN,Lung (LC)
1382.69,x_1382.69,-0.515902426450019,-0.5588944582970675,0.4033004377860283,0.21455098235172188,0.4433988025307611,0.48602125996878465,-0.1154778532292031,0.04299203184704847,0.3133447330315651,LUN,Lung (LC)
1384.61,x_1384.61,-0.5604248275302239,-0.6393346880160284,0.3709748895746183,0.21481085573823458,0.11582532114593527,0.1404626138410499,-0.19005081877242105,0.0789098604858045,0.8524392541442632,LUN,Lung (LC)
1386.53,x_1386.53,-0.5867613660223097,-0.7047888403331911,0.35334246854581863,0.21228990365681796,5.5073912806978515e-5,1.0018309041736365e-4,-0.26441760933743397,0.11802747431088145,3.999205575456382,LUN,Lung (LC)
1388.45,x_1388.45,-0.602349268026804,-0.7507915074668793,0.34781963575901237,0.20421612817920376,4.976623476509793e-9,1.196180707078832e-8,-0.31781253857396746,0.14844223944007529,7.922203206502387,LUN,Lung (LC)
1390.38,x_1390.38,-0.60273137325733,-0.7707049658806995,0.3555613928116484,0.19574470589473708,2.5106891259640937e-11,7.13524113305905e-11,-0.35466404675078284,0.16797359262336953,10.146591345466307,LUN,Lung (LC)
1392.3,x_1392.30,-0.5850591817011921,-0.7766830283459697,0.3648940911175314,0.18968115733478993,2.565836269492593e-14,8.629701122214296e-14,-0.40874398171463044,0.1916238466447776,13.0640042452142,LUN,Lung (LC)
1394.22,x_1394.22,-0.5616315347583498,-0.7741490046468051,0.3711463185471855,0.18586851945630278,1.7083089924571616e-17,7.326921596089203e-17,-0.46298803853183657,0.21251746988845532,16.135078455733822,LUN,Lung (LC)
1396.15,x_1396.15,-0.5283491278643833,-0.7620925729070057,0.371413536500184,0.18368528607903575,7.779361230352161e-22,4.546064218987044e-21,-0.5284755296426626,0.23374344504262246,20.34236443360121,LUN,Lung (LC)
1398.07,x_1398.07,-0.4923691947980776,-0.742011555541369,0.3707851431711475,0.18716624251185732,4.413614869962112e-25,3.1990154290035463e-24,-0.5917021382285669,0.24964236074329138,23.4949836652879,LUN,Lung (LC)
1399.99,x_1399.99,-0.44893065029885515,-0.7059090949988854,0.3670462676779911,0.1949743234675428,3.411673577852987e-26,2.7033176231292735e-25,-0.652990980906506,0.2569784447000303,24.56810292438326,LUN,Lung (LC)
1401.91,x_1401.91,-0.39333845843144344,-0.6481955863101915,0.36247895161969806,0.20715314549342853,1.0742985393965814e-25,8.100557534966158e-25,-0.7206593873945001,0.25485712787874804,24.091485089019322,LUN,Lung (LC)
1403.84,x_1403.84,-0.3167940671856389,-0.5656728934720431,0.35122816816936814,0.22662686513555128,4.33265479072463e-24,3.023158380095171e-23,-0.836424726301553,0.24887882628640418,22.519539099994002,LUN,Lung (LC)
1405.76,x_1405.76,-0.21936524551404532,-0.45693364231312655,0.34118822800187715,0.2521648228467076,6.026255454874386e-21,3.2950578071973984e-20,-1.0586531113318862,0.23756839679908123,19.482136961911664,LUN,Lung (LC)
1407.68,x_1407.68,-0.09989202887922968,-0.313700996921085,0.33677683524901636,0.2799694595549938,4.548834064124251e-16,1.7721499374817395e-15,-1.6509584931787546,0.2138089680418553,14.751499536249096,LUN,Lung (LC)
1409.61,x_1409.61,0.03969485816118259,-0.13171735119520822,0.3425230598126516,0.3062668621444097,3.9115385018120547e-10,1.0302221124490904e-9,NA,0.17141220935639082,8.98706913275911,LUN,Lung (LC)
1411.53,x_1411.53,0.19787048323319767,0.07418776173803807,0.35959640892689315,0.3303321795815791,2.4134261628374503e-5,4.540349018617739e-5,1.4152911434134035,0.1236827214951596,4.342910761452648,LUN,Lung (LC)
1413.45,x_1413.45,0.3678112181694422,0.2992883937348402,0.3867766692362082,0.3574424665277693,0.02585022642330525,0.03507977025513847,0.2974282514227393,0.068522824434602,1.4549432595834297,LUN,Lung (LC)
1415.37,x_1415.37,0.544233426723531,0.5289340832411137,0.4222777371300328,0.3854593275864625,0.5667920171819076,0.6022165182557768,0.04113755053860496,0.015299343482417349,0.22024733635406588,LUN,Lung (LC)
1417.3,x_1417.30,0.7163914468269402,0.7389786409684822,0.4688405457498296,0.41089759876425275,0.7616111287750484,0.7859894099389297,-0.04478449182069484,-0.022587194141541977,0.10458330540597312,LUN,Lung (LC)
1419.22,x_1419.22,0.863933631254197,0.9298424842762868,0.5144664243683288,0.43544959812202155,0.20391363979660873,0.23743369017413346,-0.10606573884660311,-0.06590885302208982,0.6244576576703033,LUN,Lung (LC)
1421.14,x_1421.14,0.9797999380016138,1.0902473832581612,0.554878233435119,0.45419755401164025,0.02782618002838852,0.03759751203257697,-0.154096273149836,-0.11044744525654737,1.4248408930051286,LUN,Lung (LC)
1423.07,x_1423.07,1.0645444336513905,1.205490113777845,0.5931853788674668,0.46608652670478035,0.0037990893904087304,0.0056383310794161316,-0.17938349244656562,-0.1409456801264546,2.2488494262044125,LUN,Lung (LC)
1424.99,x_1424.99,1.1131896836609199,1.2700760156904622,0.6164992877001252,0.4753068802284651,0.0010493135999696595,0.0016886544164744091,-0.19021524279764487,-0.15688633202954239,2.7724592198041367,LUN,Lung (LC)
1426.91,x_1426.91,1.1394086369307725,1.2901351410611268,0.6332550800166035,0.48039378813853395,0.0015249697749337397,0.0024166893890899097,-0.17923680001562495,-0.15072650413035427,2.6167791647652323,LUN,Lung (LC)
1428.84,x_1428.84,1.1485021815919232,1.284310949284067,0.6463272790200926,0.48118348009586454,0.003475292401824586,0.0052146513382862,-0.16124081103131777,-0.13580876769214378,2.282774724039065,LUN,Lung (LC)
1430.76,x_1430.76,1.1485851937987759,1.2613759368583997,0.6567309149621733,0.4808147735791682,0.013412409129527117,0.018801503052635463,-0.13514033468170117,-0.11279074305962378,1.7258074304505366,LUN,Lung (LC)
1432.68,x_1432.68,1.1529284422274388,1.2359318976146956,0.6702734936215798,0.48089041471640526,0.06866313980006009,0.0873469873647023,-0.10029619262282721,-0.08300345538725673,1.0587520694268848,LUN,Lung (LC)
1434.6,x_1434.60,1.1637701327417238,1.2213964519928082,0.6860732931118687,0.4802143297781542,0.21256558963044167,0.2462810734875625,-0.06972537493162029,-0.05762631925108441,0.6085689620778405,LUN,Lung (LC)
1436.53,x_1436.53,1.1858493115925,1.2288036863721639,0.7061884158002235,0.4798807087599079,0.3117726858440203,0.35121380875199876,-0.05133371150290454,-0.042954374779663906,0.45442841717681337,LUN,Lung (LC)
1438.45,x_1438.45,1.2233161926956506,1.2666729326054273,0.7380500463221547,0.4830398522607109,0.24999869326344934,0.28680831681144187,-0.05024666616621655,-0.04335673990977673,0.5424082592352469,LUN,Lung (LC)
1440.37,x_1440.37,1.2776600221910521,1.3275596117348012,0.7738037192461679,0.4921670916902241,0.1582256512879161,0.18798091989098037,-0.05527260703459982,-0.04989958954374907,0.7258862294947361,LUN,Lung (LC)
1442.3,x_1442.30,1.3431706174495963,1.4042342236212304,0.8047822843357997,0.5042865408866936,0.0887097831696508,0.10956888674190686,-0.06414097178513219,-0.06106360617163409,0.9603127509119209,LUN,Lung (LC)
1444.22,x_1444.22,1.4117281507339448,1.4837867106674714,0.8273062709544199,0.5137620858087152,0.057739799934056125,0.07467041900185682,-0.07182137173721112,-0.07205855993352661,1.1268514116865591,LUN,Lung (LC)
1446.14,x_1446.14,1.4656646053419353,1.5533624147186087,0.8433412462790163,0.5172069991360264,0.028012105796715887,0.03779411099556906,-0.0838394055467126,-0.08769780937667337,1.422575865807618,LUN,Lung (LC)
1448.06,x_1448.06,1.481686815972028,1.607770036538985,0.8447658647946606,0.514785866288482,0.0033793817619952498,0.005088119078044378,-0.11782045502590657,-0.1260832205669571,2.2934427333792105,LUN,Lung (LC)
1449.99,x_1449.99,1.4643467383066846,1.6358455031712067,0.8302792182803516,0.5095392545339019,1.2715895471902301e-4,2.2223107039679723e-4,-0.15977919108291688,-0.1714987648645221,3.6531952219093267,LUN,Lung (LC)
1451.91,x_1451.91,1.420963056865979,1.6385538395320625,0.8022609631581911,0.5058872541199801,3.261265976546023e-6,6.474063031996882e-6,-0.20555389591445777,-0.21759078266608345,5.1888230765869565,LUN,Lung (LC)
1453.83,x_1453.83,1.3548469779165053,1.6284626385712166,0.7713755676069837,0.5044423134417145,7.564886479566432e-9,1.781654624280759e-8,-0.2653805250219705,-0.2736156606547113,7.749176480605787,LUN,Lung (LC)
1455.76,x_1455.76,1.287752633221567,1.6148125655132584,0.7400685914990409,0.5060623578494636,1.0633459543375169e-11,3.087666047532852e-11,-0.3265110011499774,-0.3270599322916914,10.510369677752305,LUN,Lung (LC)
1457.68,x_1457.68,1.2287699134588053,1.5990971005030818,0.714208199132544,0.5104412446838968,1.6982622583501717e-14,5.81639271632751e-14,-0.3800424759323338,-0.3703271870442766,13.235346278081613,LUN,Lung (LC)
1459.6,x_1459.60,1.1701538730773042,1.5759548477303922,0.6844424707746848,0.513988731410612,3.084547419561436e-17,1.287523141647296e-16,-0.4295276296185582,-0.40580097465308795,15.890244956306654,LUN,Lung (LC)
1461.52,x_1461.52,1.111363101119244,1.5389122322259468,0.6482718984951897,0.5126232366095451,1.4347436026279106e-19,7.135559938601577e-19,-0.46958034646635105,-0.4275491311067028,18.14657194144165,LUN,Lung (LC)
1463.45,x_1463.45,1.0418104653101627,1.4776972157972574,0.6092498334991066,0.5065250949963455,2.583837142770497e-21,1.4553540533074788e-20,-0.504257444527297,-0.4358867504870947,19.837031340222598,LUN,Lung (LC)
1465.37,x_1465.37,0.936147223884467,1.384851827605601,0.5698685706914015,0.49632619701094227,4.016972192057596e-24,2.8239616538149264e-23,-0.5649237846012122,-0.44870460372113397,22.549141204804954,LUN,Lung (LC)
1467.29,x_1467.29,0.784826532068211,1.2583725412103828,0.5301348322319129,0.48083039252615667,1.171042572479657e-28,1.1059846517863428e-27,-0.6811126839335148,-0.4735460091421718,26.956250899876483,LUN,Lung (LC)
1469.22,x_1469.22,0.6150684887365526,1.1063186264005203,0.4897953417568192,0.46209418499605026,1.4090572519149847e-33,1.829817403528487e-32,-0.846946938090759,-0.49125013766396763,31.737592246114676,LUN,Lung (LC)
1471.14,x_1471.14,0.44036145038692437,0.946816460081402,0.45128386195339926,0.44039017189589386,4.669595159596896e-39,7.659774516180874e-38,-1.1043948549381306,-0.5064550096944775,37.11578401467807,LUN,Lung (LC)
1473.06,x_1473.06,0.2781035593920219,0.7912779932619858,0.42425582308745735,0.41406562750496023,5.644029573698747e-44,1.3887283293179811e-42,-1.508559060136026,-0.5131744338699639,41.85738270503113,LUN,Lung (LC)
1474.99,x_1474.99,0.16185653521363697,0.6473035388410802,0.40294044960888104,0.3912156643496637,3.596031630719366e-44,9.087269120871911e-43,-1.9997200887481186,-0.4854470036274432,42.041566610059185,LUN,Lung (LC)
1476.91,x_1476.91,0.0838994371308488,0.5268639460578941,0.39050883179865914,0.37205647853240814,1.9342610525548806e-41,4.205893218927473e-40,-2.650682963571826,-0.4429645089270453,39.376141757569634,LUN,Lung (LC)
1478.83,x_1478.83,0.03066399192018913,0.43106426072245213,0.39035821412865684,0.3518920319634445,5.348582216788034e-37,7.577158140449715e-36,-3.813241825356766,-0.400400268802263,35.12049364863444,LUN,Lung (LC)
1480.75,x_1480.75,0.01247676187103277,0.3614609939266413,0.3965943464156772,0.3314999068523014,1.8291652015259978e-30,1.9216510825020314e-29,-4.85641287523511,-0.3489842320556086,28.716325465106717,LUN,Lung (LC)
1482.68,x_1482.68,0.011367190513107394,0.3194558955705475,0.407697342094334,0.3160292627058391,2.1477394649282336e-25,1.6065091197663188e-24,-4.812546738640164,-0.30808870505744007,23.79411680472003,LUN,Lung (LC)
1484.6,x_1484.60,0.009828410425139308,0.29401301451340783,0.42356733929844714,0.3069342435053876,6.596880835479554e-22,3.9038503678312545e-21,-4.902636228869399,-0.2841846040882685,20.408506836925067,LUN,Lung (LC)
1486.52,x_1486.52,-0.0011285443564604302,0.27453113461110545,0.43497752040590976,0.3050266711575875,3.472653492163455e-20,1.7938845387695196e-19,NA,-0.2756596789675659,18.746205513236728,LUN,Lung (LC)
1488.45,x_1488.45,-0.02663027283496373,0.2544164150446277,0.4384076645827885,0.31595963059320153,1.2796395716016529e-20,6.798085224133781e-20,NA,-0.2810466878795914,19.167613395189996,LUN,Lung (LC)
1490.37,x_1490.37,-0.06398223556660608,0.2260718706760746,0.43811557039562304,0.340153493966554,6.766481535666429e-22,3.979031594873026e-21,NA,-0.2900541062426807,20.40022261239306,LUN,Lung (LC)
1492.29,x_1492.29,-0.10816404200529704,0.17848578171266216,0.4327192823205012,0.365729310063142,1.880970444749346e-21,1.0789615741353611e-20,NA,-0.2866498237179592,19.966994021895527,LUN,Lung (LC)
1494.21,x_1494.21,-0.15745207369708294,0.11027506210720521,0.4157999902356565,0.3862545874123336,6.786630324480042e-20,3.4115587921445374e-19,NA,-0.26772713580428814,18.467047140027063,LUN,Lung (LC)
1496.14,x_1496.14,-0.217413084886971,0.02865149988280416,0.39384945946361644,0.40027266157154634,3.5253101418039906e-18,1.5923502331336863e-17,NA,-0.24606458476977516,16.797961404193423,LUN,Lung (LC)
1498.06,x_1498.06,-0.2819404559330301,-0.06999551945660566,0.367406624446678,0.4063634708109245,2.3721773999220498e-15,8.73222783042172e-15,2.0100715204267416,-0.21194493647642443,14.058874941743914,LUN,Lung (LC)
1499.98,x_1499.98,-0.3508020539997402,-0.1774103322842334,0.34622995958371705,0.4018150514323329,6.4439985993621375e-12,1.918833977835541e-11,0.9835711805462035,-0.1733917217155068,10.716962599849754,LUN,Lung (LC)
1501.91,x_1501.91,-0.42014200115938505,-0.28241612730640864,0.34380160592486175,0.38772088609040206,6.663024691418158e-9,1.5812000219482178e-8,0.573056216616018,-0.1377258738529764,7.8010131883007405,LUN,Lung (LC)
1503.83,x_1503.83,-0.47370388906252797,-0.38326559943311767,0.3530520710204494,0.3700504062818248,4.554695716732805e-5,8.333934432769417e-5,0.3056417222722396,-0.0904382896294103,4.079149920677211,LUN,Lung (LC)
1505.75,x_1505.75,-0.5146211350050144,-0.4774206904364838,0.3694802850481546,0.35556043155914313,0.04751612893212209,0.06257405711483684,0.10824983562779497,-0.03720044456853061,1.2036056857534358,LUN,Lung (LC)
1507.67,x_1507.67,-0.5463836425713242,-0.5589151291787224,0.39321907593202454,0.34580632459249655,0.8179016999891257,0.8339564770881488,-0.03271499338689057,0.012531486607398223,0.07885661393500916,LUN,Lung (LC)
1509.6,x_1509.60,-0.5600581829194756,-0.6289099858375288,0.42253738981963024,0.3355803873536304,0.003720831334836713,0.005530965497730249,-0.16727711229124315,0.06885180291805315,2.2571990506597626,LUN,Lung (LC)
1511.52,x_1511.52,-0.5657378669967537,-0.6898381403435306,0.45526003895700856,0.3191634138749723,1.6027241837333687e-7,3.398066013130839e-7,-0.28612461538019923,0.12410027334677698,6.4687681884864014,LUN,Lung (LC)
1513.44,x_1513.44,-0.581001263849014,-0.7303186871052696,0.4728492531366291,0.2977791965000201,1.8518226539332032e-9,4.666992402769663e-9,-0.32998535192111417,0.14931742325625563,8.330962906086754,LUN,Lung (LC)
1515.37,x_1515.37,-0.5951415421783941,-0.7549272328266478,0.4783646041098138,0.2750904403665219,5.333407010396188e-11,1.4797434880476072e-10,-0.34310527877027086,0.15978569064825365,9.829813562564903,LUN,Lung (LC)
1517.29,x_1517.29,-0.6060170120637488,-0.7760830966861845,0.4718695459644569,0.2518358976638976,1.2501827964448726e-13,4.0031538173834106e-13,-0.35685336095364606,0.17006608462243566,12.397597722221295,LUN,Lung (LC)
1519.21,x_1519.21,-0.6342513485025049,-0.7917885775998816,0.45069834559231076,0.2300916817664042,2.2107254777265356e-12,6.844464641305665e-12,-0.32006102601214187,0.15753722909737677,11.164660515743211,LUN,Lung (LC)
1521.13,x_1521.13,-0.6673014716474155,-0.8007945659096898,0.4150746151685634,0.21447467905607082,3.5739905454445635e-9,8.793897789449124e-9,-0.26309385913411804,0.1334930942622743,8.05581858644615,LUN,Lung (LC)
1523.06,x_1523.06,-0.6841417521405044,-0.8088568209744477,0.3751266637403342,0.20775977582910518,3.215452790840776e-9,7.974664083384948e-9,-0.24158939488692974,0.12471506883394323,8.09828760166324,LUN,Lung (LC)
1524.98,x_1524.98,-0.6876474123036816,-0.8109097969409407,0.3380719477648337,0.2063946172323035,6.268547551400418e-10,1.6235711802103575e-9,-0.23787274141054038,0.12326238463725903,8.789528666388195,LUN,Lung (LC)
1526.9,x_1526.90,-0.6694348227017014,-0.8009012175812044,0.3102104092058987,0.2054257080324391,1.836779096954676e-11,5.251952463769486e-11,-0.25868106750798386,0.13146639487950296,10.279679213431002,LUN,Lung (LC)
1528.83,x_1528.83,-0.6279968988792668,-0.7846437081509513,0.30229827279826516,0.2056633758845571,2.0331860467437275e-15,7.573820532690777e-15,-0.3212807258895441,0.1566468092716845,14.120684990023948,LUN,Lung (LC)
1530.75,x_1530.75,-0.5675771690331058,-0.7693535738328297,0.32574166211355976,0.20555689196209712,5.7822644326991976e-21,3.1802454379845586e-20,-0.43883088265122827,0.2017764047997238,19.49753936169825,LUN,Lung (LC)
1532.67,x_1532.67,-0.4787710654530336,-0.7422282144578911,0.38481165112473753,0.20436408628783478,2.799291438599231e-25,2.060895665425418e-24,-0.6325279475185753,0.2634571490048575,23.685943994187294,LUN,Lung (LC)
1534.6,x_1534.60,-0.36120092316044095,-0.7052038487181777,0.48735985623369943,0.2049030416103057,1.7914468988894943e-27,1.5509285652422935e-26,-0.9652407166330723,0.3440029255577367,25.80940820504619,LUN,Lung (LC)
1536.52,x_1536.52,-0.22684763481556122,-0.6642841579976515,0.6255379047555903,0.21102914636093933,1.5452477576100597e-27,1.376006336538482e-26,-1.5500810792864,0.43743652318209025,25.861379566160565,LUN,Lung (LC)
1538.44,x_1538.44,-0.092599340770565,-0.6201273923237915,0.7841047863170575,0.22052900682790633,7.744971700045279e-26,5.887437837026289e-25,-2.7435040434935996,0.5275280515532266,24.230073665371155,LUN,Lung (LC)
1540.36,x_1540.36,0.029240953692253657,-0.5769407927153369,0.9389678768313093,0.22800404905219585,1.9793797072688054e-23,1.3125673945364063e-22,NA,0.6061817464075906,21.881878388246697,LUN,Lung (LC)
1542.29,x_1542.29,0.13416390538385042,-0.5383383477105371,1.074499922826135,0.23739556296590772,5.128591528188501e-21,2.837416022991863e-20,NA,0.6725022530943876,19.54707698311721,LUN,Lung (LC)
1544.21,x_1544.21,0.21397473047835316,-0.5005961860066724,1.1766318443732877,0.24674397553023888,7.032773146134715e-18,3.146240618007636e-17,NA,0.7145709164850256,16.502208066494383,LUN,Lung (LC)
1546.13,x_1546.13,0.2558250957866892,-0.46565349151863195,1.224792347725581,0.2554092003085953,2.786079356945693e-15,1.017571952634462e-14,NA,0.7214785873053211,13.99243487200222,LUN,Lung (LC)
1548.06,x_1548.06,0.25427888396697174,-0.4406595125898047,1.2072057688291615,0.26659644252659626,4.1891509088297843e-14,1.3840480917865189e-13,NA,0.6949383965567764,12.858848819102786,LUN,Lung (LC)
1549.98,x_1549.98,0.2239149488659918,-0.4313916278763161,1.1368700168570949,0.27686604138562215,1.9515079418853742e-14,6.635127002410272e-14,NA,0.6553065767423079,13.17815075992568,LUN,Lung (LC)
1551.9,x_1551.90,0.1736853982229595,-0.4281979635190829,1.034480005706845,0.28147998217624526,7.87600840076337e-15,2.8000258002713885e-14,NA,0.6018833617420424,13.552837966920684,LUN,Lung (LC)
1553.82,x_1553.82,0.08980230808812607,-0.42682598749584133,0.9083487634704479,0.2824307789385357,1.388515031528527e-13,4.4309268070961525e-13,NA,0.5166282955839674,12.353505423865204,LUN,Lung (LC)
1555.75,x_1555.75,-0.0055133395622884085,-0.4208530850869338,0.7731325744096205,0.28234020436648216,8.295618897359118e-12,2.431474504398362e-11,-6.254504693514421,0.4153397455246454,10.614130279933828,LUN,Lung (LC)
1557.67,x_1557.67,-0.09147845816300047,-0.401972941378756,0.6406869392498136,0.286869540091139,1.2154173988417638e-9,3.0964993676213877e-9,-2.1356066172931985,0.3104944832157555,8.509129004347635,LUN,Lung (LC)
1559.59,x_1559.59,-0.16708350666058489,-0.36349854171970036,0.5225601790630604,0.293172120721359,1.5012042885040633e-5,2.8587087774975543e-5,-1.1213849145903014,0.19641503505911548,4.543830084854603,LUN,Lung (LC)
1561.52,x_1561.52,-0.21880620691471653,-0.3089264818457348,0.4324238962811359,0.2985348233563943,0.04949986465398274,0.06482125133259645,-0.49761180676861705,0.09012027493101826,1.1882825894470335,LUN,Lung (LC)
1563.44,x_1563.44,-0.2493440746486355,-0.24311477936774611,0.37377850096727994,0.3069691776273871,0.33763696102500956,0.3789802623750107,0.03650046785480167,-0.006229295280889391,0.4213834078810885,LUN,Lung (LC)
1565.36,x_1565.36,-0.2644780793957269,-0.16449656775002325,0.34997395847459295,0.31876699660904195,1.7990885598805395e-5,3.405157496939888e-5,0.6850939864422746,-0.09998151164570362,4.467862796094794,LUN,Lung (LC)
1567.28,x_1567.28,-0.2552227778798884,-0.07507311500543279,0.3494016904444633,0.33221001646620407,2.731180626400262e-12,8.345274136223022e-12,1.7654024047189252,-0.1801496628744556,11.07855939249061,LUN,Lung (LC)
1569.21,x_1569.21,-0.21284063816184473,0.02512978677298628,0.355760608579113,0.34690348909895186,1.0508481388797802e-17,4.678776237393307e-17,NA,-0.237970424934831,16.329867724457124,LUN,Lung (LC)
1571.13,x_1571.13,-0.15269527263975854,0.1316244791954823,0.3657707814180862,0.36443872686621337,4.3168734637977155e-22,2.570876871752143e-21,NA,-0.28431975183524083,20.58991872273447,LUN,Lung (LC)
1573.05,x_1573.05,-0.10127822139535977,0.23957435521229095,0.3726662854565726,0.38409578605516254,1.2227890831217795e-27,1.0993344160758305e-26,NA,-0.3408525766076507,25.958870175671144,LUN,Lung (LC)
1574.98,x_1574.98,-0.03985603987806203,0.35070636141750455,0.3846277036077788,0.40718459095777215,2.348331813029997e-31,2.677671030711033e-30,NA,-0.3905624012955666,29.572242779946407,LUN,Lung (LC)
1576.9,x_1576.90,0.014697294946291444,0.4610095689288938,0.3979230697820595,0.43340577771875044,4.999903470313496e-35,6.874867271681056e-34,-4.97107911343481,-0.4463122739826023,33.162735682040676,LUN,Lung (LC)
1578.82,x_1578.82,0.05956214262809602,0.5668876691531186,0.41246402200827914,0.45706189885199605,1.0063182799816646e-39,1.809437676505493e-38,-3.250573653683519,-0.5073255265250226,37.742456370950855,LUN,Lung (LC)
1580.75,x_1580.75,0.1042146391070721,0.6557760693376369,0.42932110890856406,0.4704975217150789,9.883649353316962e-43,2.2539541817930147e-41,-2.6536336639468,-0.5515614302305648,40.647054916504956,LUN,Lung (LC)
1582.67,x_1582.67,0.1323852234732636,0.7247287198011801,0.4475954789160498,0.47612697055494063,5.343116207254908e-46,1.6115527915430123e-44,-2.45269005916957,-0.5923434963279166,43.79275546322003,LUN,Lung (LC)
1584.59,x_1584.59,0.14465229107875915,0.789085473713283,0.4630140012782137,0.47775974073091015,7.215336218439471e-51,4.216462102650566e-49,-2.447584262584155,-0.6444331826345238,48.37505179873631,LUN,Lung (LC)
1586.51,x_1586.51,0.15711538989536003,0.8497746454746048,0.475233680717672,0.47626951699631775,3.1401179396763485e-55,3.6700128419967323e-53,-2.435248310717113,-0.6926592555792448,52.435332416075276,LUN,Lung (LC)
1588.44,x_1588.44,0.17593511924359764,0.9029938277479307,0.4837156131422877,0.47166294088977945,6.61298463231904e-58,1.0305234385363839e-55,-2.3596660292492966,-0.7270587085043331,54.98694212604755,LUN,Lung (LC)
1590.36,x_1590.36,0.20185465880151277,0.9612316450386477,0.4951136699978244,0.4716051070575381,1.5035996650648481e-59,3.514664217089083e-57,-2.2515616138368193,-0.7593769862371349,56.45411616015516,LUN,Lung (LC)
1592.28,x_1592.28,0.2307454984619876,1.026816633205489,0.5052315149295274,0.477553980820338,5.439857675319168e-61,4.345639179287694e-58,-2.1537993156684676,-0.7960711347435014,57.36194633621837,LUN,Lung (LC)
1594.21,x_1594.21,0.2668762438231236,1.0885708605997841,0.5262943285884972,0.485145447621842,1.288524639149923e-60,4.345639179287694e-58,-2.028188448592374,-0.8216946167766606,57.36194633621837,LUN,Lung (LC)
1596.13,x_1596.13,0.2845069950584882,1.1241345659797144,0.53724197203651,0.48899852253840664,1.3943227313222546e-60,4.345639179287694e-58,-1.9822749290601507,-0.8396275709212262,57.36194633621837,LUN,Lung (LC)
1598.05,x_1598.05,0.2990174125214407,1.126956332601078,0.5451022679115372,0.48621350090430326,1.4085491541818687e-58,2.6339869183200944e-56,-1.9141266666422563,-0.8279389200796374,55.57938638628976,LUN,Lung (LC)
1599.97,x_1599.97,0.2989768173779486,1.0920878413025599,0.5505979999723845,0.47881339065512374,9.457696305805642e-56,1.2632780065611823e-53,-1.8689798711813688,-0.7931110239246113,52.89850106478168,LUN,Lung (LC)
1601.9,x_1601.90,0.261255732730155,1.024041084258056,0.5502858426909022,0.46921156746539716,1.8350933520143732e-54,1.7158122841334388e-52,-1.9707348840355352,-0.7627853515279011,51.76553022722412,LUN,Lung (LC)
1603.82,x_1603.82,0.1926164994183272,0.9306041588083486,0.5442505236626419,0.4586463817185325,9.423175509070785e-55,9.789632334423538e-53,-2.2724304058275178,-0.7379876593900214,52.009233618526736,LUN,Lung (LC)
1605.74,x_1605.74,0.1163434811227463,0.8077358606458832,0.5362384886765751,0.44409835747624565,1.296254508854689e-53,1.1018163325264857e-51,-2.7954826003675373,-0.6913923795231369,50.95789079424845,LUN,Lung (LC)
1607.67,x_1607.67,0.0440720498851719,0.671957015797304,0.5208983087619733,0.4257875075817275,2.2094067716371115e-51,1.4755680939147854e-49,-3.930402454997673,-0.6278849659121322,48.831040744056885,LUN,Lung (LC)
1609.59,x_1609.59,-0.015865699779343413,0.5575307173070163,0.5061337201095862,0.4121967766346685,3.8294982761288424e-49,1.705038518181175e-47,NA,-0.5733964170863597,46.76826580550164,LUN,Lung (LC)
1611.51,x_1611.51,-0.05260129221953828,0.46488454402905505,0.49549550595674013,0.40541494837012154,1.0327712256979637e-45,2.8401208706694e-44,NA,-0.5174858362485933,43.54666317673194,LUN,Lung (LC)
1613.43,x_1613.43,-0.06016981047756289,0.3900866734107835,0.48422971958154365,0.40345246364042664,2.2411214272373203e-39,3.880460249012767e-38,NA,-0.4502564838883464,37.41111676106757,LUN,Lung (LC)
1615.36,x_1615.36,-0.026105436255143707,0.32642047267096197,0.47926341816101287,0.4024909622406009,3.608347049886442e-28,3.307651462395905e-27,NA,-0.3525259089261057,26.48048025967964,LUN,Lung (LC)
1617.28,x_1617.28,0.031991851065965686,0.27275008467870543,0.4921609309196813,0.4004479551372079,4.1286021890687897e-16,1.61516445471938e-15,-3.091763463778622,-0.24075823361273974,14.791783251573762,LUN,Lung (LC)
1619.2,x_1619.20,0.07547229982308176,0.2301552583394467,0.5080496078831592,0.40131135295812637,1.1098473656317316e-8,2.5749560468130745e-8,-1.6085754146032822,-0.15468295851636493,7.58923017974491,LUN,Lung (LC)
1621.13,x_1621.13,0.0972530520075825,0.2025267135621947,0.5122856198428062,0.4069771821440187,3.29867420248955e-5,6.131730376397076e-5,-1.0582890724144547,-0.10527366155461221,4.212416950134911,LUN,Lung (LC)
1623.05,x_1623.05,0.10945112861674702,0.17856451008617844,0.51302450241037,0.416181891460693,0.003053724077679175,0.004634150831716364,-0.7061534387204172,-0.06911338146943141,2.334029834957767,LUN,Lung (LC)
1624.97,x_1624.97,0.12593330652039175,0.15120709926886305,0.5253341315980643,0.42990312417420085,0.09269466726241024,0.11418908285949086,-0.2638640679329032,-0.025273792748471302,0.9423754151840392,LUN,Lung (LC)
1626.9,x_1626.90,0.1460983989747411,0.13932481886308845,0.53808127157756,0.4478316482277654,0.45434787322475506,0.4957004217796335,0.06848761055118266,0.006773580111652661,0.30478071156390396,LUN,Lung (LC)
1628.82,x_1628.82,0.17205580149536492,0.14372485575763266,0.5489518865173202,0.47188549028879667,0.9986108996157225,0.9986108996157225,0.2595653029691143,0.02833094573773226,6.036980274244789e-4,LUN,Lung (LC)
1630.74,x_1630.74,0.20794513025770672,0.1616918067500348,0.5660708361387994,0.5028829069263417,0.4823764775474625,0.5232273857388369,0.3629543387493535,0.04625332350767192,0.28130953310121687,LUN,Lung (LC)
1632.66,x_1632.66,0.26983539302182913,0.19014121758634484,0.5866886416209479,0.5442351352886138,0.07713951363968104,0.0969428027595454,0.505006047208326,0.0796941754354843,1.0134844283371234,LUN,Lung (LC)
1634.59,x_1634.59,0.3565002879682107,0.23813263454358413,0.6111397548430899,0.5917922412268617,0.003868119697041345,0.005722613792300091,0.5821358842747703,0.11836765342462657,2.2424055627640938,LUN,Lung (LC)
1636.51,x_1636.51,0.44483926012140834,0.3142682997848896,0.6363280814876691,0.639046366636138,0.0012647531739342671,0.002021443107057333,0.5012860190133342,0.13057096033651872,2.6943384772532655,LUN,Lung (LC)
1638.43,x_1638.43,0.5224859286432721,0.39152374421344976,0.6555308365098289,0.6689862276846835,0.002192625522045256,0.003405489805834409,0.4162914567412988,0.13096218442982238,2.4678204154185153,LUN,Lung (LC)
1640.36,x_1640.36,0.5810872649676607,0.4713508185263844,0.6649756921957432,0.6815118487544998,0.012190684816837933,0.01714028617104281,0.30195302567008553,0.10973644644127634,1.76598193145207,LUN,Lung (LC)
1642.28,x_1642.28,0.6323374283677448,0.5526016418592928,0.6705985704216574,0.6840046000913239,0.07868120244658267,0.09874754937926819,0.19445443806141913,0.07973578650845192,1.0054736734662335,LUN,Lung (LC)
1644.2,x_1644.20,0.6737687449125289,0.6208709862222807,0.6725662387159739,0.6780477225486695,0.27405555610794935,0.31249017678162516,0.11795980816934051,0.052897758690248264,0.5051636302769881,LUN,Lung (LC)
1646.12,x_1646.12,0.6911817934967661,0.6803735730403858,0.6658954012213709,0.6603463531447041,0.9385930237547045,0.9446549808510751,0.022738077475751958,0.010808220456380302,0.024726781197019404,LUN,Lung (LC)
1648.05,x_1648.05,0.7043350471149185,0.7274103501327831,0.6493346886303687,0.6320406916304682,0.40751690151790204,0.45092106854347747,-0.046507516899158996,-0.023075303017864646,0.3458994725257371,LUN,Lung (LC)
1649.97,x_1649.97,0.71788185727747,0.7578888185404973,0.6308691603058827,0.6056439034270977,0.2106556379557194,0.2443709944027266,-0.0782396786114113,-0.040006961263027274,0.6119503439221545,LUN,Lung (LC)
1651.89,x_1651.89,0.7247886297202594,0.7719502526826522,0.6207801944734888,0.5860732952269656,0.1535313666124386,0.18263591320945305,-0.0909474333306861,-0.04716162296239279,0.7384138194900122,LUN,Lung (LC)
1653.82,x_1653.82,0.7247251969282171,0.7863202688087032,0.6112909173793987,0.5695054063292897,0.08660963976246737,0.10725829559987682,-0.11768283278686992,-0.061595071880486074,0.9695691085238889,LUN,Lung (LC)
1655.74,x_1655.74,0.7211488591669931,0.8016068607337826,0.5983999750549714,0.5535355215731611,0.036069777545201506,0.048041655277440753,-0.15259756486590506,-0.0804580015667895,1.3183820373750035,LUN,Lung (LC)
1657.66,x_1657.66,0.7187921497938884,0.7940256875278561,0.5889777704079562,0.5359636615923441,0.04741872238769294,0.0625338581558433,-0.14361083787789708,-0.07523353773396768,1.2038847757955358,LUN,Lung (LC)
1659.58,x_1659.58,0.7165266102586533,0.7828366436919492,0.5843308108589219,0.516646124646402,0.055095195236001517,0.07154723270230753,-0.12769083383213356,-0.06631003343329589,1.1454071591838597,LUN,Lung (LC)
1661.51,x_1661.51,0.7163749445322609,0.7725139666845751,0.580948861938319,0.49886706231029887,0.07363785159980561,0.09316832374264987,-0.10884599070664684,-0.056139022152314144,1.0307317181406297,LUN,Lung (LC)
1663.43,x_1663.43,0.7017420527043202,0.7611644862596483,0.5713223580502741,0.48429808939343355,0.04329606459875089,0.05733968895160352,-0.11726727052221948,-0.05942243355532806,1.24154466728365,LUN,Lung (LC)
1665.35,x_1665.35,0.6796363690177684,0.7569454759181159,0.5573198349082208,0.4690491360977579,0.0102947267768294,0.014584196267174984,-0.15542611059495243,-0.07730910690034754,1.8361174997852299,LUN,Lung (LC)
1667.28,x_1667.28,0.6667715292371725,0.741481298079169,0.5413785638266955,0.450609638843969,0.008544759539229821,0.012178887453018114,-0.15321758354514756,-0.07470976884199643,1.9143923828922615,LUN,Lung (LC)
1669.2,x_1669.20,0.6681986387943951,0.7302182113208623,0.5290727369475524,0.4366163165324243,0.018801040292443765,0.025889503200935082,-0.12805042230151512,-0.06201957252646717,1.5868762832523662,LUN,Lung (LC)
1671.12,x_1671.12,0.6691880564368416,0.739109620052834,0.5148691109856195,0.43425981788709184,0.01396105796703796,0.019512091478595655,-0.1433764510581668,-0.06992156361599233,1.7096961765854608,LUN,Lung (LC)
1673.04,x_1673.04,0.6788170882668293,0.7545728199814692,0.5100542105808844,0.4370031190100046,0.012977778556921006,0.018219553980061774,-0.15263703809413323,-0.0757557317146399,1.7394622588871114,LUN,Lung (LC)
1674.97,x_1674.97,0.7037051014212,0.7616502881450419,0.5273858701559488,0.4337876608228346,0.03227644200578689,0.0431121046791582,-0.11415760842024551,-0.05794518672384186,1.36540077491385,LUN,Lung (LC)
1676.89,x_1676.89,0.7121398854079208,0.7479068810215724,0.5439408219572466,0.42221798157100077,0.07441240752004659,0.09389419842273085,-0.07069790291103445,-0.0357669956136516,1.0273612412890925,LUN,Lung (LC)
1678.81,x_1678.81,0.7048519543910086,0.73491977673105,0.5495505325252791,0.4156279918599327,0.07890347638507654,0.09889376731909728,-0.06026642261416692,-0.03006782234004146,1.0048310785162584,LUN,Lung (LC)
1680.74,x_1680.74,0.6837863027584054,0.7204228018840813,0.5387935573023027,0.4123511189933281,0.058258064828774346,0.07523658924710498,-0.07529821321072123,-0.0366364991256759,1.1235709008507482,LUN,Lung (LC)
1682.66,x_1682.66,0.6542496959518925,0.707805732644185,0.5231432892385993,0.41428529484851523,0.02541845744176796,0.034543979226821286,-0.11351193079130084,-0.053556036692292475,1.461627636174724,LUN,Lung (LC)
1684.58,x_1684.58,0.6253212814785584,0.713301206511972,0.5082418673833844,0.4226629790900249,0.002164096654670329,0.0033667726657516765,-0.1899135121034025,-0.08797992503341368,2.472786207444043,LUN,Lung (LC)
1686.51,x_1686.51,0.5982440159285453,0.7086487215801562,0.49531415184871824,0.42406118563965806,3.172615781299284e-4,5.364187622992461e-4,-0.24433622152128406,-0.11040470565161098,3.2704960402527163,LUN,Lung (LC)
1688.43,x_1688.43,0.5803474509691218,0.7046433057676699,0.48163520789573167,0.4214195020584408,7.283704411150183e-5,1.314722707418035e-4,-0.2799758109556689,-0.1242958547985481,3.8811658360237447,LUN,Lung (LC)
1690.35,x_1690.35,0.5622470115840602,0.7144729796059983,0.4668735839628822,0.4241442174431812,2.1621944570901242e-6,4.357008227110487e-6,-0.3456748169807207,-0.1522259680219381,5.360811620007943,LUN,Lung (LC)
1692.27,x_1692.27,0.5295366462822556,0.7259811795966171,0.4566895441500812,0.4357557776784656,4.098699735783516e-9,1.0005964106938871e-8,-0.45520088237208173,-0.1964445333143615,7.999741059336514,LUN,Lung (LC)
1694.2,x_1694.20,0.496414883302354,0.7339742530008966,0.44734182817225115,0.4424106415804616,7.323731431792295e-12,2.160154223572806e-11,-0.5641821447950681,-0.23755936969854258,10.665515241415903,LUN,Lung (LC)
1696.12,x_1696.12,0.4571194036978972,0.7389301256757901,0.43590900400716004,0.45090410535423875,3.580748273687914e-15,1.292663952084247e-14,-0.6928656843779627,-0.28181072197789286,13.888514361990438,LUN,Lung (LC)
1698.04,x_1698.04,0.42135539601593786,0.7452746732324235,0.42450727916813125,0.4630795695388945,1.0363162191603733e-18,4.943651351606883e-18,-0.8227331441187188,-0.3239192772164856,17.305952165227573,LUN,Lung (LC)
1699.97,x_1699.97,0.3834213308639221,0.738873701636549,0.4178594945843942,0.47400302544819495,1.969553814816732e-21,1.122885863935149e-20,-0.9463953695854065,-0.35545237077262687,19.949664385485896,LUN,Lung (LC)
1701.89,x_1701.89,0.33278142225644386,0.7203031107089809,0.4118485240007234,0.48854569275411824,1.0885304388574012e-23,7.375188118345435e-23,-1.1140269060638452,-0.38752168845253704,22.1322268976932,LUN,Lung (LC)
1703.81,x_1703.81,0.2922660633874559,0.7133266289578936,0.4048751292370887,0.5021080018214504,1.0861994242073678e-26,8.908740891525341e-26,-1.2872775979397,-0.42106056557043764,25.05018367222612,LUN,Lung (LC)
1705.73,x_1705.73,0.27004846101943825,0.7068448695241605,0.4076033129868198,0.5157080162851452,1.5750239079513931e-27,1.3892899565420305e-26,-1.3881719952167746,-0.43679640850472223,25.857207103877705,LUN,Lung (LC)
1707.66,x_1707.66,0.24232925442038938,0.7027458663804449,0.4136149937933704,0.5304044745609192,2.5248636538647255e-29,2.538438189638192e-28,-1.536030582034164,-0.4604166119600555,27.595433407097225,LUN,Lung (LC)
1709.58,x_1709.58,0.1841676961794812,0.7000755094480139,0.4118394841465381,0.5467679380620597,7.576770964357159e-34,9.977860354470343e-33,-1.9264847367066273,-0.5159078132685326,32.000962578539486,LUN,Lung (LC)
1711.5,x_1711.50,0.12323842551314532,0.7051708515164635,0.41098966628765693,0.5667210043064169,2.0917408132710683e-39,3.690146529072545e-38,-2.516511025156442,-0.5819324260033182,37.432956388446854,LUN,Lung (LC)
1713.43,x_1713.43,0.0816097728259808,0.7236924528889087,0.41709901552448836,0.5907438432119658,6.297094394081196e-44,1.509688014991261e-42,-3.148547210660154,-0.6420826800629279,41.821112792684964,LUN,Lung (LC)
1715.35,x_1715.35,0.05204954461594675,0.751469174285154,0.4292459226632406,0.6164843680083474,5.97350500281177e-47,1.861742392543002e-45,-3.8517306810314396,-0.6994196296692072,44.7300804120963,LUN,Lung (LC)
1717.27,x_1717.27,0.035865824910818835,0.77817098599439,0.4386591332161089,0.644140095708085,1.3839164624922213e-48,5.625921271435769e-47,-4.439367102222045,-0.7423051610835713,46.249806349600654,LUN,Lung (LC)
1719.19,x_1719.19,0.031534346171343736,0.787999808740419,0.44369432272786236,0.6743362312022457,8.52224625083262e-48,2.8822000015908416e-46,-4.643155435116989,-0.7564654625690752,45.54027588591845,LUN,Lung (LC)
1721.12,x_1721.12,0.005080552187387555,0.7781132289541243,0.4411669672921774,0.7014159739830478,8.631187170539418e-48,2.8822000015908416e-46,-7.258568908217561,-0.7730326767667367,45.54027588591845,LUN,Lung (LC)
1723.04,x_1723.04,-0.018227877632541606,0.7431288315542581,0.43290432853679633,0.7191847958212301,5.829732190410623e-46,1.703374874385604e-44,NA,-0.7613567091867998,43.76868976309975,LUN,Lung (LC)
1724.96,x_1724.96,-0.048726195218357665,0.67350577721232,0.4229129054444313,0.7243858303382409,6.53236153015895e-43,1.5269395076746547e-41,NA,-0.7222319724306776,40.81617816792294,LUN,Lung (LC)
1726.89,x_1726.89,-0.11190485095545001,0.5668209168247809,0.4049532708689837,0.7140941510662653,9.178396363320299e-41,1.8259150212137192e-39,NA,-0.6787257677802309,38.73851943856336,LUN,Lung (LC)
1728.81,x_1728.81,-0.19792908648375754,0.4334831563720675,0.3718442527727508,0.685155756677758,3.939785215190588e-40,7.3673983524064e-39,NA,-0.6314122428558251,38.132685847374006,LUN,Lung (LC)
1730.73,x_1730.73,-0.2672547860342114,0.29622735895054186,0.33518023585562484,0.6426961866047805,2.4775281092439387e-38,3.9262521731238685e-37,NA,-0.5634821449847532,36.40602181021765,LUN,Lung (LC)
1732.66,x_1732.66,-0.3327100543485987,0.15153380141132133,0.3045028776560871,0.5883176251407057,7.744193001894833e-35,1.0493942690973434e-33,NA,-0.48424385575992,32.97906131187982,LUN,Lung (LC)
1734.58,x_1734.58,-0.3902469561168855,0.019753757937638505,0.2837729128976919,0.5198327523543422,1.0348376931334877e-31,1.1945348679997668e-30,NA,-0.410000714054524,29.922801168845133,LUN,Lung (LC)
1736.5,x_1736.50,-0.4131218564941068,-0.08224386114499857,0.27223407865879423,0.44979996677705936,1.1383963805224264e-26,9.25565752859538e-26,2.3286015363959596,-0.3308779953491082,25.03359272322148,LUN,Lung (LC)
1738.42,x_1738.42,-0.4212115038807323,-0.17446502838359992,0.25974097951273323,0.3828174685201549,2.3804305752952697e-20,1.2434092669838421e-19,1.2716118067464228,-0.24674647549713238,18.905385900209822,LUN,Lung (LC)
1740.35,x_1740.35,-0.44462256921513554,-0.2513311011089274,0.2547981513312839,0.3247854772414636,2.8844167895965255e-17,1.2093855149205163e-16,0.8229944680708454,-0.19329146810620812,15.917435237340596,LUN,Lung (LC)
1742.27,x_1742.27,-0.46605064168388016,-0.31930682245006453,0.24986190127138447,0.27464248496106564,1.2333652338290515e-14,4.33532516402317e-14,0.5455447727062562,-0.14674381923381563,13.362978323413845,LUN,Lung (LC)
1744.19,x_1744.19,-0.49488013769281775,-0.379583138466291,0.24311827509281925,0.23472804368686087,5.092071608449461e-12,1.5259894083013608e-11,0.3826641178880247,-0.11529699922652675,10.816448480753508,LUN,Lung (LC)
1746.12,x_1746.12,-0.5226248025010437,-0.43271477306000194,0.2433038244243354,0.20756921712773954,1.8617923449931398e-9,4.6795049531413596e-9,0.2723597908532783,-0.08991002944104176,8.329800088697427,LUN,Lung (LC)
1748.04,x_1748.04,-0.5363409930730665,-0.47206807699696307,0.25923841111676693,0.19768372845212787,1.8476187445931991e-6,3.7392284116767124e-6,0.18415596459505867,-0.06427291607610341,5.427218005051458,LUN,Lung (LC)
1749.96,x_1749.96,-0.5496997049141543,-0.5035539281997872,0.27126894222473713,0.19450561035302388,1.0894104342286097e-4,1.9364995361288023e-4,0.1264976532355844,-0.04614577671436715,3.712982602709257,LUN,Lung (LC)
1751.88,x_1751.88,-0.5588974566686826,-0.5334324427093721,0.26829668886036556,0.19114475713159848,0.003480152336995282,0.0052146513382862,0.06727816257597397,-0.025465013959310556,2.282774724039065,LUN,Lung (LC)
1753.81,x_1753.81,-0.5504681073611571,-0.5468651290269111,0.2630306484067543,0.19572358852775254,0.1132263598104554,0.1376679407318281,0.009473926344920865,-0.003602978334246054,0.8611671838121079,LUN,Lung (LC)
1755.73,x_1755.73,-0.5268029370980578,-0.5518973489598662,0.2498340561285054,0.2013813662942794,0.656764146195647,0.6884243012252579,-0.06713669096750476,0.025094411861808386,0.1621438075749308,LUN,Lung (LC)
1757.65,x_1757.65,-0.5244286986907113,-0.5613394989508134,0.2398662812530892,0.1964165769689923,0.24360580358826034,0.27981747709462335,-0.09812712239894701,0.03691080026010207,0.5531251634370729,LUN,Lung (LC)
1759.58,x_1759.58,-0.5343318401365461,-0.5695140958135249,0.23510489854207015,0.1897368055399789,0.28176588058133406,0.32050011963935204,-0.09199572869756466,0.035182255676978746,0.49417180402753286,LUN,Lung (LC)
1761.5,x_1761.50,-0.5227438472829545,-0.5815727278803937,0.22262430280265796,0.1785921582386647,0.007424206811868147,0.01067943595245649,-0.15385572031843522,0.05882888059743918,1.9714516844989014,LUN,Lung (LC)
1763.42,x_1763.42,-0.5385472673237643,-0.5817726212140245,0.2034923432983359,0.16849269136890213,0.08462831206066991,0.10550329570230181,-0.11138262936879297,0.043225353890260165,0.9767339737030852,LUN,Lung (LC)
1765.34,x_1765.34,-0.5861876262879897,-0.5995543456753268,0.18689235546438202,0.16266244220472234,0.6725704144451914,0.7034153663380917,-0.03252807049378416,0.013366719387337134,0.1527881486108488,LUN,Lung (LC)
1767.27,x_1767.27,-0.6330489808790931,-0.638127819501993,0.17966832443219272,0.16409303605851014,0.7549868159642835,0.7808768505825278,-0.011528318971333178,0.005078838622899928,0.10741745181995381,LUN,Lung (LC)
1769.19,x_1769.19,-0.6885488353816871,-0.6678770190348893,0.16566827533375608,0.17169437970838272,0.1532806711476487,0.18256997136694464,0.04397657268917128,-0.020671816346797822,0.738570652552395,LUN,Lung (LC)
1771.11,x_1771.11,-0.7465907397438931,-0.688465964600367,0.1781210861074501,0.18357433006893925,3.3246473778041774e-4,5.611092596113548e-4,0.11693244336598922,-0.0581247751435261,3.250952564365631,LUN,Lung (LC)
1773.04,x_1773.04,-0.7762216373971952,-0.6948096235359654,0.2063653355923492,0.18840684450794715,1.2860768872997961e-5,2.4590631689679128e-5,0.15985113060165132,-0.08141201386122976,4.609230314863631,LUN,Lung (LC)
1774.96,x_1774.96,-0.7835000184323379,-0.6990912024697516,0.2131580004186372,0.189735292270113,1.0135849379663314e-5,1.954024571130969e-5,0.16445285108905253,-0.0844088159625862,4.7090699794916056,LUN,Lung (LC)
1776.88,x_1776.88,-0.782181705904769,-0.6985257868345248,0.1873284731941589,0.18030696568826102,1.082312863743876e-6,2.219216069299395e-6,0.16319063954972948,-0.08365591907024417,5.653800411541704,LUN,Lung (LC)
1778.81,x_1778.81,-0.7504114815919661,-0.688991626361559,0.16845504878699363,0.1647049741059344,7.679086980292997e-5,1.3807589089565294e-4,0.1231956239235117,-0.06141985523040716,3.8598821459328727,LUN,Lung (LC)
1780.73,x_1780.73,-0.6795509548246588,-0.6782951796016787,0.17362206935430072,0.15695731163623922,0.7695833853834086,0.7933411966190596,0.0026684965634182923,-0.0012557752229800379,0.10053999308582716,LUN,Lung (LC)
1782.65,x_1782.65,-0.6309232445355962,-0.6667765024546656,0.198923747329586,0.15415145325007917,0.0218053693591203,0.029850688654139795,-0.07973888318235134,0.03585325791906935,1.5250456452634913,LUN,Lung (LC)
1784.57,x_1784.57,-0.5978870326532025,-0.6724629655343676,0.22638849102401035,0.15765886192147333,4.258225595993616e-6,8.364371706416032e-6,-0.16958216293271752,0.07457593288116504,5.0775666757039115,LUN,Lung (LC)
1786.5,x_1786.50,-0.5625928228807191,-0.6893355349815752,0.2418144289903363,0.15441483864929467,7.650046955745098e-14,2.4836089943130785e-13,-0.29311571110324347,0.12674271210085608,12.604916776039186,LUN,Lung (LC)
1788.42,x_1788.42,-0.5411370418817811,-0.687875846153923,0.23870995830581215,0.1542269026893988,1.8611598559158284e-18,8.657634155628356e-18,-0.34615476695736896,0.14673880427214192,17.062600770053095,LUN,Lung (LC)
1790.34,x_1790.34,-0.5467430141687241,-0.6833876685185495,0.23480834015084187,0.15764175402016045,9.520934222335926e-16,3.648390777821348e-15,-0.3218418608873833,0.13664465434982542,14.437898650726789,LUN,Lung (LC)
1792.27,x_1792.27,-0.5438802404393375,-0.677369891850029,0.22903088409861172,0.1592283695168019,3.5435725985388774e-15,1.2842016975325002e-14,-0.31665537261198407,0.13348965141069158,13.891366760343438,LUN,Lung (LC)
1794.19,x_1794.19,-0.53493160386346,-0.6776529265059983,0.23527436150695288,0.1614014898890919,8.721390966540206e-17,3.5300868197900833e-16,-0.34119268451891727,0.14272132264253834,15.452214613339633,LUN,Lung (LC)
1796.11,x_1796.11,-0.5501626230398933,-0.6791053548442108,0.23255972421567567,0.1595318833509418,4.448914695623634e-14,1.459556224704596e-13,-0.30377777699170694,0.12894273180431748,12.835779170557,LUN,Lung (LC)
1798.03,x_1798.03,-0.5713835782812374,-0.6850040060003627,0.2293874868776482,0.15043445996117977,3.3747283642873135e-11,9.532842962563861e-11,-0.26165327056258986,0.11362042771912528,10.020777561184675,LUN,Lung (LC)
1799.96,x_1799.96,-0.6021030709666437,-0.7093979938295172,0.21709700935433088,0.13409684183912104,7.082560578826436e-12,2.102283854350069e-11,-0.2365851369935429,0.10729492286287345,10.677308645084647,LUN,Lung (LC)
1801.88,x_1801.88,-0.6384078483300396,-0.7315331592202601,0.19193245572805354,0.13290853613999745,3.4450841968103265e-11,9.673134306359325e-11,-0.1964451609864227,0.09312531089022047,10.014432782235358,LUN,Lung (LC)
1803.8,x_1803.80,-0.6482416119757994,-0.7441575065304004,0.1869040106133975,0.1388932893270742,7.368437108677975e-12,2.1665058794383352e-11,-0.19907666454005024,0.09591589455460092,10.664240128044717,LUN,Lung (LC)
1805.73,x_1805.73,-0.6464388630924959,-0.7530265377054755,0.18600069093509314,0.1426781577761531,1.2177728996829426e-13,3.9127754680534413e-13,-0.22018709056403155,0.10658767461297958,12.407515073076372,LUN,Lung (LC)
1807.65,x_1807.65,-0.6460813986443688,-0.7518131008784024,0.18262437779242144,0.1442073469290286,3.2553448839378874e-13,1.0179757412983025e-12,-0.2186584306786392,0.10573170223403361,11.992262571258411,LUN,Lung (LC)
1809.57,x_1809.57,-0.6342564015462338,-0.7419277071024836,0.1836045587681419,0.14984305690803607,8.448055631056169e-14,2.7237696603577647e-13,-0.22621277316320743,0.10767130555624982,12.564829621966771,LUN,Lung (LC)
1811.49,x_1811.49,-0.6100783547677542,-0.7284562968298276,0.1934090091752793,0.15374224969334285,7.612301362224441e-17,3.0945659885564576e-16,-0.2558482602188482,0.11837794206207342,15.5094002519725,LUN,Lung (LC)
1813.42,x_1813.42,-0.5740167340312652,-0.7182835237775511,0.21161201312752642,0.15508291384768283,2.6272966943704373e-21,1.4709715025367418e-20,-0.3234611319900599,0.14426678974628593,19.83239574087609,LUN,Lung (LC)
1815.34,x_1815.34,-0.560144180774002,-0.7064770568159304,0.22433171205249888,0.15558974855507887,2.678382898717428e-20,1.391271116833775e-19,-0.3348450187786264,0.14633287604192846,18.856588230847866,LUN,Lung (LC)
1817.26,x_1817.26,-0.569567440452144,-0.7036650908232945,0.22407073415658701,0.15643196376754132,1.269093410140993e-17,5.597180841895417e-17,-0.3050227482488428,0.1340976503711505,16.252030661046014,LUN,Lung (LC)
1819.19,x_1819.19,-0.5785855375849758,-0.7086548992970927,0.21998354620051117,0.15154912677023058,2.2542927009801145e-17,9.494430970344177e-17,-0.2925534307464012,0.13006936171211692,16.02253105871474,LUN,Lung (LC)
1821.11,x_1821.11,-0.5798586049933275,-0.7077154745030722,0.21883948697485897,0.1530002757902014,3.972040433148357e-17,1.636060707045689e-16,-0.28746876359704,0.12785686950974462,15.786200585600021,LUN,Lung (LC)
1823.03,x_1823.03,-0.5725913707015109,-0.7100220262868255,0.2195245018622917,0.14998984618003436,9.851741515009768e-19,4.7237837520687855e-18,-0.3103583400380757,0.13743065558531464,17.325709991971493,LUN,Lung (LC)
1824.96,x_1824.96,-0.5732703527846396,-0.7217380762257247,0.21574929904330162,0.14906439631635274,6.306416995312908e-21,3.4281976108241684e-20,-0.3322602150672766,0.14846772344108516,19.464934152088116,LUN,Lung (LC)
1826.88,x_1826.88,-0.5785616241947584,-0.7318156771509068,0.21140887583369783,0.1499371255071753,3.579948760509242e-22,2.145674417356501e-21,-0.3390102110593328,0.15325405295614836,20.668436176812186,LUN,Lung (LC)
1828.8,x_1828.80,-0.5694242395601579,-0.7329231475752135,0.2110984722736017,0.14836526231366345,5.127099782738118e-25,3.6594185472214815e-24,-0.3641585863993652,0.16349890801505562,23.43658791509575,LUN,Lung (LC)
1830.72,x_1830.72,-0.5482635308652855,-0.7390264639334991,0.23002402388353801,0.14790935752864104,1.8199866882296086e-30,1.9216510825020314e-29,-0.43075719394252404,0.19076293306821368,28.716325465106717,LUN,Lung (LC)
1832.65,x_1832.65,-0.5242506540576103,-0.7509390129765814,0.2463117144293105,0.1503328987173053,2.6368805978987847e-38,4.109138931725607e-37,-0.5184398194534939,0.2266883589189711,36.386249174809734,LUN,Lung (LC)
1834.57,x_1834.57,-0.5093790234901199,-0.7535818208475277,0.25964951243357953,0.14842082805497958,8.116834587161594e-41,1.649834856303498e-39,-0.5650255302419127,0.2442027973574078,38.78255952523187,LUN,Lung (LC)
1836.49,x_1836.49,-0.5119625004906954,-0.7454931442974632,0.25552271420029665,0.14857290616151267,1.3116388131311123e-38,2.114452224616534e-37,-0.5421578264121559,0.2335306438067678,36.67480212315355,LUN,Lung (LC)
1838.42,x_1838.42,-0.505066168516442,-0.7388433078522315,0.2637432054940999,0.152680812161697,2.0827309277612578e-37,3.140892608801252e-36,-0.5487969301092375,0.23377713933578947,35.502946912440194,LUN,Lung (LC)
1840.34,x_1840.34,-0.508333742572336,-0.7410045279049464,0.26930993600966296,0.1534193830323732,1.0767258331244016e-36,1.5025950059273363e-35,-0.5437072509848305,0.23267078533261043,34.82315805892885,LUN,Lung (LC)
1842.26,x_1842.26,-0.5235810266511699,-0.7330068821058062,0.27340830055279663,0.1524019031198737,4.958916570998342e-30,5.151763326537167e-29,-0.4854147126049129,0.20942585545463632,28.288044096801173,LUN,Lung (LC)
1844.18,x_1844.18,-0.5374997578440601,-0.7301418201232258,0.26567395204744715,0.15090930431344238,1.6560418236850332e-26,1.3348268147806085e-25,-0.4419133185514667,0.1926420622791657,24.87457507756843,LUN,Lung (LC)
1846.11,x_1846.11,-0.5425015870598857,-0.7268239429148736,0.2515714994984014,0.1532909596230094,3.709308161678935e-26,2.9144564127477347e-25,-0.4219792616943978,0.1843223558549879,24.5354424354019,LUN,Lung (LC)
1848.03,x_1848.03,-0.5490488714442341,-0.7197642845368393,0.24863116497398333,0.15485246697619132,3.3891941319050996e-23,2.2160115477841034e-22,-0.3905905683971203,0.17071541309260518,21.654427980800175,LUN,Lung (LC)
1849.95,x_1849.95,-0.5483838570528276,-0.717592259850409,0.2588566509951275,0.1545202144690041,1.4875889070998329e-21,8.585775482335456e-21,-0.38797884670152555,0.16920840279758143,20.066220472490365,LUN,Lung (LC)
1851.88,x_1851.88,-0.544991462716653,-0.7138089779738039,0.2505932874233293,0.15183147054596347,1.8211246737843716e-23,1.2162511214202768e-22,-0.3893050428791803,0.16881751525715094,21.914976746290776,LUN,Lung (LC)
1853.8,x_1853.80,-0.5364670574853247,-0.7121731687817575,0.2470548173424817,0.15032089739534546,5.842532213652703e-26,4.477678376856784e-25,-0.40873916350480477,0.17570611129643277,24.348947104185456,LUN,Lung (LC)
1855.72,x_1855.72,-0.5476310739593935,-0.7138150369740769,0.24018926962221449,0.14736367055758173,2.630950078566005e-23,1.7323509320135315e-22,-0.38234659528314896,0.1661839630146834,21.76136412594517,LUN,Lung (LC)
1857.64,x_1857.64,-0.5497154037814524,-0.7143331634062311,0.24299385743947624,0.1464545242693384,1.1456934096406916e-22,7.141488920093645e-22,-0.3779127995505201,0.16461775962477865,21.14621123327026,LUN,Lung (LC)
1859.57,x_1859.57,-0.5614100648666642,-0.7231782899835052,0.23283110914440247,0.14766140440232453,6.20244328434486e-23,3.945091476777173e-22,-0.36529701464514247,0.16176822511684097,21.40394292213797,LUN,Lung (LC)
1861.49,x_1861.49,-0.5895428453043947,-0.7240494940950277,0.21370927135612425,0.14986965806935684,1.3839616831422023e-17,6.041327093043432e-17,-0.2964921085182224,0.134506648790633,16.218867649809656,LUN,Lung (LC)
1863.41,x_1863.41,-0.6019194953616087,-0.7259215404907934,0.19771720001057771,0.15196088083951825,3.6403635328554716e-16,1.4301428164789352e-15,-0.2702434913545304,0.12400204512918467,14.844620590988301,LUN,Lung (LC)
1865.34,x_1865.34,-0.6034831185039696,-0.7278269334900254,0.186916840675835,0.15136028872944263,7.391447833278135e-17,3.0179055563821206e-16,-0.2702824336125414,0.12434381498605573,15.52029435534369,LUN,Lung (LC)
1867.26,x_1867.26,-0.608989818579408,-0.7149926563296712,0.19322809783491565,0.14908069878736308,2.367449568540971e-12,7.3054961933525e-12,-0.2315106667280795,0.1060028377502632,11.136350281205859,LUN,Lung (LC)
1869.18,x_1869.18,-0.601018291743411,-0.6979741511736246,0.204643081673126,0.14707419374485586,1.266169205062289e-10,3.45151080680245e-10,-0.21576504256062878,0.09695585943021356,9.46199076248216,LUN,Lung (LC)
1871.1,x_1871.10,-0.5797758978800512,-0.6816381692749326,0.2134737838543971,0.14557583250465367,1.6055068152523255e-11,4.632772251226488e-11,-0.23351113565865836,0.10186227139488135,10.334159049347198,LUN,Lung (LC)
1873.03,x_1873.03,-0.5606012369828163,-0.6671313804376113,0.21771778458122745,0.14363123485184234,1.034824144238687e-11,3.01420739832764e-11,-0.2509963874215304,0.10653014345479506,10.52082686852756,LUN,Lung (LC)
1874.95,x_1874.95,-0.5568366135498652,-0.654557939303867,0.19874019485812797,0.1461503422730521,4.8572688235012676e-11,1.3556103187045826e-10,-0.23326721171724643,0.09772132575400172,9.867865134036927,LUN,Lung (LC)
1876.87,x_1876.87,-0.5323427146454718,-0.6318183148989203,0.1993583267834948,0.15179804493242852,3.063035453914831e-12,9.328788760294355e-12,-0.24715485333804993,0.09947560025344848,11.030174740912539,LUN,Lung (LC)
1878.8,x_1878.80,-0.5150448148624331,-0.6226003215926803,0.20699841190722718,0.1594668795278962,2.0882962011361992e-13,6.596476175886305e-13,-0.27360883697190086,0.10755550673024716,12.180688001739531,LUN,Lung (LC)
1880.72,x_1880.72,-0.51914588970994,-0.6327819275695841,0.20584763631324637,0.15383502624235346,1.586750822107945e-14,5.474583094726674e-14,-0.28556887581220586,0.11363603785964405,13.261648948004487,LUN,Lung (LC)
1882.64,x_1882.64,-0.5180347285189036,-0.6415399157284515,0.20463679936928295,0.1513863561156644,4.2621837253766885e-17,1.7478692031698262e-16,-0.3084907487868499,0.12350518720954784,15.757491069680412,LUN,Lung (LC)
1884.57,x_1884.57,-0.5518062265092187,-0.6603163901263953,0.19440017656507919,0.14659977605139787,3.182483464600075e-14,1.0627221569289537e-13,-0.25899615010889654,0.10851016361717658,12.973580264625266,LUN,Lung (LC)
1886.49,x_1886.49,-0.607945012823806,-0.6734299710531143,0.19303680672826368,0.14456749178660516,6.356017070989358e-7,1.320639102527789e-6,-0.1475873193641505,0.06548495822930833,5.879215847937886,LUN,Lung (LC)
1888.41,x_1888.41,-0.6573201792175196,-0.6947265529209379,0.1995995804308057,0.15270678580598684,0.0038361191908609336,0.005684265362052255,-0.07984908200260422,0.03740637370341826,2.245325655835186,LUN,Lung (LC)
1890.33,x_1890.33,-0.7034399770851045,-0.7117762162360347,0.20060411412993964,0.16537586227366627,0.35388922253504995,0.3957971567826217,-0.016996423636646787,0.00833623915093018,0.4025273298821575,LUN,Lung (LC)
1892.26,x_1892.26,-0.728088586986349,-0.7171825375252527,0.19413663382813928,0.17008911659017584,0.7227958590839878,0.7517398534410774,0.02177366396833568,-0.010906049461096301,0.12393242504891358,LUN,Lung (LC)
1894.18,x_1894.18,-0.7346422774026177,-0.7202680191362153,0.19938638349983032,0.17107614940362786,0.7480506365801849,0.7745596292386189,0.028508114152941508,-0.014374258266402373,0.1109451425885146,LUN,Lung (LC)
1896.1,x_1896.10,-0.7222098731233039,-0.7035259252720653,0.18661544909618877,0.1668250926286527,0.4109757009591181,0.4542107333295218,0.03781460768744106,-0.018683947851238614,0.3427426073009888,LUN,Lung (LC)
1898.03,x_1898.03,-0.701025810594119,-0.6908921332208487,0.1678288393762748,0.1610608331831888,0.6342718803854881,0.6678425767572426,0.021007108177748528,-0.0101336773732702,0.17532589695985326,LUN,Lung (LC)
1899.95,x_1899.95,-0.6701583215318934,-0.6886675575087817,0.16827037929723546,0.16247123528062596,0.09902915947469,0.12135290184644189,-0.039305807180665904,0.01850923597688836,0.9159498341583422,LUN,Lung (LC)
1901.87,x_1901.87,-0.6346988209075342,-0.6701707448413683,0.18739535718524306,0.1543323742197404,0.007462876822288705,0.010718571165652748,-0.0784566673414533,0.03547192393383414,1.9698631042170165,LUN,Lung (LC)
1903.79,x_1903.79,-0.6216016080130519,-0.6550241378684325,0.19678534466912984,0.15193608376511958,0.05362215887675917,0.06982829881583541,-0.075557954032316,0.033422529855380634,1.1559685382811224,LUN,Lung (LC)
1905.72,x_1905.72,-0.6172500382289328,-0.6323880770048155,0.19134333088018593,0.15394077106051493,0.44391674439929635,0.48602125996878465,-0.03495520272326123,0.015138038775882712,0.3133447330315651,LUN,Lung (LC)
1907.64,x_1907.64,-0.6131703746291555,-0.6168752625157955,0.18277118497921402,0.15468837081634454,0.8600785080927381,0.8712604605273133,-0.008690812883965374,0.003704887886640029,0.05985199463623765,LUN,Lung (LC)
1909.56,x_1909.56,-0.6106772552769024,-0.6187875924726748,0.18682775321144052,0.16076796415963715,0.9739589795611602,0.9770940406541682,-0.019034187166436133,0.008110337195772366,0.01006363549133489,LUN,Lung (LC)
1911.49,x_1911.49,-0.588099395592484,-0.6159373494925562,0.18903060819672815,0.1632189056577942,0.17893655749844062,0.20991929894735503,-0.06672371669979386,0.027837953900072154,0.6779476326845959,LUN,Lung (LC)
1913.41,x_1913.41,-0.5660296155767369,-0.6111107523673394,0.19048519028296718,0.16516980397578243,0.006195408844362015,0.008953179705530888,-0.11055651404338283,0.04508113679060244,2.048022698391354,LUN,Lung (LC)
1915.33,x_1915.33,-0.5506932349073653,-0.6122269596787886,0.20557647834298523,0.16350336817549233,1.1370414291358774e-4,2.0097046053724866e-4,-0.1528179537285025,0.06153372477142327,3.6968677722732517,LUN,Lung (LC)
1917.25,x_1917.25,-0.5312232325797891,-0.6228505502968148,0.21720437778034699,0.16144668601792372,1.3405219270042462e-8,3.0795773998746193e-8,-0.22956819417052096,0.0916273177170257,7.511508876192651,LUN,Lung (LC)
1919.18,x_1919.18,-0.5084190115069458,-0.6313761653182035,0.22403455467285713,0.1607655751918092,7.557770555055498e-15,2.6971433087698053e-14,-0.31248237342237656,0.12295715381125771,13.569095977331152,LUN,Lung (LC)
1921.1,x_1921.10,-0.5060519981468015,-0.6266154461172279,0.21643126036535956,0.16104528705605206,7.202463677573202e-15,2.5801929266402084e-14,-0.3082952480407806,0.1205634479704264,13.58834781967913,LUN,Lung (LC)
1923.02,x_1923.02,-0.5105821112836142,-0.6149653796284131,0.20637214314591157,0.16576517623574408,7.301478375165602e-12,2.160154223572806e-11,-0.2683626812558916,0.10438326834479894,10.665515241415903,LUN,Lung (LC)
1924.95,x_1924.95,-0.5300836034938199,-0.6012035900541448,0.19610431503305692,0.16730364309606777,2.908996196033598e-6,5.811776588229518e-6,-0.181634030247092,0.07111998656032492,5.235691088861971,LUN,Lung (LC)
1926.87,x_1926.87,-0.5600392953950174,-0.5996112133459275,0.18458003521461883,0.16216442588193283,0.011603261635460733,0.016363574101290777,-0.09849947539587661,0.039571917950910085,1.786121832514309,LUN,Lung (LC)
1928.79,x_1928.79,-0.5776818299065074,-0.6134572427853411,0.17897424100067008,0.15644407942712524,0.02421513249264859,0.032956548588975884,-0.086687821327959,0.03577541287883368,1.482058276563766,LUN,Lung (LC)
1930.72,x_1930.72,-0.570361923530978,-0.6249649431505176,0.18497185112675846,0.15383661738263357,3.4373863190004104e-4,5.779737058765091e-4,-0.13189781341886214,0.05460301961953962,3.238091918763709,LUN,Lung (LC)
1932.64,x_1932.64,-0.5580572468079857,-0.6380845661557788,0.1949379584073904,0.15429209379896736,1.2292147334095836e-7,2.6180313798131226e-7,-0.1933348384425192,0.08002731934779306,6.582025152285642,LUN,Lung (LC)
1934.56,x_1934.56,-0.5506703010538427,-0.6560095371838885,0.20007171998155712,0.15335160855811777,5.1391069434753126e-12,1.5351645342330406e-11,-0.2525284071997275,0.10533923613004581,10.81384507133981,LUN,Lung (LC)
1936.48,x_1936.48,-0.5314905238425093,-0.6622309442087196,0.2069642737084536,0.14812581689037171,2.0148156196125783e-17,8.562966383353459e-17,-0.31729099173130115,0.13074042036621036,16.067375760935914,LUN,Lung (LC)
1938.41,x_1938.41,-0.5081412519957907,-0.6531057720512348,0.22222124696829074,0.14812162465114354,6.28725981088505e-20,3.1776150936094713e-19,-0.3620876988481812,0.14496452005544402,18.49789871028953,LUN,Lung (LC)
1940.33,x_1940.33,-0.5036613532332286,-0.6439668092771801,0.22111821174328913,0.1489983370691271,4.815643218689991e-19,2.3573960259032153e-18,-0.35453292146385396,0.1403054560439515,17.627567452937306,LUN,Lung (LC)
1942.25,x_1942.25,-0.49639483020740927,-0.6306250915685664,0.2159772100396705,0.15112997066306535,3.2030328977535975e-18,1.4608954923900553e-17,-0.34529510198574725,0.13423026136115712,16.835380850938872,LUN,Lung (LC)
1944.18,x_1944.18,-0.4987721752883018,-0.6173200340063463,0.20537549583915019,0.15498664490607825,1.1170974683751448e-14,3.9414571053990956e-14,-0.30763818301850454,0.11854785871804446,13.404343195471728,LUN,Lung (LC)
1946.1,x_1946.10,-0.5096334785613791,-0.6072501007809715,0.1976902469870422,0.15571862412272583,2.3802596093343377e-10,6.358693527793159e-10,-0.25283122592598056,0.09761662221959244,9.196632106357125,LUN,Lung (LC)
1948.02,x_1948.02,-0.5218168041661092,-0.5921756097408923,0.19150126409012186,0.15918339890447553,9.814573610762992e-6,1.895997174806487e-5,-0.182481994878538,0.07035880557478313,4.722162314132376,LUN,Lung (LC)
1949.94,x_1949.94,-0.5314524680555074,-0.581509185952797,0.19318705165191222,0.1632617828519733,0.002626155577888024,0.004031946576888839,-0.12986154940049616,0.050056717897289604,2.3944852309068,LUN,Lung (LC)
1951.87,x_1951.87,-0.5405589935746858,-0.5835636854190986,0.1901091682686828,0.1671625950610039,0.007501727374116773,0.01075784523742206,-0.11043823107657924,0.0430046918444128,1.9682747077783846,LUN,Lung (LC)
1953.79,x_1953.79,-0.5448117260962834,-0.5914187722546259,0.18073061179243577,0.16878773919777515,0.0033746501040172526,0.005088119078044378,-0.11842249041692177,0.04660704615834255,2.2934427333792105,LUN,Lung (LC)
1955.71,x_1955.71,-0.5363833892358735,-0.5952552677531106,0.18302718166670684,0.16919084652504982,1.6233552080727306e-4,2.81080948064445e-4,-0.15024418835922726,0.058871878517237075,3.5511685902904238,LUN,Lung (LC)
1957.64,x_1957.64,-0.5368276334850559,-0.5990102975398647,0.18888657053382943,0.1676879279609265,1.203610271937318e-4,2.111398882291543e-4,-0.15812214653176163,0.06218266405480877,3.675429712683004,LUN,Lung (LC)
1959.56,x_1959.56,-0.528985460532343,-0.6038705065248656,0.18899873558874666,0.16369032164909667,8.828875772820544e-7,1.8263271786697366e-6,-0.19101148104559582,0.07488504599252266,5.738421417840862,LUN,Lung (LC)
1961.48,x_1961.48,-0.5115774266426121,-0.6078608810920412,0.1923283302138102,0.1590875728294307,1.8501236942711828e-10,4.985203614246559e-10,-0.24878901708256665,0.0962834544494291,9.302317098789072,LUN,Lung (LC)
1963.4,x_1963.40,-0.5170154717263696,-0.6097022828667685,0.1907483122390579,0.1571820251018853,4.2290462723121763e-10,1.1076073570341415e-9,-0.23789791804817834,0.0926868111403989,8.955614168212922,LUN,Lung (LC)
1965.33,x_1965.33,-0.5272482459818849,-0.6051367991091863,0.19543606431117255,0.1501811625000158,1.9710395167882927e-7,4.1600946911897373e-7,-0.1987792810281133,0.07788855312730136,6.38089678394221,LUN,Lung (LC)
1967.25,x_1967.25,-0.546884164776807,-0.5938003509420642,0.19031332680993202,0.14537660581932135,0.0013829777670800359,0.0022066283484980095,-0.11874286544221749,0.04691618616525717,2.6562708067514245,LUN,Lung (LC)
1969.17,x_1969.17,-0.5619217435383113,-0.5913855405111166,0.1868976878149657,0.14800809621676622,0.042358296388966654,0.056177315069055066,-0.07372987122893702,0.029463796972805323,1.2504390212497534,LUN,Lung (LC)
1971.1,x_1971.10,-0.5678773980208436,-0.5926133433457214,0.18579482508159678,0.1519740201552712,0.08765463777091645,0.10840884433307788,-0.061511724106012,0.024735945324877773,0.9649352852481362,LUN,Lung (LC)
1973.02,x_1973.02,-0.5580170565396398,-0.6012103078883598,0.1815966564801306,0.1489030026899879,0.0028325818385583593,0.004313459314417046,-0.10756070991111188,0.043193251348719985,2.3651742939765126,LUN,Lung (LC)
1974.94,x_1974.94,-0.5683666431843871,-0.608239005602874,0.18004005618886582,0.14772417127683177,0.005660035543252519,0.008204857725490086,-0.09781661707766866,0.039872362418486906,2.0859289453324346,LUN,Lung (LC)
1976.87,x_1976.87,-0.5896702219038008,-0.6125323783279258,0.19411176232417307,0.14931783906624435,0.07197078590183223,0.09130622092023492,-0.054877857482131476,0.022862156424125035,1.0394996318929612,LUN,Lung (LC)
1978.79,x_1978.79,-0.5898907970590326,-0.6105259187751553,0.20739557660236257,0.15064107846253472,0.07335783463613259,0.09293980404442273,-0.04960472446397422,0.020635121716122695,1.0317982475287193,LUN,Lung (LC)
1980.71,x_1980.71,-0.5848630698964552,-0.6195299997557306,0.20695367327246553,0.1512451426985489,0.004561216209074604,0.006684540996057609,-0.08307538667441738,0.03466692985927544,2.1749284088542455,LUN,Lung (LC)
1982.63,x_1982.63,-0.579186578868517,-0.623763922449015,0.19657953890348406,0.1479158688446938,3.5242767373066066e-4,5.905374102834547e-4,-0.10697211773290137,0.04457734358049803,3.2287525848158563,LUN,Lung (LC)
1984.56,x_1984.56,-0.5514682599188968,-0.6226019422016699,0.1822702794948898,0.1449385605517042,5.3112574755510796e-8,1.1684766446212376e-7,-0.17503252314337098,0.07113368228277306,6.932379963813893,LUN,Lung (LC)
1986.48,x_1986.48,-0.512476072991684,-0.6258354924153422,0.18381125914949922,0.14620450090711573,3.511638874468514e-16,1.3853933956236543e-15,-0.28829934084727055,0.11335941942365824,14.858426887040627,LUN,Lung (LC)
1988.4,x_1988.40,-0.46600308733184054,-0.6248761180038315,0.1916353203813922,0.14766026316859746,1.1327091233123442e-27,1.0282359517447009e-26,-0.4232314772919344,0.15887303067199093,25.987907215318845,LUN,Lung (LC)
1990.33,x_1990.33,-0.4417412660265129,-0.6118997077080713,0.19866169634860026,0.14885539762955574,8.49377138650416e-30,8.727116754265264e-29,-0.4700945076924382,0.17015844168155841,28.059129213858654,LUN,Lung (LC)
1992.25,x_1992.25,-0.4513264162932277,-0.6115862536965194,0.19495638347417038,0.15117819295900148,6.690833103699426e-27,5.635972028791859e-26,-0.43838559552436374,0.16025983740329175,25.24903117095152,LUN,Lung (LC)
1994.17,x_1994.17,-0.4858392554786858,-0.6136130916602429,0.1834634553974224,0.15253049254436862,1.2201364716276853e-18,5.791003050618709e-18,-0.3368508184872479,0.12777383618155713,17.23724620628636,LUN,Lung (LC)
1996.09,x_1996.09,-0.5280607048880334,-0.6052359120748106,0.19991296480035908,0.15267617548870802,1.1254866653752916e-7,2.4080778767183013e-7,-0.1967941530484001,0.07717520718677728,6.618329472197381,LUN,Lung (LC)
1998.02,x_1998.02,-0.55535924680787,-0.5985825752301623,0.2129915410967717,0.1550882768228491,0.0018310216661940474,0.002886421017345114,-0.10812915644222768,0.04322332842229237,2.5396403218308574,LUN,Lung (LC)
1999.94,x_1999.94,-0.5678618395282378,-0.5910985195799566,0.21648819996346752,0.16141222891474147,0.06346999264307342,0.08118254872951251,-0.057858741685921936,0.02323668005171886,1.0905373181112759,LUN,Lung (LC)
2001.86,x_2001.86,-0.5604483112889611,-0.5721826856203677,0.20498080885833733,0.1623331191874191,0.2786642708981799,0.31735821350767135,-0.029894571728792018,0.01173437433140656,0.49845025728417075,LUN,Lung (LC)
2003.79,x_2003.79,-0.5593071122404215,-0.557571991903114,0.19736582905987185,0.15958883056725529,0.82806241383283,0.8424791696775801,0.00448259080710773,-0.0017351203373074942,0.07444082826780446,LUN,Lung (LC)
2005.71,x_2005.71,-0.561012386577928,-0.5493182919739846,0.20418670285116022,0.15815760502684967,0.8104698023515238,0.8290910997797317,0.0303903456099844,-0.011694094603943328,0.08139774694318244,LUN,Lung (LC)
2007.63,x_2007.63,-0.5614299215484766,-0.5439216617303432,0.20900754864069762,0.15412448582236268,0.5527300490658356,0.5913073179365632,0.045707154998450884,-0.01750825981813342,0.22818674619994364,LUN,Lung (LC)
2009.55,x_2009.55,-0.5740117827632218,-0.5426516818354692,0.20789077171729886,0.15365261435103345,0.08549553162549096,0.10644250608499875,0.08105404110008409,-0.031360100927752654,0.9728849089602426,LUN,Lung (LC)
2011.48,x_2011.48,-0.5884701402209731,-0.5406440481751933,0.20807218423195248,0.16005129474494323,0.0024441147629103758,0.003771035153995382,0.12229037156713976,-0.04782609204577981,2.4235394190356288,LUN,Lung (LC)
2013.4,x_2013.40,-0.5784061279491567,-0.5423824972782119,0.21258159683365083,0.16633172279789865,0.014812268098725252,0.020609331357601356,0.09277237937478511,-0.03602363067094483,1.6859360981001985,LUN,Lung (LC)
2015.32,x_2015.32,-0.5681564873969228,-0.5440833740138992,0.21177764253968895,0.174249888696892,0.09491242061412129,0.11676725430816239,0.062460714951652826,-0.024073113383023648,0.9326789317712243,LUN,Lung (LC)
2017.25,x_2017.25,-0.5228348611406185,-0.5369583580444279,0.20488716885247973,0.17785540723513277,0.2942055188730929,0.3330292495718424,-0.03845494274434727,0.01412349690380943,0.47751762123905206,LUN,Lung (LC)
2019.17,x_2019.17,-0.466396944471205,-0.5170581564768557,0.20023435344110077,0.1769973675979155,2.9816853092512143e-4,5.059665633665854e-4,-0.14876852390494286,0.05066121200565071,3.2958781824194774,LUN,Lung (LC)
2021.09,x_2021.09,-0.41454964670657074,-0.497010855475567,0.21842803131953795,0.1809569630834088,3.7449468218793343e-7,7.850953539141655e-7,-0.26173305013678266,0.08246120876899626,6.105077592727593,LUN,Lung (LC)
2023.01,x_2023.01,-0.3749441510969375,-0.47911959345984273,0.23755630664273805,0.1845142983847067,4.963621711914517e-9,1.1961304898556889e-8,-0.35371093145931304,0.10417544236290521,7.922221439132773,LUN,Lung (LC)
2024.94,x_2024.94,-0.3443144156708713,-0.45885649572502485,0.2365094283641858,0.18991636686876265,1.1820017640215248e-10,3.2409725787686967e-10,-0.4143174924048782,0.11454208005415356,9.489324643432406,LUN,Lung (LC)
2026.86,x_2026.86,-0.31418537116629847,-0.43877449504041144,0.23558688765186953,0.2027078237131116,8.525303317383864e-12,2.490987063048098e-11,-0.48186496281344776,0.12458912387411297,10.603628527967874,LUN,Lung (LC)
2028.78,x_2028.78,-0.27782517861575945,-0.4156382754309458,0.24456541653882372,0.2137039082724154,2.814714521272559e-13,8.861138307709908e-13,-0.5811528843460518,0.13781309681518633,12.052510484771775,LUN,Lung (LC)
2030.71,x_2030.71,-0.24735189827856732,-0.3888565667570718,0.26210893557153375,0.22019655959369291,8.664841424620501e-13,2.691570342863843e-12,-0.6526752533947348,0.1415046684785045,11.56999426562782,LUN,Lung (LC)
2032.63,x_2032.63,-0.2339918313489655,-0.36413757527774343,0.27929545664014244,0.22854884781260063,1.8926167071463767e-10,5.085047762016846e-10,-0.6380276572622251,0.13014574392877792,9.293704963550883,LUN,Lung (LC)
2034.55,x_2034.55,-0.22316663122326066,-0.34237004539053434,0.29084407738171936,0.24130681001681412,2.076301054726582e-8,4.700584712274465e-8,-0.6174374082307506,0.11920341416727367,7.3278481162089975,LUN,Lung (LC)
2036.48,x_2036.48,-0.2088274254965716,-0.31707374640327646,0.30093018426446727,0.25528562331572335,9.16852820925274e-7,1.8924004140510624e-6,-0.6025095914583385,0.10824632090670486,5.72298696560124,LUN,Lung (LC)
2038.4,x_2038.40,-0.20811256919611737,-0.29435099645994556,0.3245307678659124,0.2694193472258133,2.815774129732172e-4,4.8130691248621216e-4,-0.5001754416805665,0.08623842726382819,3.3175779009799022,LUN,Lung (LC)
2040.32,x_2040.32,-0.20980999588144406,-0.27895161968445403,0.3631747429868339,0.2880362754773586,0.009727868325943646,0.013823034779266427,-0.41093321931735644,0.06914162380300998,1.8593965992773243,LUN,Lung (LC)
2042.24,x_2042.24,-0.19047885267242687,-0.2616957588626688,0.40135034462077435,0.3126118254151011,0.014045892312567585,0.019601357182463718,-0.4582617690736761,0.07121690619024196,1.707713857396122,LUN,Lung (LC)
2044.17,x_2044.17,-0.15429211890590191,-0.24210060271885428,0.4364499901826388,0.34263600627406066,0.004155782164333944,0.006119143816775178,-0.6499456900396215,0.08780848381295236,2.2133093395639523,LUN,Lung (LC)
2046.09,x_2046.09,-0.09820238370930438,-0.22084989802336696,0.4725476737579211,0.37314594693603975,3.4431160874140703e-4,5.779737058765091e-4,-1.1692443756055217,0.12264751431406258,3.238091918763709,LUN,Lung (LC)
2048.01,x_2048.01,-0.01404595487695423,-0.19103594038554042,0.5073571991354302,0.39611038704184015,2.23291922195888e-6,4.480213460368139e-6,-3.76571263748102,0.1769899855085862,5.348701293490363,LUN,Lung (LC)
2049.94,x_2049.94,0.0723753531680521,-0.14721211451316504,0.5441421317115723,0.4153255380852609,9.007863690533986e-8,1.954142123120482e-7,NA,0.21958746768121715,6.709043853594533,LUN,Lung (LC)
2051.86,x_2051.86,0.15766660061864926,-0.09400649638211643,0.5781502905062796,0.4449094298026397,8.302027418918278e-9,1.945462565586113e-8,NA,0.2516730970007657,7.7109771214347935,LUN,Lung (LC)
2053.78,x_2053.78,0.2506206420651309,-0.039069478563539206,0.6047685682167461,0.4795301940999101,1.5246373823747542e-10,4.1319882681750587e-10,NA,0.2896901206286701,9.383840920229394,LUN,Lung (LC)
2055.7,x_2055.70,0.32151429800508224,0.026307842379914587,0.6347453838977497,0.5105175919073373,5.754277130624144e-10,1.5028628818808868e-9,3.611267709264762,0.2952064556251677,8.82308064174111,LUN,Lung (LC)
2057.63,x_2057.63,0.36816546791383675,0.09726570739530319,0.6739062108649665,0.5399483150607126,8.857557188928094e-8,1.930493233484328e-7,1.9203402473912219,0.2708997605185336,6.714331716270219,LUN,Lung (LC)
2059.55,x_2059.55,0.4136560762052804,0.16000530282876851,0.7161603661139503,0.5687289030251639,1.7694204946096324e-6,3.5887378795227903e-6,1.3703065261411407,0.2536507733765119,5.445058261263883,LUN,Lung (LC)
2061.47,x_2061.47,0.45527608674579,0.22627604445652516,0.7643164894431016,0.5926562282233461,2.9872666865327073e-5,5.563932971928449e-5,1.0086546207182943,0.22900004228926485,4.254618110545007,LUN,Lung (LC)
2063.4,x_2063.40,0.5054555993585814,0.29520502477780985,0.8142239646264562,0.6144135222339807,3.352503143257145e-4,5.647910700802577e-4,0.7758650562868792,0.21025057458077157,3.2481121785382765,LUN,Lung (LC)
2065.32,x_2065.32,0.5668271218800073,0.3595314701262524,0.8713571203569149,0.6395502507308116,6.420684325129411e-4,0.0010569260288725351,0.6567892667016021,0.20729565175375486,2.9759554066155895,LUN,Lung (LC)
2067.24,x_2067.24,0.6521422139066958,0.4393855865166471,0.9301493119364354,0.6688588717997295,6.100212556826765e-4,0.001007720625553538,0.5696979940838852,0.2127566273900487,2.996659852411763,LUN,Lung (LC)
2069.16,x_2069.16,0.7676564092100531,0.5430282634560819,0.9819136675732628,0.7001996933712674,3.803721565051701e-4,6.362217644585583e-4,0.4994326615021233,0.22462814575397116,3.1963914782299487,LUN,Lung (LC)
2071.09,x_2071.09,0.895114043455813,0.6626402128325928,1.0225565955044078,0.7408548270236138,3.037293630036385e-4,5.144691203050762e-4,0.43384518040335907,0.23247383062322025,3.288640687536295,LUN,Lung (LC)
2073.01,x_2073.01,1.02033335137585,0.8010828880812138,1.059932981013404,0.7851557784537121,7.314761883872086e-4,0.0011935955255532986,0.34901675148060096,0.21925046329463616,2.923142817913593,LUN,Lung (LC)
2074.93,x_2074.93,1.1471674060806503,0.968655668583024,1.0972523947955433,0.8307544383054042,0.00324915371419879,0.0049157908135531855,0.2440198853346641,0.17851173749762628,2.3084066063495574,LUN,Lung (LC)
2076.86,x_2076.86,1.2685028344902494,1.161994901987136,1.1445498252255195,0.8799582040317646,0.028418621653654635,0.038287336089577934,0.12652289965524582,0.1065079325031133,1.4169448494225685,LUN,Lung (LC)
2078.78,x_2078.78,1.3894743713512032,1.3612352495480657,1.205883510006009,0.9298963161329797,0.160548293094877,0.19025684923157163,0.029622787077665927,0.02823912180313748,0.7206596997088545,LUN,Lung (LC)
2080.7,x_2080.70,1.5131450428352955,1.5687642804198672,1.2737497953139614,0.9865399995549844,0.613640166118664,0.6475773762087481,-0.05207827411607382,-0.05561923758457166,0.18870833218445837,LUN,Lung (LC)
2082.63,x_2082.63,1.6459513407878485,1.7836571203885814,1.347810534689035,1.055290009531849,0.7606163540413061,0.7858301558327305,-0.11591655310924119,-0.13770577960073282,0.1046713093744763,LUN,Lung (LC)
2084.55,x_2084.55,1.7840644627379967,1.9973332323440884,1.436196592807492,1.1410647257176914,0.28430312029405364,0.3229932168589795,-0.16290721938239258,-0.21326876960609176,0.49080659813839556,LUN,Lung (LC)
2086.47,x_2086.47,1.9337696955626518,2.227105010126678,1.5343854049500665,1.2382452859507411,0.06747990246810615,0.08619359126732137,-0.20375350022736452,-0.2933353145640263,1.0645250239746833,LUN,Lung (LC)
2088.39,x_2088.39,2.1040942934947027,2.4649401334109453,1.628545226235026,1.3384953934467978,0.020021254538127115,0.027529224989924782,-0.22835314814045327,-0.36084583991624264,1.560206014808516,LUN,Lung (LC)
2090.32,x_2090.32,2.243500454081646,2.688496268067546,1.71533553320991,1.4388938540802876,0.0036389737425428395,0.005426539791511252,-0.26104788654182576,-0.44499581398590005,2.2654770080652566,LUN,Lung (LC)
2092.24,x_2092.24,2.3506993056856578,2.8854108596927452,1.8027093129583485,1.5354216248944708,4.913246899853857e-4,8.159655153398501e-4,-0.2956866425051176,-0.5347115540070875,3.0883281951849626,LUN,Lung (LC)
2094.16,x_2094.16,2.445916440565703,3.0501478624509195,1.8762350140864077,1.6203503679055102,1.05116237973737e-4,1.8756427959054216e-4,-0.31850394709894825,-0.6042314218852165,3.7268498666702667,LUN,Lung (LC)
2096.09,x_2096.09,2.4993005527426018,3.179065481210611,1.9315567244196807,1.6860997874521162,1.733292989245069e-5,3.2872798071889234e-5,-0.34707820667377265,-0.6797649284680092,4.483163328000433,LUN,Lung (LC)
2098.01,x_2098.01,2.5073041313075906,3.2575507748051105,1.9626208971350958,1.730637714965575,2.223362493982314e-6,4.470632111555835e-6,-0.37765053045407565,-0.7502466434975199,5.349631066766926,LUN,Lung (LC)
2099.93,x_2099.93,2.4869516710586845,3.284203028923259,1.9677964658789946,1.756701388266296,4.132084125015981e-7,8.643173729060274e-7,-0.4011647043053017,-0.7972513578645746,6.063326757529377,LUN,Lung (LC)
2101.85,x_2101.85,2.4403555047330534,3.270281694028508,1.959534909745825,1.757753310433432,1.1174579252341402e-7,2.3963833947108283e-7,-0.4223234300395174,-0.8299261892954548,6.620443698433385,LUN,Lung (LC)
2103.78,x_2103.78,2.3604065996217414,3.209812730650862,1.9314990970210972,1.7406170152664293,3.104373657946029e-8,6.994191253444666e-8,-0.4434535700579713,-0.8494061310291205,7.155262496250391,LUN,Lung (LC)
2105.7,x_2105.70,2.2568841742081505,3.1127212325810367,1.883751358172284,1.7127002309827617,1.0356933834608722e-8,2.408888839641581e-8,-0.46384382300061844,-0.8558370583728863,7.618183240451689,LUN,Lung (LC)
2107.62,x_2107.62,2.1479285055154804,2.9904779535511294,1.818576536438025,1.6712167601222117,6.475430098255966e-9,1.5405921480583532e-8,-0.47742991898834025,-0.842549448035649,7.812312319939453,LUN,Lung (LC)
2109.55,x_2109.55,2.026092962004068,2.848234447234913,1.7460694127328464,1.6204753929641362,4.7600337631878366e-9,1.1500339970492576e-8,-0.49136732850768255,-0.8221414852308446,7.939289320939731,LUN,Lung (LC)
2111.47,x_2111.47,1.9018738520547,2.696112025043802,1.6689590704433228,1.5611768720963715,3.5739905454445635e-9,8.793897789449124e-9,-0.5034586611826292,-0.7942381729891019,8.05581858644615,LUN,Lung (LC)
2113.39,x_2113.39,1.7635803549909879,2.5292818230932705,1.5816906573672422,1.4927210132112414,2.4654839716005764e-9,6.130924237889732e-9,-0.5202202378066645,-0.7657014681022827,8.212474050577988,LUN,Lung (LC)
2115.31,x_2115.31,1.6106901698258294,2.332377894511521,1.4843476584358388,1.4173491201378097,2.300288514752266e-9,5.7661387702235085e-9,-0.534122271541466,-0.7216877246856916,8.239114909915708,LUN,Lung (LC)
2117.24,x_2117.24,1.4554693835865222,2.103764748257449,1.3722422259224958,1.3354868915776426,8.195619735624989e-9,1.9253528775902925e-8,-0.5314885879422926,-0.6482953646709266,7.715489661612441,LUN,Lung (LC)
2119.16,x_2119.16,1.2732162062352343,1.8613330528924734,1.2496443900420315,1.2395708971642878,1.2674714825894968e-8,2.9189306310866487e-8,-0.547858439773186,-0.5881168466572391,7.534776225976104,LUN,Lung (LC)
2121.08,x_2121.08,1.059936394250705,1.6012851752252923,1.1269316367855455,1.124291065728853,6.325773757829942e-9,1.5088261386660703e-8,-0.5952521095939679,-0.5413487809745874,7.821360800892465,LUN,Lung (LC)
2123.01,x_2123.01,0.8358213849775259,1.318693403994359,1.0008190032437339,0.9977570403299388,4.68580270025214e-9,1.1350325193615936e-8,-0.6578419687250041,-0.4828720190168331,7.944991695495548,LUN,Lung (LC)
2124.93,x_2124.93,0.61695367672364,1.0320776232961901,0.8709735361749297,0.869261599896599,7.467678674789392e-9,1.7632019093252734e-8,-0.7423164649956706,-0.41512394657255014,7.753697952541908,LUN,Lung (LC)
2126.85,x_2126.85,0.4109512809736721,0.7577198102554047,0.7474554204505524,0.7440163371381256,1.1212629729802942e-8,2.59500217756578e-8,-0.8826954904875234,-0.3467685292817326,7.585862273382227,LUN,Lung (LC)
2128.78,x_2128.78,0.2260490290250266,0.5054466164688164,0.640235512585261,0.6235075126026184,4.8753895260562916e-8,1.0751153789770359e-7,-1.1609194790862762,-0.2793975874437898,6.968544925735172,LUN,Lung (LC)
2130.7,x_2130.70,0.06409954538417884,0.2880975729906384,0.5392627683597552,0.5092172144803211,8.878879906737451e-8,1.9306401657673295e-7,-2.1681539777258436,-0.22399802760645954,6.714298662825463,LUN,Lung (LC)
2132.62,x_2132.62,-0.05990709274053983,0.10045246807307634,0.45452737448072505,0.41223805861409246,1.3276328666026629e-6,2.698558109290195e-6,NA,-0.1603595608136162,5.568868225635691,LUN,Lung (LC)
2134.54,x_2134.54,-0.13998358311291373,-0.06700293670042173,0.4017035184512545,0.34038831356984234,0.002717865566737578,0.0041455208889064205,1.0629726330113858,-0.072980646412492,2.3824208921427035,LUN,Lung (LC)
2136.47,x_2136.47,-0.20546064611788617,-0.20856591810025496,0.36471385690099023,0.28795295606883897,0.558861067100751,0.5965012531269431,-0.02164144296547895,0.00310527198236879,0.22438863962893707,LUN,Lung (LC)
2138.39,x_2138.39,-0.28551659166061105,-0.32069690126050937,0.3261935994663206,0.24861598014039715,0.42145615754434645,0.4646951737075046,-0.16763638358071037,0.03518030959989832,0.3328318380506848,LUN,Lung (LC)
2140.31,x_2140.31,-0.35451808798830664,-0.4158826367763955,0.3035420707151066,0.22216585254619906,0.049399053408432765,0.06477996484836554,-0.2303178161766028,0.061364548788088835,1.1885592919875432,LUN,Lung (LC)
2142.24,x_2142.24,-0.40449643559931897,-0.492613908878461,0.2879373711661486,0.21227020972775537,6.941880091567955e-4,0.0011367176682339822,-0.2843310109187155,0.08811747327914204,2.9443473896253938,LUN,Lung (LC)
2144.16,x_2144.16,-0.4444258574376505,-0.5497631168193667,0.27355463534214375,0.20908511601561108,2.031512471037541e-6,4.102514385356588e-6,-0.3068679852234189,0.10533725938171623,5.386949887430254,LUN,Lung (LC)
2146.08,x_2146.08,-0.4820907682774504,-0.5955392069699045,0.26282452361597686,0.20084563415640266,1.8727258916847496e-8,4.260337490815672e-8,-0.30489225693220257,0.11344843869245408,7.3705559960631595,LUN,Lung (LC)
2148,x_2148.00,-0.5181079046445354,-0.6307340013242847,0.2566064161657617,0.19296118633903608,2.368819432801136e-9,5.92204858200284e-9,-0.28377961008026503,0.11262609667974932,8.22752803416232,LUN,Lung (LC)
2149.93,x_2149.93,-0.5425964042399042,-0.6513927352247729,0.24784091377689713,0.18976155401897668,3.7974690113552945e-9,9.294852161301572e-9,-0.2636485870137025,0.10879633098486874,8.031757513481276,LUN,Lung (LC)
2151.85,x_2151.85,-0.5408730671494183,-0.6707525933655248,0.24456826821204572,0.1898333828417281,2.4195641927669294e-12,7.417352525367473e-12,-0.3104911838716866,0.12987952621610654,11.129751079733849,LUN,Lung (LC)
2153.77,x_2153.77,-0.5405830327112728,-0.6896571745955723,0.24667905983187868,0.18756132186091276,1.0778892561170976e-15,4.0968555059735215e-15,-0.35136372920627457,0.14907414188429946,14.387549353123983,LUN,Lung (LC)
2155.7,x_2155.70,-0.569304264134544,-0.707248181235994,0.24591021105372443,0.18383066860962505,2.829137710856284e-14,9.481160428855288e-14,-0.3130171501783019,0.13794391710144993,13.023138504749895,LUN,Lung (LC)
2157.62,x_2157.62,-0.6186411179368119,-0.7196869837177634,0.24260748405728289,0.18329149311533077,4.131157531074255e-9,1.0058938259256325e-8,-0.21826716814887448,0.10104586578095154,7.997447857498856,LUN,Lung (LC)
2159.54,x_2159.54,-0.6461521823347284,-0.7283769401083477,0.2564178665057576,0.18325036095956027,3.054328033996199e-6,6.089118788457241e-6,-0.17281151064373945,0.08222475777361937,5.2154455535085775,LUN,Lung (LC)
2161.46,x_2161.46,-0.6511862139983089,-0.7324590325159391,0.2725767891466724,0.18546244512922153,1.3786942765083194e-5,2.630773772520977e-5,-0.16967815840682027,0.08127281851763024,4.579916496486718,LUN,Lung (LC)
2163.39,x_2163.39,-0.6537623851602892,-0.7352780451722309,0.2836361290749229,0.18706429640405242,4.001255712908177e-5,7.36451592828572e-5,-0.16952377980863842,0.08151566001194177,4.132855794182305,LUN,Lung (LC)
2165.31,x_2165.31,-0.6588730381111396,-0.7349529868961839,0.2904153862317603,0.18481962179381312,2.1264537660498214e-4,3.6548424103981307e-4,-0.15765170284294217,0.07607994878504432,3.4371313442245834,LUN,Lung (LC)
2167.23,x_2167.23,-0.6514048218032475,-0.7328489488807411,0.28453341185385456,0.17848043917803016,7.66512168750673e-5,1.3807589089565294e-4,-0.16996171529292753,0.0814441270774936,3.8598821459328727,LUN,Lung (LC)
2169.16,x_2169.16,-0.6257739556890208,-0.7323450862865434,0.27964319019823203,0.1703105409381153,9.473748413924653e-8,2.0504524923656365e-7,-0.22688233673950914,0.10657113059752255,6.688150288577164,LUN,Lung (LC)
2171.08,x_2171.08,-0.5976782242495721,-0.7456811239259594,0.2739648678200755,0.16191211882102974,1.5025464190209558e-15,5.664842345905619e-15,-0.31919032018220694,0.14800289967638736,14.246812172165276,LUN,Lung (LC)
2173,x_2173.00,-0.5847421020635986,-0.7587628347354703,0.2678095080385871,0.16148719119752733,2.0199137315782277e-22,1.2343917248533613e-21,-0.37584911045596253,0.1740207326718718,20.90854699836954,LUN,Lung (LC)
2174.93,x_2174.93,-0.5931155359648106,-0.7711463345896739,0.2553026946189862,0.16208711400926334,4.263601313932673e-26,3.294601015311611e-25,-0.37869205498440073,0.17803079862486326,24.482197172068528,LUN,Lung (LC)
2176.85,x_2176.85,-0.6051425289876625,-0.7688805742913155,0.24733387182655134,0.1696747854220353,3.494232667851471e-23,2.2688246836396705e-22,-0.3454850581137431,0.163738045303653,21.644199061571875,LUN,Lung (LC)
2178.77,x_2178.77,-0.609286928133129,-0.7611543926464697,0.24077002778647186,0.17825113210479546,5.1401008197365874e-20,2.6119534056813634e-19,-0.321067803707427,0.15186746451334066,18.583034574654224,LUN,Lung (LC)
2180.69,x_2180.69,-0.6028748497461548,-0.7576728777785526,0.23152966802215236,0.17960535880406628,3.0907913284876797e-21,1.7201725548428456e-20,-0.32971704851873446,0.15479802803239784,19.76442798573358,LUN,Lung (LC)
2182.62,x_2182.62,-0.6057993939271219,-0.7551908761210998,0.22417149899582534,0.17808047893223816,3.601601392953571e-20,1.850273243083291e-19,-0.31800167112273753,0.1493914821939779,18.732764131488562,LUN,Lung (LC)
2184.54,x_2184.54,-0.6207753709600276,-0.7521349529451743,0.21998496157267025,0.18118409338167152,2.767680612367594e-16,1.0965175307473305e-15,-0.2769206284920116,0.13135958198514674,14.959984420579282,LUN,Lung (LC)
2186.46,x_2186.46,-0.6241340189320658,-0.7529447707082769,0.22103086084094975,0.18113598033614045,5.011157003875598e-16,1.9441625720430223e-15,-0.27068859192182787,0.12881075177621115,14.711267421925623,LUN,Lung (LC)
2188.39,x_2188.39,-0.6300756912918262,-0.7506579924212877,0.2261928455383124,0.1856976309736795,5.3984129478446646e-14,1.7648657714107556e-13,-0.2526309677325148,0.12058230112946156,12.753288319710945,LUN,Lung (LC)
2190.31,x_2190.31,-0.6566036147818278,-0.7472544607498697,0.22288778418899755,0.19107203263928457,5.626539941973354e-9,1.345476942645802e-8,-0.18657717831064066,0.09065084596804185,7.871123740313825,LUN,Lung (LC)
2192.23,x_2192.23,-0.6774941816596074,-0.738899860349432,0.22182072234748063,0.19530017999857643,1.2988629241414483e-4,2.2657403620751008e-4,-0.12517047624738983,0.061405678689824605,3.6447898587173446,LUN,Lung (LC)
2194.15,x_2194.15,-0.6960654837402008,-0.7310617804193019,0.20858102797264325,0.1933889143079101,0.0302283817333682,0.04055026817890857,-0.07077039267084725,0.03499629667910109,1.3920062692398776,LUN,Lung (LC)
2196.08,x_2196.08,-0.7094867148571871,-0.7252502304422539,0.1786634140721986,0.17407472931983242,0.21967569727185726,0.2535762678385019,-0.03170322295926542,0.015763515585066834,0.5958913944380596,LUN,Lung (LC)
2198,x_2198.00,-0.7148063004245087,-0.7231326736797824,0.19106232563100842,0.17587132794753263,0.5174964763939652,0.5561600062394914,-0.016708036417907537,0.008326373255273745,0.25480024469514945,LUN,Lung (LC)
402,x_402.00,0.028299441145452867,0.12330116351952981,0.40273240705162966,0.494041026685689,0.1352584419696343,0.18066663320229723,-2.123301667206951,-0.09500172237407695,0.7431220486244066,CPAN,Pancreatic (PAC)
403.92,x_403.92,-0.004300552641853707,0.10250905631988862,0.3984072547751253,0.4268879786586909,0.030468386835059275,0.04685516725457306,NA,-0.10680960896174232,1.329242507521106,CPAN,Pancreatic (PAC)
405.85,x_405.85,-0.01514798283863766,0.07945081535141912,0.40113133953927,0.4084959203754001,0.033543463052544735,0.051080029241252975,NA,-0.09459879819005679,1.291748862792507,CPAN,Pancreatic (PAC)
407.77,x_407.77,-0.007792098753411149,0.05347315648562488,0.40114380722165927,0.39568409727081627,0.13174742791718,0.17622867682770144,NA,-0.06126525523903603,0.7539234195637563,CPAN,Pancreatic (PAC)
409.69,x_409.69,0.010779821579193402,0.024414978705069593,0.3965437628011964,0.38066868022214906,0.5831717987018511,0.6407351724867576,-1.1793584825810628,-0.013635157125876192,0.19332143521268533,CPAN,Pancreatic (PAC)
411.61,x_411.61,0.040888163240374364,-0.0025750322148985366,0.3990240889366765,0.3732641131335641,0.5646931389855732,0.6226274586692345,NA,0.0434631954552729,0.20577173028767004,CPAN,Pancreatic (PAC)
413.54,x_413.54,0.07732564551783563,-0.028800452887278866,0.4111071915511312,0.3711564676835411,0.08967093733171426,0.12513780060470572,NA,0.1061260984051145,0.9026114823586082,CPAN,Pancreatic (PAC)
415.46,x_415.46,0.11425437334453824,-0.054366233197054345,0.4432105706680453,0.3733220429470711,0.007228212167234114,0.013097632512333134,NA,0.16862060654159258,1.882807198981643,CPAN,Pancreatic (PAC)
417.38,x_417.38,0.15065304080830694,-0.05240779937088921,0.49247596662899595,0.3797397678359127,0.003374196739929578,0.00674118365776529,NA,0.20306084017919615,2.1712638407194644,CPAN,Pancreatic (PAC)
419.31,x_419.31,0.18676152301408772,-0.030883219466658417,0.5504265939488403,0.3874050541056887,0.003537297184835878,0.00696289024804536,NA,0.21764474248074614,2.1572104502996363,CPAN,Pancreatic (PAC)
421.23,x_421.23,0.2132526270506807,-0.002703874904356278,0.611576585078436,0.3962349005911557,0.007451321066740563,0.01342386357881007,NA,0.215956501955037,1.8721224700486774,CPAN,Pancreatic (PAC)
423.15,x_423.15,0.2458415533271817,0.0327564844937047,0.666915945081671,0.4059509741171104,0.01192559221307515,0.02053485951975187,2.9078381767979344,0.213085068833477,1.6875082638356642,CPAN,Pancreatic (PAC)
425.07,x_425.07,0.2915086198184575,0.06987781645264521,0.7130463503807642,0.42141885028400794,0.01192559221307515,0.02053485951975187,2.0606164147074857,0.22163080336581228,1.6875082638356642,CPAN,Pancreatic (PAC)
427,x_427.00,0.33706672344789307,0.10447867417219663,0.752688943877568,0.4412977014235809,0.007836922690643395,0.01398382197662514,1.6898161831163818,0.23258804927569643,1.8543741135327187,CPAN,Pancreatic (PAC)
428.92,x_428.92,0.3843599838884124,0.14513488369652325,0.7851191041557183,0.4656014567167882,0.004759012846464427,0.00904405896635008,1.4050576385489935,0.23922510019188917,2.0436366147613336,CPAN,Pancreatic (PAC)
430.84,x_430.84,0.44825159090192523,0.18430612885930983,0.8072549539813887,0.49039329247493413,0.0017392831254922658,0.0038085005206914954,1.2822000475086037,0.2639454620426154,2.4192459806946145,CPAN,Pancreatic (PAC)
432.77,x_432.77,0.5263176156209358,0.2134495033453975,0.826670782964403,0.5195711922671434,3.4931299035577076e-4,9.097706016229685e-4,1.3020348584595018,0.31286811227553835,3.04106810109499,CPAN,Pancreatic (PAC)
434.69,x_434.69,0.6100755509720979,0.24871168008731506,0.8568606382022002,0.5633496219279017,8.715775653642437e-5,2.611939178255025e-4,1.2945102178477863,0.36136387088478283,3.5830369402820192,CPAN,Pancreatic (PAC)
436.61,x_436.61,0.6999074611066409,0.31064111219458707,0.9103988018567861,0.6222750484946792,8.634311342309355e-5,2.608064692185544e-4,1.1719128267893435,0.38926634891205386,3.5836816402749516,CPAN,Pancreatic (PAC)
438.54,x_438.54,0.7989263283373019,0.39114417609478214,0.9829687744577614,0.6855370383583532,1.7781079381788722e-4,4.918730539045105e-4,1.0303601067094308,0.4077821522425198,3.3081469685793596,CPAN,Pancreatic (PAC)
440.46,x_440.46,0.8806859930712632,0.48331993345626423,1.0651234246313779,0.7449899251376267,8.99407658682494e-4,0.0021236014163336665,0.8656478770719493,0.39736605961499893,2.6729269936785496,CPAN,Pancreatic (PAC)
442.38,x_442.38,0.9311085710675302,0.5899121051771063,1.133296120689557,0.8056650615884553,0.005990347606527107,0.011157320741240727,0.6584484915495655,0.34119646589042385,1.9524400820106576,CPAN,Pancreatic (PAC)
444.3,x_444.30,0.9514702296846337,0.6996369741026349,1.165648877771774,0.8668519384085634,0.03161430428121384,0.04845799098841794,0.4435514371192086,0.25183325558199876,1.3146345951661227,CPAN,Pancreatic (PAC)
446.23,x_446.23,0.928142829682119,0.7993798063902083,1.1613661297404847,0.9202517300867513,0.1595310269884962,0.2089096781992212,0.2154654565115393,0.1287630232919107,0.6800414399088535,CPAN,Pancreatic (PAC)
448.15,x_448.15,0.8578467083426689,0.8853981929838711,1.1323923264178666,0.9548097893772155,0.667139794474034,0.7202952746342053,-0.04560650621397866,-0.027551484641202273,0.14248943432371441,CPAN,Pancreatic (PAC)
450.07,x_450.07,0.7466774193562887,0.9361370939174327,1.0876325760646075,0.9611351604259748,0.43312301409719917,0.49266425569450273,-0.3262343293132585,-0.189459674561144,0.3074489459811577,CPAN,Pancreatic (PAC)
452,x_452.00,0.6042634545864238,0.9315206567920706,1.0222269570200524,0.941079421194376,0.04748258706645271,0.07058222401769997,-0.6244092314785041,-0.3272572022056468,1.1513046613147098,CPAN,Pancreatic (PAC)
453.92,x_453.92,0.43790333470449216,0.8696077896855535,0.9298691550728738,0.8975267410522118,0.0026766170672695407,0.005488238942756624,-0.9897507919340008,-0.43170445498106136,2.2605669889081383,CPAN,Pancreatic (PAC)
455.84,x_455.84,0.26727930021469987,0.7592939006541073,0.825332755631387,0.8315774083788063,7.320060956159654e-5,2.2588306910921704e-4,-1.5063068109608433,-0.4920146004394074,3.646116320066812,CPAN,Pancreatic (PAC)
457.76,x_457.76,0.10247985019881863,0.6065703050907494,0.722625234992503,0.7444478525101336,3.014804162231828e-6,1.3110892519473297e-5,-2.5653229006924954,-0.5040904548919307,4.882367742856939,CPAN,Pancreatic (PAC)
459.69,x_459.69,-0.04427982153531438,0.42024451791565504,0.6158270309104782,0.6417640311011262,6.227331561835793e-7,3.097103728891738e-6,NA,-0.46452433945096944,5.509044248911572,CPAN,Pancreatic (PAC)
461.61,x_461.61,-0.17618110633173467,0.2243496599371854,0.5106467619318382,0.5393293680812936,3.097680287055184e-7,1.6090728157758874e-6,NA,-0.40053076626892004,5.7934243022191065,CPAN,Pancreatic (PAC)
463.53,x_463.53,-0.28137491281344607,0.03277041622130197,0.41489128418549354,0.44855230331171464,9.564728959374703e-7,4.44926446617679e-6,NA,-0.314145329034748,5.351711778835544,CPAN,Pancreatic (PAC)
465.46,x_465.46,-0.37230675180739864,-0.1405148886883294,0.3338053164752471,0.3780186634588596,8.34317678482748e-6,3.2368756405865954e-5,1.405775168267046,-0.23179186311906924,4.4898739856899494,CPAN,Pancreatic (PAC)
467.38,x_467.38,-0.44487362321419893,-0.2883979868648223,0.2737153038061609,0.331234406172119,3.0137611244338946e-4,7.960075286287263e-4,0.625336228420403,-0.1564756363493766,3.099082824691414,CPAN,Pancreatic (PAC)
469.3,x_469.30,-0.4987580812688774,-0.4035944820514102,0.24038080482988955,0.3022054930321298,0.016387065682548135,0.027022762633478848,0.30543444920570306,-0.0951635992174672,1.568270253569223,CPAN,Pancreatic (PAC)
471.22,x_471.22,-0.5363518457405105,-0.48982539469580083,0.22600120013464386,0.28526718303492227,0.23330251080398526,0.290463179229995,0.1309124003264195,-0.046526451044709705,0.5369089134311328,CPAN,Pancreatic (PAC)
473.15,x_473.15,-0.5595729237595759,-0.5459450704645854,0.22260426301986236,0.27888174307664787,0.8916628608500785,0.9121496443050585,0.03557041677711031,-0.0136278532949905,0.03993390688578942,CPAN,Pancreatic (PAC)
475.07,x_475.07,-0.5726440141076283,-0.5799984859701245,0.22580568131110412,0.27796160746031456,0.4560125798001174,0.5149417416824996,-0.01841060430046587,0.007354471862496159,0.28824190240929476,CPAN,Pancreatic (PAC)
476.99,x_476.99,-0.5904956886946077,-0.5971575267613215,0.2177327939418867,0.28039712916136544,0.3496243987962462,0.4096476351810654,-0.01618505739431443,0.006661838066713832,0.3875895478979051,CPAN,Pancreatic (PAC)
478.92,x_478.92,-0.6050391742242052,-0.6087020655365838,0.20570616732664365,0.28323178333117593,0.32183088110676156,0.382839534140995,-0.008707720738116929,0.0036628913123786244,0.41698322091415063,CPAN,Pancreatic (PAC)
480.84,x_480.84,-0.6042836713029863,-0.6172064625721735,0.1941761502466387,0.28146929981000346,0.15034929091912266,0.1988353423046389,-0.03052725930419332,0.012922791269187162,0.7015064187129096,CPAN,Pancreatic (PAC)
482.76,x_482.76,-0.611784148416099,-0.620110317112595,0.18178020329025713,0.2762358085514475,0.17018442029482794,0.2216189874312871,-0.019502197702562618,0.00832616869649605,0.6543930337298202,CPAN,Pancreatic (PAC)
484.69,x_484.69,-0.6180767725305538,-0.6208590445729153,0.17001173218068513,0.2661558108594463,0.20372319539960496,0.2581045903775483,-0.006479727601632337,0.0027822720423614777,0.588204271481272,CPAN,Pancreatic (PAC)
486.61,x_486.61,-0.61379253955035,-0.6226716873452145,0.16795947677229864,0.25425191490078136,0.14843525670581553,0.19658210342767354,-0.020720604985924478,0.00887914779486454,0.7064560222942662,CPAN,Pancreatic (PAC)
488.53,x_488.53,-0.6128654376906711,-0.6274157933515567,0.17455226000182122,0.24552449006361507,0.1227298439935052,0.16582717360394125,-0.03385155298733095,0.014550355660885583,0.7803443014138116,CPAN,Pancreatic (PAC)
490.45,x_490.45,-0.6103362630358081,-0.6271316143232594,0.18079730647781458,0.23864494838016811,0.15653461812240502,0.20585072847320493,-0.039164001937992084,0.016795351287451243,0.6864475917642201,CPAN,Pancreatic (PAC)
492.38,x_492.38,-0.5930430852090666,-0.6260218601335862,0.18376061006747454,0.23623193754975333,0.08903185044391827,0.12443165943955692,-0.07807624193232253,0.032978774924519616,0.9050691070198784,CPAN,Pancreatic (PAC)
494.3,x_494.30,-0.5760375969372683,-0.6287316064707397,0.19674747620182398,0.23499121560957537,0.03567161838339204,0.0538820083820219,-0.12628152257825945,0.052694009533471364,1.2685562248834645,CPAN,Pancreatic (PAC)
496.22,x_496.22,-0.5692787207752056,-0.6359376370973876,0.22200228372303982,0.23686641157493873,0.018355984895420105,0.02995261060596474,-0.15975038708232517,0.06665891632218202,1.5235653194397816,CPAN,Pancreatic (PAC)
498.15,x_498.15,-0.5595847617663223,-0.6500742128331352,0.24860076229334843,0.24007881497409497,0.002244989795963739,0.004727624908166883,-0.2162481087436851,0.09048945106681283,2.3253569878745695,CPAN,Pancreatic (PAC)
500.07,x_500.07,-0.5377140330145623,-0.667968702236963,0.2675168987927429,0.24442158714050022,5.06367802647511e-5,1.6269893315306626e-4,-0.31294190690636875,0.1302546692224007,3.7886152948028795,CPAN,Pancreatic (PAC)
501.99,x_501.99,-0.5270951509279405,-0.6786051553673643,0.28901810531638444,0.26432588068763607,1.3408728122540481e-5,4.897328435380996e-5,-0.36450958145996404,0.15151000443942386,4.310040769395998,CPAN,Pancreatic (PAC)
503.91,x_503.91,-0.5161626326274524,-0.6793750074391546,0.29947170593007233,0.2883451325951925,6.6439935855188206e-6,2.666151932386308e-5,-0.3963831154929891,0.16321237481170214,4.574115105666006,CPAN,Pancreatic (PAC)
505.84,x_505.84,-0.5053369175870687,-0.6685560763805487,0.3028321463909173,0.3070479719067324,1.00780247130445e-5,3.769181242678643e-5,-0.4038036906480483,0.16321915879348003,4.423752978813933,CPAN,Pancreatic (PAC)
507.76,x_507.76,-0.5110440941139996,-0.6461396320664705,0.3034746581363829,0.32202146218114663,2.1751379565983656e-4,5.946649091869801e-4,-0.33839878240545185,0.13509553795247087,3.2257276881966956,CPAN,Pancreatic (PAC)
509.68,x_509.68,-0.5135640865824892,-0.6072215129670248,0.301621802450921,0.332140146468998,0.007810670335402599,0.013963626699046713,-0.24167901885602694,0.09365742638453556,1.8550017700491477,CPAN,Pancreatic (PAC)
511.61,x_511.61,-0.4935159014045236,-0.55776307571825,0.3116247325049537,0.3342597345569282,0.07312003192705743,0.10390156512431413,-0.1765561968894689,0.0642471743137264,0.9833779103857142,CPAN,Pancreatic (PAC)
513.53,x_513.53,-0.46262070610715006,-0.5012103087619272,0.33028951035305903,0.3325445581992268,0.37706093215534725,0.43578735669375734,-0.11558648807416454,0.03858960265477712,0.3607253739011129,CPAN,Pancreatic (PAC)
515.45,x_515.45,-0.43087272514455105,-0.4526543242584766,0.33655799757930743,0.33048984892349687,0.7623825376361993,0.8045459059704813,-0.07114812111969554,0.021781599113925576,0.09444917078076413,CPAN,Pancreatic (PAC)
517.37,x_517.37,-0.39923766125917554,-0.4136081564746493,0.3342502031580485,0.32777042222433056,0.95538200465586,0.9646675748954957,-0.05101694110943137,0.014370495215473789,0.015622319050759448,CPAN,Pancreatic (PAC)
519.3,x_519.30,-0.3676225772740561,-0.37786655187746754,0.3404941301082378,0.3224945774936727,0.7840106664611202,0.8236516552147723,-0.03965155424243658,0.010243974603411421,0.08425642447355094,CPAN,Pancreatic (PAC)
521.22,x_521.22,-0.3434367063256529,-0.3451188730498066,0.35540005659247353,0.31588771699251594,0.46978872272579225,0.5279476631593939,-0.007049149091054978,0.001682166724153722,0.27740912808675744,CPAN,Pancreatic (PAC)
523.14,x_523.14,-0.329368856656383,-0.3209966275489117,0.3590704498594467,0.31201847530871524,0.2976130797725927,0.357671246256265,0.037146122089978514,-0.008372229107471318,0.4465159720516822,CPAN,Pancreatic (PAC)
525.07,x_525.07,-0.3200391398686244,-0.29719548847916566,0.35618056450379953,0.3137326239557455,0.1440416021729261,0.1913052528859175,0.10683648438221868,-0.022843651389458763,0.7182731048914306,CPAN,Pancreatic (PAC)
526.99,x_526.99,-0.3192162649415227,-0.267392725122152,0.35824141889096817,0.3192622457414695,0.025555848605748138,0.04029463481682042,0.2555748236469133,-0.05182353981937071,1.3947527758084044,CPAN,Pancreatic (PAC)
528.91,x_528.91,-0.31643922350248344,-0.2331156286923971,0.3633885297777576,0.3223428614754814,0.0030909620531452547,0.006242007601924002,0.4408843366487536,-0.08332359481008633,2.2046757067582163,CPAN,Pancreatic (PAC)
530.84,x_530.84,-0.3024073724333568,-0.19746358395624083,0.37294033634425044,0.32330223810172415,5.554539620215727e-4,0.0013775847599208765,0.6149092297106619,-0.10494378847711597,2.860881670419223,CPAN,Pancreatic (PAC)
532.76,x_532.76,-0.27908899762150857,-0.16537254099807197,0.38884763652063725,0.3309990211594931,2.8225004223527664e-4,7.497266746874536e-4,0.7550091009902131,-0.1137164566234366,3.12509703702173,CPAN,Pancreatic (PAC)
534.68,x_534.68,-0.26331069402286567,-0.1408870705196299,0.4010981776105864,0.3369605615929864,2.551192577861004e-4,6.854497299712756e-4,0.9022316580183667,-0.12242362350323577,3.164024390322501,CPAN,Pancreatic (PAC)
536.6,x_536.60,-0.26272660237723644,-0.11900109215127641,0.4021324848341097,0.3397845005859874,3.4775896428000255e-5,1.1571339202911117e-4,1.1425941059483224,-0.14372551022596003,3.9366163752939656,CPAN,Pancreatic (PAC)
538.53,x_538.53,-0.26825324942449386,-0.10819620151808725,0.3985016015156424,0.3419095860131752,5.451775442928935e-6,2.2259432485321195e-5,1.3099537519974946,-0.16005704790640662,4.652485912401818,CPAN,Pancreatic (PAC)
540.45,x_540.45,-0.2763792065508584,-0.11487618245286221,0.3975460152404595,0.34094441088209376,4.58843409855907e-6,1.932516163131861e-5,1.2665767054373067,-0.1615030240979962,4.713876865052782,CPAN,Pancreatic (PAC)
542.37,x_542.37,-0.2839240210029696,-0.14097091197629438,0.39868389898900847,0.3435947732873079,3.707233801227959e-5,1.224828128674255e-4,1.0101125574506662,-0.1429531090266752,3.9119248484465223,CPAN,Pancreatic (PAC)
544.3,x_544.30,-0.2873192075724899,-0.17380726999551052,0.40594684072792186,0.34897669757911126,5.259571989894279e-4,0.0013184181797724266,0.725169292675628,-0.11351193757697939,2.879946817084754,CPAN,Pancreatic (PAC)
546.22,x_546.22,-0.2862144162617501,-0.2057338116311637,0.42293236112567517,0.3555261692180176,0.007301906588411532,0.013205575744999578,0.4763193972476566,-0.0804806046305864,1.8792426594002258,CPAN,Pancreatic (PAC)
548.14,x_548.14,-0.28109256331187793,-0.2442498130888222,0.4450353130046903,0.36447604345695184,0.10158231523368162,0.1398813913748046,0.20268860176038156,-0.03684275022305572,0.8542400564929429,CPAN,Pancreatic (PAC)
550.06,x_550.06,-0.2786612907533302,-0.2830022763691455,0.4657665250292023,0.37184524328801294,0.42981387720612785,0.4900926526679628,-0.022301127555399352,0.004340985615815307,0.3097218082600268,CPAN,Pancreatic (PAC)
551.99,x_551.99,-0.281636492449495,-0.31120902603071676,0.48281334539726856,0.3758052270605219,0.8172020997894929,0.8527722804722946,-0.14405011012005456,0.02957253358122175,0.06916692491409908,CPAN,Pancreatic (PAC)
553.91,x_553.91,-0.2870712580893836,-0.32570324681047297,0.48756179257600957,0.3746963903842937,0.9806122636204448,0.98361784889211,-0.18214980410877324,0.03863198872108936,0.0071735990823450085,CPAN,Pancreatic (PAC)
555.83,x_555.83,-0.29696509835550844,-0.33199213249118664,0.465482995492978,0.3697142412335831,0.9589841819531828,0.9672602050984098,-0.1608561814645153,0.0350270341356782,0.014456679549807096,CPAN,Pancreatic (PAC)
557.76,x_557.76,-0.3012403767345484,-0.3425325402490602,0.4320193583432803,0.36413647699950835,0.667139794474034,0.7202952746342053,-0.18532647199934074,0.041292163514511815,0.14248943432371441,CPAN,Pancreatic (PAC)
559.68,x_559.68,-0.30312000739366896,-0.35667749416203487,0.40469758507894177,0.35342077783129006,0.34383192854447864,0.40387293114206974,-0.23473182121112776,0.053557486768365914,0.39375525366234476,CPAN,Pancreatic (PAC)
561.6,x_561.60,-0.3129522958714402,-0.3639398417493803,0.38223026235499846,0.3436751498879655,0.2716761823171809,0.3307516021700054,-0.21775788229904233,0.05098754587794013,0.4804980434007573,CPAN,Pancreatic (PAC)
563.52,x_563.52,-0.32867865044922373,-0.36311284780024455,0.36417849960413334,0.33355436250647424,0.4109126021238785,0.47141507114825326,-0.1437406450877443,0.03443419735102082,0.3265965371873966,CPAN,Pancreatic (PAC)
565.45,x_565.45,-0.35186393218374584,-0.3604275013972824,0.3434377206991454,0.32388071399569096,0.7512076371533609,0.7963482321296967,-0.0346915553231624,0.00856356921353657,0.09889697972342254,CPAN,Pancreatic (PAC)
567.37,x_567.37,-0.3656931888405799,-0.3644100620561747,0.34002078910573197,0.31872551705748237,0.9815138534934104,0.98361784889211,0.005070974888220191,-0.0012831267844051752,0.0071735990823450085,CPAN,Pancreatic (PAC)
569.29,x_569.29,-0.373687768310281,-0.36839533776038513,0.3454553933202258,0.3149017463973264,0.736673006850592,0.7844980198238082,0.02057859364492706,-0.005292430549895866,0.10540814829205873,CPAN,Pancreatic (PAC)
571.22,x_571.22,-0.3885800950579918,-0.36855741772878386,0.3419116600101111,0.3138487156570073,0.48945580390570687,0.5467636519137825,0.07632280778734976,-0.020022677329207927,0.26220036443700334,CPAN,Pancreatic (PAC)
573.14,x_573.14,-0.4018144449776895,-0.3640419355221669,0.3329999234639677,0.32063517982307,0.27315764329226017,0.3316914239977445,0.14242515141990272,-0.037772509455522574,0.47926575717694586,CPAN,Pancreatic (PAC)
575.06,x_575.06,-0.4112952932428545,-0.36397814542061363,0.32827256682364714,0.33094307659430977,0.1843334173927618,0.23772654518928588,0.1763231897670882,-0.04731714782224089,0.623922321067124,CPAN,Pancreatic (PAC)
576.99,x_576.99,-0.41615373380444626,-0.3743626992357031,0.3180367869759887,0.3355849205878493,0.24825628572759967,0.3054205620464549,0.1526802735329802,-0.04179103456874317,0.5151017279780081,CPAN,Pancreatic (PAC)
578.91,x_578.91,-0.42353075072523905,-0.391066979658035,0.30376416249320265,0.33794035709671755,0.4344507848510225,0.49357409943585184,0.11505127890561077,-0.03246377106720405,0.3066476382114787,CPAN,Pancreatic (PAC)
580.83,x_580.83,-0.4457056516922158,-0.40208051142131396,0.2893082141401807,0.34219902313743644,0.3655712712662771,0.4267280132758665,0.14860719475451045,-0.04362514027090186,0.36984884621546876,CPAN,Pancreatic (PAC)
582.75,x_582.75,-0.4755920802942853,-0.40664099802779685,0.2651252902892673,0.33960538184989864,0.1639354920057577,0.21407777238182046,0.22596952870503617,-0.06895108226648844,0.6694284230047437,CPAN,Pancreatic (PAC)
584.68,x_584.68,-0.49552604356162666,-0.4123262763979173,0.24682779443962682,0.33102583557162135,0.08609780658968742,0.12087304678882543,0.26517506811711317,-0.08319976716370936,0.9176705307016099,CPAN,Pancreatic (PAC)
586.6,x_586.60,-0.48666376784017107,-0.4183007790804127,0.2489984845663308,0.3263962255759712,0.19579629465922002,0.25075177019010403,0.21838516933918525,-0.06836298875975838,0.600755992381002,CPAN,Pancreatic (PAC)
588.52,x_588.52,-0.4631045983831504,-0.4135232382355595,0.2566720249370928,0.32693117275971084,0.5593570818920904,0.6182019758500054,0.16337005087132522,-0.0495813601475909,0.20886961121159595,CPAN,Pancreatic (PAC)
590.45,x_590.45,-0.4432958955047372,-0.4000745669321228,0.2708705686329018,0.3304396720559049,0.7020130803200711,0.7553305294583044,0.14800143789001455,-0.043221328572614404,0.12186296134106576,CPAN,Pancreatic (PAC)
592.37,x_592.37,-0.4181697175995539,-0.38295354205590254,0.2815167198984037,0.33252701612487745,0.7062085573599889,0.7580998864886218,0.12691952554126412,-0.03521617554365136,0.12027356838795067,CPAN,Pancreatic (PAC)
594.29,x_594.29,-0.3895550252820899,-0.3677866831416883,0.27913302210969826,0.33139298611891194,0.9337906391079789,0.9478683363227942,0.0829581014597324,-0.02176834214040163,0.02325198415944912,CPAN,Pancreatic (PAC)
596.21,x_596.21,-0.37005197113985033,-0.3546474947746208,0.26810399325408185,0.3252365416075532,0.9373862507343249,0.949573287580275,0.06134231401303247,-0.015404476365229514,0.022471511007611994,CPAN,Pancreatic (PAC)
598.14,x_598.14,-0.34919667704789636,-0.34354966008507765,0.2689094861918123,0.31802547220808136,0.8533835318888232,0.8816724887470162,0.02352124266273857,-0.005647016962818718,0.05469271049701676,CPAN,Pancreatic (PAC)
600.06,x_600.06,-0.33235039962944973,-0.33181095535135496,0.2813002361402089,0.3107848369247008,0.8649242503196202,0.888622794123391,0.0023435753788473334,-5.394442780947695e-4,0.0512825508351402,CPAN,Pancreatic (PAC)
601.98,x_601.98,-0.3112397375091527,-0.32471547788063493,0.2986653243822799,0.301810543528868,0.6663178151750877,0.7202952746342053,-0.06115007803893562,0.013475740371482248,0.14248943432371441,CPAN,Pancreatic (PAC)
603.91,x_603.91,-0.2766128178952367,-0.33119354577343124,0.32626792630484314,0.2940710626448846,0.21815271956542218,0.2745259660749256,-0.25980740698153065,0.05458072787819457,0.5614165714698987,CPAN,Pancreatic (PAC)
605.83,x_605.83,-0.2325032699941652,-0.3450926582375936,0.3677985237595191,0.28830061274143665,0.029274402880305465,0.04531716339914836,-0.5697347987222419,0.1125893882434284,1.3437372823623048,CPAN,Pancreatic (PAC)
607.75,x_607.75,-0.18981103792787868,-0.3566617914498895,0.4128720626960682,0.28084840492616875,0.004143959592041605,0.008038593814437554,-0.9099963357350738,0.16685075352201084,2.0948199154358433,CPAN,Pancreatic (PAC)
609.67,x_609.67,-0.15276564961757752,-0.3688946257911805,0.44710187457136574,0.2744206292351173,6.588832595948292e-4,0.0016169444822077828,-1.2718941242514261,0.21612897617360297,2.7913048913395664,CPAN,Pancreatic (PAC)
611.6,x_611.60,-0.12088125200779268,-0.37284458913453233,0.47218265259321507,0.27693064837652337,2.117765394353417e-4,5.806776081291626e-4,-1.6249919619837976,0.2519633371267397,3.23606492074374,CPAN,Pancreatic (PAC)
613.52,x_613.52,-0.10556631407545423,-0.36335669324160874,0.4976597367924861,0.28541447735288605,2.2539069442323258e-4,6.126171490864025e-4,-1.783246629631887,0.2577903791661545,3.212810850086824,CPAN,Pancreatic (PAC)
615.44,x_615.44,-0.09979505772786686,-0.34678153156089836,0.5152426518827112,0.29294123546622175,7.641901040581645e-4,0.001846299088615979,-1.7969970897334686,0.24698647383303152,2.7336979446892657,CPAN,Pancreatic (PAC)
617.37,x_617.37,-0.09855298464770622,-0.3294197028739939,0.5224837382578794,0.3047137780416394,0.0020657312644419955,0.004389678936939241,-1.7409656371758973,0.23086671822628768,2.3575672430869696,CPAN,Pancreatic (PAC)
619.29,x_619.29,-0.1041662512120004,-0.3085502152845234,0.5215014647028129,0.3199336873749365,0.006094415986476872,0.011328586376453034,-1.5666265404114614,0.20438396407252302,1.9458242796519178,CPAN,Pancreatic (PAC)
621.21,x_621.21,-0.11356754247619219,-0.297142582268132,0.5157601652615263,0.33503994335137866,0.012956933234593133,0.02194697930134888,-1.3876126423232993,0.18357503979193981,1.658625245947241,CPAN,Pancreatic (PAC)
623.13,x_623.13,-0.1286495723292773,-0.3068821228221545,0.5067922180564771,0.3477494072661416,0.01540205329142769,0.02562441250442151,-1.2542444571081341,0.1782325504928772,1.591346082970833,CPAN,Pancreatic (PAC)
625.06,x_625.06,-0.14936648682778372,-0.33301106840292904,0.49519818312781216,0.3545213559682756,0.015546400213783722,0.02581862202466746,-1.1567189672051348,0.18364458157514532,1.5880669403443006,CPAN,Pancreatic (PAC)
626.98,x_626.98,-0.18314506698946215,-0.3748595878200231,0.4833995834371877,0.351947821150892,0.0076034718317838515,0.013671627235995965,-1.033367488698759,0.19171452083056095,1.864179791390083,CPAN,Pancreatic (PAC)
628.9,x_628.90,-0.23135484844570262,-0.43300647805275383,0.46990432634073465,0.34282483612848974,0.0017867330548246654,0.0038941617861563216,-0.9042841793853019,0.2016516296070512,2.4095860093194914,CPAN,Pancreatic (PAC)
630.83,x_630.83,-0.2891104955775312,-0.500107988604829,0.4536637828684812,0.3313211896440142,4.347479467145611e-4,0.0011167289290607545,-0.7906207719288147,0.21099749302729776,2.9520522332406993,CPAN,Pancreatic (PAC)
632.75,x_632.75,-0.3434783959245991,-0.5689568236222852,0.42958126656271123,0.31628188168882193,4.573744088478076e-5,1.4848787231690975e-4,-0.7281014801948044,0.22547842769768606,3.8283090157132866,CPAN,Pancreatic (PAC)
634.67,x_634.67,-0.3802160329081862,-0.6283170977092931,0.4031993378265916,0.3028567214450289,6.337452053809979e-7,3.1186935106907006e-6,-0.7246749687180275,0.24810106480110694,5.506027303394859,CPAN,Pancreatic (PAC)
636.6,x_636.60,-0.4057694004614527,-0.6670818757930904,0.38055221381611837,0.298003799546845,2.272425897376914e-8,1.4858169329002898e-7,-0.7172051635585853,0.2613124753316377,6.828034696584137,CPAN,Pancreatic (PAC)
638.52,x_638.52,-0.4249472261185711,-0.6836217108996019,0.3610048232464725,0.3023269668317063,9.393742046738317e-9,6.970753026746292e-8,-0.6859158152665983,0.2586744847810308,7.15672030401164,CPAN,Pancreatic (PAC)
640.44,x_640.44,-0.43095100315841534,-0.6840424337578644,0.34974563280189785,0.311415472000092,9.085222115799111e-9,6.795746142617736e-8,-0.6665632105171428,0.2530914305994491,7.167762852716393,CPAN,Pancreatic (PAC)
642.36,x_642.36,-0.42742673815352483,-0.6729293721021268,0.3561472076052435,0.32104238809927793,2.4409159101441332e-8,1.5849002611005309e-7,-0.6547791646410789,0.24550263394860194,6.799998063046607,CPAN,Pancreatic (PAC)
644.29,x_644.29,-0.4242007346165259,-0.6532144952057936,0.38566784426949136,0.3290530999169239,5.97750912775573e-7,3.021065424027896e-6,-0.6228108785736932,0.22901376058926765,5.5198398695672894,CPAN,Pancreatic (PAC)
646.21,x_646.21,-0.42692234091195225,-0.6305505117933478,0.4370984567079258,0.3317339431087867,4.0689105565327275e-5,1.3348882001256492e-4,-0.5626393760888816,0.2036281708813955,3.874555105911172,CPAN,Pancreatic (PAC)
648.13,x_648.13,-0.42924269324092745,-0.6097808851955161,0.5015930902306015,0.32786235462179647,8.428582864132906e-4,0.0020103890249908844,-0.5064983457471196,0.18053819195458864,2.6967198952864058,CPAN,Pancreatic (PAC)
650.06,x_650.06,-0.4262925110148104,-0.5961595221293059,0.5756959289877253,0.3240886553204576,0.003537297184835878,0.00696289024804536,-0.48385567658938866,0.16986701111449548,2.1572104502996363,CPAN,Pancreatic (PAC)
651.98,x_651.98,-0.4118101777514341,-0.5904870190150112,0.6506085623483064,0.31849738515470066,0.0030125349957753848,0.006096797015259707,-0.5199269183871883,0.17867684126357714,2.214898263994007,CPAN,Pancreatic (PAC)
653.9,x_653.90,-0.39163832830656503,-0.5861347607091957,0.7143881753205711,0.31136217215899387,0.0011217204023167495,0.0025960608320944574,-0.5817116577557147,0.19449643240263065,2.5856851351638825,CPAN,Pancreatic (PAC)
655.82,x_655.82,-0.37565991577092966,-0.5838620467872703,0.755637042387396,0.3062097946302542,4.112874120510239e-4,0.0010623031222864844,-0.6362017195172969,0.2082021310163406,2.973751542056258,CPAN,Pancreatic (PAC)
657.75,x_657.75,-0.3587117251476979,-0.5821151777350871,0.7634928165490903,0.304192876023376,1.3916078265103357e-4,3.948985802877674e-4,-0.6984812744012708,0.22340345258738925,3.4035144276063196,CPAN,Pancreatic (PAC)
659.67,x_659.67,-0.3371096801713187,-0.5755515328593648,0.7398220633590668,0.3083941022297233,5.014956508901969e-5,1.6168911502839107e-4,-0.7717288257629112,0.23844185268804607,3.79131921597624,CPAN,Pancreatic (PAC)
661.59,x_661.59,-0.32374798239625296,-0.5600458168560066,0.6900616450239111,0.3179600805504731,8.674953147269564e-5,2.608064692185544e-4,-0.7906755358908043,0.23629783445975366,3.5836816402749516,CPAN,Pancreatic (PAC)
663.52,x_663.52,-0.32449556248876665,-0.5345493698924055,0.6197515051865716,0.3318383286067144,5.281732933150831e-4,0.0013204332332877077,-0.720126196193932,0.21005380740363888,2.879283553675385,CPAN,Pancreatic (PAC)
665.44,x_665.44,-0.3252683060555988,-0.49356369615172846,0.5450871881487207,0.34667785592399564,0.003707539578442291,0.007267399383319795,-0.6016075401067827,0.16829539009612965,2.13862097229527,CPAN,Pancreatic (PAC)
667.36,x_667.36,-0.3164725975760401,-0.435987732842952,0.48249969447508406,0.36020925729961,0.029190680383488578,0.04531716339914836,-0.46220820649773364,0.11951513526691188,1.3437372823623048,CPAN,Pancreatic (PAC)
669.28,x_669.28,-0.2945587587380775,-0.3607422844503902,0.4316079953980837,0.36749426725773027,0.2143739600433858,0.270498856465001,-0.2924139849515523,0.06618352571231267,0.5678345665351925,CPAN,Pancreatic (PAC)
671.21,x_671.21,-0.2509179340315168,-0.27167343370473046,0.3863160859864815,0.35947108364349384,0.67372994490406235,0.7265715092102633,-0.11465834485348717,0.020755499673213662,0.13872163597421422,CPAN,Pancreatic (PAC)
673.13,x_673.13,-0.19338121777075287,-0.1686486724038264,0.3569345270056951,0.33876615320833975,0.48874585748888144,0.5466236564020385,0.1974278117982149,-0.024732545366926484,0.2623115771392388,CPAN,Pancreatic (PAC)
675.05,x_675.05,-0.1327307941686241,-0.05093901848510435,0.3339445190500121,0.3198756418155523,0.035870676317523484,0.0540081841495724,1.3816775079613233,-0.08179177568351975,1.2675404242199695,CPAN,Pancreatic (PAC)
676.98,x_676.98,-0.07186724158319284,0.07446486789929727,0.3106587455124209,0.3156164484314386,5.577856119188173e-4,0.0013797077966774976,NA,-0.1463321094824901,2.860212881517384,CPAN,Pancreatic (PAC)
678.9,x_678.90,-0.020310327946175474,0.19718895707666834,0.2930170565412833,0.3267784761916273,7.288571654272124e-7,3.549382550387727e-6,NA,-0.21749928502284382,5.449847190122989,CPAN,Pancreatic (PAC)
680.82,x_680.82,0.004841483496401745,0.3041030176723294,0.2843820920945818,0.3440124434937809,1.7455755922074293e-10,1.8546740667203936e-9,-5.97267393443612,-0.29926153417592766,8.731732400583647,CPAN,Pancreatic (PAC)
682.75,x_682.75,-0.002466440969334686,0.3794624964471379,0.2854148597324618,0.3615630903450633,4.397361048106735e-14,1.5813586846076142e-12,NA,-0.3819289374164726,11.800969611991864,CPAN,Pancreatic (PAC)
684.67,x_684.67,-0.0396962531609779,0.4104555063836536,0.2865336393369318,0.373173995844548,6.141425559604437e-17,4.10159492730725e-15,NA,-0.4501517595446315,14.387047232685815,CPAN,Pancreatic (PAC)
686.59,x_686.59,-0.09523875679775523,0.3966006485965586,0.28783880384981575,0.3775243163006366,1.6412016429952043e-18,1.918154420250645e-16,NA,-0.4918394053943138,15.717116433055239,CPAN,Pancreatic (PAC)
688.51,x_688.51,-0.14953099780721724,0.351248531821348,0.288728253052607,0.37469729287611686,3.658031676965106e-19,5.700432696603958e-17,NA,-0.5007795296285653,16.244092177552908,CPAN,Pancreatic (PAC)
690.44,x_690.44,-0.1937054743486014,0.28908136813955626,0.287997141160596,0.3613444783780019,8.262756206908164e-19,1.1036681504941621e-16,NA,-0.4827868424881576,15.95716149007965,CPAN,Pancreatic (PAC)
692.36,x_692.36,-0.228802568735598,0.22318410960891022,0.2835685342215047,0.34282186198408426,2.6813444521395623e-18,2.785618958611656e-16,NA,-0.45198667834450823,15.555078290456924,CPAN,Pancreatic (PAC)
694.28,x_694.28,-0.2525723229842088,0.1605944620105232,0.287922057993805,0.332028693131907,9.262615198816549e-17,5.7736968072623155e-15,NA,-0.413166784994732,14.23854602585713,CPAN,Pancreatic (PAC)
696.21,x_696.21,-0.2607149497444144,0.10609727243340211,0.30710048412185853,0.3327255823711582,1.6908531982363004e-13,4.3915215009748355e-12,NA,-0.3668122221778165,11.357384986592402,CPAN,Pancreatic (PAC)
698.13,x_698.13,-0.2505311520709089,0.07006430380234525,0.33589165363479845,0.3406908939256874,4.226137449263154e-10,4.159408963222157e-9,NA,-0.32059545587325416,8.380968376644239,CPAN,Pancreatic (PAC)
700.05,x_700.05,-0.22381511045327526,0.055713829353476095,0.3766072889544508,0.35157602403042365,3.061649399557448e-8,1.9212363681786667e-7,NA,-0.27952893980675136,6.7164192009473895,CPAN,Pancreatic (PAC)
701.97,x_701.97,-0.17874293953700282,0.06369387312220624,0.43423281706424394,0.3658311182898281,3.328271430938842e-7,1.719300435319236e-6,NA,-0.24243681265920908,5.76464822686114,CPAN,Pancreatic (PAC)
703.9,x_703.90,-0.11855286998004241,0.09279489340327038,0.5049643372181415,0.3851105538918406,2.9818039809477083e-6,1.3027975337318258e-5,NA,-0.2113477633833128,4.88512307224999,CPAN,Pancreatic (PAC)
705.82,x_705.82,-0.03833621860522301,0.15711169101033348,0.5793562197619211,0.41269759412912144,8.794085954263204e-6,3.383732661414031e-5,NA,-0.1954479096155565,4.4706039565842755,CPAN,Pancreatic (PAC)
707.74,x_707.74,0.06907103712579395,0.2816482165941341,0.6534324001676158,0.45529726610287785,7.667358494347697e-6,2.999573302182049e-5,-2.0277257802695736,-0.21257717946834015,4.522940520509593,CPAN,Pancreatic (PAC)
709.67,x_709.67,0.20085589858687597,0.4822470907478748,0.7334190514194064,0.523552820555673,1.922903417081877e-6,8.602462655366292e-6,-1.263607513839495,-0.28139119216099884,5.065377204043103,CPAN,Pancreatic (PAC)
711.59,x_711.59,0.35795213206767235,0.7694723940121391,0.8089391896798366,0.6323521533795327,2.01817333024033e-7,1.1099953316321814e-6,-1.1041007402812377,-0.4115202619444667,5.954678847745456,CPAN,Pancreatic (PAC)
713.51,x_713.51,0.5313595337847363,1.137512596366021,0.8804122701240147,0.785986024600979,1.6932973805143e-8,1.1390165832955903e-7,-1.0981208071810027,-0.6061530625812848,6.943469952846854,CPAN,Pancreatic (PAC)
715.43,x_715.43,0.6973800612484534,1.5660438827585104,0.9535707009002568,0.9687653419169294,1.0535278406084903e-10,1.190320647893917e-9,-1.1671064702367702,-0.8686638215100569,8.924336032848663,CPAN,Pancreatic (PAC)
717.36,x_717.36,0.833690457234436,2.0109776902756105,1.0283209663794697,1.154901751343655,1.9692758853887367e-13,4.845455139048602e-12,-1.270312336652967,-1.1772872330411746,11.314665422928263,CPAN,Pancreatic (PAC)
719.28,x_719.28,0.9282974723046145,2.4071650836628287,1.0854564368694615,1.3152027019673735,3.1631657759958477e-16,1.7397411767977163e-14,-1.3746750353874713,-1.4788676113582142,13.759515357378016,CPAN,Pancreatic (PAC)
721.2,x_721.20,0.9808202083496306,2.693610188901728,1.1008625304474462,1.421873039243535,5.485611295897389e-18,4.66276960151278e-16,-1.4574795391025737,-1.7127899805520976,15.33135604353408,CPAN,Pancreatic (PAC)
723.13,x_723.13,0.9848667749430764,2.821626979685612,1.0661052321687328,1.4522440970076727,1.2926013180071435e-19,2.4171644646733582e-17,-1.5185258356611502,-1.8367602047425355,16.616693799046168,CPAN,Pancreatic (PAC)
725.05,x_725.05,0.9458319691873545,2.774916077460388,0.9873566089789371,1.4002081104178743,1.282367454966565e-20,3.478655521616255e-18,-1.5527873239663275,-1.8290841082730336,17.458588575698624,CPAN,Pancreatic (PAC)
726.97,x_726.97,0.8805886863421098,2.574452161261959,0.883270699659026,1.2785139693317669,2.249704263245797e-21,1.0517367430674102e-18,-1.547724170135693,-1.6938634749198491,17.978092953472085,CPAN,Pancreatic (PAC)
728.9,x_728.90,0.8071927838036221,2.2714715054591004,0.7791299116574414,1.1103527545401117,1.714718809870835e-21,1.0517367430674102e-18,-1.4926408733040926,-1.4642787216554782,17.978092953472085,CPAN,Pancreatic (PAC)
730.82,x_730.82,0.7397144260056104,1.9297505633366963,0.6906084056908994,0.9280974693558836,1.488194875557756e-20,3.478655521616255e-18,-1.3833728594186658,-1.1900361373310857,17.458588575698624,CPAN,Pancreatic (PAC)
732.74,x_732.74,0.6792783614154523,1.6048536225113714,0.6296530511370063,0.7600553717923653,3.725533275205982e-18,3.483373612317593e-16,-1.2403656887015937,-0.9255752610959191,15.4579999424048,CPAN,Pancreatic (PAC)
734.66,x_734.66,0.6238492347705682,1.3419176698375574,0.598083641492826,0.6273615608751185,8.554671475847755e-16,4.2097988578513954e-14,-1.1050256024936742,-0.7180684350669893,13.375738654048435,CPAN,Pancreatic (PAC)
736.59,x_736.59,0.5833994628778306,1.1566443992250794,0.5831481755800947,0.5411200385782275,1.1628878361492134e-13,3.3978128962484828e-12,-0.9873881992368226,-0.5732449363472488,11.468800539641212,CPAN,Pancreatic (PAC)
738.51,x_738.51,0.5525751496638699,1.0397247421101368,0.5757599180937369,0.49366519584688456,6.347646498821101e-12,1.0790999047995872e-10,-0.9119578269038393,-0.4871495924462669,9.966938345776176,CPAN,Pancreatic (PAC)
740.43,x_740.43,0.524733098738166,0.9701876012200441,0.5723702460699671,0.47158091037830613,4.3596825845703435e-11,5.741272136018692e-10,-0.8866786858376445,-0.4454545024818781,9.240991867107269,CPAN,Pancreatic (PAC)
742.36,x_742.36,0.5008866194283641,0.9211542392219293,0.5728993624167512,0.46065118377167724,1.8381052434067268e-10,1.9310431489722353e-9,-0.8789573568303128,-0.4202676197935652,8.714208021844026,CPAN,Pancreatic (PAC)
744.28,x_744.28,0.4781303230946982,0.8715720192897203,0.5796357582785099,0.4496710751474529,8.177098737740404e-10,7.645587319787277e-9,-0.8662146147063542,-0.39344169619502206,8.11658914727645,CPAN,Pancreatic (PAC)
746.2,x_746.20,0.44889919023157315,0.8130352674282683,0.590535982222441,0.4349566791072414,2.5305138297892895e-9,2.150936755320896e-8,-0.8569250009721738,-0.3641360771966951,7.667372359123903,CPAN,Pancreatic (PAC)
748.12,x_748.12,0.40726514864665453,0.7457519386072453,0.5899508214751287,0.4197456957039913,3.745745564909758e-9,2.9680272060937485e-8,-0.8727258527793033,-0.3384867899605908,7.527532122462338,CPAN,Pancreatic (PAC)
750.05,x_750.05,0.3563517735884428,0.664867725524027,0.5831007092954983,0.4060485759780914,8.96459210447955e-9,6.759591627168048e-8,-0.8997633636680419,-0.3085159519355842,7.170079540659649,CPAN,Pancreatic (PAC)
751.97,x_751.97,0.2897775408407033,0.5671415895544291,0.5655901950432229,0.3926797252432318,1.6385910371893332e-8,1.1183084815854209e-7,-0.9687607374941875,-0.2773640487137258,6.951438381270008,CPAN,Pancreatic (PAC)
753.89,x_753.89,0.20045780570995725,0.454477110574742,0.5260797517059397,0.37611653964123815,2.9075132704183755e-8,1.8493366720008034e-7,-1.1809050170458542,-0.25401930486478475,6.732984018271795,CPAN,Pancreatic (PAC)
755.82,x_755.82,0.10105848118274191,0.3276281306437456,0.4796527596025088,0.3568801593395072,7.510779836986564e-8,4.334925399742246e-7,-1.6968589591010739,-0.22656964946100366,6.363018371949954,CPAN,Pancreatic (PAC)
757.74,x_757.74,-0.004868351684022724,0.1951990890880452,0.43072808275390345,0.3393745926266613,2.9882470635786665e-7,1.5609000024838286e-6,NA,-0.20006744077206792,5.806624918693217,CPAN,Pancreatic (PAC)
759.66,x_759.66,-0.11656815170795025,0.05961709435432046,0.37741432429835486,0.32185463564174266,2.126479192811034e-6,9.378575685275077e-6,NA,-0.1761852460622707,5.027863112473185,CPAN,Pancreatic (PAC)
761.58,x_761.58,-0.2241761746046676,-0.07789156092984376,0.3341472522106585,0.3035472888877362,1.741575411845229e-5,6.0987753186340415e-5,1.525106108619278,-0.14628461367482384,4.214757365933134,CPAN,Pancreatic (PAC)
763.51,x_763.51,-0.3219107860501356,-0.20880434971674605,0.3067146521196732,0.28397411616886603,1.3979832093609734e-4,3.948985802877674e-4,0.6245115789258079,-0.11310643633338957,3.4035144276063196,CPAN,Pancreatic (PAC)
765.43,x_765.43,-0.4141200246375131,-0.32950320510044406,0.29474025771554185,0.26414867542425546,0.0012338180760979101,0.0028068610733614258,0.32975736157885555,-0.08461681953706901,2.551779082401418,CPAN,Pancreatic (PAC)
767.35,x_767.35,-0.4948254516096436,-0.4337858106472391,0.3002406462975208,0.2465157675145346,0.004449735185887688,0.008543126075574925,0.18993725576928386,-0.061039640962404496,2.068383184469009,CPAN,Pancreatic (PAC)
769.28,x_769.28,-0.5536094820368936,-0.5215962444034089,0.31725355619866663,0.23098309212379636,0.025855576064097666,0.04069859195274633,0.08593533120956232,-0.03201323763348474,1.3904206157804446,CPAN,Pancreatic (PAC)
771.2,x_771.20,-0.5998416118351673,-0.5996616559690475,0.34285100884292713,0.21817846995017895,0.16155260549189437,0.21126109948940033,4.3288230624867973e-4,-1.799558661197409e-4,0.6751804642937016,CPAN,Pancreatic (PAC)
773.12,x_773.12,-0.6392958657731683,-0.6666716638929301,0.3779004027113721,0.21043049141467118,0.5631660548665255,0.621676813813697,-0.06049273681591422,0.027375798119761763,0.2064353298661131,CPAN,Pancreatic (PAC)
775.04,x_775.04,-0.663914137884267,-0.7176667723258608,0.4193443290662171,0.20529149683187664,0.8702606238759886,0.8922079861009313,-0.1123176148161999,0.05375263444159384,0.049533893732774725,CPAN,Pancreatic (PAC)
776.97,x_776.97,-0.6618255327087049,-0.7504302598839268,0.45696897112074386,0.19770316089414483,0.27863687636156,0.33790593955649617,-0.18126730998293106,0.08860472717522183,0.47120417432767747,CPAN,Pancreatic (PAC)
778.89,x_778.89,-0.6341276277506076,-0.7666707125941193,0.483062484096144,0.192352629673647,0.022121237375983645,0.03547745616903038,-0.2738342284380575,0.13254308484351174,1.4500475278301543,CPAN,Pancreatic (PAC)
780.81,x_780.81,-0.5886262468289618,-0.7621177248943892,0.5002902695183353,0.19162598243326834,9.441056610718193e-4,0.002217936666085807,-0.37266255361207895,0.17349147806542742,2.654050859432198,CPAN,Pancreatic (PAC)
782.74,x_782.74,-0.5156477828854499,-0.7362491932579799,0.5095470681854348,0.19013858579159973,1.564415141547674e-5,5.561704020331084e-5,-0.5138090281251039,0.22060141037253,4.254792126898909,CPAN,Pancreatic (PAC)
784.66,x_784.66,-0.42239005602727975,-0.7033432576176625,0.5124904368099541,0.18984718948388843,6.21815367832152e-8,3.656587225931208e-7,-0.7356544433108918,0.28095320159038273,6.436924062253743,CPAN,Pancreatic (PAC)
786.58,x_786.58,-0.32621166320945333,-0.6698295543078228,0.5183275970412614,0.19559214775036418,1.3606234444133717e-9,1.211602781453812e-8,-1.0379879366116975,0.34361789109836943,7.91663973833633,CPAN,Pancreatic (PAC)
788.51,x_788.51,-0.2342040185306697,-0.6390396102202714,0.5408190958880922,0.20910860752414526,2.242040902830965e-10,2.278595917551035e-9,-1.4481434301628209,0.40483559168960176,8.642332685059872,CPAN,Pancreatic (PAC)
790.43,x_790.43,-0.15413537401892752,-0.6188010912538141,0.5841750058830115,0.2295773532611254,1.0073400581968251e-10,1.1715181997759403e-9,-2.0052847715904685,0.4646657172348866,8.931250960160602,CPAN,Pancreatic (PAC)
792.35,x_792.35,-0.09376927665829675,-0.6071963850329247,0.6349072026222643,0.2576178305248867,9.417477089148687e-11,1.114600136500509e-9,-2.6949890025733207,0.513427108374628,8.952880908093551,CPAN,Pancreatic (PAC)
794.27,x_794.27,-0.05913545092027945,-0.6031230806632574,0.6760532506347421,0.28554003022675906,1.0614244835330908e-10,1.190320647893917e-9,-3.3503792793106735,0.5439876297429779,8.924336032848663,CPAN,Pancreatic (PAC)
796.2,x_796.20,-0.05165915993196925,-0.6114474565924556,0.6928772625818859,0.3030910969530856,5.311917117475131e-11,6.803619869642805e-10,-3.5651580091767476,0.5597882966604864,9.167259959187678,CPAN,Pancreatic (PAC)
798.12,x_798.12,-0.07426755723639772,-0.6304467162381416,0.681680661372078,0.3103032943240049,3.211758362273624e-11,4.482080699590803e-10,-3.085587548222377,0.556179159001744,9.34852032828479,CPAN,Pancreatic (PAC)
800.04,x_800.04,-0.12497177472319977,-0.652448368739504,0.6489278032874145,0.3039748884456907,8.228477918089198e-11,9.863624171042821e-10,-2.3842707777026404,0.5274765940163042,9.005963483812138,CPAN,Pancreatic (PAC)
801.97,x_801.97,-0.1857998822413798,-0.6724470427180202,0.5861070663126464,0.280744376007531,2.630350262890354e-11,3.7836576858499706e-10,-1.8556766874583508,0.4866471604766405,9.422088161876808,CPAN,Pancreatic (PAC)
803.89,x_803.89,-0.24949499308345363,-0.694371924458377,0.4965095083393378,0.24793252372140254,6.734887389634888e-13,1.4993142165020525e-11,-1.4767014576889699,0.4448769313749234,10.824107341005954,CPAN,Pancreatic (PAC)
805.81,x_805.81,-0.32460085711013636,-0.7188351583428086,0.4038997518222005,0.21732697393557873,2.998149204765454e-14,1.1680289610232084e-12,-1.1469966012205226,0.3942343012326723,11.93254638885321,CPAN,Pancreatic (PAC)
807.73,x_807.73,-0.4058182722017185,-0.7359034662917622,0.3223801114211988,0.1950467324494744,1.1087153131897453e-14,4.712040081056417e-13,-0.8586842999484198,0.33008519409004367,12.326791024055506,CPAN,Pancreatic (PAC)
809.66,x_809.66,-0.47304837547783984,-0.7418878906153417,0.25714853356384043,0.1880914092982658,3.893864068040124e-14,1.4563051614470063e-12,-0.6492145717324086,0.2688395151375018,11.836747611255081,CPAN,Pancreatic (PAC)
811.58,x_811.58,-0.5166686753601514,-0.7418382924650839,0.21474372932908264,0.19521928145107398,4.674360837363705e-13,1.092631845733766e-11,-0.5218661682847032,0.22516961710493255,10.961526145735316,CPAN,Pancreatic (PAC)
813.5,x_813.50,-0.5391364198993056,-0.7337159016346286,0.20840371256429982,0.2070236332799411,3.686132185134678e-11,4.994976221885397e-10,-0.4445718920934523,0.19457948173532302,9.301466574851121,CPAN,Pancreatic (PAC)
815.43,x_815.43,-0.5463447878304537,-0.7115945622699483,0.23196999284645767,0.21796223402425927,1.6932973805143e-8,1.1390165832955903e-7,-0.38124440332892345,0.16524977443949462,6.943469952846854,CPAN,Pancreatic (PAC)
817.35,x_817.35,-0.5380205059353899,-0.678407959808857,0.26894812641763516,0.23112386833570447,1.4862221642252777e-5,5.3446835521178255e-5,-0.3344924919119735,0.14038745387346718,4.2720780033901855,CPAN,Pancreatic (PAC)
819.27,x_819.27,-0.5092381645249285,-0.6392133702874584,0.31608451489897066,0.24460572175634968,7.395206302540545e-4,0.001795978673474132,-0.32795761604463797,0.12997520576252986,2.7456988247107486,CPAN,Pancreatic (PAC)
821.19,x_821.19,-0.46345136655361935,-0.5924181643319376,0.3720514493901227,0.2592475556698227,0.006846333385852053,0.012453933299166673,-0.35419860001023223,0.12896679777831827,1.9046934646047766,CPAN,Pancreatic (PAC)
823.12,x_823.12,-0.4044170419760349,-0.5399860646362419,0.4233231070582549,0.27220819027318055,0.01583866938879003,0.02621089536021005,-0.4170792787703026,0.13556902266020698,1.581518143366374,CPAN,Pancreatic (PAC)
825.04,x_825.04,-0.34331713889823057,-0.48454849648889364,0.46305385785385705,0.27825120812979875,0.0339221194049647,0.05157265307909267,-0.4971004106139918,0.14123135759066308,1.287580526379354,CPAN,Pancreatic (PAC)
826.96,x_826.96,-0.2869500280433878,-0.42433227138719093,0.4935602433339367,0.28260622222346854,0.1238299445009628,0.16707214734256887,-0.5643965152552191,0.1373822433438031,0.7770959454606373,CPAN,Pancreatic (PAC)
828.89,x_828.89,-0.22550308459858046,-0.3606868038740127,0.5151403059707044,0.2895912534308389,0.2441130303405838,0.3023121634019151,-0.6776018714531266,0.13518371927543224,0.5195443788160237,CPAN,Pancreatic (PAC)
830.81,x_830.81,-0.16157867144693147,-0.2939760359024557,0.5279948210398351,0.2944094047669155,0.3788952330557139,0.43682742651922624,-0.8634658032547204,0.13239736445552422,0.35969010196077383,CPAN,Pancreatic (PAC)
832.73,x_832.73,-0.10206386045837446,-0.21915497359295197,0.533462595857791,0.2956677780046337,0.7087301456547903,0.7599342731504919,-1.1024868563384613,0.11709111313457751,0.1192239683013684,CPAN,Pancreatic (PAC)
834.66,x_834.66,-0.04555862387866693,-0.1378075755826379,0.5391564029961273,0.2969577570006915,0.818958699200119,0.8536526017303357,-1.5968803210124893,0.09224895170397096,0.06871883170756718,CPAN,Pancreatic (PAC)
836.58,x_836.58,0.008658952998290715,-0.0597158564566689,0.5510728124354017,0.3034306791614731,0.42389458200404045,0.48393337505955775,NA,0.06837480945495962,0.3152144252061755,CPAN,Pancreatic (PAC)
838.5,x_838.50,0.05821546082589027,0.012535605747224331,0.5611142869429702,0.3156220373809857,0.26629128544569153,0.3254671266558452,2.2152803407013595,0.04567985507866594,0.4874928701770284,CPAN,Pancreatic (PAC)
840.42,x_840.42,0.09180256251498206,0.08114313528339852,0.5650068416774006,0.32776509829628403,0.11265601676066768,0.1539961632620238,0.17806331240169526,0.010659427231583543,0.8124900992602161,CPAN,Pancreatic (PAC)
842.35,x_842.35,0.10764759843365015,0.14196044052839837,0.5693240857513399,0.33494420954643145,0.025111894741948144,0.039728632121356196,-0.39916958309177697,-0.03431284209474822,1.400896387684978,CPAN,Pancreatic (PAC)
844.27,x_844.27,0.11417685963835328,0.18889975053662753,0.5703616701527927,0.33790515896490897,0.005195572049110117,0.009813858314985775,-0.7263455106777327,-0.07472289089827425,2.0081602163229073,CPAN,Pancreatic (PAC)
846.19,x_846.19,0.11322025983765288,0.21494583608889095,0.5694730607033424,0.3380084527289628,0.0016929943858127344,0.003747799630751272,-0.9248349926762428,-0.10172557625123807,2.426223635923317,CPAN,Pancreatic (PAC)
848.12,x_848.12,0.11183115649524861,0.21798384516559166,0.5793658016098319,0.3361330660498582,0.0012240956392665296,0.0027915351773517196,-0.9628927548958827,-0.10615268867034305,2.5541568950449753,CPAN,Pancreatic (PAC)
850.04,x_850.04,0.10673466992023495,0.20491974470108212,0.5959116652753493,0.33019669778867766,0.0011351984873527031,0.0026078884168913453,-0.9410236497956642,-0.09818507478084718,2.583710994598503,CPAN,Pancreatic (PAC)
851.96,x_851.96,0.09166086888056689,0.17220202555884329,0.6024621278241549,0.3223275577751777,0.0017527206280302924,0.0038289574467484195,-0.9097168846795789,-0.0805411566782764,2.416919460172302,CPAN,Pancreatic (PAC)
853.88,x_853.88,0.06848439964698166,0.11252272771962575,0.5996283175597055,0.31437142282759395,0.006350854520240312,0.011712128158628585,-0.7163608937391034,-0.04403832807264409,1.9313641840417726,CPAN,Pancreatic (PAC)
855.81,x_855.81,0.03561667907071906,0.037273260193009534,0.5841698377099946,0.30481305957097465,0.026387416740910427,0.04132702621901382,-0.06558620846662165,-0.0016565811222904736,1.3837658442498155,CPAN,Pancreatic (PAC)
857.73,x_857.73,-0.0022857420346415677,-0.041052986497703246,0.5601042055039488,0.29888789059651566,0.1189395308047779,0.16093843893265894,-4.167348847460899,0.03876724446306168,0.7933402155492663,CPAN,Pancreatic (PAC)
859.65,x_859.65,-0.050238092595692625,-0.11874083123357035,0.5307529498358146,0.2894807466728235,0.41348994050381693,0.4737905568272902,-1.2409790899809137,0.06850273863787773,0.32441359949900545,CPAN,Pancreatic (PAC)
861.58,x_861.58,-0.10428811050441812,-0.18829237706526206,0.4962025428297396,0.27279222013821713,0.8224746168745842,0.8563627692402408,-0.852406075058939,0.08400426656084393,0.06734222211673421,CPAN,Pancreatic (PAC)
863.5,x_863.50,-0.15290256607019245,-0.23835263962066588,0.45570924154119524,0.25762422860016465,0.9400838016468757,0.9512752754760051,-0.6404883663883447,0.08545007355047343,0.02169379082171217,CPAN,Pancreatic (PAC)
865.42,x_865.42,-0.19850805576370695,-0.2715824480850867,0.4131846703393269,0.2452592835791321,0.8658132250763735,0.888622794123391,-0.45219464381891666,0.07307439232137974,0.0512825508351402,CPAN,Pancreatic (PAC)
867.34,x_867.34,-0.24227691380705885,-0.28808077673569754,0.3731559568883008,0.23835757138523136,0.8516107542887341,0.8816724887470162,-0.24981740213214895,0.045803862928638694,0.05469271049701676,CPAN,Pancreatic (PAC)
869.27,x_869.27,-0.2817525643178172,-0.28904571261983714,0.3367050903322224,0.23917563888191867,0.4519244834233088,0.5115610072648834,-0.03686906151635146,0.007293148302019936,0.29110256617749647,CPAN,Pancreatic (PAC)
871.19,x_871.19,-0.31444329215467903,-0.28214533019342647,0.3106912214319231,0.24246038844235182,0.10712878444980506,0.14708577600670739,0.15636191327692905,-0.032297961961252564,0.8324293238766992,CPAN,Pancreatic (PAC)
873.11,x_873.11,-0.3363394015178852,-0.2717356012632593,0.2964362040661289,0.250130718434759,0.02403111136227323,0.03827783496375719,0.3077152258222081,-0.06460380025462592,1.4170526343717884,CPAN,Pancreatic (PAC)
875.04,x_875.04,-0.3415838771899975,-0.25385361681580315,0.2788366697714263,0.2582268784292767,0.004964239689952126,0.00939587876539522,0.4282445255622149,-0.08773026037419435,2.0270625955406163,CPAN,Pancreatic (PAC)
876.96,x_876.96,-0.33491717630117857,-0.23897493895544425,0.2633541457058331,0.26420237571560723,0.003398835002229404,0.006761512185286154,0.4869467640149789,-0.09594223734573432,2.169956164963397,CPAN,Pancreatic (PAC)
878.88,x_878.88,-0.3247296527120831,-0.23481600109121184,0.2572692372321887,0.2664647681129175,0.006178840090466211,0.011440030662546351,0.4677101101141144,-0.08991365162087125,1.9415728115083062,CPAN,Pancreatic (PAC)
880.81,x_880.81,-0.30566307735919096,-0.22924833308034157,0.25747192484323583,0.2706776624826931,0.025930981188992806,0.040748684725560126,0.41503262167149413,-0.0764147442788494,1.3898864047313693,CPAN,Pancreatic (PAC)
882.73,x_882.73,-0.27384163118161964,-0.20946597344835655,0.26577825024603874,0.28063427572504646,0.06700491941834019,0.09623594417227048,0.386627504889202,-0.06437565773326309,1.0166626884603898,CPAN,Pancreatic (PAC)
884.65,x_884.65,-0.23902759867176746,-0.17797451495231778,0.28261686369928896,0.2884538222800444,0.07115076932232565,0.10141153859203428,0.4255086058285502,-0.061053083719449674,0.9939126282200913,CPAN,Pancreatic (PAC)
886.57,x_886.57,-0.19678192137199466,-0.127363104132797,0.30788660184974986,0.30244328220791655,0.042413246210816186,0.06355189937037362,0.6276542771428663,-0.06941881723919766,1.1968714651926549,CPAN,Pancreatic (PAC)
888.5,x_888.50,-0.14045990453623966,-0.06065618479013899,0.34262918661572,0.3212829856660262,0.02935833190540742,0.0453719674901751,1.2114452115511942,-0.07980371974610068,1.3432123877694795,CPAN,Pancreatic (PAC)
890.42,x_890.42,-0.08358243342898138,0.013349638774299115,0.37981619302138914,0.3427315387453804,0.012511337245649505,0.021346898402704904,NA,-0.09693207220328048,1.670665216865761,CPAN,Pancreatic (PAC)
892.34,x_892.34,-0.042298773729729726,0.0883239165599522,0.40701309055245677,0.3648581327948958,0.0014048875990452369,0.0031576199642002318,NA,-0.13062269028968193,2.500640140756642,CPAN,Pancreatic (PAC)
894.27,x_894.27,-0.0192670880367262,0.15189081062806492,0.42190614776091795,0.3818493707474317,9.00665628922088e-5,2.681918353637428e-4,NA,-0.1711578986647911,3.5715544476270242,CPAN,Pancreatic (PAC)
896.19,x_896.19,-0.019754864418345935,0.17830832312776423,0.4277974103570567,0.39243248209769677,9.316962457161732e-6,3.555657100998457e-5,NA,-0.19806318754611016,4.4490801279956065,CPAN,Pancreatic (PAC)
898.11,x_898.11,-0.04896552679991988,0.1658877962540457,0.4193428905901538,0.39389689716432463,9.843722728633782e-7,4.556376609540884e-6,NA,-0.2148533230539656,5.341380386286153,CPAN,Pancreatic (PAC)
900.03,x_900.03,-0.10567818459011293,0.11608572491587454,0.39607340746586406,0.3889897110071053,5.737361445028812e-7,2.9313841262852127e-6,NA,-0.22176390950598746,5.532927268223009,CPAN,Pancreatic (PAC)
901.96,x_901.96,-0.18383901844324815,0.0367971573171251,0.3641444094660575,0.37748788018563323,7.769135750173099e-7,3.763804106949144e-6,NA,-0.22063617576037325,5.424372988189767,CPAN,Pancreatic (PAC)
903.88,x_903.88,-0.26939680719462045,-0.059899240750946575,0.3276455978590142,0.3570234001025198,9.455276498385111e-7,4.420341762995039e-6,2.169141861362344,-0.20949756644367387,5.354544151455235,CPAN,Pancreatic (PAC)
905.8,x_905.80,-0.3411913208656982,-0.15613100407865332,0.2957939664584079,0.34153132724988683,7.506768581521721e-6,2.9740799253062747e-5,1.1278289078327615,-0.18506031678704488,4.526647364444507,CPAN,Pancreatic (PAC)
907.73,x_907.73,-0.3972146049376219,-0.23961683449720084,0.27162136017417776,0.3306851381134537,1.0603842222654042e-4,3.0790659870128976e-4,0.7291917886909304,-0.15759777044042106,3.5115810036955364,CPAN,Pancreatic (PAC)
909.65,x_909.65,-0.444030196095683,-0.30644244819868954,0.255143070310122,0.32587731772710865,8.957727806609445e-4,0.00212037354409616,0.5350430963673081,-0.13758774789699346,2.673587623104699,CPAN,Pancreatic (PAC)
911.57,x_911.57,-0.4763384136764589,-0.35574829599147956,0.244089611034722,0.32072681609852577,0.002696564571748204,0.0055049953593549585,0.42113107791355503,-0.12059011768497935,2.259243042797113,CPAN,Pancreatic (PAC)
913.49,x_913.49,-0.4898588260784431,-0.3922228796625966,0.2411251092292834,0.3101807932461572,0.011182473320217531,0.019434224078816714,0.32069307236252,-0.0976359464158465,1.711432794112479,CPAN,Pancreatic (PAC)
915.42,x_915.42,-0.48650518020327543,-0.41976465543243224,0.24959088084997208,0.30207392302635994,0.08671986422095639,0.1215638276560633,0.21287494258293438,-0.06674052477084319,0.9151956338328325,CPAN,Pancreatic (PAC)
917.34,x_917.34,-0.4737568056155212,-0.43773853493858783,0.2640382060658583,0.2954236315061007,0.3788952330557139,0.43682742651922624,0.11407752591865064,-0.03601827067693336,0.35969010196077383,CPAN,Pancreatic (PAC)
919.26,x_919.26,-0.4542029357737092,-0.4477497620024999,0.28517679232227106,0.2905670195749671,0.8560440844702839,0.8834450540614961,0.020644411458559206,-0.006453173771209297,0.05382045629864521,CPAN,Pancreatic (PAC)
921.19,x_921.19,-0.42246172873577315,-0.4450451479680663,0.30572867347240623,0.288675796575985,0.6646750590132549,0.7201288298695171,-0.07513122015583433,0.022583419232293178,0.14258980204588942,CPAN,Pancreatic (PAC)
923.11,x_923.11,-0.37278784677344423,-0.4268176236918157,0.32379416435247527,0.2900379668697212,0.32293628063146934,0.3831794700386089,-0.1952654099187956,0.054029776918371464,0.41659776756790157,CPAN,Pancreatic (PAC)
925.03,x_925.03,-0.2997973385303558,-0.38433388676083347,0.35363095955483975,0.29587863630082556,0.19268964997080607,0.24747915209162594,-0.35837366734427023,0.08453654823047768,0.6064613806209993,CPAN,Pancreatic (PAC)
926.96,x_926.96,-0.20490937047569954,-0.3109580594934662,0.4007342882258202,0.30648244939592656,0.1578610435768914,0.20730347716909192,-0.6017364508564417,0.10604868901776668,0.683393413281516,CPAN,Pancreatic (PAC)
928.88,x_928.88,-0.1067667911635995,-0.21124258967320614,0.45308420693539553,0.32388651784387296,0.2643514771339189,0.3235191506809086,-0.98444443636907,0.10447579850960664,0.4901000062197771,CPAN,Pancreatic (PAC)
930.8,x_930.80,-0.028852405748848564,-0.10081196891740568,0.49285121564579293,0.33781487197179344,0.8454119923117918,0.8763416993475891,-1.8049391031705246,0.07195956316855712,0.05732652259220728,CPAN,Pancreatic (PAC)
932.72,x_932.72,0.016302929814597505,-0.006363157891261853,0.5162836883695427,0.342970448898239,0.2826684349293727,0.3423510189882947,NA,0.02266608770585936,0.4655283751419672,CPAN,Pancreatic (PAC)
934.65,x_934.65,0.015936338615626513,0.047875973727813756,0.5121568879788848,0.33680020460216453,0.02185947109746816,0.03517832267836959,-1.5869212302991866,-0.03193963511218724,1.4537248717828972,CPAN,Pancreatic (PAC)
936.57,x_936.57,-0.037984325225480134,0.04275274678253099,0.4722478305344165,0.3178350056465028,9.594564831516682e-4,0.0022427295293670243,NA,-0.08073707200801113,2.6492230986801353,CPAN,Pancreatic (PAC)
938.49,x_938.49,-0.14009420465360592,-0.02654065490299737,0.4012819515304762,0.2909050818170949,5.391472505146742e-5,1.7204869598335166e-4,2.4001654617730406,-0.11355354975060855,3.764348614698854,CPAN,Pancreatic (PAC)
940.42,x_940.42,-0.2764053704832401,-0.1499415460052814,0.31764208084772455,0.2645499110468012,7.62690582321081e-6,2.9962844305471036e-5,0.8823898668711885,-0.1264638244779587,4.523416962416545,CPAN,Pancreatic (PAC)
942.34,x_942.34,-0.427544984552928,-0.3068899217300347,0.2458499565315343,0.2435370204180654,1.987470306236744e-5,6.882536060486501e-5,0.4783562807156156,-0.12065506282289329,4.162251504478145,CPAN,Pancreatic (PAC)
944.26,x_944.26,-0.559639578071876,-0.4697373847830417,0.21161910583312224,0.23144427143423246,0.0016606277382899873,0.003688092482900566,0.2526440705130632,-0.08990219328883431,2.4331981970788763,CPAN,Pancreatic (PAC)
946.18,x_946.18,-0.652616223100374,-0.6073998326514272,0.20156568237736538,0.2277799537136752,0.18099338342350432,0.23406474896400628,0.10358850474465883,-0.045216390448946875,0.630663987769318,CPAN,Pancreatic (PAC)
948.11,x_948.11,-0.7132448502778296,-0.7040613884143189,0.19660650258846504,0.2278034386333804,0.9797106985116695,0.98361784889211,0.018696226183911806,-0.009183461863510711,0.0071735990823450085,CPAN,Pancreatic (PAC)
950.03,x_950.03,-0.7468846007787766,-0.7595580625387431,0.20523180828612,0.22961942485053333,0.4901663051708795,0.5469039323803966,-0.024274931300931273,0.012673461759966531,0.26208895392474474,CPAN,Pancreatic (PAC)
951.95,x_951.95,-0.7497650614956274,-0.7760602871285428,0.21324145775773262,0.23523147959857418,0.23109371793801667,0.2884814769987258,-0.049730196998120924,0.02629522563291542,0.5398820670680324,CPAN,Pancreatic (PAC)
953.88,x_953.88,-0.7334566778429215,-0.7557739410101885,0.221712957783402,0.24999294642862618,0.26824086763542926,0.32699506028569275,-0.04324307902258615,0.02231726316726701,0.4854588079111804,CPAN,Pancreatic (PAC)
955.8,x_955.80,-0.7017204823696103,-0.7149618128334793,0.23194882357831687,0.2704576873746857,0.3673707541703985,0.4282938343507763,-0.026969752008182125,0.013241330463868994,0.3682581775920112,CPAN,Pancreatic (PAC)
957.72,x_957.72,-0.661616360328686,-0.6734529634684868,0.24326934952670878,0.2927165864490209,0.3415321971514363,0.4016762318699282,-0.025582314540513264,0.011836603139800839,0.396123865736909,CPAN,Pancreatic (PAC)
959.64,x_959.64,-0.6192242939720974,-0.6307507710549719,0.2487793029233211,0.3096208947620377,0.37706093215534725,0.43578735669375734,-0.02660803366696421,0.011526477082874464,0.3607253739011129,CPAN,Pancreatic (PAC)
961.57,x_961.57,-0.5669262863685957,-0.5915319557610734,0.25223141864118026,0.3146067806090591,0.24594844321591156,0.30378044175281016,-0.06129505046920012,0.02460566939247777,0.5174401906847517,CPAN,Pancreatic (PAC)
963.49,x_963.49,-0.5037350062933356,-0.5660289434314484,0.27320282488860226,0.307064067472966,0.05545645175897357,0.08165635022777998,-0.16821114881736204,0.06229393713811282,1.0880100355244433,CPAN,Pancreatic (PAC)
965.41,x_965.41,-0.4377191900806443,-0.5462332770597993,0.3102217584658793,0.29476458173217573,0.009627246874772682,0.016951931879307828,-0.3195122272593569,0.10851408697915499,1.7707808014895787,CPAN,Pancreatic (PAC)
967.34,x_967.34,-0.3539713936155994,-0.5219332939861573,0.3612112175183623,0.2814999010594189,2.7856393113948367e-4,7.42043520271844e-4,-0.5602339727720239,0.16796190037055791,3.1295706229424702,CPAN,Pancreatic (PAC)
969.26,x_969.26,-0.23863918972991904,-0.4826281068200951,0.4286059489394557,0.2732617367680213,1.6154129187493818e-6,7.296671879375226e-6,-1.016084008221576,0.24398891709017606,5.136875182893656,CPAN,Pancreatic (PAC)
971.18,x_971.18,-0.09754434864863938,-0.41749172713847665,0.5172674592793097,0.2792273958708342,3.0419573887607754e-8,1.9212363681786667e-7,-2.0976287484868648,0.3199473784898373,6.7164192009473895,CPAN,Pancreatic (PAC)
973.1,x_973.10,0.06976603258541213,-0.3162583234379705,0.6227275802581511,0.3042800428398718,3.182424492307802e-8,1.9705741061641027e-7,NA,0.38602435602338264,6.705407228246753,CPAN,Pancreatic (PAC)
975.03,x_975.03,0.29208069166476036,-0.1780678481570083,0.7397482293639237,0.35094124067084653,1.606595319672583e-8,1.1045342822749007e-7,NA,0.47014853982176863,6.956820800053515,CPAN,Pancreatic (PAC)
976.95,x_976.95,0.5644107068712257,0.0018920359293868052,0.8668254730214485,0.4136242961512548,1.0804483907743515e-8,7.831156940883865e-8,8.21990230867928,0.5625186709418389,7.106174072434417,CPAN,Pancreatic (PAC)
978.87,x_978.87,0.8875737854607233,0.2373445736518021,0.9953928806893031,0.4867707851938472,2.2284692366013222e-8,1.4673371381846733e-7,1.9028795388769724,0.6502292118089212,6.833470090361625,CPAN,Pancreatic (PAC)
980.8,x_980.80,1.2686866086278201,0.5279492482040681,1.1265583972885855,0.5713995860510894,5.8743497162434325e-8,3.4762765725870945e-7,1.264862987722951,0.740737360423752,6.45888567837695,CPAN,Pancreatic (PAC)
982.72,x_982.72,1.7016196658340899,0.8720496958771773,1.2725435943635257,0.6642269519726415,1.910634085738413e-7,1.0633588512889384e-6,0.9644255474310999,0.8295699699569126,5.973320149554957,CPAN,Pancreatic (PAC)
984.64,x_984.64,2.1674452992626523,1.279138261424903,1.4311055463920934,0.7624485315722579,2.4438418555872692e-6,1.072766260551219e-5,0.7608229089101527,0.8883070378377493,4.969494893887673,CPAN,Pancreatic (PAC)
986.57,x_986.57,2.6648110979978803,1.747110953207141,1.599546052319451,0.8666681850546938,2.6078458917636443e-5,8.87880845710827e-5,0.6090617511514063,0.9177001447907394,4.051645312962887,CPAN,Pancreatic (PAC)
988.49,x_988.49,3.1667578479473057,2.2625733597148083,1.7649846801147544,0.975204152084496,2.0072577444030292e-4,5.536241861406585e-4,0.48504180150750464,0.9041844882324974,3.25678494514454,CPAN,Pancreatic (PAC)
990.41,x_990.41,3.6216910393827124,2.801610281670736,1.909599844129542,1.0809162608561733,0.0023049482944258936,0.004828675022561539,0.3704070774867887,0.8200807577119766,2.3161720223191598,CPAN,Pancreatic (PAC)
992.33,x_992.33,3.999470426753785,3.3427031373532983,2.0148819616904237,1.1771250806208415,0.02134401441006389,0.034467449867719754,0.2587936771929514,0.6567672894004866,1.4625908474115146,CPAN,Pancreatic (PAC)
994.26,x_994.26,4.291867373587193,3.8536776928464804,2.0687776247423084,1.2604865954073534,0.11214443127096878,0.15352129317475227,0.15536954161723024,0.43818968074071263,0.8138313800111618,CPAN,Pancreatic (PAC)
996.18,x_996.18,4.449870557722976,4.293326766879106,2.067930813785175,1.3223991969166766,0.49587023248319845,0.5526086619449231,0.05166737723254432,0.1565437908438696,0.2575823119540717,CPAN,Pancreatic (PAC)
998.1,x_998.10,4.447894897707256,4.6260136718373746,2.0158405407400966,1.3612528363942247,0.6225476187007519,0.6776275011469186,-0.05664681921369959,-0.17811877413011867,0.16900897671219708,CPAN,Pancreatic (PAC)
1000.03,x_1000.03,4.2904036809472235,4.817357219049319,1.9263806017619038,1.3767756390745878,0.05885351466617645,0.08544726120011643,-0.16712847431024386,-0.5269535381020951,1.0683018529518884,CPAN,Pancreatic (PAC)
1001.95,x_1001.95,4.001237880849548,4.844780950794529,1.8138565479593889,1.3630794376283808,5.171791884277295e-4,0.0013034030759566766,-0.2759849730624236,-0.8435430699449817,2.8849212584290838,CPAN,Pancreatic (PAC)
1003.87,x_1003.87,3.6102947809955843,4.712483327523256,1.671519168878641,1.318238994048216,8.425039357666144e-7,4.039698358675818e-6,-0.38437078261888635,-1.102188546527672,5.393651062130327,CPAN,Pancreatic (PAC)
1005.79,x_1005.79,3.1681648898487524,4.437046079061773,1.5105393566052903,1.2486176347835793,7.724223711955075e-10,7.295100172402015e-9,-0.48595198184144356,-1.2688811892130203,8.136968740230742,CPAN,Pancreatic (PAC)
1007.72,x_1007.72,2.71966729428713,4.045133162636202,1.344151790429453,1.1602964670198388,4.032216894732348e-12,7.694128156274991e-11,-0.5727568493065521,-1.325465868349072,10.113840584197709,CPAN,Pancreatic (PAC)
1009.64,x_1009.64,2.2875877413167744,3.5747191551612274,1.1750378772060976,1.0547974616969795,1.55328581007949e-13,4.381735480409136e-12,-0.6440025955404564,-1.287131413844453,11.35835384376896,CPAN,Pancreatic (PAC)
1011.56,x_1011.56,1.9050615747702646,3.0740866685705774,1.021271598448805,0.944902737358266,4.7956666726962214e-14,1.6014101210610598e-12,-0.690319923128614,-1.1690250938003128,11.795497431038616,CPAN,Pancreatic (PAC)
1013.49,x_1013.49,1.5901665074591063,2.575310327853759,0.8905530372448333,0.832846616909149,3.762730073795041e-13,9.020904151277855e-12,-0.6955681030866029,-0.9851438203946525,11.044749931611953,CPAN,Pancreatic (PAC)
1015.41,x_1015.41,1.3231129856849035,2.103867293418326,0.7787245636525266,0.7250975025244506,3.2864455128173804e-11,4.518862580123898e-10,-0.6691070372016108,-0.7807543077334222,9.344970865484761,CPAN,Pancreatic (PAC)
1017.33,x_1017.33,1.0837045593739942,1.685480433671629,0.6887492296016827,0.6304999145663499,3.6445397431214992e-9,2.9376247067401737e-8,-0.6371879028974287,-0.6017758742976347,7.532003687852285,CPAN,Pancreatic (PAC)
1019.25,x_1019.25,0.884459624100293,1.3355600767835143,0.6266899233074191,0.5583621879278361,2.0428533922817063e-7,1.1169987846686524e-6,-0.5945761324843079,-0.4511004526832213,5.951947299410787,CPAN,Pancreatic (PAC)
1021.18,x_1021.18,0.7351796207146895,1.0580743737112925,0.614854697175496,0.5123541968380388,7.62690582321081e-6,2.9962844305471036e-5,-0.5252717608799593,-0.3228947529966031,4.523416962416545,CPAN,Pancreatic (PAC)
1023.1,x_1023.10,0.6220708920625578,0.8465274496440224,0.6516259519831661,0.4935474826674968,6.437997787353548e-5,2.0199758158307273e-4,-0.44447723377153525,-0.22445655758146454,3.694653830114831,CPAN,Pancreatic (PAC)
1025.02,x_1025.02,0.5269583981296105,0.6903039227119534,0.7072040772546545,0.4989640387371439,2.1848407814630758e-4,5.955761313900805e-4,-0.38954196503322214,-0.16334552458234286,3.225062715576162,CPAN,Pancreatic (PAC)
1026.95,x_1026.95,0.4475864681880412,0.5707003855115672,0.7595968665603949,0.5195582911958075,4.6731437290093667e-4,0.0011905693151563375,-0.35056642202711513,-0.123113917323526,2.924245314821398,CPAN,Pancreatic (PAC)
1028.87,x_1028.87,0.37376113573676706,0.4656514992140677,0.7889998775487701,0.5313888338473194,0.0013561834214306774,0.003062878016999235,-0.31713329851629357,-0.09189036347730062,2.513870299177441,CPAN,Pancreatic (PAC)
1030.79,x_1030.79,0.2993115102335764,0.3620180665743376,0.7759526629703002,0.5205298252898257,0.004248742254533862,0.008207797537167688,-0.27441310240466926,-0.06270655634076122,2.085773364899818,CPAN,Pancreatic (PAC)
1032.72,x_1032.72,0.22538061649615618,0.2611921347354755,0.7266708353328164,0.4904066368850665,0.019563189134849973,0.031756218474105424,-0.21274713195873896,-0.0358115182393193,1.4981712188900131,CPAN,Pancreatic (PAC)
1034.64,x_1034.64,0.14461365728089615,0.16626061498420167,0.6490259852205743,0.4522346069503633,0.060848847827671346,0.08807070080320853,-0.20124134767495122,-0.02164695770330552,1.0551685478403259,CPAN,Pancreatic (PAC)
1036.56,x_1036.56,0.06381695798518036,0.0761669341539549,0.565541949212145,0.41184880513753985,0.13059291851216273,0.17493464012732401,-0.2552213203683172,-0.012349976168774535,0.7571241840801493,CPAN,Pancreatic (PAC)
1038.48,x_1038.48,0.008897013823701045,-0.001389763279111534,0.5103683101908908,0.38074706827306243,0.37098624199853564,0.43143300530924233,NA,0.01028677710281258,0.3650866337458157,CPAN,Pancreatic (PAC)
1040.41,x_1040.41,-0.03159076675816238,-0.06126399343180048,0.46234511181733645,0.36777957355940805,0.896132145724002,0.9137225259017905,-0.9555585765701421,0.0296732266736381,0.03918566834175063,CPAN,Pancreatic (PAC)
1042.33,x_1042.33,-0.07214264184812628,-0.11114726907107575,0.43025911427091235,0.3647719212311618,0.7180031234842439,0.7663617813444841,-0.6235553587292287,0.039004627222949464,0.11556616176493273,CPAN,Pancreatic (PAC)
1044.25,x_1044.25,-0.11352884067507518,-0.15504833171244223,0.4070978900787565,0.3636859262660455,0.5375149275487128,0.5968841535131193,-0.4496625620057749,0.041519491037367046,0.22410995090085975,CPAN,Pancreatic (PAC)
1046.18,x_1046.18,-0.1547420595216847,-0.19787670169868357,0.3892043250654249,0.3584726348772305,0.4364468427883075,0.4952400461250819,-0.35473840917975236,0.04313464217699886,0.30518424462615135,CPAN,Pancreatic (PAC)
1048.1,x_1048.10,-0.20274453773366338,-0.25211424821433365,0.3816327345830313,0.348799565802739,0.3352588315088523,0.3947947197239003,-0.31441600130539854,0.049369710480670265,0.40362866453864304,CPAN,Pancreatic (PAC)
1050.02,x_1050.02,-0.2629341359300891,-0.31383545112211486,0.3703906803486445,0.33279604751478886,0.3257105973215201,0.38598150633158596,-0.2553077647378541,0.05090131519202579,0.4134335033348567,CPAN,Pancreatic (PAC)
1051.94,x_1051.94,-0.32306122932297193,-0.36422107543934024,0.35894901880862756,0.3197592496428467,0.4311357663434511,0.4910011468101422,-0.17300728737695378,0.041159846116368304,0.30891749351300934,CPAN,Pancreatic (PAC)
1053.87,x_1053.87,-0.3804771142345687,-0.4065562624648268,0.36031231495363625,0.3160924350601264,0.7146262378125608,0.7645028974310577,-0.09564558289792777,0.026079148230258087,0.11662086429229479,CPAN,Pancreatic (PAC)
1055.79,x_1055.79,-0.4292860375561898,-0.450606812964795,0.35480445924154563,0.3121955988344605,0.7460673774121305,0.7926965885003886,-0.06993003545093196,0.021320775408605164,0.1008930108600185,CPAN,Pancreatic (PAC)
1057.71,x_1057.71,-0.4680562387550976,-0.48095708385183916,0.34355660999702603,0.3120553420118492,0.8934501699854787,0.9128948321578436,-0.03922636412045755,0.012900845096741553,0.03957925142987608,CPAN,Pancreatic (PAC)
1059.64,x_1059.64,-0.49248495215518495,-0.49282590180265085,0.3342807735937735,0.3104322556818077,0.8348079797556861,0.8672727345239628,-9.984410131883515e-4,3.409496474658935e-4,0.06184430682300967,CPAN,Pancreatic (PAC)
1061.56,x_1061.56,-0.5056403229388801,-0.4943885332816682,0.32080054807701963,0.3077109829866599,0.6361932479665391,0.6908718778730709,0.032466300474367125,-0.011251789657211853,0.1606024850308464,CPAN,Pancreatic (PAC)
1063.48,x_1063.48,-0.5067671416378392,-0.4860279220889179,0.3028086840531643,0.3020259979795493,0.458749493070329,0.5174074499647257,0.06028390743339884,-0.020739219548921328,0.2861673223236165,CPAN,Pancreatic (PAC)
1065.4,x_1065.40,-0.5027845970759759,-0.47155385061253485,0.2962993315404049,0.28833195819598234,0.22846282963739595,0.2863441631514279,0.09251810965369814,-0.03123074646344104,0.5431116651330241,CPAN,Pancreatic (PAC)
1067.33,x_1067.33,-0.4965026834012361,-0.4547744143235786,0.3006447921522124,0.269497865327545,0.11394302998292119,0.15530136010791737,0.12665069131481752,-0.041728269077657476,0.8088247407635425,CPAN,Pancreatic (PAC)
1069.25,x_1069.25,-0.47691220995023964,-0.4449402992495227,0.3053296866473315,0.2547740838341124,0.11840562956555661,0.1604482081794137,0.10011216400302438,-0.03197191070071692,0.7946651285662233,CPAN,Pancreatic (PAC)
1071.17,x_1071.17,-0.4416767339455587,-0.4419488973132877,0.3418670771938334,0.2362702069315271,0.15587458316858957,0.20527145811638203,-8.887239758213767e-4,2.7216336772900585e-4,0.6876714327253056,CPAN,Pancreatic (PAC)
1073.1,x_1073.10,-0.39691951576131507,-0.43900599018858427,0.41834259597873547,0.2187217068057157,0.19230388087220227,0.2473234231299988,-0.1453944751709046,0.042086474427269205,0.6067347511907057,CPAN,Pancreatic (PAC)
1075.02,x_1075.02,-0.35614754830818884,-0.43962819770439987,0.5162428151117437,0.20692423929048656,0.2135406839111765,0.26981153980668926,-0.30380963384623905,0.08348064939621103,0.5689394795447984,CPAN,Pancreatic (PAC)
1076.94,x_1076.94,-0.3262749556288942,-0.4449468435677484,0.6124215859521931,0.20713978543033973,0.2368676429592537,0.294118520805979,-0.44754591875508554,0.11867188793885419,0.5314776268680397,CPAN,Pancreatic (PAC)
1078.87,x_1078.87,-0.3086377614112724,-0.44543558654094384,0.6846746856097399,0.2150090667458803,0.17053674651879216,0.22176892627965325,-0.5293036729486733,0.13679782512967142,0.6540993062061917,CPAN,Pancreatic (PAC)
1080.79,x_1080.79,-0.3020961463675066,-0.44334232856790995,0.7204872324736012,0.22579757781304008,0.09469416274597897,0.1309749144489502,-0.5534148526524161,0.14124618220040336,0.8828118765552289,CPAN,Pancreatic (PAC)
1082.71,x_1082.71,-0.3070139784623641,-0.4399092918790084,0.7253909894299876,0.24032095461513478,0.030295297343895793,0.04666573808326618,-0.5189031506045582,0.1328953134166443,1.3310018608126917,CPAN,Pancreatic (PAC)
1084.63,x_1084.63,-0.31713210414509985,-0.4367565261753235,0.7111548109106717,0.24875814769394522,0.011548729698448022,0.019996411607497964,-0.4617465737966994,0.11962442203022366,1.6990479322802559,CPAN,Pancreatic (PAC)
1086.56,x_1086.56,-0.32336585272960416,-0.44046600504667305,0.698343800120621,0.25186814261829427,0.016952073621943765,0.02790526203612222,-0.4458645240622513,0.11710015231706888,1.5543138950140962,CPAN,Pancreatic (PAC)
1088.48,x_1088.48,-0.3255089828815799,-0.4642467742289208,0.7015600416254894,0.253587592491583,0.1144610654821705,0.1557803438512801,-0.5121958531432176,0.13873779134734088,0.8074873418846826,CPAN,Pancreatic (PAC)
1090.4,x_1090.40,-0.324465835082009,-0.5055309521541704,0.7243904213480027,0.24667480248058302,0.9724992072616782,0.9798348693854192,-0.6397344429370421,0.18106511707216144,0.008847109366099325,CPAN,Pancreatic (PAC)
1092.33,x_1092.33,-0.32718400866036074,-0.545478678047653,0.7508063642698871,0.23457311221563984,0.18062506009348087,0.23391195455319197,-0.7374223321453676,0.2182946693872923,0.6309475821078461,CPAN,Pancreatic (PAC)
1094.25,x_1094.25,-0.34325630653207073,-0.5938332879977618,0.767764400282867,0.2259870381033341,0.016286133682686048,0.026903772072988434,-0.790773514242314,0.2505769814656911,1.5701868249925104,CPAN,Pancreatic (PAC)
1096.17,x_1096.17,-0.3687356976200583,-0.6495880294278028,0.7626450836372081,0.2160776410323996,8.707074096948998e-4,0.0020662726600627697,-0.8169396467332826,0.2808523318077445,2.6848123706443277,CPAN,Pancreatic (PAC)
1098.09,x_1098.09,-0.3970882484555736,-0.6966340828162404,0.7325451798011658,0.20232281974638278,2.6209103039164518e-5,8.87880845710827e-5,-0.8109429547702859,0.2995458343606668,4.051645312962887,CPAN,Pancreatic (PAC)
1100.02,x_1100.02,-0.43115606266815554,-0.7354503678612535,0.6824828878838993,0.19100592888044451,8.473876826078536e-7,4.042385118562975e-6,-0.7704192019283996,0.30429430519309797,5.39336231355715,CPAN,Pancreatic (PAC)
1101.94,x_1101.94,-0.4679186733506928,-0.7675223287776847,0.615874003175389,0.18299576227207723,3.527526014942479e-8,2.1698926473494853e-7,-0.7139521217041325,0.29960365542699186,6.663561751781431,CPAN,Pancreatic (PAC)
1103.86,x_1103.86,-0.49267879609979953,-0.7839674919443295,0.540183847823341,0.17850342203243785,3.0486694774773102e-09,2.5680233886858425e-8,-0.6701475383928415,0.29128869584452993,7.590401025178362,CPAN,Pancreatic (PAC)
1105.79,x_1105.79,-0.5031529221077227,-0.7942949079553037,0.46564931243506,0.17355929233279452,2.2199344801086632e-11,3.2431855295337504e-10,-0.6586788638710094,0.291141985847581,9.489028206384683,CPAN,Pancreatic (PAC)
1107.71,x_1107.71,-0.5150966931675317,-0.8028148672355195,0.3989275363961299,0.168081116301006,5.850258607778057e-13,1.3341443410420691e-11,-0.6402250595937389,0.28771817406798783,10.874797181568695,CPAN,Pancreatic (PAC)
1109.63,x_1109.63,-0.5319499269112212,-0.809437948173573,0.3486257473804764,0.16320062818886072,1.593358356512413e-13,4.381735480409136e-12,-0.6056309674624258,0.2774880212623517,11.35835384376896,CPAN,Pancreatic (PAC)
1111.55,x_1111.55,-0.543285474123986,-0.8063001396529225,0.3156973256522446,0.16114973344907824,6.952666487894848e-14,2.2416355745454077e-12,-0.5696073641624706,0.2630146655289365,11.649434989791093,CPAN,Pancreatic (PAC)
1113.48,x_1113.48,-0.5600043610254017,-0.8026145246707126,0.30387562461186235,0.155189012341592,7.077452046387869e-13,1.538934340319223e-11,-0.5192699809154858,0.24261016364531085,10.812779909242826,CPAN,Pancreatic (PAC)
1115.4,x_1115.40,-0.5625673132354996,-0.7951713515499852,0.2961387415598101,0.15671706721504092,8.570563010365342e-12,1.4058730552090517e-10,-0.4992408001618042,0.23260403831448562,9.852053892624314,CPAN,Pancreatic (PAC)
1117.32,x_1117.32,-0.5552569163509067,-0.7777122134887654,0.28768546447876636,0.16095953134910213,9.568681459726523e-12,1.5425374422145341e-10,-0.4860816805162986,0.22245529713785872,9.81176428547961,CPAN,Pancreatic (PAC)
1119.25,x_1119.25,-0.5485361587778751,-0.7500113901191328,0.28435252324210014,0.16738117185416448,2.982371865444623e-10,2.9665081853092795e-9,-0.4513264876074011,0.20147523134125767,8.527754449001987,CPAN,Pancreatic (PAC)
1121.17,x_1121.17,-0.5322517949704124,-0.7153677951631975,0.2837576962668997,0.1735946414377486,1.2420272360466035e-8,8.797692921996775e-8,-0.42657695551453445,0.18311600019278507,7.055631200873563,CPAN,Pancreatic (PAC)
1123.09,x_1123.09,-0.5019990656390998,-0.673543719823496,0.2803331320112489,0.18449831666003283,2.7804704072997775e-7,1.4771249038780069e-6,-0.4240876473127557,0.17154465418439624,5.83058277972429,CPAN,Pancreatic (PAC)
1125.01,x_1125.01,-0.48974223773715064,-0.6389185316768049,0.28226155892022037,0.19449161449626504,1.6381285748506784e-5,5.801705369262819e-5,-0.3836100466540443,0.14917629393965426,4.236444329954647,CPAN,Pancreatic (PAC)
1126.94,x_1126.94,-0.5020318822475535,-0.608343746661826,0.28864136227668996,0.2021467443650441,0.0038851982956137642,0.007583842184548788,-0.27710826843048203,0.10631186441427254,2.120110712997619,CPAN,Pancreatic (PAC)
1128.86,x_1128.86,-0.5153886929100545,-0.5879240298604832,0.2954322346298858,0.2080802109404125,0.06819305605094986,0.09779218927551858,-0.18996920453224128,0.07253533695042869,1.009695831204271,CPAN,Pancreatic (PAC)
1130.78,x_1130.78,-0.5114426850113795,-0.5784673456906518,0.2927145812630751,0.20924874759827738,0.07681466002808622,0.10882076837312216,-0.17766327581886066,0.06702466067927237,0.9632882119071509,CPAN,Pancreatic (PAC)
1132.71,x_1132.71,-0.5092076321031966,-0.5745795084144902,0.2895340701470262,0.2067744903196195,0.11813938467822886,0.16031977456334395,-0.17425282160908948,0.0653718763112936,0.7950129065037451,CPAN,Pancreatic (PAC)
1134.63,x_1134.63,-0.4876723699782708,-0.5660701509514875,0.29056239161568975,0.21218867458137217,0.07257858864105962,0.10328916343895092,-0.2150690256275153,0.0783977809732167,0.985945240005412,CPAN,Pancreatic (PAC)
1136.55,x_1136.55,-0.44181331089498316,-0.5371722660925602,0.2844348194919197,0.21585386227458145,0.028857847655676797,0.04497014593009634,-0.2819485161350251,0.09535895519757703,1.3470757031251255,CPAN,Pancreatic (PAC)
1138.48,x_1138.48,-0.3754019753031493,-0.4833416733158601,0.2884446614835445,0.22039240745933428,0.01034522649041198,0.018079975268290097,-0.36460800491404177,0.1079396980127108,1.7428021679343548,CPAN,Pancreatic (PAC)
1140.4,x_1140.40,-0.30712962963453366,-0.41071598955359634,0.30334497172860236,0.23377475406631573,0.029274402880305465,0.04531716339914836,-0.41929459882132136,0.10358635991906268,1.3437372823623048,CPAN,Pancreatic (PAC)
1142.32,x_1142.32,-0.2487600459015197,-0.3364360880355285,0.319612148536014,0.25706855093427206,0.10229252978049866,0.14065222844818565,-0.43557918840548876,0.08767604213400879,0.851853382623676,CPAN,Pancreatic (PAC)
1144.24,x_1144.24,-0.2128300628971315,-0.2677109938209441,0.35426156660247404,0.27818704303074737,0.6233467840938547,0.6777084222415746,-0.33097582522616437,0.054880930923812604,0.16895711711884617,CPAN,Pancreatic (PAC)
1146.17,x_1146.17,-0.21025745663252063,-0.21233806748604994,0.3871876202440036,0.29328972975740464,0.3279411762447562,0.38764222476466126,-0.01420613920122045,0.0020806108535293133,0.41156892258230515,CPAN,Pancreatic (PAC)
1148.09,x_1148.09,-0.2079649495727322,-0.1916748910893079,0.4060866190837199,0.2967407200874754,0.1280239793654954,0.17173948451468896,0.11767962641536647,-0.016290058483424297,0.7651298449936157,CPAN,Pancreatic (PAC)
1150.01,x_1150.01,-0.21349433485829072,-0.20338117100306177,0.41609371412705315,0.29369105676106083,0.1364447083848899,0.18199115883006,0.07001200309507279,-0.010113163855228952,0.7399497096225243,CPAN,Pancreatic (PAC)
1151.94,x_1151.94,-0.23057262725341443,-0.24118541036688204,0.4189007090557167,0.2875118611471475,0.29291961544250755,0.3533933425016059,-0.06492166299123113,0.010612783113467611,0.45174163632911346,CPAN,Pancreatic (PAC)
1153.86,x_1153.86,-0.24556000752522503,-0.290622309397451,0.41973823180326314,0.2818655296374735,0.660575222568508,0.7165172077744256,-0.24307074639703463,0.04506230187222596,0.14477337518744618,CPAN,Pancreatic (PAC)
1155.78,x_1155.78,-0.25273550898798186,-0.3415057492026484,0.41580438715835627,0.2732835788005713,0.5412500442377303,0.5996075727041207,-0.4342829749339342,0.08877024021466656,0.22213289089573135,CPAN,Pancreatic (PAC)
1157.7,x_1157.70,-0.2528960328241063,-0.37399869970206495,0.41397200802235223,0.269713043310493,0.12493772575823754,0.16808168861000303,-0.5644906958097256,0.12110266687795868,0.7744795974992801,CPAN,Pancreatic (PAC)
1159.63,x_1159.63,-0.25480281691566303,-0.3898218888336727,0.41634977790709593,0.2758449096852983,0.06905228736946714,0.09872154234014033,-0.6134358354637891,0.13501907191800966,1.0055880682158203,CPAN,Pancreatic (PAC)
1161.55,x_1161.55,-0.25157395533573673,-0.40390213824577126,0.4368035675961445,0.2841289310318421,0.05632649311625129,0.08267703463688376,-0.6830253741900087,0.15232818291003453,1.0826151085316063,CPAN,Pancreatic (PAC)
1163.47,x_1163.47,-0.24184731368234894,-0.40830689354815397,0.4741927051903287,0.2847694222042592,0.08713658161739872,0.12196512546746677,-0.7555598439686522,0.16645957986580504,0.9137643331139268,CPAN,Pancreatic (PAC)
1165.4,x_1165.40,-0.24730729883425956,-0.4131365085315096,0.5148831531198115,0.28093922254057746,0.21942288149569678,0.275753218008705,-0.7403160782314963,0.16582920969725007,0.5594794106909683,CPAN,Pancreatic (PAC)
1167.32,x_1167.32,-0.24432121754720448,-0.41626921118575416,0.5460779525243918,0.27781722598206154,0.2934386440234965,0.3535633146417129,-0.7687401377215608,0.17194799363854968,0.45153280326077117,CPAN,Pancreatic (PAC)
1169.24,x_1169.24,-0.24705432711032704,-0.4215343372120293,0.5671948756487379,0.27576875541060714,0.3697786330533073,0.43056416177439893,-0.770824247123095,0.17448001010170228,0.36596212172886877,CPAN,Pancreatic (PAC)
1171.16,x_1171.16,-0.2563654828114362,-0.4314024308457853,0.5700582266972716,0.27623952440699634,0.37401595727158277,0.4333394300482402,-0.7508345592687438,0.1750369480343491,0.36317179221817386,CPAN,Pancreatic (PAC)
1173.09,x_1173.09,-0.26724929931941144,-0.4371860626372859,0.5568045142670449,0.2781145450096096,0.32293628063146934,0.3831794700386089,-0.7100633419536257,0.16993676331787444,0.41659776756790157,CPAN,Pancreatic (PAC)
1175.01,x_1175.01,-0.28238671414570365,-0.4495050260730795,0.5391327001876093,0.27376123721742684,0.25906732164191204,0.31788444322203113,-0.6706669328732084,0.16711831192737586,0.49773072527221984,CPAN,Pancreatic (PAC)
1176.93,x_1176.93,-0.29924578960826675,-0.4581176659871202,0.5137632195372261,0.27863842207103956,0.18321504019335097,0.23661058367511484,-0.6143889206566429,0.15887187637885347,0.625965833127788,CPAN,Pancreatic (PAC)
1178.86,x_1178.86,-0.3056336908858634,-0.4646209995462083,0.48502673347069575,0.28622305191888214,0.0940264443170032,0.130437278095546,-0.6042523919848254,0.15898730866034488,0.8845982724267859,CPAN,Pancreatic (PAC)
1180.78,x_1180.78,-0.30854642427269546,-0.4747527815210933,0.4642549463381771,0.2912747818967185,0.018300162077633016,0.02991372647305397,-0.6216905145623111,0.16620635724839783,1.5241294817906261,CPAN,Pancreatic (PAC)
1182.7,x_1182.70,-0.3162672450415352,-0.47933012855457496,0.4476990903327898,0.2924653264870594,0.008267846776510268,0.014724641401975429,-0.599877028507152,0.16306288351303977,1.8319552730461006,CPAN,Pancreatic (PAC)
1184.63,x_1184.63,-0.31304601919606295,-0.47981516239588795,0.42901944245595475,0.28983656576528294,0.0020657312644419955,0.004389678936939241,-0.6161055945153476,0.166769143199825,2.3575672430869696,CPAN,Pancreatic (PAC)
1186.55,x_1186.55,-0.30785239474361337,-0.46505664121822315,0.41173213315185625,0.2911859033687407,0.0026175809434345796,0.005402733293844,-0.5951692318615887,0.1572042464746098,2.267386470896996,CPAN,Pancreatic (PAC)
1188.47,x_1188.47,-0.302498682445111,-0.45773633031655603,0.3974499721302293,0.2968323583797894,0.0026469485673441748,0.005439333869157809,-0.5975895613306567,0.155237647871445,2.2644542831442314,CPAN,Pancreatic (PAC)
1190.39,x_1190.39,-0.2953100968326559,-0.4556752903399258,0.38884656923024524,0.29919358030300164,0.0014838638390687652,0.0033112474690436644,-0.6257771757919657,0.1603651935072699,2.4800083606481413,CPAN,Pancreatic (PAC)
1192.32,x_1192.32,-0.2805028836275504,-0.44784267692003,0.3898513456312425,0.29413565905905653,8.428582864132906e-4,0.0020103890249908844,-0.6749783352716217,0.1673397932924796,2.6967198952864058,CPAN,Pancreatic (PAC)
1194.24,x_1194.24,-0.26199875768022174,-0.4360841852654781,0.39233161585057647,0.2889518605087115,3.2876956506271523e-4,8.63481863296738e-4,-0.7350488988215319,0.17408542758525636,3.0637467799875098,CPAN,Pancreatic (PAC)
1196.16,x_1196.16,-0.2454464820518352,-0.41773344423830167,0.3838825867338369,0.2916887455299768,4.273994934875591e-4,0.001100877483225531,-0.7671765873163604,0.17228696218646647,2.958261011018952,CPAN,Pancreatic (PAC)
1198.09,x_1198.09,-0.2267274589539145,-0.38974811017507693,0.3760997917484875,0.2953779082548594,0.001130689247105063,0.002603927207003039,-0.7815855626709197,0.16302065122116244,2.584371160671733,CPAN,Pancreatic (PAC)
1200.01,x_1200.01,-0.22011813141430353,-0.3564969600541173,0.3738731570878723,0.29747170229730463,0.006594410472714944,0.012066093526396227,-0.6956142950261323,0.13637882863981377,1.9184333127142628,CPAN,Pancreatic (PAC)
1201.93,x_1201.93,-0.2089770428362313,-0.3200173272977033,0.3709358626898202,0.30178384759232074,0.04915136781749271,0.07248663865828972,-0.6148079533938084,0.11104028446147202,1.139742038832441,CPAN,Pancreatic (PAC)
1203.85,x_1203.85,-0.184143193022374,-0.2760095436375109,0.37346315196875823,0.30932320233487104,0.17733516805117383,0.22997001682087037,-0.5838926918701984,0.0918663506151369,0.6383287830175102,CPAN,Pancreatic (PAC)
1205.78,x_1205.78,-0.16727025423630584,-0.2354399066415539,0.3767494241271313,0.3199915363278296,0.4608082060125967,0.5191032200262384,-0.49318045970081437,0.06816965240524805,0.2847462771598916,CPAN,Pancreatic (PAC)
1207.7,x_1207.70,-0.15433826510962548,-0.21836300863204622,0.37472931131785553,0.32967623166415955,0.5397544431921901,0.5986600289260947,-0.5006354268698356,0.06402474352242074,0.22281973767248162,CPAN,Pancreatic (PAC)
1209.62,x_1209.62,-0.13952184804340229,-0.206679673878207,0.3727701516007936,0.33487937067140167,0.447857188523241,0.5075714803263398,-0.5669088177515662,0.0671578258348047,0.2945027882417602,CPAN,Pancreatic (PAC)
1211.55,x_1211.55,-0.12377353635553823,-0.19240043710762375,0.3625268595997937,0.332966198500474,0.3496243987962462,0.4096476351810654,-0.6364133450020593,0.06862690075208552,0.3875895478979051,CPAN,Pancreatic (PAC)
1213.47,x_1213.47,-0.11443755714895633,-0.18107807577547633,0.3512382980185925,0.3228113886493768,0.3168871858349192,0.37792030453526715,-0.6620559141148944,0.06664051862652,0.422599774103802,CPAN,Pancreatic (PAC)
1215.39,x_1215.39,-0.10365547323773024,-0.16842917264371363,0.34671871732236187,0.31204730156951077,0.24502953093655314,0.3030457823090968,-0.7003510976060301,0.06477369940598339,0.5184917559787763,CPAN,Pancreatic (PAC)
1217.31,x_1217.31,-0.08494449949883223,-0.14591562683522658,0.3373155221647202,0.3039242612829351,0.24825628572759967,0.3054205620464549,-0.7805490586323652,0.06097112733639434,0.5151017279780081,CPAN,Pancreatic (PAC)
1219.24,x_1219.24,-0.0580151906892938,-0.11512831448578185,0.33166164610600296,0.29680714632325755,0.30394880638318705,0.36341705111033235,-0.9887524179982365,0.05711312379648806,0.4395946999520265,CPAN,Pancreatic (PAC)
1221.16,x_1221.16,-0.015845018931504088,-0.07431103971804535,0.3407073520132186,0.2939286756793514,0.30929653044662736,0.36933876879641964,-2.2296188102274237,0.05846602078654127,0.4325751028807133,CPAN,Pancreatic (PAC)
1223.08,x_1223.08,0.03285923483309448,-0.02556969551748195,0.34418093156323687,0.297454836347056,0.25574302730126797,0.3142177799299416,NA,0.05842893035057643,0.5027692441623973,CPAN,Pancreatic (PAC)
1225.01,x_1225.01,0.07754789192006649,0.022267874157444627,0.33166002159652835,0.30079432138084605,0.2271554139283068,0.28508766714492195,1.8000775450856088,0.05528001776262186,0.5450215698064879,CPAN,Pancreatic (PAC)
1226.93,x_1226.93,0.11413806251064286,0.06422609456205369,0.30902905855446,0.30109245413911145,0.19815025652225984,0.2524121115099632,0.8295386785886388,0.04991196794858917,0.5978898101420558,CPAN,Pancreatic (PAC)
1228.85,x_1228.85,0.14178315215503318,0.10056143117385027,0.29593875641265927,0.30363074003966734,0.20332138390237267,0.25794503927912954,0.4956048515998799,0.0412217209811829,0.5884728199302995,CPAN,Pancreatic (PAC)
1230.78,x_1230.78,0.13753702702629875,0.12385087741771182,0.2890886375867662,0.3075571500999486,0.4663232794612876,0.524683834291581,0.15121481754328592,0.013686149608586926,0.2801023163736377,CPAN,Pancreatic (PAC)
1232.7,x_1232.70,0.101741231713986,0.12726161707826766,0.27648227061495473,0.31592406189201977,0.8613700714109055,0.8869834986444898,-0.3228900500032964,-0.025520385364281667,0.05208445966579734,CPAN,Pancreatic (PAC)
1234.62,x_1234.62,0.05604029473960347,0.11856243588866619,0.2610301219681826,0.32075570586578084,0.2368676429592537,0.294118520805979,-1.0810969693923251,-0.06252214114906271,0.5314776268680397,CPAN,Pancreatic (PAC)
1236.54,x_1236.54,0.010025695633142035,0.10635287262802395,0.2529547250795446,0.3242389993007369,0.03420850453768562,0.0519236229589871,-3.40695442736171,-0.09632717699488191,1.2846350123517147,CPAN,Pancreatic (PAC)
1238.47,x_1238.47,-0.04057832624946664,0.09567180551858978,0.25711073281702324,0.3299554277787592,0.0014048875990452369,0.0031576199642002318,NA,-0.13625013176805642,2.500640140756642,CPAN,Pancreatic (PAC)
1240.39,x_1240.39,-0.09202234090773109,0.08841801698347976,0.2603873388570399,0.3340924515283951,9.464641080213352e-6,3.5973330934957256e-5,NA,-0.18044035789121085,4.444019347010639,CPAN,Pancreatic (PAC)
1242.31,x_1242.31,-0.13933448292620335,0.07517016969451197,0.2606595240754244,0.34191390948496186,5.474292087832396e-7,2.812342363804006e-6,NA,-0.21450465262071533,5.550931811084561,CPAN,Pancreatic (PAC)
1244.24,x_1244.24,-0.16976698745809063,0.05596758375165278,0.26466795080648853,0.35467055207911574,7.121026414603087e-7,3.485947485682663e-6,NA,-0.2257345712097434,5.45767915963854,CPAN,Pancreatic (PAC)
1246.16,x_1246.16,-0.1810392011497959,0.03456124443092861,0.27645577491752765,0.3687603360850244,6.573627719200332e-6,2.6492853092466853e-5,NA,-0.21560044558072453,4.576871268747234,CPAN,Pancreatic (PAC)
1248.08,x_1248.08,-0.18598143101529313,0.012935060689604908,0.2903985105585319,0.3823906283317424,7.047454030565734e-5,2.1891593084979937e-4,NA,-0.19891649170489803,3.659722633003049,CPAN,Pancreatic (PAC)
1250,x_1250.00,-0.1888982822731629,-0.00799540801755119,0.30708109069917777,0.39345907401045355,4.57507162926255e-4,0.0011687682987323728,4.562466928407707,-0.18090287425561172,2.9322715765675254,CPAN,Pancreatic (PAC)
1251.93,x_1251.93,-0.18286148612591094,-0.029963152782000835,0.3325836839715682,0.40083253994971374,0.0019437151112379832,0.0041587497231293236,2.6095301699944335,-0.1528983333439101,2.381037215036475,CPAN,Pancreatic (PAC)
1253.85,x_1253.85,-0.16451275455226602,-0.05102959243564016,0.36779103936824625,0.4024348806245538,0.014976066474179884,0.02504941351226868,1.688812917527935,-0.11348316211662586,1.6012024379151852,CPAN,Pancreatic (PAC)
1255.77,x_1255.77,-0.1424464584787484,-0.06529300310710175,0.4120046243594399,0.4023021557275979,0.05750419748317453,0.08414150961935553,1.1254314176317786,-0.07715345537164665,1.074989700383267,CPAN,Pancreatic (PAC)
1257.7,x_1257.70,-0.11906831911381414,-0.06538879929128585,0.4572890511394066,0.405726618981831,0.10111102412370153,0.1396437334647872,0.8646841117262852,-0.05367951982252829,0.854978548561093,CPAN,Pancreatic (PAC)
1259.62,x_1259.62,-0.08592400578908597,-0.0556535324551658,0.49791390472570607,0.4124102357765432,0.19657866048058423,0.25075177019010403,0.6265971245226882,-0.030270473333920175,0.600755992381002,CPAN,Pancreatic (PAC)
1261.54,x_1261.54,-0.04345931816193685,-0.04466612622473989,0.5391555029458439,0.4214012953671074,0.38443100385217216,0.4421192971731623,-0.03951649577439216,0.0012068080628030373,0.3544605290368474,CPAN,Pancreatic (PAC)
1263.46,x_1263.46,0.008184864333314142,-0.030333576187776205,0.5851410984719881,0.4356482765147797,0.6185584748918651,0.6756450631120255,NA,0.038518440521090345,0.17028139224456212,CPAN,Pancreatic (PAC)
1265.39,x_1265.39,0.06345289135595579,-0.013510494568719927,0.6374356672597115,0.4524297143424999,0.8348079797556861,0.8672727345239628,NA,0.07696338592467572,0.06184430682300967,CPAN,Pancreatic (PAC)
1267.31,x_1267.31,0.11727779881609005,0.002689426701050989,0.6946835007807434,0.4614731718475704,0.9346894182776645,0.9478683363227942,5.445963420146866,0.11458837211503906,0.02325198415944912,CPAN,Pancreatic (PAC)
1269.23,x_1269.23,0.16197087829711018,0.01822197078488875,0.7652758721887979,0.46557570103430757,0.7589387053071446,0.8018165982623504,3.1519132752405117,0.14374890751222144,0.09592495773985467,CPAN,Pancreatic (PAC)
1271.16,x_1271.16,0.19798325614834777,0.028405179041387677,0.8624620336568688,0.46352070587745503,0.7666939452503467,0.808183583775732,2.8011090201372046,0.1695780771069601,0.092489975407874,CPAN,Pancreatic (PAC)
1273.08,x_1273.08,0.23835410713665087,0.030175678746458417,0.9815523798403001,0.4546043962942235,0.7840106664611202,0.8236516552147723,2.9816066014683744,0.20817842839019246,0.08425642447355094,CPAN,Pancreatic (PAC)
1275,x_1275.00,0.2850465076198159,0.026765154433803773,1.1215464444309962,0.43662784603046484,0.8604819622205186,0.8869834986444898,3.41272060392139,0.25828135318601214,0.05208445966579734,CPAN,Pancreatic (PAC)
1276.93,x_1276.93,0.33087345929931483,0.023419907357125628,1.279055372407548,0.4136336078136652,0.8943440280819088,0.9128948321578436,3.8204150581723066,0.3074535519421892,0.03957925142987608,CPAN,Pancreatic (PAC)
1278.85,x_1278.85,0.3823803194497886,0.018547800546818413,1.4457130349421665,0.38800246815541345,0.8145689238727165,0.8518909506516783,4.365614241284645,0.3638325189029702,0.0696159950939982,CPAN,Pancreatic (PAC)
1280.77,x_1280.77,0.44223269593838443,0.017927606804824137,1.6119465098940187,0.3637282165521127,0.8427582833435736,0.8745604827150292,4.624473666492478,0.4243050891335603,0.05821015027784721,CPAN,Pancreatic (PAC)
1282.69,x_1282.69,0.49737253414438926,0.016506093443435968,1.755928199920032,0.3477562483788439,0.9815138534934104,0.98361784889211,4.913171722954059,0.4808664407009533,0.0071735990823450085,CPAN,Pancreatic (PAC)
1284.62,x_1284.62,0.5408248097767713,0.02229286256631869,1.870147723300956,0.3453230764374262,0.8898761019295611,0.9113188995664181,4.600445502567643,0.5185319472104526,0.040329622931493295,CPAN,Pancreatic (PAC)
1286.54,x_1286.54,0.5754031899722757,0.0409390708553738,1.943338710564957,0.35737364938342564,0.7935812650880423,0.832770463363995,3.8129902221549834,0.5344641191169018,0.07947468674621429,CPAN,Pancreatic (PAC)
1288.46,x_1288.46,0.5911281407744802,0.06289989897137231,1.9694075724020264,0.3825425264596638,0.8075574328247019,0.845538857436838,3.232320801417164,0.5282282418031079,0.07286642924586297,CPAN,Pancreatic (PAC)
1290.39,x_1290.39,0.600098601519678,0.07999008357598132,1.940544236789145,0.41544799870913673,0.5909535810257758,0.6485230026515262,2.9072908717338772,0.5201085179436966,0.18807461518906518,CPAN,Pancreatic (PAC)
1292.31,x_1292.31,0.5870238062038757,0.09557016427867585,1.860680947786837,0.46104163192886105,0.4173738426894994,0.4770715683553569,2.618774170134916,0.4914536419251999,0.3214164649634187,CPAN,Pancreatic (PAC)
1294.23,x_1294.23,0.5433733918399126,0.10955261878838754,1.7324221222102105,0.5156445616057053,0.45328487497107683,0.5124804813760059,2.3103094354065754,0.4338207730515251,0.29032267074463664,CPAN,Pancreatic (PAC)
1296.15,x_1296.15,0.47856785117295503,0.1114585140804363,1.566133994243087,0.5718261787831324,0.4837918078312744,0.5417309464937025,2.1022067296277647,0.3671093370925187,0.26621635454097964,CPAN,Pancreatic (PAC)
1298.08,x_1298.08,0.39995890729899874,0.09969857514141715,1.3729409278560472,0.6294449207347256,0.3543027037352417,0.41460954692421903,2.0041961270345587,0.3002603321575816,0.3823607019315657,CPAN,Pancreatic (PAC)
1300,x_1300.00,0.32015689163063865,0.07497185228932737,1.161812894503168,0.682251293773226,0.11498095275546215,0.1562604517824958,2.094343377037957,0.24518503934131128,0.80615092438609115,CPAN,Pancreatic (PAC)
1301.92,x_1301.92,0.23788063981954488,0.04382825663156813,0.9477320704333344,0.7148981294949653,0.03567161838339204,0.0538820083820219,2.4402778106959837,0.19405238318797674,1.2685562248834645,CPAN,Pancreatic (PAC)
1303.85,x_1303.85,0.1520399975989329,0.01760234188626466,0.7491841219018883,0.7164121222420308,0.03459356373068668,0.05242298555622698,3.1105391496527095,0.13443765571266825,1.2804782490576314,CPAN,Pancreatic (PAC)
1305.77,x_1305.77,0.0706919975406272,-0.017782198943824438,0.5876359299702446,0.6880628304710781,0.03688023295390183,0.055438935388903876,NA,0.08847419648445164,1.256185118208006,CPAN,Pancreatic (PAC)
1307.69,x_1307.69,-0.0012787453367136797,-0.07195289554459489,0.4789606557254671,0.6340208164205524,0.024747048748335377,0.03921778064354844,-5.815360463533654,0.0706741502078812,1.4065169869439182,CPAN,Pancreatic (PAC)
1309.61,x_1309.61,-0.05186272445021404,-0.13616862880146066,0.42780991607011826,0.5614769419604639,0.012156907636586783,0.020856346128823196,-1.392641688453657,0.08430590435124663,1.6807617742931904,CPAN,Pancreatic (PAC)
1311.54,x_1311.54,-0.09971948423700408,-0.20244299936977256,0.43925630888540523,0.4848555305852362,0.008865562848161241,0.01569943421028553,-1.0215757694246739,0.10272351513276848,1.8041159987868542,CPAN,Pancreatic (PAC)
1313.46,x_1313.46,-0.14199322019418148,-0.2675766019717634,0.4866149066571675,0.41143808414501837,0.0044339736369101174,0.008530381379652181,-0.9141346883234107,0.12558338177758194,2.069031551789587,CPAN,Pancreatic (PAC)
1315.38,x_1315.38,-0.16802305747032967,-0.32747958133299626,0.5499980027744599,0.34810583984839194,0.001863706218709515,0.004033716005771751,-0.9627499121275149,0.1594565238626666,2.3942946815986876,CPAN,Pancreatic (PAC)
1317.31,x_1317.31,-0.18365179204833446,-0.37061442266150213,0.6190516424305772,0.30691002591317407,0.0027880202009592818,0.0056793004093615,-1.0129500148698738,0.18696263061316767,2.245705158490794,CPAN,Pancreatic (PAC)
1319.23,x_1319.23,-0.19146602762003312,-0.391030853801512,0.6860521764844754,0.2890899122798082,0.006136497289062079,0.011384176518398898,-1.0301978583803975,0.19956482618147886,1.9436983788784228,CPAN,Pancreatic (PAC)
1321.15,x_1321.15,-0.1801519934252521,-0.3871387717626143,0.7437862568974287,0.2928963372292982,0.01271217065277386,0.02161069010971556,-1.1036404661315118,0.2069867783373622,1.6653313642571619,CPAN,Pancreatic (PAC)
1323.07,x_1323.07,-0.16094407211355,-0.36549344850497856,0.7897571063351762,0.3054310896003868,0.04623155701380187,0.06894179554689753,-1.1832911222239295,0.20454937639142856,1.1615174098466257,CPAN,Pancreatic (PAC)
1325,x_1325.00,-0.13355601760248462,-0.33594429148356036,0.8272074988401762,0.3179032089273073,0.13674252598542505,0.18212857805751057,-1.3307835426976942,0.20238827388107575,0.7396219030854067,CPAN,Pancreatic (PAC)
1326.92,x_1326.92,-0.10254255966230541,-0.3016164018550805,0.8582352670344435,0.32772112042217544,0.26677776432685746,0.3256360439237751,-1.5565013545829387,0.19907384219277507,0.48726753003948725,CPAN,Pancreatic (PAC)
1328.84,x_1328.84,-0.05731798842966266,-0.2658065184225701,0.8869814974659617,0.3340062116236289,0.2862283308232776,0.346214087088958,-2.213336342813062,0.20848852999290743,0.4606552651130441,CPAN,Pancreatic (PAC)
1330.77,x_1330.77,7.692579762198232e-5,-0.23917536074245505,0.9145294091805711,0.3354302008867077,0.17624851514531217,0.22887828008453734,NA,0.23925228654007702,0.6403954187146832,CPAN,Pancreatic (PAC)
1332.69,x_1332.69,0.06341350214897454,-0.22610138126818485,0.9489511554757074,0.3415576069447442,0.05976758327264269,0.08663983001538127,NA,0.28951488341715936,1.0622824084540003,CPAN,Pancreatic (PAC)
1334.61,x_1334.61,0.13820599405684866,-0.2190893649210619,0.9981192297699838,0.35347478165845103,0.009754387157933725,0.017111354582866854,NA,0.35729535897791054,1.7667156091276033,CPAN,Pancreatic (PAC)
1336.54,x_1336.54,0.2332720769127279,-0.21182919457362323,1.0591770058448273,0.3696590259453946,9.829166380752653e-4,0.00229183804638497,NA,0.44510127148635115,2.6398160752065754,CPAN,Pancreatic (PAC)
1338.46,x_1338.46,0.35446925480789554,-0.20621520766388407,1.1311253927547469,0.39470313772150534,3.3102024148463356e-5,1.1053711635290442e-4,NA,0.5606844624717796,3.9564918693033357,CPAN,Pancreatic (PAC)
1340.38,x_1340.38,0.5091311086201875,-0.20131906055071958,1.2171684996776628,0.4306228589170202,1.66037448549169e-7,9.296108646315749e-7,NA,0.7104501691709071,6.031698809198615,CPAN,Pancreatic (PAC)
1342.3,x_1342.30,0.6898114750314331,-0.18687320555677572,1.3241153983605065,0.47699790785456686,1.6673017786221304e-9,1.4569412738427028e-8,NA,0.8766846805882089,7.836557953350164,CPAN,Pancreatic (PAC)
1344.23,x_1344.23,0.8846402871823631,-0.14797179399020746,1.4482844696300967,0.5324198050192804,1.9932715382924802e-10,2.0480317453884277e-9,NA,1.0326120811725705,8.688663315889483,CPAN,Pancreatic (PAC)
1346.15,x_1346.15,1.071703759748143,-0.08726696008078103,1.5777167122777374,0.5908368705174715,1.0693789777870485e-10,1.190320647893917e-9,NA,1.1589707198289239,8.924336032848663,CPAN,Pancreatic (PAC)
1348.07,x_1348.07,1.227110331351546,-0.02010264032796963,1.68861804429256,0.6409959778629767,1.35708235677677e-10,1.492790592454447e-9,NA,1.2472129716795155,8.826001110506736,CPAN,Pancreatic (PAC)
1350,x_1350.00,1.3207451895204478,0.04234916866927669,1.7508687648915229,0.6719200049261336,9.161866625312037e-10,8.376069832479006e-9,4.962841721923935,1.278396020851171,8.076959710539594,CPAN,Pancreatic (PAC)
1351.92,x_1351.92,1.32714777232914,0.08394397914207946,1.7646345491958948,0.6752061698587162,7.736288499708267e-9,5.880837192867666e-8,3.9827422562388124,1.2432037931870605,7.230560843590295,CPAN,Pancreatic (PAC)
1353.84,x_1353.84,1.2612932487468644,0.09738124791764183,1.7266393799919684,0.6522186163687411,2.707814496934932e-8,1.734114078516549e-7,3.695102269285563,1.1639120008292225,6.760922335902142,CPAN,Pancreatic (PAC)
1355.76,x_1355.76,1.1500684937803125,0.08992131874285696,1.6424873504064026,0.6096897086755011,5.308085916773348e-8,3.18144893088659e-7,3.676897992000585,1.0601471750374556,6.497375043734423,CPAN,Pancreatic (PAC)
1357.69,x_1357.69,1.012161833385425,0.06855116643634637,1.5399779678937473,0.5593850690216272,6.257536399236541e-8,3.6567478333038536e-7,3.8840953346089946,0.9436106669490786,6.436904987263977,CPAN,Pancreatic (PAC)
1359.61,x_1359.61,0.865761980068932,0.0460297952955721,1.4478675230340412,0.5115439587176988,8.355064500903108e-8,4.76340567581976e-7,4.233300838379247,0.81973218477336,6.322082430189556,CPAN,Pancreatic (PAC)
1361.53,x_1361.53,0.7325994106087947,0.03810452972954231,1.3743337432973266,0.47838345764746576,6.119056494496114e-7,3.059528247248057e-6,4.264954233209735,0.6944948808792525,5.514345532803228,CPAN,Pancreatic (PAC)
1363.46,x_1363.46,0.6211749261378422,0.053508388290760316,1.3142711860927963,0.4623521963820055,3.581847977015617e-5,1.1875985313863835e-4,3.537137977194596,0.5676665378470819,3.925330348134922,CPAN,Pancreatic (PAC)
1365.38,x_1365.38,0.5345873377401451,0.08033995722128731,1.2469829687319498,0.45401928772138356,0.0024937321685020585,0.005169932544455487,2.7342208093813536,0.4542473805188578,2.286515123397716,CPAN,Pancreatic (PAC)
1367.3,x_1367.30,0.4651783830129809,0.10308289105528873,1.1620222803677636,0.4422544765537093,0.047990908227375166,0.07111172613723579,2.173968257234467,0.3620954919576922,1.148058779343447,CPAN,Pancreatic (PAC)
1369.22,x_1369.22,0.38724816246416033,0.11015986115006747,1.071134823376014,0.42006340817384147,0.3313055830663327,0.39112464667553165,1.8136503763092406,0.27708830131409284,0.4076848161677349,CPAN,Pancreatic (PAC)
1371.15,x_1371.15,0.29981861388406045,0.08434173364072034,0.9761630752247962,0.38480504520020054,0.898815308970279,0.9153741112820347,1.8297590791466856,0.2154768802433401,0.03840137450250006,CPAN,Pancreatic (PAC)
1373.07,x_1373.07,0.2169341514101118,0.011046943973790644,0.8841673699727605,0.3440384872268011,0.9761047087388423,0.982408937212936,4.2954140275289365,0.20588720743632116,0.007707695302452837,CPAN,Pancreatic (PAC)
1374.99,x_1374.99,0.13234747472549843,-0.0971419532564866,0.808954368659641,0.3029800576287785,0.6121991991267628,0.6694809955362845,NA,0.22948942798198502,0.17426174673392594,CPAN,Pancreatic (PAC)
1376.92,x_1376.92,0.044546054274128576,-0.21949460163269893,0.7546445146385781,0.26307039629631335,0.21479147626423947,0.27066041820359016,NA,0.2640406559068275,0.5675752514798105,CPAN,Pancreatic (PAC)
1378.84,x_1378.84,-0.03808615849593573,-0.34387128043159865,0.7141280838254207,0.23377758911490928,0.026310865470641164,0.04127627385075417,-3.174563629123303,0.30578512193566293,1.3842995148473252,CPAN,Pancreatic (PAC)
1380.76,x_1380.76,-0.11634326886725296,-0.4597472842447109,0.6894519858582198,0.2189864932422201,8.671802010314262e-4,0.002063138646219805,-1.9824625700541592,0.3434040153774579,2.6854715857617304,CPAN,Pancreatic (PAC)
1382.69,x_1382.69,-0.18937697718622745,-0.5588944582970675,0.6830587058412475,0.21455098235172188,2.3592052970457177e-5,8.139693552537809e-5,-1.5613199557700383,0.36951748111084004,4.089391945349998,CPAN,Pancreatic (PAC)
1384.61,x_1384.61,-0.2511695768541924,-0.6393346880160284,0.6887883820328982,0.21481085573823458,7.997530952269248e-7,3.854480123902963e-6,-1.3479131317558604,0.38816511116183605,5.414034189479591,CPAN,Pancreatic (PAC)
1386.53,x_1386.53,-0.3015017385023973,-0.7047888403331911,0.7008473555876638,0.21228990365681796,4.413636473268898e-8,2.6797078587704023e-07,-1.2250274978349114,0.4032871018307938,6.571912550090488,CPAN,Pancreatic (PAC)
1388.45,x_1388.45,-0.3504693682129146,-0.7507915074668793,0.7129290905155138,0.20421612817920376,1.2923519744250642e-8,9.085331549529586e-8,-1.0991261711539313,0.4003221392539647,7.0416592194287215,CPAN,Pancreatic (PAC)
1390.38,x_1390.38,-0.3943736839503866,-0.7707049658806995,0.7188607027870423,0.19574470589473708,1.3897071674766644e-7,7.827567479461935e-7,-0.966617187242435,0.3763312819303129,6.106373179752997,CPAN,Pancreatic (PAC)
1392.3,x_1392.30,-0.4262574052858645,-0.7766830283459697,0.7171806089514905,0.18968115733478993,2.033567957636608e-6,9.011308248294921e-6,-0.8656025703648379,0.3504256230601052,5.04521215421841,CPAN,Pancreatic (PAC)
1394.22,x_1394.22,-0.442758314735836,-0.7741490046468051,0.6986767056664146,0.18586851945630278,5.422585850828573e-6,2.2237358642652266e-5,-0.8060932710755685,0.33139068991096915,4.652916799601047,CPAN,Pancreatic (PAC)
1396.15,x_1396.15,-0.4461861511760097,-0.7620925729070057,0.6565458425076369,0.18368528607903575,4.346647592570476e-6,1.847325226842452e-5,-0.7723218601452744,0.31590642173099603,4.733456639054024,CPAN,Pancreatic (PAC)
1398.07,x_1398.07,-0.4467842671105496,-0.742011555541369,0.6015715425952468,0.18716624251185732,3.185129645403347e-6,1.3787482492833932e-5,-0.7318645550475553,0.2952272884308194,4.860515026012891,CPAN,Pancreatic (PAC)
1399.99,x_1399.99,-0.4343672829546802,-0.7059090949988854,0.5422181035161369,0.1949743234675428,6.679446168183704e-6,2.6689240030990443e-5,-0.7005682450761783,0.27154181204420524,4.573663792456264,CPAN,Pancreatic (PAC)
1401.91,x_1401.91,-0.3998339130160713,-0.6481955863101915,0.48218220106351084,0.20715314549342853,1.4938705132551419e-5,5.351605095377616e-5,-0.6970297361961605,0.24836167329412018,4.271515941433442,CPAN,Pancreatic (PAC)
1403.84,x_1403.84,-0.3466288335161151,-0.5656728934720431,0.43307939432006454,0.22662686513555128,6.167046077396557e-5,1.9414774688100275e-4,-0.7065779849508568,0.21904405995592796,3.7118676451530894,CPAN,Pancreatic (PAC)
1405.76,x_1405.76,-0.2751522846527542,-0.45693364231312655,0.400944853951499,0.2521648228467076,7.579520980651977e-4,0.0018359720510128495,-0.7317564448705834,0.18178135766037234,2.7361339343457147,CPAN,Pancreatic (PAC)
1407.68,x_1407.68,-0.1862809189304239,-0.313700996921085,0.3895450564086773,0.2799694595549938,0.03188393478858412,0.04879129137041923,-0.7519133556158641,0.1274200779906611,1.311657687162888,CPAN,Pancreatic (PAC)
1409.61,x_1409.61,-0.08060221878473227,-0.13171735119520822,0.3976807790481246,0.3062668621444097,0.597997746346894,0.654716502147946,-0.7085608928108091,0.05111513241047595,0.18394671253535463,CPAN,Pancreatic (PAC)
1411.53,x_1411.53,0.050893733373347384,0.07418776173803807,0.4327752893261774,0.3303321795815791,0.4083448277382262,0.4690447345641788,-0.5436842882494453,-0.023294028364690682,0.3287857350079782,CPAN,Pancreatic (PAC)
1413.45,x_1413.45,0.20747904137681206,0.2992883937348402,0.49000317457459763,0.3574424665277693,0.09074428544892538,0.12607118409323212,-0.5285685907612725,-0.09180935235802812,0.8993841681407335,CPAN,Pancreatic (PAC)
1415.37,x_1415.37,0.3632774389226043,0.5289340832411137,0.5524226430669639,0.3854593275864625,0.01732046193612332,0.02841163493030755,-0.5420149273749483,-0.1656566443185094,1.5465037743453138,CPAN,Pancreatic (PAC)
1417.3,x_1417.30,0.4999102961994458,0.7389786409684822,0.6155936162979126,0.41089759876425275,0.0021212908777234157,0.004487346087491841,-0.563862491277488,-0.23906834476903638,2.348010434123778,CPAN,Pancreatic (PAC)
1419.22,x_1419.22,0.6253022862037162,0.9298424842762868,0.6756654593772826,0.43544959812202155,3.3163346322334435e-4,8.661376762956061e-4,-0.5724317961207372,-0.3045401980725706,3.0624130695263982,CPAN,Pancreatic (PAC)
1421.14,x_1421.14,0.7315847879944347,1.0902473832581612,0.7231093415209464,0.45419755401164025,7.320060956159654e-5,2.2588306910921704e-4,-0.5755578967883873,-0.35866259526372646,3.646116320066812,CPAN,Pancreatic (PAC)
1423.07,x_1423.07,0.8057796169086817,1.205490113777845,0.7586102052234265,0.46608652670478035,2.6209103039164518e-5,8.87880845710827e-5,-0.5811620093014046,-0.3997104968691634,4.051645312962887,CPAN,Pancreatic (PAC)
1424.99,x_1424.99,0.8473237561019965,1.2700760156904622,0.7824792970698333,0.4753068802284651,1.2154275823362088e-5,4.456567801899432e-5,-0.5839290569580431,-0.42275225958846574,4.350999481765632,CPAN,Pancreatic (PAC)
1426.91,x_1426.91,0.8576353276707019,1.2901351410611268,0.7950193124714646,0.48039378813853395,1.0237201493409301e-5,3.813459520453265e-5,-0.5890853917253466,-0.43249981339042487,4.418680859249591,CPAN,Pancreatic (PAC)
1428.84,x_1428.84,0.8526293310175436,1.284310949284067,0.8075830906091035,0.48118348009586454,1.9279510081955643e-5,6.701242351906516e-5,-0.5910033813242593,-0.4316816182665234,4.173844675424416,CPAN,Pancreatic (PAC)
1430.76,x_1430.76,0.8602696853003673,1.2613759368583997,0.8293248641368943,0.4808147735791682,8.473536215651247e-5,2.5723234940369855e-4,-0.5521368779348937,-0.40110625155803237,3.5896744156697666,CPAN,Pancreatic (PAC)
1432.68,x_1432.68,0.8807317303814423,1.2359318976146956,0.8478731427892954,0.48089041471640526,4.937386784245568e-4,0.001251072261048674,-0.4888242308662532,-0.3552001672332533,2.9027176050401047,CPAN,Pancreatic (PAC)
1434.6,x_1434.60,0.9063338416745768,1.2213964519928082,0.8622093318008609,0.4802143297781542,0.0023398653255704903,0.004872548061043225,-0.4304166890252688,-0.31506261031823146,2.312243868466282,CPAN,Pancreatic (PAC)
1436.53,x_1436.53,0.9538078596135843,1.2288036863721639,0.8890546884227756,0.4798807087599079,0.008690966537081582,0.01544877131591498,-0.36548353465985506,-0.2749958267585796,1.8111060555231169,CPAN,Pancreatic (PAC)
1438.45,x_1438.45,1.0207225119069103,1.2666729326054273,0.9298495441875139,0.4830398522607109,0.014606160377862686,0.02451842002388081,-0.31145306383281074,-0.24595042069851702,1.610507519350128,CPAN,Pancreatic (PAC)
1440.37,x_1440.37,1.0883893392855337,1.3275596117348012,0.9714023779340203,0.4921670916902241,0.013890436119140854,0.023401004993507564,-0.2865816747184663,-0.23917027244926747,1.6307654907196756,CPAN,Pancreatic (PAC)
1442.3,x_1442.30,1.1501697257288443,1.4042342236212304,1.004099565195149,0.5042865408866936,0.009658892666247608,0.016975685419062997,-0.28793659824049506,-0.25406449789238605,1.7701726813946033,CPAN,Pancreatic (PAC)
1444.22,x_1444.22,1.1911834486383788,1.4837867106674714,1.0174741897620239,0.5137620858087152,0.004158783567437449,0.00805064727857974,-0.31688787239631505,-0.2926032620290926,2.0941692005992847,CPAN,Pancreatic (PAC)
1446.14,x_1446.14,1.2009042004560604,1.5533624147186087,1.0047591552641482,0.5172069991360264,0.0011579950833590703,0.002647250373938217,-0.3712731235984484,-0.3524582142625483,2.5772049816765312,CPAN,Pancreatic (PAC)
1448.06,x_1448.06,1.1819404974862955,1.607770036538985,0.9741973504787033,0.514785866288482,9.482350982561232e-5,2.8146025932364294e-4,-0.4439033379766736,-0.4258295390526896,3.5505829165314333,CPAN,Pancreatic (PAC)
1449.99,x_1449.99,1.1493044641167967,1.6358455031712067,0.9331960707878554,0.5095392545339019,8.126093785642446e-6,3.16579070398987e-5,-0.5092750912512042,-0.48654103905441004,4.499517800499206,CPAN,Pancreatic (PAC)
1451.91,x_1451.91,1.1108455676192164,1.6385538395320625,0.8903232431001752,0.5058872541199801,6.012597149822287e-7,3.022461470475182e-6,-0.5607643956172786,-0.5277082719128461,5.519639226700995,CPAN,Pancreatic (PAC)
1453.83,x_1453.83,1.0762188609074101,1.6284626385712166,0.8546522215195608,0.5044423134417145,5.274508491279132e-8,3.18144893088659e-7,-0.5975386705213392,-0.5522437776638065,6.497375043734423,CPAN,Pancreatic (PAC)
1455.76,x_1455.76,1.054880173947169,1.6148125655132584,0.8312332255678847,0.5060623578494636,1.0804483907743515e-8,7.831156940883865e-8,-0.6142871144644909,-0.5599323915660894,7.106174072434417,CPAN,Pancreatic (PAC)
1457.68,x_1457.68,1.0312265299191807,1.5990971005030818,0.8140660554453283,0.5104412446838968,2.2650655956997057e-9,1.9429691119075458e-8,-0.6328957632264164,-0.5678705705839011,7.711534103483973,CPAN,Pancreatic (PAC)
1459.6,x_1459.60,0.9939475465925758,1.5759548477303922,0.7880062894510046,0.513988731410612,4.675856945896098e-10,4.554089837930055e-9,-0.6649840412365723,-0.5820073011378164,8.341598406366362,CPAN,Pancreatic (PAC)
1461.52,x_1461.52,0.9506039500228265,1.5389122322259468,0.7511940649381117,0.5126232366095451,1.3773835772670733e-10,1.4975042380752484e-9,-0.6949940719834945,-0.5883082822031203,8.824631939843432,CPAN,Pancreatic (PAC)
1463.45,x_1463.45,0.8996177280786217,1.4776972157972574,0.7045660273600426,0.5065250949963455,8.16691348052253e-11,9.863624171042821e-10,-0.7159660636459819,-0.5780794877186357,9.005963483812138,CPAN,Pancreatic (PAC)
1465.37,x_1465.37,0.8271584959166903,1.384851827605601,0.6486007115656839,0.49632619701094227,4.668691853990217e-11,6.062815115945629e-10,-0.7434952179008877,-0.5576933316889107,9.217325675266414,CPAN,Pancreatic (PAC)
1467.29,x_1467.29,0.7194065376667618,1.2583725412103828,0.5849914707472695,0.48083039252615667,1.2297205317101337e-11,1.9163144952482916e-10,-0.8066790611669582,-0.538966003543621,9.717533215329173,CPAN,Pancreatic (PAC)
1469.22,x_1469.22,0.5901485813243652,1.1063186264005203,0.5245202409283121,0.46209418499605026,3.3536978516241628e-12,6.5327239401429e-11,-0.9066156779539127,-0.516170045076155,10.184905693839234,CPAN,Pancreatic (PAC)
1471.14,x_1471.14,0.4599569082000038,0.946816460081402,0.47093747663603164,0.44039017189589386,2.6134555065208044e-12,5.1991082948871324e-11,-1.041584467895852,-0.4868595518813982,10.284071136330208,CPAN,Pancreatic (PAC)
1473.06,x_1473.06,0.3448569653635337,0.7912779932619858,0.41906456561227323,0.41406562750496023,4.332889611283626e-12,7.94363095401998e-11,-1.1981841674750169,-0.44642102789845206,10.09998094053932,CPAN,Pancreatic (PAC)
1474.99,x_1474.99,0.254017959763551,0.6473035388410802,0.37707611253659684,0.3912156643496637,3.0438891383039405e-11,4.3121762792639156e-10,-1.3495084373842703,-0.39328557907752915,9.36530349375203,CPAN,Pancreatic (PAC)
1476.91,x_1476.91,0.18352449462233533,0.5268639460578941,0.3569384414737082,0.37205647853240814,1.6698993862505674e-10,1.7946619840738858e-9,-1.5214527056019733,-0.3433394514355588,8.746017336653923,CPAN,Pancreatic (PAC)
1478.83,x_1478.83,0.1399852106072309,0.43106426072245213,0.3528313715083744,0.3518920319634445,5.948928942676216e-9,4.5901440999108346e-8,-1.6226215803497457,-0.2910790501152212,7.338173680298516,CPAN,Pancreatic (PAC)
1480.75,x_1480.75,0.1301483696229419,0.3614609939266413,0.3610540790998657,0.3314999068523014,9.293355722869784e-7,4.3664761813483655e-6,-1.4736756382927696,-0.23131262430369942,5.359868904528108,CPAN,Pancreatic (PAC)
1482.68,x_1482.68,0.1481489333771088,0.3194558955705475,0.38565612412433786,0.3160292627058391,1.4766649602421326e-4,4.15867993321203e-4,-1.1085633034423552,-0.1713069621934387,3.3810445031957324,CPAN,Pancreatic (PAC)
1484.6,x_1484.60,0.16968039733152598,0.29401301451340783,0.4123709426311855,0.3069342435053876,0.0033864954700979946,0.006751328922263593,-0.7930565177375026,-0.12433261718188185,2.1706107328282114,CPAN,Pancreatic (PAC)
1486.52,x_1486.52,0.16415565155916703,0.27453113461110545,0.4281407631611692,0.3050266711575875,0.0048949581583725916,0.00928354133484457,-0.7419018213546705,-0.11037548305193842,2.0322863245567837,CPAN,Pancreatic (PAC)
1488.45,x_1488.45,0.12670192390900123,0.2544164150446277,0.4281336857642856,0.31595963059320153,0.0016995369448540528,0.003747799630751272,-1.0057476096837337,-0.12771449113562647,2.426223635923317,CPAN,Pancreatic (PAC)
1490.37,x_1490.37,0.07473971687739912,0.2260718706760746,0.4174626550389002,0.340153493966554,3.823902352243049e-4,9.931524164853475e-4,-1.5968215688316587,-0.15133215379867548,3.002984096359608,CPAN,Pancreatic (PAC)
1492.29,x_1492.29,0.020563479670314657,0.17848578171266216,0.40137035569765395,0.365729310063142,3.000641967496737e-4,7.947876032887958e-4,-3.1175907619659684,-0.1579223020423475,3.099748915423894,CPAN,Pancreatic (PAC)
1494.21,x_1494.21,-0.03760228235549571,0.11027506210720521,0.3889151251777817,0.3862545874123336,7.896218432253793e-4,0.0018979342504260401,NA,-0.14787734446270093,2.7217188367832037,CPAN,Pancreatic (PAC)
1496.14,x_1496.14,-0.10058383688141628,0.02865149988280416,0.3824491680291849,0.40027266157154634,0.003253427453488916,0.006555936786664086,NA,-0.12923533676422044,2.183365242614553,CPAN,Pancreatic (PAC)
1498.06,x_1498.06,-0.166090576237689,-0.06999551945660566,0.3676174631776167,0.4063634708109245,0.01716173014058396,0.02820073406229526,1.2466476636328223,-0.09609505678108334,1.549739586891454,CPAN,Pancreatic (PAC)
1499.98,x_1499.98,-0.23125541672002783,-0.1774103322842334,0.3501905773879178,0.4018150514323329,0.12745847582196038,0.17122654438726,0.3823990179801539,-0.053845084435794444,0.7664289079573688,CPAN,Pancreatic (PAC)
1501.91,x_1501.91,-0.28765109842003145,-0.28241612730640864,0.3388658318224702,0.38772088609040206,0.7996879708860802,0.8382379515453868,0.026497596532050343,-0.0052349711136228105,0.07663268020747414,CPAN,Pancreatic (PAC)
1503.83,x_1503.83,-0.3368952280037793,-0.38326559943311767,0.33175680425234866,0.3700504062818248,0.2477935093559744,0.3054205620464549,-0.18604503748325313,0.046370371429338364,0.5151017279780081,CPAN,Pancreatic (PAC)
1505.75,x_1505.75,-0.3933022709327829,-0.4774206904364838,0.32912957330357107,0.35556043155914313,0.020162031761341362,0.03267157659766755,-0.27962322108860993,0.08411841950370086,1.4858299077300623,CPAN,Pancreatic (PAC)
1507.67,x_1507.67,-0.45965923210748505,-0.5589151291787224,0.3207956066712319,0.34580632459249655,0.0029467612470942656,0.0059896125348546485,-0.2820650680137339,0.09925589707123739,2.222601271002545,CPAN,Pancreatic (PAC)
1509.6,x_1509.60,-0.5088856509441587,-0.6289099858375288,0.3039416653818872,0.3355803873536304,1.0603842222654042e-4,3.0790659870128976e-4,-0.305512571745237,0.12002433489337005,3.5115810036955364,CPAN,Pancreatic (PAC)
1511.52,x_1511.52,-0.5345331348887586,-0.6898381403435306,0.28926770250166595,0.3191634138749723,2.278500009354261e-7,1.2243663843369162e-6,-0.36797912238461944,0.155305005454772,5.912088602708641,CPAN,Pancreatic (PAC)
1513.44,x_1513.44,-0.558615971490636,-0.7303186871052696,0.2823006261197884,0.2977791965000201,1.1546654464327488e-8,8.241314445913132e-8,-0.38666993078362216,0.17170271561463357,7.08400351511355,CPAN,Pancreatic (PAC)
1515.37,x_1515.37,-0.5816575439410598,-0.7549272328266478,0.28214938145384133,0.2750904403665219,3.745745564909758e-9,2.9680272060937485e-8,-0.3761681560174096,0.1732696888855879,7.527532122462338,CPAN,Pancreatic (PAC)
1517.29,x_1517.29,-0.6044361668043974,-0.7760830966861845,0.2845269191081709,0.2518358976638976,5.673790983380811e-9,4.420828807884216e-8,-0.3606216730550481,0.1716469298817871,7.354496302382236,CPAN,Pancreatic (PAC)
1519.21,x_1519.21,-0.6180807737293734,-0.7917885775998816,0.29277474353870625,0.2300916817664042,1.1394363337031204e-8,8.195176707787828e-8,-0.3573203784899343,0.17370780387050822,7.086441677555377,CPAN,Pancreatic (PAC)
1521.13,x_1521.13,-0.6168949132253267,-0.8007945659096898,0.31082684528528237,0.21447467905607082,5.989278932503977e-9,4.5901440999108346e-8,-0.37640797113941243,0.18389965268436304,7.338173680298516,CPAN,Pancreatic (PAC)
1523.06,x_1523.06,-0.6074773524908554,-0.8088568209744477,0.33420768200061796,0.20775977582910518,1.5116629339458407e-9,1.3334007955088311e-8,-0.41305431496964184,0.20137946848359223,7.875039290109665,CPAN,Pancreatic (PAC)
1524.98,x_1524.98,-0.5896292410603146,-0.8109097969409407,0.36306728209543204,0.2063946172323035,8.533648964564262e-10,7.899962160264936e-9,-0.4597340374316911,0.22128055588062612,8.102374988915571,CPAN,Pancreatic (PAC)
1526.9,x_1526.90,-0.570335347169265,-0.8009012175812044,0.3972878351656059,0.2054257080324391,1.35357046544527e-8,9.374728779195018e-8,-0.48981459303306507,0.23056587041193932,7.028041288016548,CPAN,Pancreatic (PAC)
1528.83,x_1528.83,-0.5423354194552502,-0.7846437081509513,0.42859722444015785,0.2056633758845571,3.1619792462083235e-8,1.9705741061641027e-7,-0.5328531290971037,0.2423082886957011,6.705407228246753,CPAN,Pancreatic (PAC)
1530.75,x_1530.75,-0.5019913033713022,-0.7693535738328297,0.44955644612323475,0.20555689196209712,1.2243315463970415e-9,1.1007211498858016e-8,-0.6159854016938416,0.2673622704615275,7.95832268866162,CPAN,Pancreatic (PAC)
1532.67,x_1532.67,-0.4624639253758822,-0.7422282144578911,0.4722496003802244,0.20436408628783478,2.772468170627624e-10,2.7873739134804608e-9,-0.6825231871617137,0.2797642890820089,8.554804768757473,CPAN,Pancreatic (PAC)
1534.6,x_1534.60,-0.4189037613077136,-0.7052038487181777,0.49489224489356454,0.2049030416103057,6.554226339115332e-10,6.253266966400853e-9,-0.7514229084018315,0.28630008741046403,8.20389302988965,CPAN,Pancreatic (PAC)
1536.52,x_1536.52,-0.3654187053986127,-0.6642841579976515,0.5201902142923999,0.21102914636093933,3.177129340056503e-9,2.6523356544221702e-8,-0.8622517994664186,0.2988654525990388,7.576371516602419,CPAN,Pancreatic (PAC)
1538.44,x_1538.44,-0.30424189989423234,-0.6201273923237915,0.5582476554059005,0.22052900682790633,1.0804483907743515e-8,7.831156940883865e-8,-1.027348179957126,0.3158854924295592,7.106174072434417,CPAN,Pancreatic (PAC)
1540.36,x_1540.36,-0.24970138949881032,-0.5769407927153369,0.6060966033427528,0.22800404905219585,1.290659960015328e-7,7.313739773420192e-7,-1.2082227007760626,0.3272394032165266,6.135860496141562,CPAN,Pancreatic (PAC)
1542.29,x_1542.29,-0.2058975877868767,-0.5383383477105371,0.6632098089441054,0.23739556296590772,1.5170413810193921e-5,5.413869050584472e-5,-1.3865905961293363,0.3324407599236604,4.266492253053202,CPAN,Pancreatic (PAC)
1544.21,x_1544.21,-0.16007691372225577,-0.5005961860066724,0.7277179894506561,0.24674397553023888,3.0401607457394126e-4,8.007183935961552e-4,-1.6448881723885282,0.3405192722844167,3.096520195040274,CPAN,Pancreatic (PAC)
1546.13,x_1546.13,-0.11754726462706509,-0.46565349151863195,0.7915333925428348,0.2554092003085953,0.0019363133447290624,0.004152415085600168,-1.9860250039121534,0.34810622689156684,2.381699239847632,CPAN,Pancreatic (PAC)
1548.06,x_1548.06,-0.08432155807307345,-0.4406595125898047,0.8484489744654141,0.26659644252659626,0.00675374150039586,0.012309450882787776,-2.3857047546454098,0.3563379545167312,1.9097613202526236,CPAN,Pancreatic (PAC)
1549.98,x_1549.98,-0.060410035278889836,-0.4313916278763161,0.9018610243429146,0.27686604138562215,0.008865562848161241,0.01569943421028553,-2.8361585814479606,0.37098159259742625,1.8041159987868542,CPAN,Pancreatic (PAC)
1551.9,x_1551.90,-0.04165673464253548,-0.4281979635190829,0.959052652827511,0.28147998217624526,0.012195844383260102,0.020884825088549806,-3.3616875384962066,0.3865412288765474,1.6801691576215432,CPAN,Pancreatic (PAC)
1553.82,x_1553.82,-0.02009956738785622,-0.42682598749584133,1.0121714679704432,0.2824307789385357,0.012631497397563057,0.02151265950222488,-4.40848006206149,0.4067264201079851,1.6673058966444267,CPAN,Pancreatic (PAC)
1555.75,x_1555.75,0.0021216748329814816,-0.4208530850869338,1.0628919652408424,0.28234020436648216,0.028364726366566746,0.04427549107302155,NA,0.4229747599199153,1.3538366132181645,CPAN,Pancreatic (PAC)
1557.67,x_1557.67,0.01600899756417598,-0.401972941378756,1.1185404958983973,0.286869540091139,0.1443520903336923,0.19144568008794655,NA,0.417981938942932,0.717954428925246,CPAN,Pancreatic (PAC)
1559.59,x_1559.59,0.029088033753872238,-0.36349854171970036,1.1698320791379748,0.293172120721359,0.7045292864295682,0.7571665319674096,NA,0.3925865754735726,0.12080859082961534,CPAN,Pancreatic (PAC)
1561.52,x_1561.52,0.061623357817459624,-0.3089264818457348,1.2087101003026521,0.2985348233563943,0.7512076371533609,0.7963482321296967,NA,0.37054983966319444,0.09889697972342254,CPAN,Pancreatic (PAC)
1563.44,x_1563.44,0.11883203270006347,-0.24311477936774611,1.2428027299968583,0.3069691776273871,0.5715895594343845,0.6294890907787392,NA,0.3619468120678096,0.20101179193522745,CPAN,Pancreatic (PAC)
1565.36,x_1565.36,0.1910639225108861,-0.16449656775002325,1.262916635820914,0.31876699660904195,0.47187480102370755,0.5290203105001997,NA,0.35556049026090936,0.27652765392165085,CPAN,Pancreatic (PAC)
1567.28,x_1567.28,0.2711610402749877,-0.07507311500543279,1.2681721236971228,0.33221001646620407,0.37401595727158277,0.4333394300482402,NA,0.3462341552804205,0.36317179221817386,CPAN,Pancreatic (PAC)
1569.21,x_1569.21,0.34885768730452965,0.02512978677298628,1.2705605756598342,0.34690348909895186,0.23109371793801667,0.2884814769987258,3.7951150164972,0.3237279005315434,0.5398820670680324,CPAN,Pancreatic (PAC)
1571.13,x_1571.13,0.4217286179352659,0.1316244791954823,1.2743960683515245,0.36443872686621337,0.11394302998292119,0.15530136010791737,1.6798795616496878,0.2901041387397836,0.8088247407635425,CPAN,Pancreatic (PAC)
1573.05,x_1573.05,0.4851723882455312,0.23957435521229095,1.2731483506743937,0.38409578605516254,0.033543463052544735,0.051080029241252975,1.0180209131207374,0.24559803303324027,1.291748862792507,CPAN,Pancreatic (PAC)
1574.98,x_1574.98,0.54098226690661,0.35070636141750455,1.268943972214206,0.40718459095777215,0.010244593841557197,0.01793763153905614,0.6253162575366407,0.19027590548910545,1.746234901170614,CPAN,Pancreatic (PAC)
1576.9,x_1576.90,0.5907475547389864,0.4610095689288938,1.256234489319451,0.43340577771875044,0.0035117467014626202,0.006941824874984249,0.35774436902681034,0.12973798581009266,2.1585263466985056,CPAN,Pancreatic (PAC)
1578.82,x_1578.82,0.6389481873762042,0.5668876691531186,1.2330996021256535,0.45706189885199605,0.0014438780851766626,0.0032297272957899034,0.17263577181043738,0.07206051822308557,2.4908341460693677,CPAN,Pancreatic (PAC)
1580.75,x_1580.75,0.6878855459472412,0.6557760693376369,1.20895194280325,0.4704975217150789,0.0011261965704676957,0.0025999846750303594,0.06896518325185412,0.03210947660960428,2.585029211863553,CPAN,Pancreatic (PAC)
1582.67,x_1582.67,0.7317251766824507,0.7247287198011801,1.1893106933943671,0.47612697055494063,0.0012436117839151595,0.0028222743154385295,0.013860812830927858,0.006996456881270596,2.549400776587563,CPAN,Pancreatic (PAC)
1584.59,x_1584.59,0.7749126473678807,0.789085473713283,1.167809654832064,0.47775974073091015,0.0019215873955431607,0.004139825379799206,-0.026147857315200862,-0.01417282634540229,2.3830179772822477,CPAN,Pancreatic (PAC)
1586.51,x_1586.51,0.8108109338661945,0.8497746454746048,1.142128712043583,0.47626951699631775,0.002313632524179218,0.004828675022561539,-0.06771467353473722,-0.03896371160841028,2.3161720223191598,CPAN,Pancreatic (PAC)
1588.44,x_1588.44,0.8192660324110479,0.9029938277479307,1.1170580559081902,0.47166294088977945,9.517524049172285e-4,0.0022302969889664375,-0.14038396269145953,-0.0837277953368828,2.6516373019377943,CPAN,Pancreatic (PAC)
1590.36,x_1590.36,0.8225826268253812,0.9612316450386477,1.0936738026842046,0.4716051070575381,3.3163346322334435e-4,8.661376762956061e-4,-0.22472328969432373,-0.13864901821326647,3.0624130695263982,CPAN,Pancreatic (PAC)
1592.28,x_1592.28,0.8201467602322045,1.026816633205489,1.0711502584003254,0.477553980820338,8.674953147269564e-5,2.608064692185544e-4,-0.3242242177306346,-0.20666987297328465,3.5836816402749516,CPAN,Pancreatic (PAC)
1594.21,x_1594.21,0.8207311799991018,1.0885708605997841,1.0495170959780828,0.485145447621842,2.673793038937826e-5,9.025258091721543e-5,-0.40745322224005437,-0.2678396806006823,4.044540369897893,CPAN,Pancreatic (PAC)
1596.13,x_1596.13,0.8231019493951994,1.1241345659797144,1.025299341312965,0.48899852253840664,1.4710373347118562e-5,5.310501575118091e-5,-0.4496712371854222,-0.30103261658451497,4.274864458011059,CPAN,Pancreatic (PAC)
1598.05,x_1598.05,0.8111280029439302,1.126956332601078,0.9985816868684162,0.48621350090430326,9.921213437744286e-6,3.725435567988316e-5,-0.47442960931470574,-0.3158283296571479,4.428822943394865,CPAN,Pancreatic (PAC)
1599.97,x_1599.97,0.786934412365567,1.0920878413025599,0.9790986646145848,0.47881339065512374,9.81797025614139e-6,3.701533140924274e-5,-0.472773087435624,-0.3051534289369928,4.431618357897042,CPAN,Pancreatic (PAC)
1601.9,x_1601.90,0.7536833695992349,1.024041084258056,0.9633085325110802,0.46921156746539716,2.9832658485568676e-5,1.0033645929498817e-4,-0.442242627326237,-0.2703577146588212,3.99854122856021,CPAN,Pancreatic (PAC)
1603.82,x_1603.82,0.7054345135172421,0.9306041588083486,0.945972824911407,0.4586463817185325,9.981701536392022e-5,2.916528417664544e-4,-0.3996549779620339,-0.2251696452911065,3.535133787595093,CPAN,Pancreatic (PAC)
1605.74,x_1605.74,0.6316037376456696,0.8077358606458832,0.9218008893829972,0.44409835747624565,2.7856393113948367e-4,7.42043520271844e-4,-0.3548633846971827,-0.17613212300021364,3.1295706229424702,CPAN,Pancreatic (PAC)
1607.67,x_1607.67,0.54780798197192,0.671957015797304,0.904561066767401,0.4257875075817275,5.988449837411565e-4,0.001477361635350874,-0.29469817474539967,-0.124149033825384,2.830513183081209,CPAN,Pancreatic (PAC)
1609.59,x_1609.59,0.49211575480430275,0.5575307173070163,0.9000179659185809,0.4121967766346685,0.0019363133447290624,0.004152415085600168,-0.1800532446706405,-0.06541496250271356,2.381699239847632,CPAN,Pancreatic (PAC)
1611.51,x_1611.51,0.4500755534182142,0.46488454402905505,0.9037693875830608,0.40541494837012154,0.006527166603467797,0.011966472106357626,-0.04670515486676255,-0.014808990610840844,1.9220338671849797,CPAN,Pancreatic (PAC)
1613.43,x_1613.43,0.41311628376574855,0.3900866734107835,0.9078115782426155,0.40345246364042664,0.014066402206715832,0.023654831049063494,0.08275300952071424,0.023029610354965036,1.6260801494848502,CPAN,Pancreatic (PAC)
1615.36,x_1615.36,0.38842599507710623,0.32642047267096197,0.9159524291608302,0.4024909622406009,0.024747048748335377,0.03921778064354844,0.25090750546523516,0.062005522406144264,1.4065169869439182,CPAN,Pancreatic (PAC)
1617.28,x_1617.28,0.3786614258745137,0.27275008467870543,0.9189303038462159,0.4004479551372079,0.06583387706370444,0.09469950008394408,0.47332733789822445,0.10591134119580825,1.0236523136192985,CPAN,Pancreatic (PAC)
1619.2,x_1619.20,0.3778065655191156,0.2301552583394467,0.9141403599117447,0.40131135295812637,0.16703799734600056,0.21782500351256698,0.7150379192653576,0.14765130717966893,0.6618922702906122,CPAN,Pancreatic (PAC)
1621.13,x_1621.13,0.3757269713460731,0.2025267135621947,0.9082321213471166,0.4069771821440187,0.3028866761075294,0.362610809424507,0.8915691849313042,0.17320025778387838,0.44055925373349375,CPAN,Pancreatic (PAC)
1623.05,x_1623.05,0.3718287525832,0.17856451008617844,0.8947670440985669,0.416181891460693,0.5762093151670753,0.6338302466837828,1.0581887636104859,0.19326424249702154,0.19802703990994924,CPAN,Pancreatic (PAC)
1624.97,x_1624.97,0.3778951235707232,0.15120709926886305,0.8841471606384756,0.42990312417420085,0.9499804699162699,0.9602505290504998,1.321454301872036,0.22668802430186014,0.01761544488796258,CPAN,Pancreatic (PAC)
1626.9,x_1626.90,0.3906215933277718,0.13932481886308845,0.8884799381297734,0.4478316482277654,0.6828323551479663,0.7355394609024752,1.4873127634455807,0.25129677446468335,0.13339402287869528,CPAN,Pancreatic (PAC)
1628.82,x_1628.82,0.40061367614215165,0.14372485575763266,0.8912556421950252,0.47188549028879667,0.5585967902853969,0.6180923064104688,1.4788956531730069,0.256888820384519,0.20894666217467575,CPAN,Pancreatic (PAC)
1630.74,x_1630.74,0.40333111578354475,0.1616918067500348,0.8965570705022889,0.5028829069263417,0.597997746346894,0.654716502147946,1.3187127877013747,0.24163930903350994,0.18394671253535463,CPAN,Pancreatic (PAC)
1632.66,x_1632.66,0.407004382645276,0.19014121758634484,0.9057532522605665,0.5442351352886138,0.7375254402812099,0.7845122715164178,1.0979689827733026,0.21686316505893116,0.10540025869249083,CPAN,Pancreatic (PAC)
1634.59,x_1634.59,0.4341290350315894,0.23813263454358413,0.9135180033317437,0.5917922412268617,0.8631468146377309,0.8878352823831446,0.8663558334791476,0.19599640048800526,0.05166760019842104,CPAN,Pancreatic (PAC)
1636.51,x_1636.51,0.4846830542005121,0.3142682997848896,0.9201344787924927,0.639046366636138,0.9977453931575098,0.9977453931575098,0.62504327393157455,0.17041475441562248,9.802687866266127e-4,CPAN,Pancreatic (PAC)
1638.43,x_1638.43,0.5403357874618794,0.39152374421344976,0.9303427511490634,0.6689862276846835,0.899709955367048,0.9153741112820347,0.46475541937754217,0.14881204324842962,0.03840137450250006,CPAN,Pancreatic (PAC)
1640.36,x_1640.36,0.6016923451522971,0.4713508185263844,0.9417098188186795,0.6815118487544998,0.8154464180034782,0.8518909506516783,0.35222410619056976,0.1303415266259127,0.0696159950939982,CPAN,Pancreatic (PAC)
1642.28,x_1642.28,0.6731051932891619,0.5526016418592928,0.9482184633232019,0.6840046000913239,0.7554996477485559,0.7990861658878957,0.2845916717129679,0.12050355142986902,0.09740638795511279,CPAN,Pancreatic (PAC)
1644.2,x_1644.20,0.7343819650792107,0.6208709862222807,0.947917580172578,0.6780477225486695,0.7154699386336015,0.7645307344256199,0.24223675535826086,0.11351097885693007,0.1166050510977638,CPAN,Pancreatic (PAC)
1646.12,x_1646.12,0.7619898964344881,0.6803735730403858,0.9481026949237338,0.6603463531447041,0.49730172914436055,0.5535441866071157,0.16344453622237146,0.0816163233941023,0.2568477058896773,CPAN,Pancreatic (PAC)
1648.05,x_1648.05,0.7663358289066056,0.7274103501327831,0.9422593982076101,0.6320406916304682,0.2893036772282932,0.34948183231066426,0.07520720395357187,0.038925478773822464,0.45657539597640173,CPAN,Pancreatic (PAC)
1649.97,x_1649.97,0.7563973803241494,0.7578888185404973,0.9255639004921529,0.6056439034270977,0.1581939764874681,0.2074493240053053,-0.0028418516579329814,-0.0014914382163478956,0.6830879760253867,CPAN,Pancreatic (PAC)
1651.89,x_1651.89,0.7339601721450495,0.7719502526826522,0.9031090024083183,0.5860732952269656,0.1013464514911431,0.13976243679088318,-0.07280600285570774,-0.037990080537602666,0.8546095359329078,CPAN,Pancreatic (PAC)
1653.82,x_1653.82,0.7151423257190423,0.7863202688087032,0.8874479475490029,0.5695054063292897,0.05618070200725062,0.08259269870562788,-0.13688646850923583,-0.07117794308966086,1.083058343139771,CPAN,Pancreatic (PAC)
1655.74,x_1655.74,0.7092027668324155,0.8016068607337826,0.8845662081427559,0.5535355215731611,0.029107164013440042,0.045283191934386756,-0.17669645704946182,-0.09240409390136717,1.3440629680690606,CPAN,Pancreatic (PAC)
1657.66,x_1657.66,0.7006530794340304,0.7940256875278561,0.8814846497504777,0.5359636615923441,0.019386592736091793,0.031524285579557956,-0.18048515197242368,-0.09337260809382564,1.50135474686024,CPAN,Pancreatic (PAC)
1659.58,x_1659.58,0.6807283892239955,0.7828366436919492,0.8734561112258503,0.516646124646402,0.008954030511390628,0.01582612198138041,-0.2016317346148456,-0.10210825446795369,1.8006254912284863,CPAN,Pancreatic (PAC)
1661.51,x_1661.51,0.6628642082721854,0.7725139666845751,0.8664776596245143,0.49886706231029887,0.0038991795943176246,0.0075952769180978735,-0.22084735173640332,-0.10964975841238966,2.11945638746157,CPAN,Pancreatic (PAC)
1663.43,x_1663.43,0.6583156234961076,0.7611644862596483,0.8616830029598179,0.48429808939343355,0.0029576317261766362,0.005998667383894045,-0.20942851810806246,-0.10284886276354066,2.221945218299948,CPAN,Pancreatic (PAC)
1665.35,x_1665.35,0.6526625397713142,0.7569454759181159,0.8462003040197834,0.4690491360977579,0.0020814676486758028,0.004413089005695863,-0.21385184288831396,-0.10428293614680173,2.3552573133656867,CPAN,Pancreatic (PAC)
1667.28,x_1667.28,0.6401193581777226,0.741481298079169,0.8224665217041083,0.450609638843969,0.0023841925941232084,0.004953822390011555,-0.21206905829969946,-0.10136193990144637,2.3050595682832182,CPAN,Pancreatic (PAC)
1669.2,x_1669.20,0.6261018337883956,0.7302182113208623,0.7936134062923225,0.4366163165324243,0.002313632524179218,0.004828675022561539,-0.22192999412392114,-0.10411637753246672,2.3161720223191598,CPAN,Pancreatic (PAC)
1671.12,x_1671.12,0.6145913900242314,0.739109620052834,0.7651920050610977,0.43425981788709184,0.0018494883809374854,0.004012231174423547,-0.2661604001836298,-0.12451823002860263,2.3966140520015404,CPAN,Pancreatic (PAC)
1673.04,x_1673.04,0.6234753519582953,0.7545728199814692,0.7452656478418104,0.4370031190100046,0.0037209387784068056,0.007278405351067705,-0.2753272059260896,-0.1310974680231739,2.137963761221649,CPAN,Pancreatic (PAC)
1674.97,x_1674.97,0.639932065347487,0.7616502881450419,0.7319229498747207,0.4337876608228346,0.007758401868521537,0.013896754304727274,-0.2512096178574443,-0.12171822279755484,1.8570866207634695,CPAN,Pancreatic (PAC)
1676.89,x_1676.89,0.6339028781484478,0.7479068810215724,0.7105118760190289,0.42221798157100077,0.011218628928697235,0.019460886917127856,-0.2385964916608246,-0.11400400287312462,1.710837370931122,CPAN,Pancreatic (PAC)
1678.81,x_1678.81,0.6157745908661019,0.73491977673105,0.6798221068863017,0.4156279918599327,0.015211426458376866,0.025352377430628112,-0.25518405756501333,-0.11914518586494816,1.5959813082600507,CPAN,Pancreatic (PAC)
1680.74,x_1680.74,0.6008522325766986,0.7204228018840813,0.6471800169649267,0.4123511189933281,0.025185420116649815,0.039777648326127665,-0.2618332127922312,-0.11957056930738263,1.4003608961531577,CPAN,Pancreatic (PAC)
1682.66,x_1682.66,0.5925689954553736,0.707805732644185,0.619837210292045,0.41428529484851523,0.03134663165928668,0.048126601972796466,-0.25636990685380123,-0.11523673718881144,1.3176148010394675,CPAN,Pancreatic (PAC)
1684.58,x_1684.58,0.5682338761934267,0.713301206511972,0.5885776473130754,0.4226629790900249,0.014929381331304007,0.025016078037220873,-0.3280260547384663,-0.14506733031854535,1.601780776988918,CPAN,Pancreatic (PAC)
1686.51,x_1686.51,0.528358776506204,0.7086487215801562,0.5540996407492864,0.42406118563965806,0.00469232977184032,0.008953731299327958,-0.42355205416507885,-0.18028994507395224,2.047995942895408,CPAN,Pancreatic (PAC)
1688.43,x_1688.43,0.4868609688765254,0.7046433057676699,0.5260188966647469,0.4214195020584408,7.704757491025487e-4,0.001856687694357946,-0.5333823805296878,-0.21778233689114446,2.731261140968603,CPAN,Pancreatic (PAC)
1690.35,x_1690.35,0.4497923573125217,0.7144729796059983,0.5058221631636818,0.4241442174431812,6.468789606013341e-5,2.0228489236195565e-4,-0.6676191157292156,-0.2646806222934766,3.6940365512817968,CPAN,Pancreatic (PAC)
1692.27,x_1692.27,0.4123184664872205,0.7259811795966171,0.49507894276167685,0.4357557776784656,3.401716954724755e-6,1.4657167523814037e-5,-0.8161715598151564,-0.31366271310939664,4.833949948359988,CPAN,Pancreatic (PAC)
1694.2,x_1694.20,0.365932117648994,0.7339742530008966,0.47726709638392056,0.4424106415804616,5.837306192828484e-8,3.4762765725870945e-7,-1.0041514331596475,-0.36804213535190256,6.45888567837695,CPAN,Pancreatic (PAC)
1696.12,x_1696.12,0.32650711644167973,0.7389301256757901,0.4626570879733862,0.45090410535423875,9.227114360912702e-10,8.376069832479006e-9,-1.178321044670815,-0.41242300923411035,8.076959710539594,CPAN,Pancreatic (PAC)
1698.04,x_1698.04,0.30423276872803634,0.7452746732324235,0.45642258103444044,0.4630795695388945,5.643860542579741e-11,7.131094063935213e-10,-1.292593873671846,-0.44104190450438713,9.146843834877556,CPAN,Pancreatic (PAC)
1699.97,x_1699.97,0.2779331236055482,0.738873701636549,0.460251222177601,0.47400302544819495,5.771272115576081e-12,1.0181395147289878e-10,-1.410586759343997,-0.46094057803100075,9.992192706944815,CPAN,Pancreatic (PAC)
1701.89,x_1701.89,0.2632501225122829,0.7203031107089809,0.46446289943858143,0.48854569275411824,1.0934614147832153e-11,1.7328583437666208e-10,-1.4521664546724211,-0.457052988196698,9.761236938171818,CPAN,Pancreatic (PAC)
1703.81,x_1703.81,0.244502501966358,0.7133266289578936,0.4672955985788488,0.5021080018214504,7.0916131523269864e-12,1.1840461245403093e-10,-1.5447097251116524,-0.46882412699153553,9.926631379333399,CPAN,Pancreatic (PAC)
1705.73,x_1705.73,0.22387553235022992,0.7068448695241605,0.4731899928105828,0.5157080162851452,4.264229843641019e-12,7.94363095401998e-11,-1.6586923571469352,-0.48296933717393054,10.09998094053932,CPAN,Pancreatic (PAC)
1707.66,x_1707.66,0.20658198294326263,0.7027458663804449,0.48251011534177407,0.5304044745609192,5.0016441529153186e-12,8.99334092879966e-11,-1.7662836968912239,-0.49616388343718226,10.046078942593445,CPAN,Pancreatic (PAC)
1709.58,x_1709.58,0.19730494159648176,0.7000755094480139,0.49852552493768904,0.5467679380620597,1.829366986466119e-11,2.7150129084854307e-10,-1.82707819738282,-0.5027705678515322,9.56622810122406,CPAN,Pancreatic (PAC)
1711.5,x_1711.50,0.16829645728350348,0.7051708515164635,0.5171022056933912,0.5667210043064169,6.004910939045483e-12,1.0397392088902827e-10,-2.0669615075428407,-0.53687439423296,9.983075578338575,CPAN,Pancreatic (PAC)
1713.43,x_1713.43,0.1170684838509239,0.7236924528889087,0.5315595330965965,0.5907438432119658,1.6765746903254076e-13,4.3915215009748355e-12,-2.628013658009485,-0.6066239690379848,11.357384986592402,CPAN,Pancreatic (PAC)
1715.35,x_1715.35,0.08732902268961626,0.751469174285154,0.5473600346187262,0.6164843680083474,1.9174692256510568e-14,7.794929243407556e-13,-3.105166224845794,-0.6641401515955377,12.108187822660787,CPAN,Pancreatic (PAC)
1717.27,x_1717.27,0.07192920249281165,0.77817098599439,0.5634310052589436,0.644140095708085,4.7022095550167834e-15,2.1982829669703463e-13,-3.435419473972691,-0.7062417835015784,12.657916405140886,CPAN,Pancreatic (PAC)
1719.19,x_1719.19,0.04199808963521814,0.787999808740419,0.5621544572142573,0.6743362312022457,5.853014932765085e-16,3.040316090075197e-14,-4.22976714860578,-0.7460017191052009,13.517081262102051,CPAN,Pancreatic (PAC)
1721.12,x_1721.12,-0.0012693544284182313,0.7781132289541243,0.5445635929643957,0.7014159739830478,5.742764827274098e-17,4.10159492730725e-15,NA,-0.7793825833825425,14.387047232685815,CPAN,Pancreatic (PAC)
1723.04,x_1723.04,-0.04622757022530782,0.7431288315542581,0.5288343570687157,0.7191847958212301,3.6889987942607546e-17,2.874344893861505e-15,NA,-0.7893564017795659,14.541461121896253,CPAN,Pancreatic (PAC)
1724.96,x_1724.96,-0.07855969951938847,0.67350577721232,0.5026963084295913,0.7243858303382409,1.420413542614891e-16,8.300541639655768e-15,NA,-0.7520654767317084,14.080893567450591,CPAN,Pancreatic (PAC)
1726.89,x_1726.89,-0.10036251208355644,0.5668209168247809,0.4602972380466645,0.7140941510662653,6.612402333836591e-15,2.9440934200653397e-13,NA,-0.6671834289083373,12.531048413364712,CPAN,Pancreatic (PAC)
1728.81,x_1728.81,-0.12790902526977085,0.4334831563720675,0.41176276229380493,0.685155756677758,1.985285151595623e-12,4.035307862482407e-11,NA,-0.5613921816418384,10.394123326399924,CPAN,Pancreatic (PAC)
1730.73,x_1730.73,-0.18251722135310774,0.29622735895054186,0.357646159945342,0.6426961866047805,6.565027879783759e-11,8.137891641169241e-10,NA,-0.47874458030364964,9.089488097224878,CPAN,Pancreatic (PAC)
1732.66,x_1732.66,-0.25718758999557906,0.15153380141132133,0.3082042377273578,0.5883176251407057,5.323171968471759e-10,5.13109875311453e-9,NA,-0.4087213914069004,8.289789626833604,CPAN,Pancreatic (PAC)
1734.58,x_1734.58,-0.3108083217986203,0.019753757937638505,0.26556399255943747,0.5198327523543422,1.3269965689240451e-8,9.259267104059568e-8,NA,-0.3305620797362588,7.033423387536129,CPAN,Pancreatic (PAC)
1736.5,x_1736.50,-0.34625834416768914,-0.08224386114499857,0.22424060470927035,0.44979996677705936,2.0804212086645405e-7,1.130926645407759e-6,2.0738823108521056,-0.2640144830226906,5.946565563534127,CPAN,Pancreatic (PAC)
1738.42,x_1738.42,-0.3900631685205923,-0.17446502838359992,0.19076229696745559,0.3828174685201549,8.622030508705174e-7,4.092181992710324e-6,1.1607744734799652,-0.21559814013699238,5.388045060035082,CPAN,Pancreatic (PAC)
1740.35,x_1740.35,-0.4397468031937543,-0.2513311011089274,0.17090818149903053,0.3247854772414636,8.92585637467005e-7,4.214987732483079e-6,0.8070863399514006,-0.18841570208482689,5.37520368503038,CPAN,Pancreatic (PAC)
1742.27,x_1742.27,-0.4652508629610331,-0.31930682245006453,0.15240292160403765,0.27464248496106564,1.3617756837978946e-5,4.935117303686169e-5,0.5430668650618171,-0.14594404051096854,4.306702520048417,CPAN,Pancreatic (PAC)
1744.19,x_1744.19,-0.47790383266659126,-0.379583138466291,0.14091713148854612,0.23472804368686087,0.0014382476080398823,0.003224847754238105,0.3323052120599556,-0.09832069420030026,2.491490783681432,CPAN,Pancreatic (PAC)
1746.12,x_1746.12,-0.4856070419453417,-0.43271477306000194,0.13341561434362997,0.20756921712773954,0.08988478525631728,0.12524929093093393,0.16637333007854438,-0.052892268885339766,0.9022247241086556,CPAN,Pancreatic (PAC)
1748.04,x_1748.04,-0.4851238340362158,-0.47206807699696307,0.13538037864947577,0.19768372845212787,0.9149375244128151,0.9298549840499805,0.0393582170135957,-0.013055757039252713,0.03158477675534887,CPAN,Pancreatic (PAC)
1749.96,x_1749.96,-0.4947099253204598,-0.5035539281997872,0.13131244965500052,0.19450561035302388,0.4711788748847679,0.5288742473196374,-0.025563498966264545,0.00884400287932735,0.2766475797370577,CPAN,Pancreatic (PAC)
1751.88,x_1751.88,-0.518166092944878,-0.5334324427093721,0.11677085983894418,0.19114475713159848,0.33299612671791545,0.392624689131464,-0.04189103671805376,0.015266349764494036,0.40602239445473964,CPAN,Pancreatic (PAC)
1753.81,x_1753.81,-0.5242060357975804,-0.5468651290269111,0.11658282427954293,0.19572358852775254,0.19540596862809187,0.2506235674448092,-0.061051220106083555,0.022659093229330685,0.6009780924401016,CPAN,Pancreatic (PAC)
1755.73,x_1755.73,-0.5169643368769614,-0.5518973489598662,0.12317946317730596,0.2013813662942794,0.07738175836850539,0.10929296687998873,-0.09433537348725582,0.03493301208290478,0.9614077844683006,CPAN,Pancreatic (PAC)
1757.65,x_1757.65,-0.5148295513564727,-0.5613394989508134,0.12192814664561584,0.1964165769689923,0.022518998075083646,0.03605353287706029,-0.12477894403164909,0.046509947594340684,1.4430521724469991,CPAN,Pancreatic (PAC)
1759.58,x_1759.58,-0.5225256424386087,-0.5695140958135249,0.11372807325643994,0.1897368055399789,0.023679926976557186,0.037782818640069916,-0.12422993994905578,0.046988453374916195,1.4227056463568175,CPAN,Pancreatic (PAC)
1761.5,x_1761.50,-0.5209851693646895,-0.5815727278803937,0.1151053073759888,0.1785921582386647,0.004355922225425696,0.008397499547985621,-0.15871760138885307,0.06058755851570419,2.0758500108631788,CPAN,Pancreatic (PAC)
1763.42,x_1763.42,-0.5230465931141652,-0.5817726212140245,0.11818980571468946,0.16849269136890213,0.003680872689773718,0.007230285640626946,-0.1535162140181631,0.05872602809985927,2.14084454507094,CPAN,Pancreatic (PAC)
1765.34,x_1765.34,-0.5382754180467273,-0.5995543456753268,0.11792060865645458,0.16266244220472234,0.0017061027525819093,0.0037534260556802007,-0.15554626247602285,0.061278927628599544,2.4255721355259507,CPAN,Pancreatic (PAC)
1767.27,x_1767.27,-0.5550718907464639,-0.638127819501993,0.12276330833999743,0.16409303605851014,4.16951302753618e-5,1.3583605159394872e-4,-0.20117113289467825,0.08305592875552914,3.8669849507447203,CPAN,Pancreatic (PAC)
1769.19,x_1769.19,-0.5720748366923901,-0.6678770190348893,0.13119105335577347,0.17169437970838272,9.028182984041325e-6,3.459570118884688e-5,-0.22337894783464415,0.09580218234249915,4.460977862650864,CPAN,Pancreatic (PAC)
1771.11,x_1771.11,-0.5752768815959477,-0.688465964600367,0.14606169633659935,0.18357433006893925,1.450936663840722e-6,6.617686735078414e-6,-0.25912925210414856,0.11318908300441932,5.179293795116161,CPAN,Pancreatic (PAC)
1773.04,x_1773.04,-0.5794961919095759,-0.6948096235359654,0.15854042551162226,0.18840684450794715,1.450936663840722e-6,6.617686735078414e-6,-0.26181896880638084,0.11531343162638952,5.179293795116161,CPAN,Pancreatic (PAC)
1774.96,x_1774.96,-0.5980119715130152,-0.6990912024697516,0.1578473861213021,0.189735292270113,1.654953083428258e-5,5.817222304531659e-5,-0.22530666287801077,0.10107923095673643,4.235284339367072,CPAN,Pancreatic (PAC)
1776.88,x_1776.88,-0.6139654096509376,-0.6985257868345248,0.15585685122770157,0.18030696568826102,2.0526274782042736e-4,5.644725565061752e-4,-0.18615628218894892,0.08456037718358722,3.2483571677295453,CPAN,Pancreatic (PAC)
1778.81,x_1778.81,-0.6325733875577908,-0.688991626361559,0.14131098531335795,0.1647049741059344,0.005455553832930221,0.010242857095963367,-0.12325377327086721,0.05641823880376817,1.9895788863347406,CPAN,Pancreatic (PAC)
1780.73,x_1780.73,-0.6459837778383785,-0.6782951796016787,0.1386627372140409,0.15695731163623922,0.09052879310056057,0.12595896063842876,-0.07041541059147975,0.032311401763300274,0.8997709316402684,CPAN,Pancreatic (PAC)
1782.65,x_1782.65,-0.6564368053660226,-0.6667765024546656,0.14442287580820373,0.15415145325007917,0.3728022388757704,0.4330063271414228,-0.022547167256825425,0.010339697088643018,0.3635057576361724,CPAN,Pancreatic (PAC)
1784.57,x_1784.57,-0.6593536984128537,-0.6724629655343676,0.15720067169499066,0.15765886192147333,0.24228725754572736,0.3004490527921155,-0.028402278509290606,0.013109267121513835,0.5222291608230039,CPAN,Pancreatic (PAC)
1786.5,x_1786.50,-0.6471841478565351,-0.6893355349815752,0.1560910876840786,0.15441483864929467,0.022055541488745847,0.03543287163569994,-0.09103025312239374,0.042151387125040074,1.4505936491062672,CPAN,Pancreatic (PAC)
1788.42,x_1788.42,-0.625433477994867,-0.687875846153923,0.1466035062158281,0.1542269026893988,0.001885221322870872,0.004070858976638026,-0.1372919621745659,0.062442368159056016,2.390313942260432,CPAN,Pancreatic (PAC)
1790.34,x_1790.34,-0.5966076411108003,-0.6833876685185495,0.13296419504688262,0.15764175402016045,1.6465203477190008e-5,5.809420849499116e-5,-0.1959220669174428,0.08678002740774915,4.235867160966574,CPAN,Pancreatic (PAC)
1792.27,x_1792.27,-0.5930368862620227,-0.677369891850029,0.1308262701413195,0.1592283695168019,2.371082081892597e-5,8.150594656505802e-5,-0.19182232368917598,0.08433300558800638,4.088810704558445,CPAN,Pancreatic (PAC)
1794.19,x_1794.19,-0.6193909681631824,-0.6776529265059983,0.1297035813410656,0.1614014898890919,0.0020115094840304167,0.0042939757250420995,-0.1296964115973781,0.05826195834281589,2.3671404150721185,CPAN,Pancreatic (PAC)
1796.11,x_1796.11,-0.6427581495505402,-0.6791053548442108,0.13384030556325374,0.1595318833509418,0.06870753353186959,0.0983790870632436,-0.07935953120904934,0.036347205293670526,1.0070972119173183,CPAN,Pancreatic (PAC)
1798.03,x_1798.03,-0.666826266737177,-0.6850040060003627,0.14715324214967668,0.15043445996117977,0.301827016652917,0.3618054622698428,-0.03880154841944526,0.018177739263185666,0.44152488077155005,CPAN,Pancreatic (PAC)
1799.96,x_1799.96,-0.6884675614743448,-0.7093979938295172,0.1566941637892805,0.13409684183912104,0.20171990821934527,0.2562610247079998,-0.04320663167860147,0.020930432355172335,0.5913174415777314,CPAN,Pancreatic (PAC)
1801.88,x_1801.88,-0.6985858331875006,-0.7315331592202601,0.1514395331761199,0.13290853613999745,0.07757154741989301,0.10939577200241324,-0.06648596767827726,0.032947326032759516,0.96099946256844,CPAN,Pancreatic (PAC)
1803.8,x_1803.80,-0.6930339658889761,-0.7441575065304004,0.139912337530106,0.1388932893270742,0.005908248742933022,0.011048425149284752,-0.10268209272572015,0.051123540641424214,1.9566996222248827,CPAN,Pancreatic (PAC)
1805.73,x_1805.73,-0.6798483912917919,-0.7530265377054755,0.13233409291129297,0.1426781577761531,5.263087070979936e-5,1.6852693189610413e-4,-0.14748785870474218,0.07317814641368359,3.7733306856577444,CPAN,Pancreatic (PAC)
1807.65,x_1807.65,-0.6740145410461633,-0.7518131008784024,0.13504090072472666,0.1442073469290286,3.0734024112867974e-5,1.0299753600548944e-4,-0.15759456094634497,0.07779855983223904,3.987173164731907,CPAN,Pancreatic (PAC)
1809.57,x_1809.57,-0.6652019496965902,-0.7419277071024836,0.14947462867665956,0.14984305690803607,1.1525883074613161e-4,3.3159078999271706e-4,-0.1574864456736551,0.07672575740589338,3.4793975405792104,CPAN,Pancreatic (PAC)
1811.49,x_1811.49,-0.6681402215355428,-0.7284562968298276,0.17015938122139646,0.15374224969334285,0.0026865739011949163,0.0054966008700596215,-0.12469168969381418,0.06031607529428484,2.259905797730279,CPAN,Pancreatic (PAC)
1813.42,x_1813.42,-0.6729880643301337,-0.7182835237775511,0.17496338306503792,0.15508291384768283,0.02716357336729209,0.042471473408725924,-0.09397263969448251,0.04529545944741742,1.371902672322727,CPAN,Pancreatic (PAC)
1815.34,x_1815.34,-0.6725563554263311,-0.7064770568159304,0.17169834638229253,0.15558974855507887,0.06306001849540184,0.09098937853889001,-0.07098765180482715,0.03392070138959935,1.041009301208299,CPAN,Pancreatic (PAC)
1817.26,x_1817.26,-0.685503229872203,-0.7036650908232945,0.168421506541481,0.15643196376754132,0.22889982343877793,0.28650781113153595,-0.03772553275069855,0.018161860951091513,0.5428635332600116,CPAN,Pancreatic (PAC)
1819.19,x_1819.19,-0.68829985632075,-0.7086548992970927,0.16217977118021132,0.15154912677023058,0.15358108591271488,0.20253641090040678,-0.04204608637570204,0.02035504297634272,0.6934968903177076,CPAN,Pancreatic (PAC)
1821.11,x_1821.11,-0.658092663433444,-0.7077154745030722,0.15641819596367706,0.1530002757902014,0.01333189508803851,0.02254126927181918,-0.10487888003920787,0.04962281106962818,1.6470216330003362,CPAN,Pancreatic (PAC)
1823.03,x_1823.03,-0.6465438860340851,-0.7100220262868255,0.1461950972613076,0.14998984618003436,0.0017126918831914099,0.0037590772553614273,-0.13511567960451365,0.06347814025274046,2.4249187487122605,CPAN,Pancreatic (PAC)
1824.96,x_1824.96,-0.6603196285442341,-0.7217380762257247,0.14199388245470718,0.14906439631635274,0.0016995369448540528,0.003747799630751272,-0.12831102205518918,0.06141844768149063,2.426223635923317,CPAN,Pancreatic (PAC)
1826.88,x_1826.88,-0.6755414145816041,-0.7318156771509068,0.14695180148467837,0.1499371255071753,0.005268685960723226,0.009931897929992372,-0.11543626824664141,0.05627426256930268,2.0029677523342335,CPAN,Pancreatic (PAC)
1828.8,x_1828.80,-0.6775182617799158,-0.7329231475752135,0.15032476092529357,0.14836526231366345,0.007376274457801899,0.013314317795453235,-0.11340225669844102,0.055404885795297676,1.875681081216062,CPAN,Pancreatic (PAC)
1830.72,x_1830.72,-0.6666453594791634,-0.7390264639334991,0.15633743497054547,0.14790935752864104,9.289826272514483e-4,0.002187906187607315,-0.14870675521358315,0.07238110445433577,2.6599713034893977,CPAN,Pancreatic (PAC)
1832.65,x_1832.65,-0.6692720213244311,-0.7509390129765814,0.16528198857045423,0.1503328987173053,2.642658853500133e-4,7.079902659090615e-4,-0.16610327517081547,0.0816669916521503,3.1499727133427764,CPAN,Pancreatic (PAC)
1834.57,x_1834.57,-0.685407080110573,-0.7535818208475277,0.16335467144325003,0.14842082805497958,0.002627336888881542,0.005410925090537978,-0.13680325803777466,0.06817474073695462,2.2667284784479746,CPAN,Pancreatic (PAC)
1836.49,x_1836.49,-0.7106763563273574,-0.7454931442974632,0.1607290895601664,0.14857290616151267,0.12466005868622056,0.1679497908812914,-0.06900247736018517,0.03481678797010579,0.7748205325734795,CPAN,Pancreatic (PAC)
1838.42,x_1838.42,-0.7190683539646613,-0.7388433078522315,0.15332372363534294,0.152680812161697,0.3201774184395004,0.3813578168674304,-0.039139568721835015,0.019774953887570224,0.4186673472493122,CPAN,Pancreatic (PAC)
1840.34,x_1840.34,-0.6967404198051661,-0.7410045279049464,0.13946413096856033,0.1534193830323732,0.018078354321925002,0.02960290944133078,-0.08886122145039903,0.04426410809978032,1.52866560339306,CPAN,Pancreatic (PAC)
1842.26,x_1842.26,-0.6912496892461657,-0.7330068821058062,0.13829933691270252,0.1524019031198737,0.015211426458376866,0.025352377430628112,-0.08461993581416069,0.041757192859640524,1.5959813082600507,CPAN,Pancreatic (PAC)
1844.18,x_1844.18,-0.6999129143354607,-0.7301418201232258,0.14241759314275693,0.15090930431344238,0.04697880053184689,0.06994455174725611,-0.06100137249545353,0.03022890578776516,1.1552461087383357,CPAN,Pancreatic (PAC)
1846.11,x_1846.11,-0.6964092547494257,-0.7268239429148736,0.14066744466997405,0.1532909596230094,0.044049620828397376,0.06589823275928247,-0.06167065663047481,0.0304146881654479,1.1811262320400275,CPAN,Pancreatic (PAC)
1848.03,x_1848.03,-0.6663751160934097,-0.7197642845368393,0.13841238566876465,0.15485246697619132,0.0033133109547524454,0.006633716793776309,-0.11119014826287768,0.05338916844342956,2.1782430732937144,CPAN,Pancreatic (PAC)
1849.95,x_1849.95,-0.6384341705278622,-0.717592259850409,0.14305272372797043,0.1545202144690041,9.616146202584411e-5,2.845283765638109e-4,-0.16862670818002184,0.07915808932254675,3.545874414082546,CPAN,Pancreatic (PAC)
1851.88,x_1851.88,-0.6490804865201603,-0.7138089779738039,0.14162618105694413,0.15183147054596347,4.45992073197523e-4,0.0011424728450402301,-0.13714086393309668,0.06472849145364368,2.9421541136995457,CPAN,Pancreatic (PAC)
1853.8,x_1853.80,-0.6442222821442494,-0.7121731687817575,0.14505931867141514,0.15032089739534546,3.8403612570487726e-4,9.946642036954578e-4,-0.14466973563524135,0.06795088663750815,3.0023235113105824,CPAN,Pancreatic (PAC)
1855.72,x_1855.72,-0.6449634725970804,-0.7138150369740769,0.1545139737864583,0.14736367055758173,9.948448659254222e-4,0.002313880471741965,-0.14633305272000463,0.06885156437699647,2.6356590791801398,CPAN,Pancreatic (PAC)
1857.64,x_1857.64,-0.6586775874812106,-0.7143331634062311,0.16174339123113154,0.1464545242693384,0.012471509385944251,0.02131784511125754,-0.11702481060107246,0.05565557592502046,1.6712566975623662,CPAN,Pancreatic (PAC)
1859.57,x_1859.57,-0.6551934838797053,-0.7231782899835052,0.16907349154611906,0.14766140440232453,0.004577666817162196,0.008770734577964453,-0.14243056633021003,0.06798480610379987,2.056964031514633,CPAN,Pancreatic (PAC)
1861.49,x_1861.49,-0.6582445290598203,-0.7240494940950277,0.16995567151544577,0.14986965806935684,0.005417708477297892,0.010192268463327022,-0.1374648931737133,0.06580496503520739,1.9917291455850599,CPAN,Pancreatic (PAC)
1863.41,x_1863.41,-0.67002472992413,-0.7259215404907934,0.15918673014240656,0.15196088083951825,0.010932268831622863,0.019070282383521223,-0.11559944722756264,0.0558968105666634,1.719642876083671,CPAN,Pancreatic (PAC)
1865.34,x_1865.34,-0.654175395213265,-0.7278269334900254,0.1406256909177033,0.15136028872944263,5.371249731403749e-4,0.001335669813527262,-0.1539181648473214,0.07365153827676041,2.8743008890806374,CPAN,Pancreatic (PAC)
1867.26,x_1867.26,-0.6435387213434001,-0.7149926563296712,0.1264152700725363,0.14908069878736308,2.506580796636344e-4,6.754043356930784e-4,-0.15190169096187459,0.07145393498627117,3.170436155780063,CPAN,Pancreatic (PAC)
1869.18,x_1869.18,-0.6405265754859186,-0.6979741511736246,0.12424391373513301,0.14707419374485586,0.0013350411396214463,0.003022429698658722,-0.12391536462031595,0.057447575687705976,2.5196437919856898,CPAN,Pancreatic (PAC)
1871.1,x_1871.10,-0.6458801044217649,-0.6816381692749326,0.132295965402416,0.14557583250465367,0.03577102925566981,0.05394501992588915,-0.07773986032923369,0.03575806485316768,1.2680486421494828,CPAN,Pancreatic (PAC)
1873.03,x_1873.03,-0.6228548193530578,-0.6671313804376113,0.14538123772070874,0.14363123485184234,0.015789624806945138,0.02617606240158458,-0.0990751319298241,0.04427656108455358,1.5820956826851331,CPAN,Pancreatic (PAC)
1874.95,x_1874.95,-0.6215038339351481,-0.654557939303867,0.15388870235202948,0.1461503422730521,0.0854793587800558,0.1201852638486499,-0.07475772663030611,0.03305410536871889,0.9201487787687836,CPAN,Pancreatic (PAC)
1876.87,x_1876.87,-0.629375272326545,-0.6318183148989203,0.1621030673018952,0.15179804493242852,0.7256211997318776,0.7736098309570189,-0.00558926946229214,0.0024430425723752647,0.11147801991877679,CPAN,Pancreatic (PAC)
1878.8,x_1878.80,-0.6351926010351953,-0.6226003215926803,0.17087086614117566,0.1594668795278962,0.768420541257234,0.8090914482832363,0.028887831451158988,-0.012592279442514953,0.09200238909197314,CPAN,Pancreatic (PAC)
1880.72,x_1880.72,-0.6486967834770494,-0.6327819275695841,0.17993102686333676,0.15383502624235346,0.6201527927015462,0.676596104055946,0.03583594463290733,-0.01591485590746533,0.16967050727501995,CPAN,Pancreatic (PAC)
1882.64,x_1882.64,-0.6416885639060156,-0.6415399157284515,0.175261234898404,0.1513863561156644,0.8533835318888232,0.8816724887470162,3.34241839568628e-4,-1.4864817756410353e-4,0.05469271049701676,CPAN,Pancreatic (PAC)
1884.57,x_1884.57,-0.6031391881936424,-0.6603163901263953,0.16565089159968469,0.14659977605139787,0.011811404576164513,0.020413425653814824,-0.13066668805516973,0.057177201932752886,1.6900841085759497,CPAN,Pancreatic (PAC)
1886.49,x_1886.49,-0.5990569214389141,-0.6734299710531143,0.15657317654665193,0.14456749178660516,6.838645652126431e-4,0.0016694866017593246,-0.16883510369500326,0.07437304961420022,2.7774170619677063,CPAN,Pancreatic (PAC)
1888.41,x_1888.41,-0.6086294830360037,-0.6947265529209379,0.16173756417307775,0.15270678580598684,7.970333932205498e-5,2.4353798126183467e-4,-0.19088131081236445,0.08609706988493415,3.6134332982435535,CPAN,Pancreatic (PAC)
1890.33,x_1890.33,-0.61287571164568,-0.7117762162360347,0.16200721158376,0.16537586227366627,4.108871975819938e-5,1.3432850690180568e-4,-0.21582952185503784,0.09890050459035471,3.8718318125257167,CPAN,Pancreatic (PAC)
1892.26,x_1892.26,-0.5987780162136793,-0.7171825375252527,0.1642323305005039,0.17008911659017584,1.7283739289313353e-6,7.76937319014807e-6,-0.26031950398503434,0.11840452131157342,5.109614017369041,CPAN,Pancreatic (PAC)
1894.18,x_1894.18,-0.5924670714541501,-0.7202680191362153,0.1638646000360245,0.17107614940362786,2.9882470635786665e-7,1.5609000024838286e-6,-0.28179930705485334,0.12780094768206518,5.806624918693217,CPAN,Pancreatic (PAC)
1896.1,x_1896.10,-0.6004744218077912,-0.7035259252720653,0.16154828618428396,0.1668250926286527,1.3547737623853174e-5,4.9288461783279055e-5,-0.22850114710347996,0.10305150346427405,4.307254735293399,CPAN,Pancreatic (PAC)
1898.03,x_1898.03,-0.6039100990452684,-0.6908921332208487,0.15625988682437222,0.1610608331831888,7.602620512132136e-5,2.3383059798827457e-4,-0.1941269865648183,0.08698203417558037,3.631098659692618,CPAN,Pancreatic (PAC)
1899.95,x_1899.95,-0.5892227110226174,-0.6886675575087817,0.1547189736962634,0.16247123528062596,6.573627719200332e-6,2.6492853092466853e-5,-0.22499502942871788,0.09944484648616436,4.576871268747234,CPAN,Pancreatic (PAC)
1901.87,x_1901.87,-0.576242437224927,-0.6701707448413683,0.14310794388676604,0.1543323742197404,4.41787127851253e-6,1.8690993870629935e-5,-0.2178531491158549,0.09392830761644133,4.7283676049317975,CPAN,Pancreatic (PAC)
1903.79,x_1903.79,-0.5649440826855774,-0.6550241378684325,0.12733882542344374,0.15193608376511958,3.920470377175798e-6,1.681486148008886e-5,-0.21344034382341232,0.09008005518285511,4.774306706028848,CPAN,Pancreatic (PAC)
1905.72,x_1905.72,-0.5801414352698323,-0.6323880770048155,0.12074359845714214,0.15394077106051493,0.00675374150039586,0.012309450882787776,-0.12440570876413616,0.05224664173498317,1.9097613202526236,CPAN,Pancreatic (PAC)
1907.64,x_1907.64,-0.5970102674373837,-0.6168752625157955,0.1257887630320171,0.15468837081634454,0.38073501522065417,0.4384079300878222,-0.04722312803224634,0.019864995078411773,0.35812159877041655,CPAN,Pancreatic (PAC)
1909.56,x_1909.56,-0.5981386533493012,-0.6187875924726748,0.127241701812137,0.16076796415963715,0.27266321035474694,0.3315215886627938,-0.048964398078036604,0.020648939123373622,0.4794881851118794,CPAN,Pancreatic (PAC)
1911.49,x_1911.49,-0.5777640121228743,-0.6159373494925562,0.13173355734368875,0.1632189056577942,0.06242158079974892,0.09020738492699419,-0.09230342455067088,0.03817333736968187,1.0447579070062023,CPAN,Pancreatic (PAC)
1913.41,x_1913.41,-0.5696369497683066,-0.6111107523673394,0.14894192012261537,0.16516980397578243,0.04850379434717268,0.07164462514155838,-0.10139130662049832,0.04147380259903277,1.144816385293431,CPAN,Pancreatic (PAC)
1915.33,x_1915.33,-0.5768333908268017,-0.6122269596787886,0.1503922898437581,0.16350336817549233,0.06370384410248695,0.09177672455443034,-0.08591204108872669,0.035393568851986856,1.0372674460238014,CPAN,Pancreatic (PAC)
1917.25,x_1917.25,-0.5627334862595758,-0.6228505502968148,0.13374072004738743,0.16144668601792372,0.001507168466673208,0.003355244086522499,-0.1464344695814102,0.06011706403723904,2.4742758803909934,CPAN,Pancreatic (PAC)
1919.18,x_1919.18,-0.5519642526520322,-0.6313761653182035,0.1256131909834953,0.1607655751918092,4.7318309239068465e-5,1.530886475381627e-4,-0.19392529266207248,0.07941191266617131,3.815057013706271,CPAN,Pancreatic (PAC)
1921.1,x_1921.10,-0.562651457969456,-0.6266154461172279,0.11770896334137401,0.16104528705605206,5.193607980430888e-4,0.0013053826509953981,-0.15533909232115756,0.06396398814777182,2.8842621635314423,CPAN,Pancreatic (PAC)
1923.02,x_1923.02,-0.5805689605746887,-0.6149653796284131,0.12410339558999144,0.16576517623574408,0.036982506808599803,0.0555034411974973,-0.083037891048851,0.03439641905372448,1.2556800899087799,CPAN,Pancreatic (PAC)
1924.95,x_1924.95,-0.5893149183910342,-0.6012035900541448,0.1378987201998901,0.16730364309606777,0.29395828931473367,0.35373359138902954,-0.02881488447205531,0.011888671663110584,0.4513236965827858,CPAN,Pancreatic (PAC)
1926.87,x_1926.87,-0.5896124405122167,-0.5996112133459275,0.13504874874176465,0.16216442588193283,0.30076982767402566,0.36100101267678303,-0.024260439360124075,0.009998772833710756,0.4424915798136718,CPAN,Pancreatic (PAC)
1928.79,x_1928.79,-0.5948424615244112,-0.6134572427853411,0.1270220001866669,0.15644407942712524,0.10911329138692935,0.149590802707887,-0.04445523223135499,0.018614781260929858,0.8250951073806645,CPAN,Pancreatic (PAC)
1930.72,x_1930.72,-0.576254599112164,-0.6249649431505176,0.11677464402801246,0.15383661738263357,0.0065048894152755395,0.011949060124327365,-0.11706910068990876,0.048710344038353615,1.9226662536171883,CPAN,Pancreatic (PAC)
1932.64,x_1932.64,-0.5638292882213678,-0.6380845661557788,0.11478277889207907,0.15429209379896736,1.2465695721636163e-4,3.564350305727771e-4,-0.17848951570206012,0.074255277934411,3.4480196199078,CPAN,Pancreatic (PAC)
1934.56,x_1934.56,-0.560656086164677,-0.6560095371838885,0.12691870232341385,0.15335160855811777,1.944562902386437e-6,8.657934827291994e-6,-0.22660108919375865,0.09535345101921155,5.062585687667466,CPAN,Pancreatic (PAC)
1936.48,x_1936.48,-0.5528069056185877,-0.6622309442087196,0.14692920151420819,0.14812581689037171,8.355064500903108e-8,4.76340567581976e-7,-0.26055921879263577,0.10942403859013194,6.322082430189556,CPAN,Pancreatic (PAC)
1938.41,x_1938.41,-0.5541631144684923,-0.6531057720512348,0.144764862532071,0.14812162465114354,2.9703749385989554e-7,1.5609000024838286e-6,-0.23700636592592947,0.09894265758274245,5.806624918693217,CPAN,Pancreatic (PAC)
1940.33,x_1940.33,-0.5576115013006993,-0.6439668092771801,0.1337408880218819,0.1489983370691271,1.4674608247107978e-6,6.660562481090272e-6,-0.20772636064029926,0.08635530797648083,5.17648909333441,CPAN,Pancreatic (PAC)
1942.25,x_1942.25,-0.5716152544938858,-0.6306250915685664,0.1306376097719661,0.15112997066306535,5.063986870619525e-4,0.0012796831686565557,-0.14173839223323761,0.05900983707468055,2.892897542177454,CPAN,Pancreatic (PAC)
1944.18,x_1944.18,-0.5685365987522046,-0.6173200340063463,0.131239793816814,0.15498664490607825,0.006916524111385116,0.012557184551738026,-0.11876558911927464,0.04878343525414164,1.9011077229163915,CPAN,Pancreatic (PAC)
1946.1,x_1946.10,-0.5658871287385554,-0.6072501007809715,0.1306882394627929,0.15571862412272583,0.031974248644441046,0.04884954654011826,-0.10177667466034161,0.041362972042416124,1.3111394633891886,CPAN,Pancreatic (PAC)
1948.02,x_1948.02,-0.5659095940926918,-0.5921756097408923,0.12742671557308383,0.15918339890447553,0.1961871918315205,0.25075177019010403,-0.06545358753312662,0.026266015648200525,0.600755992381002,CPAN,Pancreatic (PAC)
1949.94,x_1949.94,-0.5420871215353247,-0.581509185952797,0.11356885597791208,0.1632617828519733,0.04850379434717268,0.07164462514155838,-0.10127742923104212,0.03942206441747231,1.144816385293431,CPAN,Pancreatic (PAC)
1951.87,x_1951.87,-0.5213722050312435,-0.5835636854190986,0.11243847181030941,0.1671625950610039,0.0032653246752828977,0.00656576036857959,-0.16257673034032932,0.06219148038785516,2.182714971820308,CPAN,Pancreatic (PAC)
1953.79,x_1953.79,-0.5245854527059636,-0.5914187722546259,0.12144787275621853,0.16878773919777515,0.0034990345369475635,0.006931350195012652,-0.17300254688705885,0.06683331954866234,2.159182158587688,CPAN,Pancreatic (PAC)
1955.71,x_1955.71,-0.5209958610924577,-0.5952552677531106,0.14440537790237473,0.16919084652504982,0.0023049482944258936,0.004828675022561539,-0.19223691677846072,0.0742594066606529,2.3161720223191598,CPAN,Pancreatic (PAC)
1957.64,x_1957.64,-0.5156082313743512,-0.5990102975398647,0.16095007699325972,0.1676879279609265,0.0011579950833590703,0.002647250373938217,-0.2163058984283538,0.08340206616551349,2.5772049816765312,CPAN,Pancreatic (PAC)
1959.56,x_1959.56,-0.5083489330670098,-0.6038705065248656,0.16182874942116365,0.16369032164909667,5.7946675200113794e-5,1.8366149597324202e-4,-0.24842055175841454,0.09552157345785584,3.7359818825569824,CPAN,Pancreatic (PAC)
1961.48,x_1961.48,-0.5107904400046919,-0.6078608810920412,0.1640384628998926,0.1590875728294307,1.7774198946676488e-5,6.20107313997855e-5,-0.25101010442726074,0.0970704410873493,4.207533146237026,CPAN,Pancreatic (PAC)
1963.4,x_1963.40,-0.5138291592967872,-0.6097022828667685,0.15109163290439143,0.1571820251018853,1.0507844883628096e-5,3.8833339787321224e-5,-0.2468166252152486,0.09587312356998134,4.410795257179141,CPAN,Pancreatic (PAC)
1965.33,x_1965.33,-0.5099430558919974,-0.6051367991091863,0.14148294945593848,0.1501811625000158,5.250565662472995e-6,2.1722472984125004e-5,-0.24692561062838864,0.09519374321718888,4.663090734229493,CPAN,Pancreatic (PAC)
1967.25,x_1967.25,-0.502904841409823,-0.5938003509420642,0.1488569568780671,0.14537660581932135,1.0729265401203537e-5,3.949552421309176e-5,-0.23969294294999363,0.09089550953224124,4.403452117530307,CPAN,Pancreatic (PAC)
1969.17,x_1969.17,-0.49535901839912666,-0.5913855405111166,0.14795743317601165,0.14800809621676622,4.975417069657523e-6,2.086105363286899e-5,-0.2556249248677443,0.09602652211198992,4.680663760368498,CPAN,Pancreatic (PAC)
1971.1,x_1971.10,-0.49887163968690684,-0.5926133433457214,0.13246316549902898,0.1519740201552712,5.083777536823071e-6,2.1220232129149876e-5,-0.24842291197104818,0.09374170365881451,4.673249869640263,CPAN,Pancreatic (PAC)
1973.02,x_1973.02,-0.510631731749153,-0.6012103078883598,0.1278125102820898,0.1489030026899879,5.3073167717703595e-6,2.1860533839670864e-5,-0.23558697777713972,0.09057857613920683,4.660339236677605,CPAN,Pancreatic (PAC)
1974.94,x_1974.94,-0.5136094093703762,-0.608239005602874,0.131444796561189,0.14772417127683177,4.072600967606274e-6,1.7387588605990257e-5,-0.2439671415639262,0.09462959623249778,4.759760643858584,CPAN,Pancreatic (PAC)
1976.87,x_1976.87,-0.5163967322433153,-0.6125323783279258,0.13305960565094418,0.14931783906624435,9.564332988098705e-6,3.620506616952344e-5,-0.2463066738485603,0.09613564608461056,4.441230654452366,CPAN,Pancreatic (PAC)
1978.79,x_1978.79,-0.5256854087731864,-0.6105259187751553,0.12725925531613919,0.15064107846253472,9.661139333056453e-5,2.8495789515481964e-4,-0.2158532337052451,0.0848405100019689,3.5452193057907953,CPAN,Pancreatic (PAC)
1980.71,x_1980.71,-0.5488621846705598,-0.6195299997557306,0.130634227289015,0.1512451426985489,4.8546330597185966e-4,0.0012334461714230674,-0.17473049969975568,0.07066781508517084,2.9088797987190596,CPAN,Pancreatic (PAC)
1982.63,x_1982.63,-0.5702382723152933,-0.623763922449015,0.1463287525939464,0.1479158688446938,0.0034863642608607844,0.006920914190880751,-0.1294354579910938,0.05352565013372168,2.15983653533633,CPAN,Pancreatic (PAC)
1984.56,x_1984.56,-0.5721956905861552,-0.6226019422016699,0.15589663610788954,0.1449385605517042,0.003301254542152569,0.006623761795949897,-0.12180164917748532,0.05040625161551471,2.178895294062043,CPAN,Pancreatic (PAC)
1986.48,x_1986.48,-0.561116321216578,-0.6258354924153422,0.15694697597144905,0.14620450090711573,6.139960608825514e-4,0.0015107534655925937,-0.15748386782556895,0.06471917119876425,2.820806400828628,CPAN,Pancreatic (PAC)
1988.4,x_1988.40,-0.53865769195179,-0.6248761180038315,0.16320705914287376,0.14766026316859746,8.476075563865027e-6,3.2748473769478515e-5,-0.21420181732893193,0.08621842605204144,4.4848089353344545,CPAN,Pancreatic (PAC)
1990.33,x_1990.33,-0.5099179616272318,-0.6118997077080713,0.1682033677732549,0.14885539762955574,6.337452053809979e-7,3.1186935106907006e-6,-0.26303052443037606,0.10198174608083954,5.506027303394859,CPAN,Pancreatic (PAC)
1992.25,x_1992.25,-0.48285748107097953,-0.6115862536965194,0.16709241366448727,0.15117819295900148,3.5703872340322817e-9,2.922842559642681e-8,-0.3409591793904374,0.1287287726255399,7.53419457749919,CPAN,Pancreatic (PAC)
1994.17,x_1994.17,-0.46885552273458203,-0.6136130916602429,0.15804157017955806,0.15253049254436862,1.014898119591991e-10,1.1715181997759403e-9,-0.3881865630261253,0.14475756892566088,8.931250960160602,CPAN,Pancreatic (PAC)
1996.09,x_1996.09,-0.4650092882458385,-0.6052359120748106,0.1458422295744711,0.15267617548870802,1.9932715382924802e-10,2.0480317453884277e-9,-0.3802387788162226,0.14022662382897216,8.688663315889483,CPAN,Pancreatic (PAC)
1998.02,x_1998.02,-0.4773222327977222,-0.5985825752301623,0.13223512777149857,0.1550882768228491,3.5459976944144208e-9,2.922842559642681e-8,-0.3265873587565831,0.12126034243244016,7.53419457749919,CPAN,Pancreatic (PAC)
1999.94,x_1999.94,-0.4925954528166414,-0.5910985195799566,0.13636464092058806,0.16141222891474147,1.4345914948880785e-6,6.607601220297307e-6,-0.2629957851130348,0.09850306676331522,5.179956175289726,CPAN,Pancreatic (PAC)
2001.86,x_2001.86,-0.5048379825323798,-0.5721826856203677,0.1445218920949713,0.1623331191874191,5.348738950193005e-4,0.0013336189115814557,-0.18065571983170803,0.0673447030879879,2.8749682545588486,CPAN,Pancreatic (PAC)
2003.79,x_2003.79,-0.505991227409463,-0.557571991903114,0.15610699710384152,0.15958883056725529,0.00553196130450522,0.010365498636698157,-0.14004598446817834,0.05158076449365101,1.98440980114777,CPAN,Pancreatic (PAC)
2005.71,x_2005.71,-0.49558080323435355,-0.5493182919739846,0.16797304195900348,0.15815760502684967,0.006416462980917985,0.011809828518028182,-0.14852231385219047,0.05373748873963108,1.9277564084165268,CPAN,Pancreatic (PAC)
2007.63,x_2007.63,-0.4902351892151279,-0.5439216617303432,0.17099322358143643,0.15412448582236268,0.005928677829681818,0.011064498544416167,-0.14992512791538423,0.0536864725152153,1.9560682640076594,CPAN,Pancreatic (PAC)
2009.55,x_2009.55,-0.4928626543729385,-0.5426516818354692,0.16498629316699268,0.15365261435103345,0.0062428476828951815,0.011535696805349792,-0.1388410562058219,0.049789027462530666,1.9379561671092111,CPAN,Pancreatic (PAC)
2011.48,x_2011.48,-0.5034650705378236,-0.5406440481751933,0.15526617557333497,0.16005129474494323,0.029951651697452765,0.046212531909436194,-0.1027875649372332,0.03717897763736966,1.3352402365413734,CPAN,Pancreatic (PAC)
2013.4,x_2013.40,-0.5065767465909324,-0.5423824972782119,0.1511771221246272,0.16633172279789865,0.05885351466617645,0.08544726120011643,-0.09852995686979116,0.035805750687279425,1.0683018529518884,CPAN,Pancreatic (PAC)
2015.32,x_2015.32,-0.5077665056735083,-0.5440833740138992,0.16190123480930152,0.174249888696892,0.07587702805163225,0.10765557090785456,-0.09966270100732953,0.03631686834039083,0.9679634916004568,CPAN,Pancreatic (PAC)
2017.25,x_2017.25,-0.5101320761091118,-0.5369583580444279,0.17417868943401324,0.17785540723513277,0.1869626033234173,0.2407851709468253,-0.07393953316077015,0.02682628193531611,0.6183702631545563,CPAN,Pancreatic (PAC)
2019.17,x_2019.17,-0.4943209154073236,-0.5170581564768557,0.18590932798256166,0.1769973675979155,0.2085900808193413,0.2639130251232532,-0.0648787359301654,0.02273724106953212,0.5785391751472797,CPAN,Pancreatic (PAC)
2021.09,x_2021.09,-0.4565961584984252,-0.497010855475567,0.19169143239549416,0.1809569630834088,0.04773617892484318,0.07084655126147361,-0.12235889800337546,0.040414696977141784,1.149681285918509,CPAN,Pancreatic (PAC)
2023.01,x_2023.01,-0.4041996162501708,-0.47911959345984273,0.18849419599000683,0.1845142983847067,0.0010109576894837679,0.0023455221827973272,-0.24531841939453874,0.07491997720967192,2.629760455353397,CPAN,Pancreatic (PAC)
2024.94,x_2024.94,-0.3564916667296101,-0.45885649572502485,0.18748710220328177,0.18991636686876265,3.990091462118696e-5,1.31363926657781e-4,-0.3641755809070429,0.10236482899541477,3.8815238783403543,CPAN,Pancreatic (PAC)
2026.86,x_2026.86,-0.33647072023946895,-0.43877449504041144,0.19649094846041254,0.2027078237131116,1.2465695721636163e-4,3.564350305727771e-4,-0.38299970069141287,0.10230377480094249,3.4480196199078,CPAN,Pancreatic (PAC)
2028.78,x_2028.78,-0.33442432607121153,-0.4156382754309458,0.215249729776075,0.2137039082724154,0.0047422621522980445,0.009030580676983037,-0.31364956558630563,0.08121394935973425,2.0442843231414844,CPAN,Pancreatic (PAC)
2030.71,x_2030.71,-0.33222263562995813,-0.3888565667570718,0.24189048061915597,0.22019655959369291,0.05706018104889284,0.08362267912337744,-0.22708836163263627,0.05663393112711368,1.0776759225323123,CPAN,Pancreatic (PAC)
2032.63,x_2032.63,-0.3026490588553608,-0.36413757527774343,0.27054558922752137,0.22854884781260063,0.0581006846956821,0.08474904865906828,-0.26683856007518575,0.06148851642238262,1.0718651682214702,CPAN,Pancreatic (PAC)
2034.55,x_2034.55,-0.27958599679090124,-0.34237004539053434,0.3068813240303449,0.24130681001681412,0.09447116901199223,0.1308600637425374,-0.29226532498626145,0.0627840485996331,0.88319287249077,CPAN,Pancreatic (PAC)
2036.48,x_2036.48,-0.26094947804636254,-0.31707374640327646,0.340511650585892,0.25528562331572335,0.1993349703585181,0.2535757786193394,-0.2810488900775661,0.05612426835691392,0.595892232313739,CPAN,Pancreatic (PAC)
2038.4,x_2038.40,-0.22821518845687172,-0.29435099645994556,0.37559860150643265,0.2694193472258133,0.19657866048058423,0.25075177019010403,-0.36714412112704864,0.06613580800307384,0.600755992381002,CPAN,Pancreatic (PAC)
2040.32,x_2040.32,-0.1757839919738145,-0.27895161968445403,0.4123670727786546,0.2880362754773586,0.069746058596489,0.09956116761483544,-0.6662142682108381,0.10316762771063953,1.0019100187960022,CPAN,Pancreatic (PAC)
2042.24,x_2042.24,-0.10950382051967834,-0.2616957588626688,0.43910244166580165,0.3126118254151011,0.011074626657683575,0.019282636731720936,-1.2569170003164383,0.1521919383429905,1.7148335804051453,CPAN,Pancreatic (PAC)
2044.17,x_2044.17,-0.042603482340819766,-0.24210060271885428,0.4667601569641464,0.34263600627406066,0.001800507095055731,0.003915056125295601,-2.5065913116326506,0.19949712037803452,2.407262007620991,CPAN,Pancreatic (PAC)
2046.09,x_2046.09,9.725097734733279e-4,-0.22084989802336696,0.5099862034744602,0.37314594693603975,0.002203040976301453,0.004649759171200584,NA,0.2218224077968403,2.3325695402986906,CPAN,Pancreatic (PAC)
2048.01,x_2048.01,0.04178279786782779,-0.19103594038554042,0.5621767200635964,0.39611038704184015,0.0046264937005782185,0.008846158711739539,NA,0.2328187382533682,2.053245273081454,CPAN,Pancreatic (PAC)
2049.94,x_2049.94,0.08453482468450053,-0.14721211451316504,0.6217533106529397,0.4153255380852609,0.011963871679722975,0.020562904449523862,NA,0.2317469391976656,1.6869155425311668,CPAN,Pancreatic (PAC)
2051.86,x_2051.86,0.16047304965720946,-0.09400649638211643,0.6732055271431924,0.4449094298026397,0.012874886410397938,0.021847584017644417,NA,0.2544795460393259,1.6605965818431252,CPAN,Pancreatic (PAC)
2053.78,x_2053.78,0.24616134126448316,-0.039069478563539206,0.7120654352269211,0.4795301940999101,0.009564232467185865,0.016872749729846762,NA,0.28523081982802234,1.7728141352421791,CPAN,Pancreatic (PAC)
2055.7,x_2055.70,0.3253331126908615,0.026307842379914587,0.7560404950851767,0.5105175919073373,0.013416511041743396,0.022643389574061507,3.628302428404178,0.29902527031094694,1.6450585614446618,CPAN,Pancreatic (PAC)
2057.63,x_2057.63,0.40131382364716767,0.09726570739530319,0.8086760893784499,0.5399483150607126,0.021153465172757253,0.03421884072063673,2.04471646030426,0.30404811625186445,1.4657347077452023,CPAN,Pancreatic (PAC)
2059.55,x_2059.55,0.48198726917166906,0.16000530282876851,0.859302953641449,0.5687289030251639,0.024386803170756335,0.03877833497390676,1.5908692983613641,0.32198196634290055,1.411410842167278,CPAN,Pancreatic (PAC)
2061.47,x_2061.47,0.5716741140861022,0.22627604445652516,0.904754015477995,0.5926562282233461,0.019037574444175802,0.031010683110286368,1.337105256570576,0.3453980696295771,1.5084886669209996,CPAN,Pancreatic (PAC)
2063.4,x_2063.40,0.6514248876267498,0.29520502477780985,0.9553515700499131,0.6144135222339807,0.023402193859925913,0.03740350642569355,1.141878888228397,0.3562198628489399,1.4270876825602539,CPAN,Pancreatic (PAC)
2065.32,x_2065.32,0.7049247199070475,0.3595314701262524,1.0170427456530566,0.6395502507308116,0.044646813637526386,0.06668493730205619,0.9713491751651444,0.3453932497807951,1.175972252820375,CPAN,Pancreatic (PAC)
2067.24,x_2067.24,0.7531318153518559,0.4393855865166471,1.080066592215336,0.6688588717997295,0.07719234779490512,0.10919038606389757,0.7774134791299401,0.3137462288352088,0.9618155984738148,CPAN,Pancreatic (PAC)
2069.16,x_2069.16,0.8021068051293464,0.5430282634560819,1.1449349739200951,0.7001996933712674,0.15163573076377942,0.2002534015030138,0.5627662053136439,0.2590785416732645,0.6984200982577438,CPAN,Pancreatic (PAC)
2071.09,x_2071.09,0.879825215608068,0.6626402128325928,1.2071234674748104,0.7408548270236138,0.23330251080398526,0.290463179229995,0.408990654604167,0.21718500277547526,0.5369089134311328,CPAN,Pancreatic (PAC)
2073.01,x_2073.01,0.9697575891818525,0.8010828880812138,1.275075413259277,0.7851557784537121,0.3273826044832607,0.38747181669854275,0.2756723218021796,0.16867470110063876,0.41175988102201994,CPAN,Pancreatic (PAC)
2074.93,x_2074.93,1.0651789093952029,0.968655668583024,1.3483156963944762,0.8307544383054042,0.5008900788443148,0.5568754146485545,0.1370398115028913,0.09652324081217889,0.2542419552439441,CPAN,Pancreatic (PAC)
2076.86,x_2076.86,1.1727249033062155,1.161994901987136,1.4213887709243769,0.8799582040317646,0.7529235262805241,0.7972633035926273,0.013260876432444831,0.010730001319079419,0.0983982251377941,CPAN,Pancreatic (PAC)
2078.78,x_2078.78,1.2828810974295581,1.3612352495480657,1.5003987359388902,0.9298963161329797,0.9950398902939374,0.9961052434955369,-0.08552888928311368,-0.0783541521185076,0.0016947737703636757,CPAN,Pancreatic (PAC)
2080.7,x_2080.70,1.3893160644896834,1.5687642804198672,1.5916902452989456,0.9865399995549844,0.7146262378125608,0.7645028974310577,-0.17525362847896767,-0.17944821593018379,0.11662086429229479,CPAN,Pancreatic (PAC)
2082.63,x_2082.63,1.4966993916828728,1.7836571203885814,1.6951989375538596,1.055290009531849,0.4173738426894994,0.4770715683553569,-0.25305366292830467,-0.28695772870570857,0.3214164649634187,CPAN,Pancreatic (PAC)
2084.55,x_2084.55,1.612967074688957,1.9973332323440884,1.803842796670754,1.1410647257176914,0.2595446535563081,0.3180527537026843,-0.3083578887786296,-0.3843661576551314,0.497500839946894,CPAN,Pancreatic (PAC)
2086.47,x_2086.47,1.718198661303365,2.227105010126678,1.9164908607411657,1.2382452859507411,0.1409648210583808,0.1874852171971352,-0.37427253912523734,-0.508906348823313,0.7270329697645805,CPAN,Pancreatic (PAC)
2088.39,x_2088.39,1.8103665542791003,2.4649401334109453,2.022689432511847,1.3384953934467978,0.05795108298265095,0.08466291029496661,-0.4452705595172589,-0.654573579131845,1.0723068066945067,CPAN,Pancreatic (PAC)
2090.32,x_2090.32,1.8923834522189695,2.688496268067546,2.119134347468061,1.4388938540802876,0.02147187615516211,0.034614145181166504,-0.5065947927447094,-0.7961128158485766,1.4607463891048755,CPAN,Pancreatic (PAC)
2092.24,x_2092.24,1.962568488271541,2.8854108596927452,2.2030374916451727,1.5354216248944708,0.007732385350721773,0.013876737625575545,-0.5560335257627027,-0.9228423714212042,1.8577126230557695,CPAN,Pancreatic (PAC)
2094.16,x_2094.16,2.025063166941986,3.0501478624509195,2.26248128714379,1.6203503679055102,0.0025407176320761215,0.005255688022104367,-0.590912032597654,-1.0250846955089337,2.27937042242465,CPAN,Pancreatic (PAC)
2096.09,x_2096.09,2.0711653050020082,3.179065481210611,2.296088292390142,1.6860997874521162,7.334699063681969e-4,0.001785922818891313,-0.6181597867919685,-1.1079001762086027,2.7481373136747353,CPAN,Pancreatic (PAC)
2098.01,x_2098.01,2.080763380264347,3.2575507748051105,2.302396582447086,1.730637714965575,2.473603244896115e-4,6.684448075080543e-4,-0.6466745011389241,-1.1767873945407636,3.1749344459700484,CPAN,Pancreatic (PAC)
2099.93,x_2099.93,2.0708828851343193,3.284203028923259,2.2812573387863657,1.756701388266296,1.0953820146608217e-4,3.170842674018168e-4,-0.6652970927077495,-1.2133201437889398,3.4988253055922063,CPAN,Pancreatic (PAC)
2101.85,x_2101.85,2.0701079414776213,3.270281694028508,2.2347990861321936,1.757753310433432,8.756779612476572e-5,2.61584311107527e-4,-0.6597086594953293,-1.2001737525508869,3.5823883069981974,CPAN,Pancreatic (PAC)
2103.78,x_2103.78,2.036985869608793,3.209812730650862,2.1771146252175835,1.7406170152664293,8.160434891077541e-5,2.485344176924267e-4,-0.6560528977092348,-1.172826861042069,3.6046134605367874,CPAN,Pancreatic (PAC)
2105.7,x_2105.70,1.9582102990612582,3.1127212325810367,2.118901697151879,1.7127002309827617,6.108318570945858e-5,1.9294857648089112e-4,-0.6686403958913091,-1.1545109335197785,3.714558421180558,CPAN,Pancreatic (PAC)
2107.62,x_2107.62,1.8667635242192269,2.9904779535511294,2.049603053900035,1.6712167601222117,5.6571979746890826e-5,1.7991428933109837e-4,-0.6798366083520967,-1.1237144293319026,3.744934342317601,CPAN,Pancreatic (PAC)
2109.55,x_2109.55,1.7680666772215412,2.848234447234913,1.9691296848318613,1.6204753929641362,6.593356365984258e-5,2.0549294007317603e-4,-0.6878949119765075,-1.0801677700133716,3.6872030941768705,CPAN,Pancreatic (PAC)
2111.47,x_2111.47,1.6878767504025995,2.696112025043802,1.8716683758571082,1.5611768720963715,9.843107270649757e-5,2.885048682776653e-4,-0.6756705613733625,-1.0082352746412024,3.539846854091307,CPAN,Pancreatic (PAC)
2113.39,x_2113.39,1.5958586751144792,2.5292818230932705,1.7647202019805435,1.4927210132112414,1.3979832093609734e-4,3.948985802877674e-4,-0.6643945673237348,-0.9334231479787913,3.4035144276063196,CPAN,Pancreatic (PAC)
2115.31,x_2115.31,1.4651192079283555,2.332377894511521,1.6489352698778332,1.4173491201378097,1.5038058936380844e-4,4.222397929584411e-4,-0.6707831355877021,-0.8672586865831655,3.3744408400764425,CPAN,Pancreatic (PAC)
2117.24,x_2117.24,1.3058938419996122,2.103764748257449,1.5100556625469168,1.3354868915776426,1.722847333008338e-4,4.780006695438564e-4,-0.6879353436057843,-0.7978709062578366,3.3205714950636165,CPAN,Pancreatic (PAC)
2119.16,x_2119.16,1.136969435167103,1.8613330528924734,1.353527407786778,1.2395708971642878,1.6996622048669297e-4,4.729714766519581e-4,-0.7111422584703362,-0.7243636177253705,3.325165049338675,CPAN,Pancreatic (PAC)
2121.08,x_2121.08,0.9629475784187005,1.6012851752252923,1.1900732408981716,1.124291065728853,1.602543264334492e-4,4.486161533391467e-4,-0.7337004982391715,-0.6383375968065919,3.348125092813341,CPAN,Pancreatic (PAC)
2123.01,x_2123.01,0.7579624883282902,1.318693403994359,1.024022111660345,0.9977570403299388,1.2523169679330666e-4,3.5698669665165157e-4,-0.7989100117667781,-0.5607309156660688,3.4473479678609995,CPAN,Pancreatic (PAC)
2124.93,x_2124.93,0.5457535702392987,1.0320776232961901,0.8652134396315467,0.869261599896599,9.751722574658635e-5,2.867251763303718e-4,-0.9192286670752453,-0.4863240530568914,3.542534171506583,CPAN,Pancreatic (PAC)
2126.85,x_2126.85,0.3471692724076466,0.7577198102554047,0.7233439157126503,0.7440163371381256,1.1158671268239233e-4,3.2201721098159517e-4,-1.1260229534335462,-0.4105505378477581,3.492120915774413,CPAN,Pancreatic (PAC)
2128.78,x_2128.78,0.16816570711706275,0.5054466164688164,0.6004537000173064,0.6235075126026184,1.6466998439336033e-4,4.5960129972475193e-4,-1.5876694663537707,-0.33728090935175364,3.337618751823418,CPAN,Pancreatic (PAC)
2130.7,x_2130.70,0.023108113094834647,0.2880975729906384,0.4944429073223876,0.5092172144803211,2.387641677185682e-4,6.470854980198877e-4,-3.6400287178052517,-0.26498945989580375,3.1890383331410335,CPAN,Pancreatic (PAC)
2132.62,x_2132.62,-0.09982038552660197,0.10045246807307634,0.41345128738330333,0.41223805861409246,6.782382547353771e-4,0.0016600857805695749,NA,-0.2002728535996783,2.7798694703542206,CPAN,Pancreatic (PAC)
2134.54,x_2134.54,-0.20755035575473374,-0.06700293670042173,0.3489478857084193,0.34038831356984234,0.0040270829338058265,0.007828113395235857,1.6311797511499913,-0.140547419054312,2.1063428919347675,CPAN,Pancreatic (PAC)
2136.47,x_2136.47,-0.2912575242865268,-0.20856591810025496,0.29055478709153876,0.28795295606883897,0.05870230416410761,0.08544726120011643,0.4817938590920217,-0.08269160618627183,1.0683018529518884,CPAN,Pancreatic (PAC)
2138.39,x_2138.39,-0.3452576662253944,-0.32069690126050937,0.2485008403829234,0.24861598014039715,0.621748897822862,0.677546875832606,0.10646335519988338,-0.024560764964885018,0.16906065290936229,CPAN,Pancreatic (PAC)
2140.31,x_2140.31,-0.3701556124988243,-0.4158826367763955,0.22512113556948596,0.22216585254619906,0.08204233670668325,0.11552648316377837,-0.16804497816637393,0.04572702427757119,0.9373184471701324,CPAN,Pancreatic (PAC)
2142.24,x_2142.24,-0.39812892063974314,-0.492613908878461,0.20701241878434884,0.21227020972775537,8.225161195963474e-4,0.001971929671339961,-0.3072223831084945,0.09448498823871787,2.705108578184681,CPAN,Pancreatic (PAC)
2144.16,x_2144.16,-0.43938300566079297,-0.5497631168193667,0.19221791858196052,0.20908511601561108,7.895472114384865e-5,2.42041522195077e-4,-0.3233317093886225,0.11038011115857377,3.6161101244603024,CPAN,Pancreatic (PAC)
2146.08,x_2146.08,-0.47419231192421896,-0.5955392069699045,0.1825593527590684,0.20084563415640266,7.271900374682744e-6,2.8932880214163255e-5,-0.3287248375044262,0.12134689504568552,4.538608330995802,CPAN,Pancreatic (PAC)
2148,x_2148.00,-0.5011021869425423,-0.6307340013242847,0.17746023484487572,0.19296118633903608,2.509843430861797e-7,1.3409734902033029e-6,-0.3319274650927575,0.12963181438174243,5.8725798076608715,CPAN,Pancreatic (PAC)
2149.93,x_2149.93,-0.5304173434188033,-0.6513927352247729,0.17931893288077416,0.18976155401897668,5.805009097356514e-7,2.9498279924067067e-6,-0.2964001860376109,0.12097539180596961,5.530203307454564,CPAN,Pancreatic (PAC)
2151.85,x_2151.85,-0.5620751656918499,-0.6707525933655248,0.1792370922303362,0.1898333828417281,5.222408452879748e-6,2.1702008459744732e-5,-0.2550180699696399,0.10867742767367494,4.663500071560675,CPAN,Pancreatic (PAC)
2153.77,x_2153.77,-0.5914089873881878,-0.6896571745955723,0.16960936330779702,0.18756132186091276,2.5055376565333985e-5,8.581237028786547e-5,-0.2217235628985245,0.09824818720738449,4.0664501018888775,CPAN,Pancreatic (PAC)
2155.7,x_2155.70,-0.6057378999835878,-0.707248181235994,0.15383229260498602,0.18383066860962505,5.63009713630338e-6,2.2887568793233307e-5,-0.22352322225302554,0.10151028125240613,4.6404003373280744,CPAN,Pancreatic (PAC)
2157.62,x_2157.62,-0.600194696879021,-0.7196869837177634,0.15111343889274245,0.18329149311533077,2.210530735111797e-7,1.1947088077049307e-6,-0.2619393932383405,0.11949228683874236,5.922737934563058,CPAN,Pancreatic (PAC)
2159.54,x_2159.54,-0.5923802299873205,-0.7283769401083477,0.15774268125207355,0.18325036095956027,1.8928896796359747e-8,1.2552140783401677e-7,-0.2981622099369669,0.1359967101210272,6.9012821983956565,CPAN,Pancreatic (PAC)
2161.46,x_2161.46,-0.5974586443026056,-0.7324590325159391,0.1638819170975609,0.18546244512922153,6.337028120881631e-8,3.6801995608846744e-7,-0.2939096607090182,0.1350003882133335,6.434128630826168,CPAN,Pancreatic (PAC)
2163.39,x_2163.39,-0.6077180107471092,-0.7352780451722309,0.17149517705896455,0.18706429640405242,1.9458499276196754e-7,1.076550107884258e-6,-0.2748882704551452,0.12756003442512176,5.9679657511900706,CPAN,Pancreatic (PAC)
2165.31,x_2165.31,-0.598419200113564,-0.7349529868961839,0.1655315228406707,0.18481962179381312,2.5877331826320994e-8,1.6686417419041467e-7,-0.2964959507392193,0.13653378678261996,6.7776368965235685,CPAN,Pancreatic (PAC)
2167.23,x_2167.23,-0.5874419083870168,-0.7328489488807411,0.16254486831785514,0.17848043917803016,1.9988084566357417e-9,1.7304499138466836e-8,-0.3190701633879429,0.14540704049372433,7.761840966410188,CPAN,Pancreatic (PAC)
2169.16,x_2169.16,-0.5998327141150435,-0.7323450862865434,0.16439847802177454,0.1703105409381153,1.7269682491978404e-8,1.153368080714272e-7,-0.2879638451210351,0.13251237217149991,6.938032071792362,CPAN,Pancreatic (PAC)
2171.08,x_2171.08,-0.6210984330909717,-0.7456811239259594,0.16704634467683635,0.16191211882102974,4.302362388296578e-8,2.629221459514575e-7,-0.26373728171808797,0.12458269083498774,6.580172831697189,CPAN,Pancreatic (PAC)
2173,x_2173.00,-0.6263276543116711,-0.7587628347354703,0.16731755154016953,0.16148719119752733,4.565857451550663e-9,3.5874594262183774e-8,-0.2767318374843596,0.1324351804237992,7.44521300205422,CPAN,Pancreatic (PAC)
2174.93,x_2174.93,-0.6087458790965039,-0.7711463345896739,0.16137776819392446,0.16208711400926334,1.1038580507737832e-12,2.3456983578942892e-11,-0.3411650536064295,0.16240045549316995,10.629727836178139,CPAN,Pancreatic (PAC)
2176.85,x_2176.85,-0.5937078648121288,-0.7688805742913155,0.1524324701925015,0.1696747854220353,4.713266368544739e-14,1.6014101210610598e-12,-0.3730068593223027,0.17517270947918673,11.795497431038616,CPAN,Pancreatic (PAC)
2178.77,x_2178.77,-0.5905888515325912,-0.7611543926464697,0.14173469090221857,0.17825113210479546,1.0229995017863987e-13,3.085498497323493e-12,-0.36603554408236716,0.17056554111387845,11.51067466075641,CPAN,Pancreatic (PAC)
2180.69,x_2180.69,-0.5886006168072462,-0.7576728777785526,0.13658658866494713,0.17960535880406628,8.843881517610438e-14,2.7563430729885864e-12,-0.3642865978680533,0.16907226097130645,11.5596667281893,CPAN,Pancreatic (PAC)
2182.62,x_2182.62,-0.5875836979571339,-0.7551908761210998,0.14095009665333613,0.17808047893223816,1.7491716809083975e-13,4.4202041125658154e-12,-0.36204750971689853,0.16760717816396586,11.354557675692922,CPAN,Pancreatic (PAC)
2184.54,x_2184.54,-0.5846416414365465,-0.7521349529451743,0.15208505635597672,0.18118409338167152,1.8305756710961857e-12,3.803529449944297e-11,-0.36343950279474563,0.16749331150862778,10.419813216743316,CPAN,Pancreatic (PAC)
2186.46,x_2186.46,-0.5864322822253467,-0.7529447707082769,0.1638348584300382,0.18113598033614045,1.494649341901622e-11,2.254027636577446e-10,-0.3605800657555779,0.1665124884829302,9.6470407633833,CPAN,Pancreatic (PAC)
2188.39,x_2188.39,-0.586644682451157,-0.7506579924212877,0.16971018470718974,0.1856976309736795,6.614756842019919e-11,8.137891641169241e-10,-0.355669328142504,0.16401330997013075,9.089488097224878,CPAN,Pancreatic (PAC)
2190.31,x_2190.31,-0.5725944955051268,-0.7472544607498697,0.18641945123148382,0.19107203263928457,1.278733979739036e-11,1.9600266738622928e-10,-0.3840863916265219,0.17465996524474292,9.707738018320882,CPAN,Pancreatic (PAC)
2192.23,x_2192.23,-0.56271503496443,-0.738899860349432,0.20915454510643447,0.19530017999857643,3.800511971051251e-11,5.076398132761314e-10,-0.3929749564942422,0.17618482538500202,9.294444324307683,CPAN,Pancreatic (PAC)
2194.15,x_2194.15,-0.5745574434593185,-0.7310617804193019,0.21919009574163023,0.1933889143079101,3.5949400466193406e-9,2.922842559642681e-8,-0.3475427291117727,0.15650433695998345,7.53419457749919,CPAN,Pancreatic (PAC)
2196.08,x_2196.08,-0.6202916407149388,-0.7252502304422539,0.198262489056509,0.17407472931983242,1.0344650201994264e-5,3.838193626533586e-5,-0.22553250268813463,0.10495858972731509,4.415873120060691,CPAN,Pancreatic (PAC)
2198,x_2198.00,-0.711722451169682,-0.7231326736797824,0.1607568896647039,0.17587132794753263,0.361393921555501,0.42237914581799174,-0.022945649491013163,0.011410222510100376,0.3742975324244094,CPAN,Pancreatic (PAC)
402,x_402.00,0.05999832057354009,0.12330116351952981,0.34912419229394215,0.494041026685689,0.07531949116801631,0.08294902737584836,-1.0391800452011288,-0.06330284294598973,1.0811887019576252,CRC,Colorectal (CRC)
403.92,x_403.92,0.07665125516396554,0.10250905631988862,0.31507844886239206,0.4268879786586909,0.3584928329571204,0.3724342209054529,-0.41936530349282136,-0.02585780115592308,0.4289504209570964,CRC,Colorectal (CRC)
405.85,x_405.85,0.08095493447969852,0.07945081535141912,0.3043931306095378,0.4084959203754001,0.9973187603008352,0.9973187603008352,0.0270566579453868,0.0015041191282793992,0.0011660114836276134,CRC,Colorectal (CRC)
407.77,x_407.77,0.07741669308764862,0.05347315648562488,0.2956363855049049,0.39568409727081627,0.39568561984037953,0.40970770160659453,0.5338214983257685,0.023943536602023738,0.3875258721859632,CRC,Colorectal (CRC)
409.69,x_409.69,0.07054215217946304,0.024414978705069593,0.2892630899468582,0.38066868022214906,0.07719935910817938,0.08491929501899732,1.5306804341803848,0.04612717347439345,1.070993619906771,CRC,Colorectal (CRC)
411.61,x_411.61,0.0671105455766565,-0.0025750322148985366,0.2917346929143511,0.3732641131335641,0.007645182740552259,0.008814113270550384,NA,0.06968557779155503,2.0548213726530906,CRC,Colorectal (CRC)
413.54,x_413.54,0.0780305544477949,-0.028800452887278866,0.2982825645510837,0.3711564676835411,6.939715100846515e-5,8.686256518462505e-5,NA,0.10683100733507377,4.061167349403011,CRC,Colorectal (CRC)
415.46,x_415.46,0.09648064141768409,-0.054366233197054345,0.3055874825504712,0.3733220429470711,2.2475944598021772e-8,3.263200030923969e-8,NA,0.15084687461473845,7.486356303575336,CRC,Colorectal (CRC)
417.38,x_417.38,0.12098176741831727,-0.05240779937088921,0.3185575635863388,0.3797397678359127,1.8937643233115137e-10,2.936433900988831e-10,NA,0.17338956678920647,9.532179770662637,CRC,Colorectal (CRC)
419.31,x_419.31,0.16171360624459552,-0.030883219466658417,0.3372352813728219,0.3874050541056887,6.233692524037272e-12,1.0101390831845493e-11,NA,0.19259682571125394,10.995618825325257,CRC,Colorectal (CRC)
421.23,x_421.23,0.20942544806168645,-0.002703874904356278,0.3604616312039803,0.3962349005911557,3.359616054623979e-13,5.609358948345394e-13,NA,0.21212932296604273,12.251086768174147,CRC,Colorectal (CRC)
423.15,x_423.15,0.2500268367122888,0.0327564844937047,0.38935024804035884,0.4059509741171104,5.867449941695992e-13,9.727066835967646e-13,2.9321922462999908,0.21727035221858412,12.01201810001922,CRC,Colorectal (CRC)
425.07,x_425.07,0.28648072937845215,0.06987781645264521,0.4225743524920621,0.42141885028400794,3.122956975304468e-12,5.078199603321178e-12,2.035516054339404,0.21660291292580694,11.29429023278146,CRC,Colorectal (CRC)
427,x_427.00,0.3240692441145102,0.10447867417219663,0.4607939530794449,0.4412977014235809,2.2540859885279374e-11,3.5965365175317777e-11,1.6330842567160484,0.21959056994231357,10.444115525719923,CRC,Colorectal (CRC)
428.92,x_428.92,0.3688516828427411,0.14513488369652325,0.5014888965613045,0.4656014567167882,1.0822681976801725e-10,1.6837283940614995e-10,1.3456404706900806,0.22371679914621787,9.773727964186595,CRC,Colorectal (CRC)
430.84,x_430.84,0.4303507744813854,0.18430612885930983,0.5454846726821984,0.49039329247493413,3.610734127234476e-11,5.722095608413958e-11,1.2234045431516416,0.2460446456220756,10.24244489000162,CRC,Colorectal (CRC)
432.77,x_432.77,0.5139641263304422,0.2134495033453975,0.6006059724864375,0.5195711922671434,2.6421278442782494e-13,4.4351697206466123e-13,1.267768908032281,0.3005146229850447,12.353089756366648,CRC,Colorectal (CRC)
434.69,x_434.69,0.6171134889034641,0.24871168008731506,0.6718523402531347,0.5633496219279017,1.2070335129277158e-15,2.16617338692402e-15,1.311058105082769,0.36840180881614903,14.664306784104697,CRC,Colorectal (CRC)
436.61,x_436.61,0.7342229991681808,0.31064111219458707,0.7539060562304842,0.6222750484946792,2.204532428601125e-16,4.05755476524026e-16,1.2409668498511601,0.4235818869735937,15.391735609744211,CRC,Colorectal (CRC)
438.54,x_438.54,0.86644377408697,0.39114417609478214,0.8354182817157754,0.6855370383583532,1.401793070168438e-16,2.6266062537224236e-16,1.1474036244154544,0.4752995979921879,15.58060502605373,CRC,Colorectal (CRC)
440.46,x_440.46,0.9974059733342262,0.48331993345626423,0.9152981742462636,0.7449899251376267,2.143674330065518e-16,3.9533244548545554e-16,1.0452008078791304,0.514086039877962,15.403037541040154,CRC,Colorectal (CRC)
442.38,x_442.38,1.106592596392313,0.5899121051771063,0.9899895820705551,0.8056650615884553,7.237380867847756e-15,1.2791968074551327e-14,0.9075511156313752,0.5166804912152068,13.893062633147336,CRC,Colorectal (CRC)
444.3,x_444.30,1.1749990026957404,0.6996369741026349,1.043797461900855,0.8668519384085634,2.812690480544555e-12,4.581647385556026e-12,0.7479802587486276,0.4753620285931055,11.338978338193339,CRC,Colorectal (CRC)
446.23,x_446.23,1.1927379527355961,0.7993798063902083,1.0694425979581426,0.9202517300867513,7.1254345225922196e-9,1.05249309298953e-8,0.5773234856833342,0.3933581463453878,7.977780745550609,CRC,Colorectal (CRC)
448.15,x_448.15,1.1543105772411235,0.8853981929838711,1.0636912366476479,0.9548097893772155,2.6974420984619238e-5,3.4691999478155415e-5,0.3826327320459285,0.2689123842572524,4.459770668814469,CRC,Colorectal (CRC)
450.07,x_450.07,1.0599588647703713,0.9361370939174327,1.0274138858235766,0.9611351604259748,0.021198906551887234,0.023880695934957306,0.17921636936181506,0.12382177085293855,1.6219530210808717,CRC,Colorectal (CRC)
452,x_452.00,0.9169817483835104,0.9315206567920706,0.9630745861167948,0.941079421194376,0.683058066656415,0.6941948829605956,-0.02269471854089167,-0.014538908408560203,0.1585185919180892,CRC,Colorectal (CRC)
453.92,x_453.92,0.7374182607105803,0.8696077896855535,0.8748550501928467,0.8975267410522118,0.1425358466517353,0.15371512874206747,-0.23788142388239406,-0.13218952897497327,0.8132833868538045,CRC,Colorectal (CRC)
455.84,x_455.84,0.5365413841149091,0.7592939006541073,0.7705310929355565,0.8315774083788063,0.0010607017680663627,0.0012714822476180116,-0.5009681781701034,-0.22275251653919814,2.895689699047344,CRC,Colorectal (CRC)
457.76,x_457.76,0.3346938802575373,0.6065703050907494,0.6647147458693101,0.7444478525101336,3.36681057313646e-6,4.54908654029276e-6,-0.8578307677272701,-0.27187642483321206,5.342075801219261,CRC,Colorectal (CRC)
459.69,x_459.69,0.14495963865208333,0.42024451791565504,0.5657226909315172,0.6417640311011262,3.969073426676043e-8,5.709359467603231e-8,-1.5355712160490125,-0.2752848792635717,7.243412612470315,CRC,Colorectal (CRC)
461.61,x_461.61,-0.02256727143692181,0.2243496599371854,0.4731296481249773,0.5393293680812936,7.269339648190793e-9,1.0720556105770334e-8,NA,-0.2469169313741072,7.969782685967568,CRC,Colorectal (CRC)
463.53,x_463.53,-0.16621225780748722,0.03277041622130197,0.3907409009094089,0.44855230331171464,2.1258245903499455e-8,3.096021794357008e-8,NA,-0.1989826740287892,7.509195990774781,CRC,Colorectal (CRC)
465.46,x_465.46,-0.28484832569028107,-0.1405148886883294,0.32964681016948266,0.3780186634588596,1.992482903570078e-6,2.735640990951576e-6,1.0194761249188007,-0.14433343700195167,5.562940897404754,CRC,Colorectal (CRC)
467.38,x_467.38,-0.37722513881990977,-0.2883979868648223,0.2801557855114954,0.331234406172119,0.0018334105165875006,0.002183743736317596,0.38736590640576696,-0.08882715195508745,2.660798327704081,CRC,Colorectal (CRC)
469.3,x_469.30,-0.44539344796018654,-0.4035944820514102,0.24256892743673583,0.3022054930321298,0.24820024700105278,0.262222859825971,0.14217422069240462,-0.04179896590877635,0.5813294504662192,CRC,Colorectal (CRC)
471.22,x_471.22,-0.49221487611519676,-0.48982539469580083,0.2150450901865163,0.28526718303492227,0.33461148543853714,0.34956618869836004,0.007020703570635957,-0.0023894814193959335,0.45647058053378153,CRC,Colorectal (CRC)
473.15,x_473.15,-0.5226928178438871,-0.5459450704645854,0.19618370807706856,0.27888174307664787,0.005507876598707448,0.006389410198252437,-0.0627925853454598,0.0232522526206983,2.1945392293950303,CRC,Colorectal (CRC)
475.07,x_475.07,-0.5440473910055608,-0.5799984859701245,0.18799358012923423,0.27796160746031456,1.610660397412235e-4,1.9999568015676488e-4,-0.09231697103830501,0.03595109496456372,3.6989793848577235,CRC,Colorectal (CRC)
476.99,x_476.99,-0.5605693195550058,-0.5971575267613215,0.18472350562663328,0.28039712916136544,4.2656643896125966e-5,5.4116637778667276e-5,-0.09121892755460694,0.036588207206315726,4.266669193588293,CRC,Colorectal (CRC)
478.92,x_478.92,-0.571984750801929,-0.6087020655365838,0.18375078423357105,0.28323178333117593,1.786536511391102e-5,2.3167983885585028e-5,-0.0897597284787532,0.03671731473465478,4.63511175755494,CRC,Colorectal (CRC)
480.84,x_480.84,-0.5768699364302342,-0.6172064625721735,0.18727337387383527,0.28146929981000346,5.831837019286841e-6,7.778555796053062e-6,-0.09750725210694888,0.04033652614193928,5.109101028720682,CRC,Colorectal (CRC)
482.76,x_482.76,-0.5842277931409138,-0.620110317112595,0.1862133251060213,0.2762358085514475,3.208678388189919e-5,4.1097456067911975e-5,-0.08599404315678663,0.035882523971681235,4.386185060115695,CRC,Colorectal (CRC)
484.69,x_484.69,-0.5906012319237786,-0.6208590445729153,0.17622011496874823,0.2661558108594463,6.534584234409735e-5,8.201122495534366e-5,-0.07208151967160509,0.03025781264913674,4.0861267012439475,CRC,Colorectal (CRC)
486.61,x_486.61,-0.5917349958010306,-0.6226716873452145,0.16300208112882278,0.25425191490078136,1.872944371873821e-5,2.4221341461992017e-5,-0.07352058297918108,0.03093669154418388,4.615801807790506,CRC,Colorectal (CRC)
488.53,x_488.53,-0.5937359262131802,-0.6274157933515567,0.1526865136383412,0.24552449006361507,5.092032258020212e-6,6.820988769697563e-6,-0.07960056428088066,0.03367986713837656,5.1661526655051215,CRC,Colorectal (CRC)
490.45,x_490.45,-0.5945982628655216,-0.6271316143232594,0.15290080430384986,0.23864494838016811,3.6745808148078264e-5,4.680835234121687e-5,-0.07685312658615856,0.032533351457737725,4.3296766458136275,CRC,Colorectal (CRC)
492.38,x_492.38,-0.5923762376181002,-0.6260218601335862,0.15962264698240192,0.23623193754975333,3.8848286350987103e-4,4.7605698215167687e-4,-0.07969939657241801,0.03364562251548597,3.3223410608237933,CRC,Colorectal (CRC)
494.3,x_494.30,-0.5948238049510802,-0.6287316064707397,0.16802113407367464,0.23499121560957537,6.886803194286384e-4,8.351700371799959e-4,-0.07998203487843523,0.03390780151965944,3.078225094946232,CRC,Colorectal (CRC)
496.22,x_496.22,-0.6000007390066459,-0.6359376370973876,0.17584864788329546,0.23686641157493873,2.1644508305474627e-4,2.6769332361929597e-4,-0.08392115350958733,0.03593689809074174,3.57236246015956,CRC,Colorectal (CRC)
498.15,x_498.15,-0.5994804586285928,-0.6500742128331352,0.18975451277989036,0.24007881497409497,2.4356960679091176e-6,3.319789830167675e-6,-0.11689188708986827,0.050593754204542374,5.478889409816333,CRC,Colorectal (CRC)
500.07,x_500.07,-0.5949561178920348,-0.667968702236963,0.20667434440876556,0.24442158714050022,2.3446976064228888e-9,3.5245856302337636e-9,-0.1669975080087844,0.07301258434492819,8.452891933731019,CRC,Colorectal (CRC)
501.99,x_501.99,-0.5891692163888127,-0.6786051553673643,0.21531092523499473,0.26432588068763607,9.764244411826165e-12,1.5713543072388065e-11,-0.203890660273036,0.08943593897855162,10.803725879676911,CRC,Colorectal (CRC)
503.91,x_503.91,-0.5736547849202929,-0.6793750074391546,0.22887995587165622,0.2883451325951925,7.365603280342944e-14,1.2590199391445434e-13,-0.24402572706465578,0.1057202225188617,12.899967391900176,CRC,Colorectal (CRC)
505.84,x_505.84,-0.5580815565614681,-0.6685560763805487,0.24420781116122728,0.3070479719067324,1.3350980904867633e-13,2.2655475764158327e-13,-0.2605730321908387,0.11047451981908063,12.644826813220876,CRC,Colorectal (CRC)
507.76,x_507.76,-0.5444963449123702,-0.6461396320664705,0.25287616758848314,0.32202146218114663,1.554413675898328e-11,2.492927593421847e-11,-0.246924020227701,0.10164328715410031,10.603290335308504,CRC,Colorectal (CRC)
509.68,x_509.68,-0.5240629303662488,-0.6072215129670248,0.2612824136941265,0.332140146468998,2.5483800856883078e-8,3.694163380028787e-8,-0.21248321780131782,0.08315858260077591,7.43248390113295,CRC,Colorectal (CRC)
511.61,x_511.61,-0.49433571863495956,-0.55776307571825,0.27031354705019134,0.3342597345569282,9.138092637992917e-6,1.211931434967855e-5,-0.1741616086842902,0.06342735708329045,4.91652194968906,CRC,Colorectal (CRC)
513.53,x_513.53,-0.46433244729283185,-0.5012103087619272,0.2784773097128673,0.3325445581992268,0.0032691506375345327,0.003854547094697084,-0.11025821739260731,0.03687786146909533,2.414026643768437,CRC,Colorectal (CRC)
515.45,x_515.45,-0.4322259828981257,-0.4526543242584766,0.2905681913368238,0.33048984892349687,0.1104419326832528,0.11965609160931791,-0.06662408613781204,0.020428341360350932,0.9220651868543891,CRC,Colorectal (CRC)
517.37,x_517.37,-0.40047961928014914,-0.4136081564746493,0.3055192007985801,0.32777042222433056,0.5758112632228543,0.5883973017632446,-0.046535926023383675,0.01312853719450019,0.23032932750130658,CRC,Colorectal (CRC)
519.3,x_519.30,-0.3704419623856039,-0.37786655187746754,0.3191503479118251,0.3224945774936727,0.6236920378468431,0.6359346296475445,-0.02862936442755546,0.007424589491863642,0.19658752498439025,CRC,Colorectal (CRC)
521.22,x_521.22,-0.34142595171482676,-0.3451188730498066,0.3295622594419384,0.31588771699251594,0.1938647114406011,0.20598125590563868,-0.015520694380922647,0.0036929213349798373,0.6861722982091233,CRC,Colorectal (CRC)
523.14,x_523.14,-0.3157957456782006,-0.3209966275489117,0.3349935560820585,0.31201847530871524,0.17445143593392443,0.18598870307664692,-0.023566478520566828,0.005200881870711049,0.7305134339566662,CRC,Colorectal (CRC)
525.07,x_525.07,-0.3010734003200867,-0.29719548847916566,0.3308839399239958,0.3137326239557455,0.08180830699002675,0.08988339252135724,0.01870309937552741,-0.0038779118409210667,1.0463205441133892,CRC,Colorectal (CRC)
526.99,x_526.99,-0.2909182834534749,-0.267392725122152,0.3267090602028729,0.3192622457414695,0.005950044467287556,0.006885261852616169,0.12165419023759654,-0.023525558331322916,2.1620795384885696,CRC,Colorectal (CRC)
528.91,x_528.91,-0.27856766490808993,-0.2331156286923971,0.3280024296570762,0.3223428614754814,6.581057979871344e-5,8.248376958685934e-5,0.25698308497299605,-0.045452036215692826,4.083631499599385,CRC,Colorectal (CRC)
530.84,x_530.84,-0.2663466256194899,-0.19746358395624083,0.33071683485178516,0.32330223810172415,4.056516979832674e-7,5.694960024239564e-7,0.4317202754628849,-0.06888304166324907,6.244509320103424,CRC,Colorectal (CRC)
532.76,x_532.76,-0.257358794525417,-0.16537254099807197,0.33241512794105854,0.3309990211594931,8.612171828021264e-9,1.264109993594958e-8,0.6380644970997149,-0.09198625352734502,7.89821513528386,CRC,Colorectal (CRC)
534.68,x_534.68,-0.2537409018746383,-0.1408870705196299,0.33253748566358504,0.3369605615929864,3.5487452877159967e-10,5.47537433005686e-10,0.8488214296107451,-0.11285383135500843,9.261586184447506,CRC,Colorectal (CRC)
536.6,x_536.60,-0.2563214849412751,-0.11900109215127641,0.3365286970722108,0.3397845005859874,1.967783638542092e-13,3.3270844521462133e-13,1.1069860916170562,-0.1373203927899987,12.477936175195023,CRC,Colorectal (CRC)
538.53,x_538.53,-0.2534116063796468,-0.10819620151808725,0.35308464969170517,0.3419095860131752,1.6455695508180786e-14,2.8651909311264495e-14,1.227840392324094,-0.1452154048615596,13.542846432135772,CRC,Colorectal (CRC)
540.45,x_540.45,-0.2525308805373611,-0.11487618245286221,0.367381834519838,0.34094441088209376,4.449456751843917e-14,7.661587592954074e-14,1.1363869516021774,-0.1376546980844989,13.115681228876657,CRC,Colorectal (CRC)
542.37,x_542.37,-0.25440496969523835,-0.14097091197629438,0.38060733001183394,0.3435947732873079,2.4495312088587972e-11,3.901723475780197e-11,0.8517339097405893,-0.11343405771894396,10.408743513311133,CRC,Colorectal (CRC)
544.3,x_544.30,-0.2581103266893007,-0.17380726999551052,0.39546540544527176,0.34897669757911126,2.136153790760306e-8,3.106226740841191e-8,0.5705021458797107,-0.08430305669379015,7.507766845870164,CRC,Colorectal (CRC)
546.22,x_546.22,-0.2611148296484378,-0.2057338116311637,0.40884198142200756,0.3555261692180176,1.786536511391102e-5,2.3167983885585028e-5,0.34390696788884223,-0.0553810180172741,4.63511175755494,CRC,Colorectal (CRC)
548.14,x_548.14,-0.2639665099690557,-0.2442498130888222,0.41358598066864877,0.36447604345695184,0.01555904158052865,0.017676432415302902,0.11199788620996941,-0.019716696880233475,1.7526053829140598,CRC,Colorectal (CRC)
550.06,x_550.06,-0.26711690260546367,-0.2830022763691455,0.40796212977713386,0.37184524328801294,0.689854534863229,0.7003409230153302,-0.08334269117263246,0.01588537376368182,0.15469049578469962,CRC,Colorectal (CRC)
551.99,x_551.99,-0.2716138353428689,-0.31120902603071676,0.3988726854479278,0.3758052270605219,0.34395252718998187,0.3589236751368673,-0.19632761057035236,0.03959519068784784,0.4449978940150885,CRC,Colorectal (CRC)
553.91,x_553.91,-0.2839553502332155,-0.32570324681047297,0.3843616943601326,0.3746963903842937,0.21668819376557308,0.22996987647084088,-0.19789465770681305,0.04174789657725747,0.6383290480662447,CRC,Colorectal (CRC)
555.83,x_555.83,-0.29216484246036273,-0.33199213249118664,0.36791888076094126,0.3697142412335831,0.17418502576056502,0.18591666562343412,-0.18436706309362683,0.039827290030823914,0.7306816782007399,CRC,Colorectal (CRC)
557.76,x_557.76,-0.2934329310486706,-0.3425325402490602,0.3565793865880803,0.36413647699950835,0.047264657118932116,0.0524228403395036,-0.22321096474091848,0.04909960920038964,1.280479452096877,CRC,Colorectal (CRC)
559.68,x_559.68,-0.3025806103093498,-0.35667749416203487,0.33992375921261436,0.35342077783129006,0.013609651995561562,0.015518322702256171,-0.2373013687768243,0.054096883852685074,1.8091552212556663,CRC,Colorectal (CRC)
561.6,x_561.60,-0.3135733022388726,-0.3639398417493803,0.3232741617285351,0.3436751498879655,0.01244288402018226,0.01422261193015943,-0.21489790031987357,0.050366539510507735,1.847020639704025,CRC,Colorectal (CRC)
563.52,x_563.52,-0.3275578637246045,-0.36311284780024455,0.30611777565834547,0.33355436250647424,0.03013395504979016,0.033742811941980595,-0.14866862429873534,0.03555498407564006,1.4718187285044615,CRC,Colorectal (CRC)
565.45,x_565.45,-0.3416603307415296,-0.3604275013972824,0.29342505821544496,0.32388071399569096,0.1442592882272029,0.155215689864712,-0.07714656590372279,0.018767170655752785,0.8090643805181692,CRC,Colorectal (CRC)
567.37,x_567.37,-0.3587616287221433,-0.3644100620561747,0.2757233114872912,0.31872551705748237,0.3580532734043509,0.3723913355206541,-0.022537262230133002,0.005648433334031422,0.42900043236133006,CRC,Colorectal (CRC)
569.29,x_569.29,-0.37534222424585484,-0.36839533776038513,0.25902399282130234,0.3149017463973264,0.774512289407261,0.7820399466477203,0.026951864815194015,-0.0069468864854697054,0.10677106258518537,CRC,Colorectal (CRC)
571.22,x_571.22,-0.3900636701757933,-0.36855741772878386,0.25259519466223374,0.3138487156570073,0.6461477217835756,0.6573973012705584,0.08182045548838658,-0.021506252447009433,0.1821720831045775,CRC,Colorectal (CRC)
573.14,x_573.14,-0.40321604646366643,-0.3640419355221669,0.25189720262416726,0.32063517982307,0.22252537306932083,0.23579861578424247,0.14744878866452876,-0.03917411094149953,0.6274587486855003,CRC,Colorectal (CRC)
575.06,x_575.06,-0.41335012839254154,-0.36397814542061363,0.2498661634500992,0.33094307659430977,0.09681825449851421,0.10563018431284805,0.18351298001598906,-0.04937198297192791,0.9762119624142335,CRC,Colorectal (CRC)
576.99,x_576.99,-0.4260600836654276,-0.3743626992357031,0.2473930717353703,0.3355849205878493,0.08890098259268688,0.09721920318615465,0.1866206687552967,-0.05169738442972449,1.0122479427479432,CRC,Colorectal (CRC)
578.91,x_578.91,-0.43599332719735534,-0.391066979658035,0.24790546705921482,0.33794035709671755,0.14905152815091796,0.16018756186334285,0.1568907100758599,-0.044926347539320344,0.7953712087500843,CRC,Colorectal (CRC)
580.83,x_580.83,-0.4404113135371691,-0.40208051142131396,0.2427777304006144,0.34219902313743644,0.3847955552129829,0.3988734413793116,0.1313674310870846,-0.038330802115855156,0.39916487982553905,CRC,Colorectal (CRC)
582.75,x_582.75,-0.4417362102749834,-0.40664099802779685,0.23595512105321176,0.33960538184989864,0.5545085433160098,0.5672488927795069,0.11942970384864597,-0.035095212247186536,0.24622634314724803,CRC,Colorectal (CRC)
584.68,x_584.68,-0.43528803443241715,-0.4123262763979173,0.2387686500705916,0.33102583557162135,0.8303691263756059,0.8357321131982686,0.07818414414682358,-0.022961758034499846,0.07793290964705318,CRC,Colorectal (CRC)
586.6,x_586.60,-0.4219720241533775,-0.4183007790804127,0.24330811840651925,0.3263962255759712,0.5394131189605686,0.5524110254415463,0.012606699513047692,-0.0036712450729647905,0.25773766202563003,CRC,Colorectal (CRC)
588.52,x_588.52,-0.3981082940267525,-0.4135232382355595,0.24919115784022436,0.32693117275971084,0.09972331006877153,0.10854632702479788,-0.054807611781372625,0.015414944208806958,0.9643848675559492,CRC,Colorectal (CRC)
590.45,x_590.45,-0.3628942917852705,-0.4000745669321228,0.260644586044429,0.3304396720559049,0.008106341468708792,0.009334272503993497,-0.14071992390314167,0.03718027514685229,2.02991952450795,CRC,Colorectal (CRC)
592.37,x_592.37,-0.32075943012825886,-0.38295354205590254,0.27078054526664336,0.33252701612487745,2.2932792687196368e-4,2.83251798712399e-4,-0.25567843264864454,0.06219411192764368,3.5478273235885225,CRC,Colorectal (CRC)
594.29,x_594.29,-0.2836090873057062,-0.3677866831416883,0.2699561994171885,0.33139298611891194,3.8107125156071252e-6,5.141437521057233e-6,-0.3749666480601763,0.08417759583598206,5.288915437390334,CRC,Colorectal (CRC)
596.21,x_596.21,-0.2585551453307623,-0.3546474947746208,0.26007884912040147,0.3252365416075532,2.086483348078061e-7,2.969348448178063e-7,-0.4559152531168176,0.09609234944385853,6.527338835667175,CRC,Colorectal (CRC)
598.14,x_598.14,-0.22889793368377093,-0.34354966008507765,0.24751965035233175,0.31802547220808136,1.0548453023324126e-9,1.6011044767545549e-9,-0.5858163196250167,0.11465172640130672,8.79558032816966,CRC,Colorectal (CRC)
600.06,x_600.06,-0.19336104022408585,-0.33181095535135496,0.2367508462686681,0.3107848369247008,2.428078770436027e-13,4.0905471177615946e-13,-0.7790674940359226,0.13844991512726912,12.388218600468523,CRC,Colorectal (CRC)
601.98,x_601.98,-0.14794028141179066,-0.32471547788063493,0.24009467391602984,0.301810543528868,5.578106723490067e-19,1.1362809992294583e-18,-1.1341665374882006,0.17677519646884426,17.94451425548777,CRC,Colorectal (CRC)
603.91,x_603.91,-0.08939829737497332,-0.33119354577343124,0.25773780150155884,0.2940710626448846,1.8353799855234398e-28,6.195235691207278e-28,-1.8893670799607603,0.24179524839845792,27.207942166698142,CRC,Colorectal (CRC)
605.83,x_605.83,-0.017118642116078903,-0.3450926582375936,0.2881122665210223,0.28830061274143665,1.5346909944453983e-39,1.121043812348787e-38,-4.333423705202714,0.3279740161215147,37.95037741408701,CRC,Colorectal (CRC)
607.75,x_607.75,0.0594618986792228,-0.3566617914498895,0.32949816895828715,0.28084840492616875,7.734825344858887e-49,8.928471231411184e-48,NA,0.4161236901291123,47.04922289638579,CRC,Colorectal (CRC)
609.67,x_609.67,0.13353369871276172,-0.3688946257911805,0.37070319254939205,0.2744206292351173,1.0164854132283882e-55,1.667392739243058e-54,NA,0.5024283245039423,53.777962093995,CRC,Colorectal (CRC)
611.6,x_611.60,0.1984453851920588,-0.37284458913453233,0.40316945068912713,0.27693064837652337,1.8233365666150225e-59,4.158096804353771e-58,NA,0.5712899743265911,57.38110540410814,CRC,Colorectal (CRC)
613.52,x_613.52,0.24335912075665134,-0.36335669324160874,0.4308899257829138,0.28541447735288605,5.87440050581628e-59,1.2483101074859595e-57,NA,0.60671581399826,56.903677513018906,CRC,Colorectal (CRC)
615.44,x_615.44,0.2573839697232346,-0.34678153156089836,0.4555757661619235,0.29294123546622175,5.4477169020573286e-55,8.489358839039337e-54,NA,0.6041655012841329,53.071125108717425,CRC,Colorectal (CRC)
617.37,x_617.37,0.24892454461455416,-0.3294197028739939,0.4734351148644653,0.3047137780416394,2.0069954516584805e-49,2.4058214708983067e-48,NA,0.5783442474885481,47.61873660354665,CRC,Colorectal (CRC)
619.29,x_619.29,0.22422960646709195,-0.3085502152845234,0.4871520568710658,0.3199336873749365,1.1513753665257707e-42,9.280482480186169e-42,NA,0.5327798217516153,41.03242944479024,CRC,Colorectal (CRC)
621.21,x_621.21,0.187560547825866,-0.297142582268132,0.49378869951188437,0.33503994335137866,1.0839275079978359e-36,6.94159054779436e-36,NA,0.484703130093998,35.15854100692474,CRC,Colorectal (CRC)
623.13,x_623.13,0.13895164427011783,-0.3068821228221545,0.49318510858079934,0.3477494072661416,9.607432128342473e-33,4.6303861030928926e-32,NA,0.4458337670922723,31.33438279398174,CRC,Colorectal (CRC)
625.06,x_625.06,0.07675477574232448,-0.33301106840292904,0.48685244899947216,0.3545213559682756,1.1766828107135639e-29,4.297650109442118e-29,NA,0.4097658441452535,28.366768945225235,CRC,Colorectal (CRC)
626.98,x_626.98,0.004469587959890086,-0.3748595878200231,0.480074818211301,0.351947821150892,8.957462432647209e-27,2.745976188368899e-26,NA,0.3793291757799132,25.561303233051497,CRC,Colorectal (CRC)
628.9,x_628.90,-0.07016687703275305,-0.43300647805275383,0.47007043871428084,0.34282483612848974,1.0398222308958256e-25,3.010011721014232e-25,-2.6255437801006694,0.3628396010200008,24.521431813256026,CRC,Colorectal (CRC)
630.83,x_630.83,-0.13764685834669665,-0.500107988604829,0.4507380247189911,0.3313211896440142,1.6817159499610097e-27,5.403451591799121e-27,-1.8612755646718024,0.3624611302581323,26.267328734916717,CRC,Colorectal (CRC)
632.75,x_632.75,-0.19457121346250614,-0.5689568236222852,0.4237191695927778,0.31628188168882193,1.1345096179040711e-32,5.412073942552584e-32,-1.5480257728796996,0.374385610159779,31.26663627847811,CRC,Colorectal (CRC)
634.67,x_634.67,-0.24498381191703777,-0.6283170977092931,0.3949994328334905,0.3028567214450289,5.634867651113425e-38,3.7365966338943637e-37,-1.3588100102094716,0.38333328579225534,36.4275237817674,CRC,Colorectal (CRC)
636.6,x_636.60,-0.28914076376528897,-0.6670818757930904,0.3680272849025352,0.298003799546845,1.2420706403504735e-41,9.759126459896577e-41,-1.2060946538052915,0.37794111202780145,40.010589054323574,CRC,Colorectal (CRC)
638.52,x_638.52,-0.3241436926932169,-0.6836217108996019,0.34184834466528913,0.3023269668317063,1.879938387510316e-43,1.555524240993049e-42,-1.0765670555027302,0.359478018206385,41.80812321654018,CRC,Colorectal (CRC)
640.44,x_640.44,-0.3519505918691947,-0.6840424337578644,0.31655903458203205,0.311415472000092,1.6003222543318368e-42,1.2788900066668951e-41,-0.9587149016378452,0.33209184188866975,40.89316680622643,CRC,Colorectal (CRC)
642.36,x_642.36,-0.37778146628643383,-0.6729293721021268,0.2950297922782165,0.32104238809927793,5.765067770110693e-39,4.052885988762029e-38,-0.8329048426284887,0.29514790581569295,37.3922356131712,CRC,Colorectal (CRC)
644.29,x_644.29,-0.4055411653942424,-0.6532144952057936,0.2812463108309491,0.3290530999169239,9.680043517843298e-32,4.114018495083401e-31,-0.6877097883657348,0.24767332981155116,30.38573376021188,CRC,Colorectal (CRC)
646.21,x_646.21,-0.43434057343648086,-0.6305505117933478,0.2707993053639599,0.3317339431087867,1.6545758274125847e-23,4.0926677212454144e-23,-0.5377862525653508,0.1962099383568669,22.387993513768475,CRC,Colorectal (CRC)
648.13,x_648.13,-0.4578836686551346,-0.6097808851955161,0.2612607930191684,0.32786235462179647,5.102734982024971e-17,9.717020790617815e-17,-0.41331060245533874,0.15189721654038152,16.012466868049113,CRC,Colorectal (CRC)
650.06,x_650.06,-0.4737953510342349,-0.5961595221293059,0.25182541625675203,0.3240886553204576,2.786297133744628e-13,4.668795376435891e-13,-0.3314350052864664,0.12236417109507097,12.33079515987347,CRC,Colorectal (CRC)
651.98,x_651.98,-0.48527984973470145,-0.5904870190150112,0.24126029792939616,0.31849738515470066,9.594645160463343e-12,1.5467229698333147e-11,-0.28308891778780404,0.10520716928030976,10.810587464869824,CRC,Colorectal (CRC)
653.9,x_653.90,-0.49592401890110777,-0.5861347607091957,0.2281317394324137,0.31136217215899387,6.680580758339924e-11,1.0551255082851063e-10,-0.241113746057883,0.09021074180808791,9.976695877509737,CRC,Colorectal (CRC)
655.82,x_655.82,-0.5070377009566922,-0.5838620467872703,0.21953596001938105,0.3062097946302542,1.8296508070748326e-9,2.7636890219951023e-9,-0.2035348847183212,0.07682434583057807,8.558510826576304,CRC,Colorectal (CRC)
657.75,x_657.75,-0.51418779110445,-0.5821151777350871,0.21121171817339823,0.304192876023376,9.371132808548443e-9,1.3733556702183062e-8,-0.1790096063127667,0.06792738663063713,7.862216975064928,CRC,Colorectal (CRC)
659.67,x_659.67,-0.5173363924579103,-0.5755515328593648,0.2062314815313859,0.3083941022297233,7.764960386582005e-8,1.1101281286627177e-7,-0.1538427073556764,0.05821514040145448,6.954626892961252,CRC,Colorectal (CRC)
661.59,x_661.59,-0.519068752979265,-0.5600458168560066,0.20614271435032716,0.3179600805504731,1.8103400382055905e-5,2.3444154234379877e-5,-0.10961941831828019,0.040977063876741604,4.629965430144891,CRC,Colorectal (CRC)
663.52,x_663.52,-0.5189912864547017,-0.5345493698924055,0.20882955967177405,0.3318383286067144,0.010409621398294627,0.011927691185545927,-0.04261296256311621,0.015558083437703818,1.9234436135313777,CRC,Colorectal (CRC)
665.44,x_665.44,-0.5124999112996226,-0.49356369615172846,0.21695775263214503,0.34667785592399564,0.6145099951621629,0.6272563815246968,0.05431558130051172,-0.01893621514789412,0.20255491160464104,CRC,Colorectal (CRC)
667.36,x_667.36,-0.4926860471575584,-0.435987732842952,0.22726104872126995,0.36020925729961,0.1697024284116936,0.18154664824363104,0.17638145276277623,-0.056698314314606424,0.7410117647226279,CRC,Colorectal (CRC)
669.28,x_669.28,-0.4592049293230182,-0.3607422844503902,0.23437004252958127,0.36749426725773027,0.0010083288875117164,0.0012118091385905588,0.34817044747616205,-0.09846264487262801,2.916565776691373,CRC,Colorectal (CRC)
671.21,x_671.21,-0.411640345857096,-0.27167343370473046,0.23737549989037043,0.35947108364349384,3.4980227678677535e-8,5.05510245433748e-8,0.5995127020620454,-0.13996691215236556,7.296270037916203,CRC,Colorectal (CRC)
673.13,x_673.13,-0.3525135898779356,-0.1686486724038264,0.24120736679007568,0.33876615320833975,2.026884150828049e-16,3.745329409138786e-16,1.0636623767456839,-0.18386491747410919,15.426509979224903,CRC,Colorectal (CRC)
675.05,x_675.05,-0.29623583192261127,-0.05093901848510435,0.2426182177997681,0.3198756418155523,2.2655348779742835e-30,8.610874434577053e-30,2.5399265415133963,-0.24529681343750692,29.064952743688213,CRC,Colorectal (CRC)
676.98,x_676.98,-0.24496779541747762,0.07446486789929727,0.2413164995691314,0.3156164484314386,1.138892328390855e-44,9.859854880050458e-44,NA,-0.3194326633167749,43.0061294770727,CRC,Colorectal (CRC)
678.9,x_678.90,-0.1970525385751098,0.19718895707666834,0.24600660256349283,0.3267784761916273,8.098410412322003e-54,1.2212925379872698e-52,NA,-0.39424149565177813,51.913180296402004,CRC,Colorectal (CRC)
680.82,x_680.82,-0.1610209985450026,0.3041030176723294,0.2529763415551765,0.3440124434937809,1.7177977033763188e-60,4.118309878607329e-59,NA,-0.465124016217332,58.38528097838191,CRC,Colorectal (CRC)
682.75,x_682.75,-0.14725931752833538,0.3794624964471379,0.2557164264560069,0.3615630903450633,5.13191083558331e-66,1.6545988383691016e-64,NA,-0.5267218139754732,63.78130728491017,CRC,Colorectal (CRC)
684.67,x_684.67,-0.1552565556001181,0.4104555063836536,0.2545677283886913,0.373173995844548,3.900822858087589e-70,2.2795433576949347e-68,NA,-0.5657120619837717,67.64215214295376,CRC,Colorectal (CRC)
686.59,x_686.59,-0.18084062767488004,0.3966006485965586,0.25031520350891295,0.3775243163006366,8.35805745508861e-71,6.011372092698347e-69,NA,-0.5774412762714386,68.22102638918257,CRC,Colorectal (CRC)
688.51,x_688.51,-0.2215367368607539,0.351248531821348,0.2442912561101791,0.37469729287611686,6.524256718511702e-70,3.2106210693728635e-68,NA,-0.5727852686821019,67.49341094861957,CRC,Colorectal (CRC)
690.44,x_690.44,-0.2646438863194433,0.28908136813955626,0.23889659751021128,0.3613444783780019,1.7282985315679296e-69,7.69504346198102e-68,NA,-0.5537252544589996,67.11378892290915,CRC,Colorectal (CRC)
692.36,x_692.36,-0.30444706935481924,0.22318410960891022,0.23501524613254138,0.34282186198408426,7.167177750417524e-69,2.7922129986001605e-67,NA,-0.5276311789637295,66.55405145546565,CRC,Colorectal (CRC)
694.28,x_694.28,-0.34329702956695796,0.1605944620105232,0.230875715258839,0.332028693131907,1.9028941025227325e-67,6.58965179947687e-66,NA,-0.5038914915774811,65.18113753313908,CRC,Colorectal (CRC)
696.21,x_696.21,-0.37438110359284005,0.10609727243340211,0.23170572444126847,0.3327255823711582,3.997337758058434e-63,1.0678602296527532e-61,NA,-0.48047837602624216,60.97148558762856,CRC,Colorectal (CRC)
698.13,x_698.13,-0.3895599920047855,0.07006430380234525,0.2389987185655227,0.3406908939256874,4.8180425924423644e-57,8.72155583751885e-56,NA,-0.45962429580713077,55.0594060344049,CRC,Colorectal (CRC)
700.05,x_700.05,-0.3914707943646246,0.055713829353476095,0.24675505332156367,0.35157602403042365,8.742706738109698e-53,1.220064298527249e-51,NA,-0.4471846237181007,50.91361728099759,CRC,Colorectal (CRC)
701.97,x_701.97,-0.3834860680861753,0.06369387312220624,0.2533310512560658,0.3658311182898281,2.4592864193455395e-51,3.1936566695667767e-50,NA,-0.44717994120838156,49.49571177402318,CRC,Colorectal (CRC)
703.9,x_703.90,-0.358220338942946,0.09279489340327038,0.2654998089337117,0.3851105538918406,3.324054319183963e-49,3.934165554983551e-48,NA,-0.45101523234621643,47.405147368335605,CRC,Colorectal (CRC)
705.82,x_705.82,-0.3085282449906053,0.15711169101033348,0.2924230218143313,0.41269759412912144,5.212392689556856e-47,5.024316664675939e-46,NA,-0.4656399360009388,45.29892299638324,CRC,Colorectal (CRC)
707.74,x_707.74,-0.22746455899089038,0.2816482165941341,0.3375614853668404,0.45529726610287785,5.212392689556856e-47,5.024316664675939e-46,NA,-0.5091127755850244,45.29892299638324,CRC,Colorectal (CRC)
709.67,x_709.67,-0.1084063492256437,0.4822470907478748,0.40118297106081885,0.523552820555673,6.108066118477842e-48,6.564415885950324e-47,NA,-0.5906534399735185,46.182803912193634,CRC,Colorectal (CRC)
711.59,x_711.59,0.04554215452386251,0.7694723940121391,0.4840466932522725,0.6323521533795327,6.832826828025861e-49,7.985866355255225e-48,-4.0785653159252515,-0.7239302394882765,47.09767796206816,CRC,Colorectal (CRC)
713.51,x_713.51,0.22701000524131923,1.137512596366021,0.5877300625603493,0.785986024600979,8.110384853781497e-50,9.848324465306103e-49,-2.325049644947704,-0.9105025911247019,48.00663765146883,CRC,Colorectal (CRC)
715.43,x_715.43,0.42336692750127736,1.5660438827585104,0.7027601308911707,0.9687653419169294,4.411190418328038e-51,5.649949371420158e-50,-1.8871416744362524,-1.1426769552572331,49.247955443828594,CRC,Colorectal (CRC)
717.36,x_717.36,0.6128263778131656,2.0109776902756105,0.8083063405364816,1.154901751343655,5.148445161568509e-53,7.293630645555387e-52,-1.7143451382996213,-1.3981513124624447,51.137056233435004,CRC,Colorectal (CRC)
719.28,x_719.28,0.7700283984094943,2.4071650836628287,0.883382844919906,1.3152027019673735,1.9325167450723938e-55,3.1153502700736e-54,-1.6443502531248853,-1.6371366852533344,53.50649311696369,CRC,Colorectal (CRC)
721.2,x_721.20,0.8707894315363345,2.693610188901728,0.9126581793493919,1.421873039243535,2.830056480869454e-58,5.512714186693624e-57,-1.6291441590225824,-1.8228207573653936,56.25863452345752,CRC,Colorectal (CRC)
723.13,x_723.13,0.9043308578904441,2.821626979685612,0.8896461806016746,1.4522440970076727,2.9476956465680325e-61,7.252882709318711e-60,-1.6416035938248534,-1.9172961217951678,59.13948934571591,CRC,Colorectal (CRC)
725.05,x_725.05,0.8776245292776924,2.774916077460388,0.8217913133918241,1.4002081104178743,3.2599983083690745e-64,8.964995348014955e-63,-1.6607672621434888,-1.8972915481826957,62.04744993145952,CRC,Colorectal (CRC)
726.97,x_726.97,0.8079660780892254,2.574452161261959,0.7260369077078516,1.2785139693317669,2.7826608826362694e-67,9.292099733088972e-66,-1.6718976080934738,-1.7664860831727336,65.03188613751819,CRC,Colorectal (CRC)
728.9,x_728.90,0.7159497129707101,2.2714715054591004,0.6286204764164495,1.1103527545401117,5.9220727410685e-70,3.0761877849439153e-68,-1.6656956637998097,-1.5555217924883902,67.51198715668737,CRC,Colorectal (CRC)
730.82,x_730.82,0.621302697289749,1.9297505633366963,0.5566058465218261,0.9280974693558836,9.536750335132309e-70,4.4584307816743545e-68,-1.635044581863877,-1.3084478660469472,67.35081797150731,CRC,Colorectal (CRC)
732.74,x_732.74,0.5432963720958228,1.6048536225113714,0.5181106137358771,0.7600553717923653,1.1692188436926331e-65,3.526514899524555e-64,-1.56262864128884,-1.0615572504155486,63.45265427692143,CRC,Colorectal (CRC)
734.66,x_734.66,0.4931789231739859,1.3419176698375574,0.506926603309443,0.6273615608751185,2.1942255854006803e-57,4.103201844699272e-56,-1.4441112607541966,-0.8487387466635716,55.38687711869407,CRC,Colorectal (CRC)
736.59,x_736.59,0.46766095772116245,1.1566443992250794,0.5154376312959018,0.5411200385782275,2.4272661474808796e-48,2.701778390350741e-47,-1.3064086536029877,-0.688983441503917,46.56835027625952,CRC,Colorectal (CRC)
738.51,x_738.51,0.45730127531379433,1.0397247421101368,0.5300137990309296,0.49366519584688456,4.079796043950743e-41,3.051687440875156e-40,-1.1849830233670238,-0.5824234667963424,39.51545994963408,CRC,Colorectal (CRC)
740.43,x_740.43,0.4477287156458778,0.9701876012200441,0.5390263811856129,0.47158091037830613,9.084883025978884e-37,5.858183192613969e-36,-1.1156371568336676,-0.5224588855741663,35.232237051517956,CRC,Colorectal (CRC)
742.36,x_742.36,0.4303374830893463,0.9211542392219293,0.5430416248626955,0.46065118377167724,1.6355733097152224e-34,9.048881920613804e-34,-1.0979724500968537,-0.490816756132583,33.04340507888379,CRC,Colorectal (CRC)
744.28,x_744.28,0.4062789510992736,0.8715720192897203,0.5501848335517323,0.4496710751474529,5.76917737379805e-33,2.8241784526184174e-32,-1.1011473636585563,-0.4652930681904467,31.549107864794856,CRC,Colorectal (CRC)
746.2,x_746.20,0.3756935784935143,0.8130352674282683,0.5604630721849926,0.4349566791072414,4.0326875653850243e-32,1.79550613030238e-31,-1.1137594114573377,-0.43734168893475395,30.745813107746514,CRC,Colorectal (CRC)
748.12,x_748.12,0.33412953194501477,0.7457519386072453,0.5671890383416538,0.4197456957039913,6.008175113218895e-32,2.612857549237054e-31,-1.1582859391788969,-0.41162240666223054,30.582884266991652,CRC,Colorectal (CRC)
750.05,x_750.05,0.2774196071998235,0.664867725524027,0.5620666393934204,0.4060485759780914,3.09468039427104e-32,1.3911183503093375e-31,-1.260994559863252,-0.38744811832420345,30.856635920547266,CRC,Colorectal (CRC)
751.97,x_751.97,0.20858483195591726,0.5671415895544291,0.5453988466339977,0.3926797252432318,3.7231156737690544e-32,1.6656043803703665e-31,-1.4430703323553467,-0.3585567575985118,30.778428145681655,CRC,Colorectal (CRC)
753.89,x_753.89,0.13266390077279197,0.454477110574742,0.5231458456791498,0.37611653964123815,2.718952223676575e-31,1.0957846246282748e-30,-1.7764240837586844,-0.32181320980195005,29.960274797609966,CRC,Colorectal (CRC)
755.82,x_755.82,0.049046359637701986,0.3276281306437456,0.49609200557878963,0.3568801593395072,1.7496850312871867e-29,6.340912807184185e-29,-2.739816258538677,-0.2785817710060436,28.197848218681692,CRC,Colorectal (CRC)
757.74,x_757.74,-0.04319590208474984,0.1951990890880452,0.4610160911108216,0.3393745926266613,1.2293215977760417e-27,3.963502392829651e-27,NA,-0.23839499117279506,26.40192087527999,CRC,Colorectal (CRC)
759.66,x_759.66,-0.14190229203673727,0.05961709435432046,0.41733752049939005,0.32185463564174266,7.220038739540212e-25,1.968144670982536e-24,NA,-0.2015193863910577,23.705942981361915,CRC,Colorectal (CRC)
761.58,x_761.58,-0.24139834086135334,-0.07789156092984376,0.3695510042267486,0.3035472888877362,1.0943854269635575e-20,2.357719756246374e-20,1.631889371217536,-0.16350677993150958,19.627507817370176,CRC,Colorectal (CRC)
763.51,x_763.51,-0.3356588909994577,-0.20880434971674605,0.32360641730717177,0.28397411616886603,5.367951175351207e-16,9.764658266446263e-16,0.6848467027551369,-0.12685454128271167,15.010342951105635,CRC,Colorectal (CRC)
765.43,x_765.43,-0.4198021986537869,-0.32950320510044406,0.28186911869976167,0.26414867542425546,4.757578283283484e-10,7.280418485875708e-10,0.34941816585264956,-0.09029899355334281,9.137843656279957,CRC,Colorectal (CRC)
767.35,x_767.35,-0.4918818659544085,-0.4337858106472391,0.24582706892292505,0.2465157675145346,3.446738838953241e-5,4.4086194451727504e-5,0.18132939899602254,-0.058096055307169436,4.355697388130937,CRC,Colorectal (CRC)
769.28,x_769.28,-0.5493955504296152,-0.5215962444034089,0.21813786152870157,0.23098309212379636,0.044479443316073536,0.04944169047754408,0.07491188407236177,-0.027799306026206283,1.3059066885560127,CRC,Colorectal (CRC)
771.2,x_771.20,-0.5847963895400048,-0.5996616559690475,0.20274824074220973,0.21817846995017895,0.31886592304935935,0.3334895280214217,-0.036214382684239044,0.014865266429042734,0.4769177989105974,CRC,Colorectal (CRC)
773.12,x_773.12,-0.5975013431663222,-0.6666716638929301,0.19873284026422794,0.21043049141467118,3.128573622306704e-6,4.233308736406322e-6,-0.15803470262183036,0.06917032072660789,5.3733200571512745,CRC,Colorectal (CRC)
775.04,x_775.04,-0.5996086095218565,-0.7176667723258608,0.20306472746647977,0.20529149683187664,1.6782418207681835e-14,2.9166470305171966e-14,-0.25929342340645783,0.11805816280400439,13.5351161255488,CRC,Colorectal (CRC)
776.97,x_776.97,-0.5929948339590159,-0.7504302598839268,0.21210472791287158,0.19770316089414483,6.392061372359486e-23,1.5016526088331958e-22,-0.3396989773890295,0.1574354259249109,21.8234305250659,CRC,Colorectal (CRC)
778.89,x_778.89,-0.5657451201063718,-0.7666707125941193,0.22119030010386695,0.192352629673647,2.3736859351010235e-32,1.0932986942460379e-31,-0.43845550173077885,0.20092559248774755,30.961261170583697,CRC,Colorectal (CRC)
780.81,x_780.81,-0.5080215368403271,-0.7621177248943892,0.2339827525890516,0.19162598243326834,2.0280436691058046e-41,1.56712465339994e-40,-0.5851251566680632,0.2540961880540621,39.80489645718131,CRC,Colorectal (CRC)
782.74,x_782.74,-0.41439872103075354,-0.7362491932579799,0.2572058586413709,0.19013858579159973,9.312540503466108e-51,1.1766520771271366e-49,-0.8291761196121844,0.32185047222722635,48.92935193420079,CRC,Colorectal (CRC)
784.66,x_784.66,-0.2793324802074625,-0.7033432576176625,0.29455718976222384,0.18984718948388843,5.0362810132596325e-62,1.2726818236210153e-60,-1.332248726513798,0.4240107774102,59.89528015841809,CRC,Colorectal (CRC)
786.58,x_786.58,-0.11451607856314924,-0.6698295543078228,0.34879035257450003,0.19559214775036418,1.1449245676613804e-70,7.136696471755938e-69,-2.548254303347829,0.5553134757446735,68.14650277367107,CRC,Colorectal (CRC)
788.51,x_788.51,0.06167724895541345,-0.6390396102202714,0.4163619018257993,0.20910860752414526,1.1316193468573135e-75,1.7634401488526468e-73,NA,0.7007168591756849,72.75363927569829,CRC,Colorectal (CRC)
790.43,x_790.43,0.2361933426835969,-0.6188010912538141,0.4839692192624339,0.2295773532611254,9.20579341391958e-79,2.8691389473382694e-76,NA,0.854994433937411,75.54224841912901,CRC,Colorectal (CRC)
792.35,x_792.35,0.3836431654740928,-0.6071963850329247,0.5439267730808337,0.2576178305248867,4.526959877357142e-80,4.232707485328928e-77,NA,0.9908395505070176,76.37338174378611,CRC,Colorectal (CRC)
794.27,x_794.27,0.47675119361371776,-0.6031230806632574,0.5906075908417617,0.28554003022675906,5.1633197792541637e-79,2.4138519968013215e-76,NA,1.0798742742769751,75.61728936180411,CRC,Colorectal (CRC)
796.2,x_796.20,0.508808337679021,-0.6114474565924556,0.6150725553436206,0.3030910969530856,1.7968933928679763e-77,4.2002383058288946e-75,NA,1.1202557942714766,74.37672606865675,CRC,Colorectal (CRC)
798.12,x_798.12,0.4832735625086553,-0.6304467162381416,0.6136180290875916,0.3103032943240049,4.421946783134408e-76,8.269040484461342e-74,NA,1.113720278746797,73.08254488179931,CRC,Colorectal (CRC)
800.04,x_800.04,0.4046589591338095,-0.652448368739504,0.5853918927816958,0.3039748884456907,5.700891197429864e-75,6.662916586996154e-73,NA,1.0571073278733134,72.17633562362727,CRC,Colorectal (CRC)
801.97,x_801.97,0.2852071767212212,-0.6724470427180202,0.5318481722737382,0.280744376007531,9.484405718858294e-75,9.853243719036116e-73,NA,0.9576542194392414,72.00642077484515,CRC,Colorectal (CRC)
803.89,x_803.89,0.14117459465192833,-0.694371924458377,0.4635886338910679,0.24793252372140254,1.8015345145405298e-75,2.4063353872791365e-73,NA,0.8355465191103053,72.61864384221082,CRC,Colorectal (CRC)
805.81,x_805.81,-0.01895821746625554,-0.7188351583428086,0.3981380208981595,0.21732697393557873,2.280708884562154e-74,2.132462807065614e-72,-5.244839839412667,0.69987694087655306,71.67111853475694,CRC,Colorectal (CRC)
807.73,x_807.73,-0.1785454060207018,-0.7359034662917622,0.33717287754150427,0.1950467324494744,7.30281991202752e-71,5.690113848121444e-69,-2.043231636132603,0.5573580602710604,68.2448790441293,CRC,Colorectal (CRC)
809.66,x_809.66,-0.31742402265939457,-0.7418878906153417,0.27661489391618194,0.1880914092982658,2.1111307767312076e-65,6.168460238261497e-64,-1.2247924772878658,0.4244638679559471,63.20982323037206,CRC,Colorectal (CRC)
811.58,x_811.58,-0.43290555360426725,-0.7418382924650839,0.22655113923481135,0.19521928145107398,9.346044711007823e-54,1.3870717150463991e-52,-0.7770538185920558,0.3089327388608167,51.857901084244844,CRC,Colorectal (CRC)
813.5,x_813.50,-0.5218183101021067,-0.7337159016346286,0.19156585911472662,0.2070236332799411,6.526615612875049e-38,4.297454646505754e-37,-0.4916747832924932,0.21189759153252197,36.36678869797453,CRC,Colorectal (CRC)
815.43,x_815.43,-0.5793816630374641,-0.7115945622699483,0.16780036120224173,0.21796223402425927,2.601528300600113e-22,6.020863765002736e-22,-0.2965419235835749,0.13221289923248425,21.220341199528765,CRC,Colorectal (CRC)
817.35,x_817.35,-0.6103287288987246,-0.678407959808857,0.15881324835270674,0.23112386833570447,1.697042218915958e-9,2.5675315124375743e-9,-0.15256683307507854,0.06807923091013246,8.590484217411788,CRC,Colorectal (CRC)
819.27,x_819.27,-0.6195121998804095,-0.6392133702874584,0.16747097534181188,0.24460572175634968,0.005927198161086038,0.0068673237678010465,-0.0451649636601644,0.019701170407048885,2.1632124768150947,CRC,Colorectal (CRC)
821.19,x_821.19,-0.6092372413277177,-0.5924181643319376,0.18798501835569928,0.2592475556698227,0.8632624920426315,0.8679036882364091,0.04038832425261958,-0.016819076995780113,0.06152846605415791,CRC,Colorectal (CRC)
823.12,x_823.12,-0.5839018166559101,-0.5399860646362419,0.21255550787270233,0.27220819027318055,0.08321876989625704,0.0912186985381012,0.11280382436736333,-0.04391575201966824,1.0399161283431966,CRC,Colorectal (CRC)
825.04,x_825.04,-0.5468836512576833,-0.48454849648889364,0.23752545996105925,0.27825120812979875,7.232654099009613e-4,8.748423780820166e-4,0.1745932073078837,-0.0623351547687897,3.0580701875440943,CRC,Colorectal (CRC)
826.96,x_826.96,-0.49857433908975174,-0.42433227138719093,0.25889250600417935,0.28260622222346854,7.999875978653449e-6,1.0639948847853449e-5,0.23261473468246963,-0.07424206770256081,4.973060459930856,CRC,Colorectal (CRC)
828.89,x_828.89,-0.4414584157653554,-0.3606868038740127,0.27726157939093177,0.2895912534308389,1.8142271583642284e-6,2.5019209337323796e-6,0.2915316364942054,-0.08077161189134269,5.601726419097557,CRC,Colorectal (CRC)
830.81,x_830.81,-0.38058887837572053,-0.2939760359024557,0.29180619283590786,0.2944094047669155,4.003176915417854e-7,5.628526941226607e-7,0.3725359649957916,-0.08661284247326484,6.249605250797644,CRC,Colorectal (CRC)
832.73,x_832.73,-0.31990809794545394,-0.21915497359295197,0.2995030855722388,0.2956677780046337,2.778072849740219e-9,4.155996983211368e-9,0.5457081652927294,-0.10075312435250197,8.381324776363929,CRC,Colorectal (CRC)
834.66,x_834.66,-0.2618065906919505,-0.1378075755826379,0.302104731954724,0.2969577570006915,1.9734741870108572e-12,3.2258712672292858e-12,0.9258511760836354,-0.1239990151093126,11.491352967711933,CRC,Colorectal (CRC)
836.58,x_836.58,-0.20752601317638614,-0.0597158564566689,0.30599172863996377,0.3034306791614731,4.9510295781027426e-15,8.817547915287741e-15,1.797123426971522,-0.14781015671971723,14.054652171661774,CRC,Colorectal (CRC)
838.5,x_838.50,-0.15732134438756082,0.012535605747224331,0.31539179773838494,0.3156220373809857,5.843530525818574e-17,1.1082557893793848e-16,NA,-0.16985695013478516,15.955359991326663,CRC,Colorectal (CRC)
840.42,x_840.42,-0.11364772274346192,0.08114313528339852,0.32723562459269706,0.32776509829628403,6.5134697137543915e-19,1.318202203974103e-18,NA,-0.19479085802686044,17.880017966574627,CRC,Colorectal (CRC)
842.35,x_842.35,-0.0801559385539186,0.14196044052839837,0.3393464959678953,0.33494420954643145,2.1250801092525326e-21,4.708412090405493e-21,NA,-0.22211637908231696,20.327125533773152,CRC,Colorectal (CRC)
844.27,x_844.27,-0.0592365929073071,0.18889975053662753,0.3507888915557784,0.33790515896490897,2.4985156401290795e-24,6.507276110085486e-24,NA,-0.24813634344393462,23.186600765335843,CRC,Colorectal (CRC)
846.19,x_846.19,-0.05141093887424033,0.21494583608889095,0.36027491439756193,0.3380084527289628,6.758407649825269e-27,2.0924209114525253e-26,NA,-0.26635677496313126,25.6793509483258,CRC,Colorectal (CRC)
848.12,x_848.12,-0.05267532625818754,0.21798384516559166,0.37189893713915956,0.3361330660498582,5.754521841787541e-28,1.9012289477283924e-27,NA,-0.2706591714237792,26.720965581846773,CRC,Colorectal (CRC)
850.04,x_850.04,-0.05964703151052681,0.20491974470108212,0.38700903906240974,0.33019669778867766,3.8576559193007012e-28,1.279045490973814e-27,NA,-0.26456677621160896,26.893114008979072,CRC,Colorectal (CRC)
851.96,x_851.96,-0.07400863792891066,0.17220202555884329,0.39832265799644617,0.3223275577751777,4.1687390995154975e-27,1.3079768651164397e-26,NA,-0.24621066348775394,25.883399937541665,CRC,Colorectal (CRC)
853.88,x_853.88,-0.10022043725717651,0.11252272771962575,0.4000559126359042,0.31437142282759395,2.4557516497042447e-24,6.413764783445444e-24,NA,-0.21274316497680226,23.192886971305747,CRC,Colorectal (CRC)
855.81,x_855.81,-0.1410324448014593,0.037273260193009534,0.3872917376401649,0.30481305957097465,4.258654444776259e-21,9.34704672738451e-21,NA,-0.17830570499446882,20.02932558619714,CRC,Colorectal (CRC)
857.73,x_857.73,-0.19259561843956963,-0.041052986497703246,0.3624042004549247,0.29888789059651566,3.476754621890508e-18,6.843716992563421e-18,2.2300434508090388,-0.15154263194186637,17.16470795808905,CRC,Colorectal (CRC)
859.65,x_859.65,-0.2439883429272164,-0.11874083123357035,0.33097712290275505,0.2894807466728235,7.189474479484945e-15,1.2731361057421257e-14,1.0390023408679199,-0.12524751169364606,13.895125165228476,CRC,Colorectal (CRC)
861.58,x_861.58,-0.29071116470771746,-0.18829237706526206,0.29812188675816176,0.27279222013821713,9.400424953426826e-12,1.5180306271941418e-11,0.6266145840803514,-0.1024187876424554,10.818719466195986,CRC,Colorectal (CRC)
863.5,x_863.50,-0.3333550681731776,-0.23835263962066588,0.2707489014444116,0.25762422860016465,6.986925214763886e-11,1.0997937838054266e-10,0.4839637837876723,-0.09500242855251173,9.958688739342838,CRC,Colorectal (CRC)
865.42,x_865.42,-0.36504969234220863,-0.2715824480850867,0.2479304555137411,0.2452592835791321,3.995522724297399e-10,6.154553125565187e-10,0.4267039805187545,-0.09346724425712194,9.210803475169179,CRC,Colorectal (CRC)
867.34,x_867.34,-0.38359077916001205,-0.28808077673569754,0.22725148001999362,0.23835757138523136,6.948737621333094e-10,1.0598808606764182e-9,0.4130958933788887,-0.09551000242431451,8.974742950262389,CRC,Colorectal (CRC)
869.27,x_869.27,-0.3930516388352181,-0.28904571261983714,0.20883519682878937,0.23917563888191867,7.55641242334696e-11,1.181479199971473e-10,0.4434225126984306,-0.10400592621538096,9.927573919750722,CRC,Colorectal (CRC)
871.19,x_871.19,-0.39808331255189033,-0.28214533019342647,0.19558905752334987,0.24246038844235182,1.926461244761038e-12,3.1545381153267437e-12,0.4966334132312072,-0.11593798235846386,11.501064220777867,CRC,Colorectal (CRC)
873.11,x_873.11,-0.4016386452417021,-0.2717356012632593,0.1880237113309682,0.250130718434759,5.2772955862171955e-14,9.053708941491886e-14,0.5636962160174888,-0.12990304397844282,13.043173471309267,CRC,Colorectal (CRC)
875.04,x_875.04,-0.406186134736389,-0.25385361681580315,0.18516069481245304,0.2582268784292767,7.603403181507768e-17,1.436198378729245e-16,0.6781463098822426,-0.15233251792058583,15.842785567867406,CRC,Colorectal (CRC)
876.96,x_876.96,-0.40595948119653863,-0.23897493895544425,0.1847364541361101,0.26420237571560723,7.239652005640039e-19,1.45885228992962e-18,0.7644788902165965,-0.16698454224109438,17.835988678576722,CRC,Colorectal (CRC)
878.88,x_878.88,-0.3925842415693264,-0.23481600109121184,0.18367021871105638,0.2664647681129175,1.5333732333747395e-17,2.962198291746656e-17,0.7414740113860523,-0.15776824047811458,16.528385872847576,CRC,Colorectal (CRC)
880.81,x_880.81,-0.3685419449006495,-0.22924833308034157,0.18646155748212648,0.2706776624826931,4.322173340120102e-14,7.456147736185046e-14,0.6849199611414349,-0.13929361182030794,13.12748549545366,CRC,Colorectal (CRC)
882.73,x_882.73,-0.3348965585662556,-0.20946597344835655,0.1984452696630461,0.28063427572504646,7.006521341462293e-11,1.1010247822297889e-10,0.6770022250631763,-0.12543058511789906,9.958202905674462,CRC,Colorectal (CRC)
884.65,x_884.65,-0.2830825872708258,-0.17797451495231778,0.21776730777646197,0.2884538222800444,9.052548109273854e-8,1.2922339667436724e-7,0.6695553506313561,-0.10510807231850802,6.888658847589714,CRC,Colorectal (CRC)
886.57,x_886.57,-0.21815212997465275,-0.127363104132797,0.24529669666354345,0.30244328220791655,4.024631424529701e-6,5.4222339797338194e-6,0.7763918708066501,-0.09078902584185575,5.2658217457162895,CRC,Colorectal (CRC)
888.5,x_888.50,-0.15161637975011008,-0.06065618479013899,0.2770813861131044,0.3212829856660262,2.978825260662132e-6,4.036524085100136e-6,1.3217132298887637,-0.0909601949599711,5.393992451827938,CRC,Colorectal (CRC)
890.42,x_890.42,-0.09364619255269829,0.013349638774299115,0.30228960248135656,0.3427315387453804,2.9540664308343033e-7,4.18492744368193e-7,NA,-0.10699583132699741,6.3783120672004046,CRC,Colorectal (CRC)
892.34,x_892.34,-0.04949932657633312,0.0883239165599522,0.3184232568895926,0.3648581327948958,1.0113839379515907e-9,1.537632491032093e-9,NA,-0.13782324313628533,8.813147452693958,CRC,Colorectal (CRC)
894.27,x_894.27,-0.022518454894333014,0.15189081062806492,0.3296380657616601,0.3818493707474317,2.443332159361299e-13,4.108840951443911e-13,NA,-0.17440926552239794,12.3862806694578,CRC,Colorectal (CRC)
896.19,x_896.19,-0.0181519119245853,0.17830832312776423,0.33020098649104274,0.39243248209769677,9.436321522658508e-16,1.703274251676777e-15,NA,-0.19646023505234952,14.768715418742934,CRC,Colorectal (CRC)
898.11,x_898.11,-0.03881385715299037,0.1658877962540457,0.31770395647891103,0.39389689716432463,2.865225802726877e-17,5.478499234252822e-17,NA,-0.20470165340703608,16.261338394717665,CRC,Colorectal (CRC)
900.03,x_900.03,-0.08383224767655599,0.11608572491587454,0.2917837093015874,0.3889897110071053,1.6022761969725658e-16,2.984319211492727e-16,NA,-0.19991797259243055,15.525154725309504,CRC,Colorectal (CRC)
901.96,x_901.96,-0.1458468812689449,0.0367971573171251,0.2589494512212818,0.37748788018563323,2.1757978720649088e-13,3.672149838232292e-13,NA,-0.18264403858607,12.435079606177274,CRC,Colorectal (CRC)
903.88,x_903.88,-0.21318656861773924,-0.059899240750946575,0.23204681967201143,0.3570234001025198,4.027908563294626e-10,6.194234385987624e-10,1.8315242437283539,-0.15328732786679267,9.208012365234454,CRC,Colorectal (CRC)
905.8,x_905.80,-0.27675896415683315,-0.15613100407865332,0.21550459747819994,0.34153132724988683,1.0665660961707709e-6,1.4795835310380873e-6,0.825877021495632,-0.12062796007817983,5.829860511378735,CRC,Colorectal (CRC)
907.73,x_907.73,-0.3299502526202196,-0.23961683449720084,0.2076233082453045,0.3306851381134537,5.219402579021888e-4,6.370941790320451e-4,0.46152090117911415,-0.09033341812301876,3.1957963629383808,CRC,Colorectal (CRC)
909.65,x_909.65,-0.37382963740248587,-0.30644244819868954,0.20363838752410135,0.32587731772710865,0.02129331613059538,0.02395818361264342,0.28676564762548673,-0.06738718920379633,1.6205461110284851,CRC,Colorectal (CRC)
911.57,x_911.57,-0.40714148857256954,-0.35574829599147956,0.20373726179819185,0.32072681609852577,0.1089499310741253,0.11817654936694565,0.19467390816848076,-0.051393192581089986,0.9274686951210589,CRC,Colorectal (CRC)
913.49,x_913.49,-0.42485216423566624,-0.3922228796625966,0.2098275768188817,0.3101807932461572,0.36468226155849043,0.3784438563342825,0.11528750144695062,-0.03262928457306963,0.42199854071549336,CRC,Colorectal (CRC)
915.42,x_915.42,-0.43001151004713273,-0.41976465543243224,0.21752375688480008,0.30207392302635994,0.940732069457446,0.9437601769771589,0.034794663107752206,-0.010246854614700485,0.025138352150896142,CRC,Colorectal (CRC)
917.34,x_917.34,-0.43039768162804515,-0.43773853493858783,0.22451554607977006,0.2954236315061007,0.4015533087706262,0.41532338904926497,-0.024399142190389907,0.007340853310542683,0.3816136107899302,CRC,Colorectal (CRC)
919.26,x_919.26,-0.42817359596395405,-0.4477497620024999,0.23063076488606232,0.2905670195749671,0.18424596357255799,0.19598404543838646,-0.06449698039449896,0.01957616603854584,0.7077792820113684,CRC,Colorectal (CRC)
921.19,x_921.19,-0.41490007480216406,-0.4450451479680663,0.23476568647537566,0.288675796575985,0.09234385884325834,0.10086624768510111,-0.1011880170948348,0.03014507316590226,0.9962541350155731,CRC,Colorectal (CRC)
923.11,x_923.11,-0.38350642512317173,-0.4268176236918157,0.24294362666009878,0.2900379668697212,0.04452396083646215,0.04944169047754408,-0.154369381026244,0.04331119856864396,1.3059066885560127,CRC,Colorectal (CRC)
925.03,x_925.03,-0.3256602364665415,-0.38433388676083347,0.26937251625267966,0.29587863630082556,0.02752224413672748,0.03092944503346177,-0.23899328532934216,0.058673650294291946,1.5096278724658634,CRC,Colorectal (CRC)
926.96,x_926.96,-0.23901513820614384,-0.3109580594934662,0.3221116828426656,0.30648244939592656,0.034611222193113904,0.03866367114762426,-0.3796194110021491,0.07194292128732238,1.4126969117285675,CRC,Colorectal (CRC)
928.88,x_928.88,-0.14088991090391925,-0.21124258967320614,0.38743165202232877,0.32388651784387296,0.22268468207217765,0.23579861578424247,-0.5843358390359148,0.07035267876928689,0.6274587486855003,CRC,Colorectal (CRC)
930.8,x_930.80,-0.05338533969701694,-0.10081196891740568,0.4412682255477386,0.33781487197179344,0.6299456395148353,0.6416112995058508,-0.9171641280765631,0.04742662922038874,0.19272799623600745,CRC,Colorectal (CRC)
932.72,x_932.72,0.007204998774128232,-0.006363157891261853,0.46809071636051586,0.342970448898239,0.02994285347769617,0.0335690263808704,NA,0.013568156665390085,1.4740612546276886,CRC,Colorectal (CRC)
934.65,x_934.65,0.020371259453271073,0.047875973727813756,0.45957022350675214,0.33680020460216453,2.1043584940847915e-4,2.609516169720531e-4,-1.2327259672787543,-0.027504714274542683,3.5834400077187936,CRC,Colorectal (CRC)
936.57,x_936.57,-0.02579184341522107,0.04275274678253099,0.4133055129836557,0.3178350056465028,3.27258957403385e-7,4.6291546924684567e-7,NA,-0.06854459019775207,6.334498306155423,CRC,Colorectal (CRC)
938.49,x_938.49,-0.11995071656208303,-0.02654065490299737,0.34157688311036694,0.2909050818170949,3.7170806155455112e-9,5.525390104189273e-9,2.1762082321088,-0.09341006165908566,8.25763705445445,CRC,Colorectal (CRC)
940.42,x_940.42,-0.24421743151828315,-0.1499415460052814,0.26043325567461334,0.2645499110468012,5.338955583504099e-9,7.898613086354957e-9,0.7037697110639892,-0.09427588551300176,8.102449159572995,CRC,Colorectal (CRC)
942.34,x_942.34,-0.3803951756659451,-0.3068899217300347,0.19475556662224583,0.2435370204180654,4.5786382081587045e-6,6.150900466420099e-6,0.30977858938478814,-0.0735052539359104,5.21106130065212,CRC,Colorectal (CRC)
944.26,x_944.26,-0.49877190053586284,-0.4697373847830417,0.172366753020218,0.23144427143423246,0.14952549423817366,0.16051244215004862,0.08652595139188915,-0.029034515752821122,0.7944912975415086,CRC,Colorectal (CRC)
946.18,x_946.18,-0.5845958509964981,-0.6073998326514272,0.17678925781563884,0.2277799537136752,0.029407046623490488,0.033007909475346466,-0.05520701361074401,0.02280398165492903,1.481381980427983,CRC,Colorectal (CRC)
948.11,x_948.11,-0.6354997290586192,-0.7040613884143189,0.18621987630117975,0.2278034386333804,3.6726060260098854e-7,5.179316190526762e-7,-0.14780993651929905,0.06856165935569969,6.2857275750587,CRC,Colorectal (CRC)
950.03,x_950.03,-0.657100377614132,-0.7595580625387431,0.19699377675360397,0.22961942485053333,1.5452129800699593e-12,2.5391461096052935e-12,-0.20904677716561668,0.10245768492461116,11.595312307881843,CRC,Colorectal (CRC)
951.95,x_951.95,-0.6567165878712582,-0.7760602871285428,0.20660309104069677,0.23523147959857418,7.170463376244469e-16,1.2967859297463403e-15,-0.24089817184778511,0.11934369925728461,14.887131710271412,CRC,Colorectal (CRC)
953.88,x_953.88,-0.6394902307216596,-0.7557739410101885,0.21403064787863185,0.24999294642862618,5.772267958606893e-15,1.0241120571721906e-14,-0.24103280291822501,0.11628371028852891,13.989652520753777,CRC,Colorectal (CRC)
955.8,x_955.80,-0.6060376450759823,-0.7149618128334793,0.22086245325470671,0.2704576873746857,3.769347492708565e-13,6.282245821180942e-13,-0.2384591381719886,0.10892416775749691,12.20188507387612,CRC,Colorectal (CRC)
957.72,x_957.72,-0.5563691795989736,-0.6734529634684868,0.22937690085983176,0.2927165864490209,1.967783638542092e-13,3.3270844521462133e-13,-0.2755351335381634,0.11708378386951324,12.477936175195023,CRC,Colorectal (CRC)
959.64,x_959.64,-0.4972690623070457,-0.6307507710549719,0.2410501753714575,0.3096208947620377,1.6401853526887856e-14,2.8611442253059974e-14,-0.34304400240605554,0.1334817087479262,13.543460249613183,CRC,Colorectal (CRC)
961.57,x_961.57,-0.4299575883922608,-0.5915319557610734,0.2559329994780943,0.3146067806090591,8.919329522787138e-17,1.6813655451221721e-16,-0.46026266710886643,0.16157436736881264,15.774337856476743,CRC,Colorectal (CRC)
963.49,x_963.49,-0.34922327106849815,-0.5660289434314484,0.27547395279360376,0.307064067472966,4.495736789737698e-23,1.0723249740828438e-22,-0.6967277098085694,0.21680567236295023,21.9696735793233,CRC,Colorectal (CRC)
965.41,x_965.41,-0.2580904644989089,-0.5462332770597993,0.3092179707848043,0.29476458173217573,2.0429791213544466e-31,8.41491400205466e-31,-1.0816433157798204,0.2881428125608904,30.07495031802731,CRC,Colorectal (CRC)
967.34,x_967.34,-0.1479203864959835,-0.5219332939861573,0.3582816621371919,0.2814999010594189,3.402312256191154e-41,2.586310536210349e-40,-1.8190515236797753,0.3740129074901738,39.58731933093832,CRC,Colorectal (CRC)
969.26,x_969.26,-0.010385349447558718,-0.4826281068200951,0.41987824284638414,0.2732617367680213,4.679584686358812e-52,6.25058811677927e-51,-5.5384262039613015,0.4722427573725364,50.20407911803903,CRC,Colorectal (CRC)
971.18,x_971.18,0.16177882832559437,-0.41749172713847665,0.49495666223135354,0.2792273958708342,2.270487207005573e-59,5.0545369965481214e-58,NA,0.579270555464071,57.296318620301186,CRC,Colorectal (CRC)
973.1,x_973.10,0.3803475348869005,-0.3162583234379705,0.5792659412350911,0.3042800428398718,4.7029052255051616e-63,1.2214489960687016e-61,NA,0.696605858324871,60.913124663105926,CRC,Colorectal (CRC)
975.03,x_975.03,0.6586459314565438,-0.1780678481570083,0.6696152272849966,0.35094124067084653,1.1608153237552303e-65,3.526514899524555e-64,NA,0.8367137796135521,63.45265427692143,CRC,Colorectal (CRC)
976.95,x_976.95,1.009548579308896,0.0018920359293868052,0.7730491699354178,0.4136242961512548,4.8681995355377854e-68,1.8207066262911316e-66,9.058794254973257,1.0076565433795093,65.73976002721292,CRC,Colorectal (CRC)
978.87,x_978.87,1.4404449843528648,0.2373445736518021,0.8906768387930667,0.4867707851938472,3.0597940523977246e-69,1.2438727995616836e-67,2.60145451176667,1.2031004107010628,66.9052240290286,CRC,Colorectal (CRC)
980.8,x_980.80,1.9561225276919425,0.5279492482040681,1.0191693946768732,0.5713995860510894,4.562242519207601e-70,2.5092333855641806e-68,1.8895235906160608,1.4281732794878743,67.60045894277114,CRC,Colorectal (CRC)
982.72,x_982.72,2.5486240105923947,0.8720496958771773,1.152815733199507,0.6642269519726415,4.035935519404218e-71,3.430545191493585e-69,1.547235207151825,1.6765743147152175,68.46463685522198,CRC,Colorectal (CRC)
984.64,x_984.64,3.191687784548629,1.279138261424903,1.2891996941864676,0.7624485315722579,9.352593950505347e-71,6.246196674087501e-69,1.3191466432831185,1.9125495231237262,68.20438434525373,CRC,Colorectal (CRC)
986.57,x_986.57,3.8648771762475653,1.747110953207141,1.4161604187340102,0.8666681850546938,1.9318805712708272e-69,8.210492427901015e-68,1.1454508823877723,2.1177662230404244,67.08563079509653,CRC,Colorectal (CRC)
988.49,x_988.49,4.530025293739087,2.2625733597148083,1.512587734562229,0.975204152084496,1.0594852823152641e-67,3.81007207294143e-66,1.0015542168844167,2.2674519340242782,65.41906680894782,CRC,Colorectal (CRC)
990.41,x_990.41,5.126393889625689,2.801610281670736,1.569523734112517,1.0809162608561733,4.655368796245648e-65,1.3190211589362668e-63,0.8716878162599869,2.324783607954953,62.879748237709464,CRC,Colorectal (CRC)
992.33,x_992.33,5.5962891401111445,3.3427031373532983,1.5804233078532375,1.1771250806208415,3.451363706739206e-60,8.067562664502893e-59,0.7434550933721453,2.2535860027578463,58.09325765254418,CRC,Colorectal (CRC)
994.26,x_994.26,5.89934921042761,3.8536776928464804,1.5431095178172918,1.2604865954073534,3.4248646211335606e-53,4.926536031938276e-52,0.6143197667564861,2.04567151758113,51.307458336498584,CRC,Colorectal (CRC)
996.18,x_996.18,6.00801316363249,4.293326766879106,1.4757264678039075,1.3223991969166766,4.399237488591846e-43,3.5767713494203266e-42,0.4847918968332848,1.7146863967533834,41.44650882190274,CRC,Colorectal (CRC)
998.1,x_998.10,5.9086337446125485,4.6260136718373746,1.4048544962060674,1.3612528363942247,2.220764256643152e-29,8.017044710275471e-29,0.35305497664512114,1.282620072775174,28.09598569437794,CRC,Colorectal (CRC)
1000.03,x_1000.03,5.62001955176329,4.817357219049319,1.3434066727770413,1.3767756390745878,2.5323947680017635e-14,4.3847946445956456e-14,0.22233319941982035,0.8026623327139717,13.358050741364606,CRC,Colorectal (CRC)
1001.95,x_1001.95,5.177618800105425,4.844780950794529,1.2788101194278194,1.3630794376283808,0.0018126268021774852,0.0021617424235152406,0.09585729430939488,0.3328378493108959,2.665196054466964,CRC,Colorectal (CRC)
1003.87,x_1003.87,4.633770633273365,4.712483327523256,1.1872904036047793,1.318238994048216,0.15628232910124812,0.16757336893310434,-0.024300874926177336,-0.07871269424989169,0.7757949990969979,CRC,Colorectal (CRC)
1005.79,x_1005.79,4.059726338092497,4.437046079061773,1.0695392590906607,1.2486176347835793,4.3623689798652785e-7,6.106010473314424e-7,-0.12821702539010177,-0.3773197409692761,6.214242455114533,CRC,Colorectal (CRC)
1007.72,x_1007.72,3.5072361702010375,4.045133162636202,0.9390331697312932,1.1602964670198388,6.088448273402802e-13,1.0075573691383398e-12,-0.20585255910426137,-0.5378969924351646,11.996730216262902,CRC,Colorectal (CRC)
1009.64,x_1009.64,2.992068857044126,3.5747191551612274,0.803194448580385,1.0547974616969795,1.4469158709070112e-16,2.705732678596111e-16,-0.25668644699604687,-0.5826502981171013,15.567715113113659,CRC,Colorectal (CRC)
1011.56,x_1011.56,2.5326015557704378,3.0740866685705774,0.6853608928887067,0.944902737358266,5.4219326832068625e-17,1.0303876135769139e-16,-0.2795376181856797,-0.5414851128001397,15.986999370663154,CRC,Colorectal (CRC)
1013.49,x_1013.49,2.1355876463625543,2.575310327853759,0.5972920146004828,0.832846616909149,4.478238601378663e-14,7.696972596119577e-14,-0.27011306518793676,-0.4397226814912045,13.113680059676097,CRC,Colorectal (CRC)
1015.41,x_1015.41,1.7875505815745565,2.103867293418326,0.5322473730478002,0.7250975025244506,2.4120460218134882e-9,3.6200048641984136e-9,-0.2350595188235294,-0.3163167118437693,8.441290845905202,CRC,Colorectal (CRC)
1017.33,x_1017.33,1.4734615816339114,1.685480433671629,0.48413252372093946,0.6304999145663499,1.5853152591964518e-5,2.0644425729090287e-5,-0.19395031158328932,-0.21201885203771753,4.685197193494342,CRC,Colorectal (CRC)
1019.25,x_1019.25,1.2018734485067881,1.3355600767835143,0.45907788786061,0.5583621879278361,0.0020594299962742838,0.0024374266411600703,-0.1521597580587695,-0.13368662827672617,2.6130684463243212,CRC,Colorectal (CRC)
1021.18,x_1021.18,0.971582344011921,1.0580743737112925,0.4638037391279785,0.5123541968380388,0.006993056887623932,0.00807223233324491,-0.12303274085119044,-0.08649202969937153,2.093006346821424,CRC,Colorectal (CRC)
1023.1,x_1023.10,0.7791581116190983,0.8465274496440224,0.49431228453278825,0.4935474826674968,0.0037509440851346974,0.004405945627639374,-0.11964058393640355,-0.06736933802492406,2.355960866640969,CRC,Colorectal (CRC)
1025.02,x_1025.02,0.6216510435839157,0.6903039227119534,0.535510706385918,0.4989640387371439,3.6971494165896596e-4,4.5365284836106713e-4,-0.15112648386732488,-0.06865287912803775,3.343276357962916,CRC,Colorectal (CRC)
1026.95,x_1026.95,0.4925971883872394,0.5707003855115672,0.572701703149387,0.5195582911958075,2.809641529869586e-5,3.608536854983603e-5,-0.21232474340669558,-0.07810319712432778,4.442668854774058,CRC,Colorectal (CRC)
1028.87,x_1028.87,0.37915623346242955,0.4656514992140677,0.5899613580278765,0.5313888338473194,2.0216814205604114e-6,2.7716600120586285e-6,-0.2964574751232411,-0.08649526575163813,5.557260043880788,CRC,Colorectal (CRC)
1030.79,x_1030.79,0.2802239409565906,0.3620180665743376,0.5827877187296647,0.5205298252898257,9.877487558614812e-7,1.3722809609665452e-6,-0.3694803160269465,-0.08179412561774702,5.862556962021851,CRC,Colorectal (CRC)
1032.72,x_1032.72,0.1874945510755891,0.2611921347354755,0.547902693414532,0.4904066368850665,2.778403491269604e-6,3.775882651652732e-6,-0.47826061371570855,-0.07369758365988638,5.422981511336788,CRC,Colorectal (CRC)
1034.64,x_1034.64,0.10140108668618487,0.16626061498420167,0.4954895532928576,0.4522346069503633,1.4329502009117462e-5,1.8712408349895012e-5,-0.7133677894472068,-0.06485952829801679,4.727870313742136,CRC,Colorectal (CRC)
1036.56,x_1036.56,0.03135009219857958,0.0761669341539549,0.4419046951170106,0.41184880513753985,6.11660060147146e-4,7.446642659343511e-4,-1.280668063079064,-0.04481684195537532,3.128039486065154,CRC,Colorectal (CRC)
1038.48,x_1038.48,-0.017662082019878365,-0.001389763279111534,0.4015592798089249,0.38074706827306243,0.03701720295868605,0.04130201046106379,3.6687011219333576,-0.01627231874076683,1.3840288076439626,CRC,Colorectal (CRC)
1040.41,x_1040.41,-0.05252240736074592,-0.06126399343180048,0.3695112185868242,0.36777957355940805,0.5371943910766259,0.5507420566410584,-0.22211028648465941,0.00874158607105456,0.2590517579662714,CRC,Colorectal (CRC)
1042.33,x_1042.33,-0.07589052761688182,-0.11114726907107575,0.3440507900305461,0.3647719212311618,0.29948591728507684,0.3146284636646594,-0.5504868015285572,0.03525674145419393,0.502201990379874,CRC,Colorectal (CRC)
1044.25,x_1044.25,-0.09628528404530926,-0.15504833171244223,0.32218672581683133,0.3636859262660455,0.013754031058936418,0.01566384779550006,-0.6873364588868304,0.05876304766713297,1.805101545529165,CRC,Colorectal (CRC)
1046.18,x_1046.18,-0.12365556700024187,-0.19787670169868357,0.30605362548531123,0.3584726348772305,6.347610689474178e-4,7.707812980075787e-4,-0.6782789418581898,0.0742211346984417,3.1130688314720145,CRC,Colorectal (CRC)
1048.1,x_1048.10,-0.161310022686657,-0.25211424821433365,0.2938698871312047,0.348799565802739,1.1467310793870332e-5,1.5080078188844953e-5,-0.6442447951818112,0.09080422552767664,4.821596406682699,CRC,Colorectal (CRC)
1050.02,x_1050.02,-0.20744307077520505,-0.31383545112211486,0.2762516099752974,0.33279604751478886,3.632180371190468e-7,5.130043273509195e-7,-0.5972952196228504,0.10639238034690982,6.289878971463819,CRC,Colorectal (CRC)
1051.94,x_1051.94,-0.26135268083326063,-0.36422107543934024,0.26165218983990496,0.3197592496428467,4.305152781512639e-7,6.034959296423264e-7,-0.47881800664221985,0.1028683946060796,6.219325654713009,CRC,Colorectal (CRC)
1053.87,x_1053.87,-0.3133691318773576,-0.4065562624648268,0.25364496041696233,0.3160924350601264,2.5329561567357048e-6,3.4473275204481574e-6,-0.37559299736047,0.09318713058746919,5.462517453590539,CRC,Colorectal (CRC)
1055.79,x_1055.79,-0.3586753276841472,-0.450606812964795,0.24721194020815906,0.3121955988344605,1.1711376859181404e-6,1.6222425723458685e-6,-0.3291914376537083,0.09193148528064776,5.789884205639905,CRC,Colorectal (CRC)
1057.71,x_1057.71,-0.3963374967998668,-0.48095708385183916,0.24458905898794878,0.3120553420118492,5.174160810697524e-6,6.921087779688391e-6,-0.27917934282570883,0.08461958705197237,5.159825642596762,CRC,Colorectal (CRC)
1059.64,x_1059.64,-0.42169956316982937,-0.49282590180265085,0.2452552876878876,0.3104322556818077,5.708453881998183e-5,7.193267358043531e-5,-0.22486304937205723,0.07112633863282147,4.1430737976214775,CRC,Colorectal (CRC)
1061.56,x_1061.56,-0.42908174391852133,-0.4943885332816682,0.2454108660671324,0.3077109829866599,2.1253863507042435e-4,2.632100977362209e-4,-0.20439320603836794,0.06530678936314688,3.579697453557325,CRC,Colorectal (CRC)
1063.48,x_1063.48,-0.4288890943378335,-0.4860279220889179,0.24242451877767976,0.3020259979795493,0.0010654417117527961,0.0012755288098448966,-0.1804349618346957,0.057138827751084365,2.8943097277124736,CRC,Colorectal (CRC)
1065.4,x_1065.40,-0.42908423162544557,-0.47155385061253485,0.24021163107360927,0.28833195819598234,0.013561824047310406,0.015482668478919694,-0.1361619517362971,0.042469618987089286,1.8101541853977043,CRC,Colorectal (CRC)
1067.33,x_1067.33,-0.4282871073401607,-0.4547744143235786,0.23385485338624235,0.269497865327545,0.22766381313389175,0.2407982638916163,-0.08657303780810197,0.026487306983417946,0.6183466485811941,CRC,Colorectal (CRC)
1069.25,x_1069.25,-0.42523269033648947,-0.4449402992495227,0.22333437200309667,0.2547740838341124,0.5294651377480458,0.5434137253506288,-0.06535941259921939,0.019707608913033248,0.26486939652401464,CRC,Colorectal (CRC)
1071.17,x_1071.17,-0.42561696734389126,-0.4419488973132877,0.21558106145351572,0.2362702069315271,0.7687283542426616,0.7770389310452849,-0.05432401981090589,0.01633192996939642,0.10955722172085425,CRC,Colorectal (CRC)
1073.1,x_1073.10,-0.4311157859957899,-0.43900599018858427,0.2147044205155628,0.2187217068057157,0.6969867730878925,0.7068141353982423,-0.026165295379663642,0.007890204192794348,0.15069477373223683,CRC,Colorectal (CRC)
1075.02,x_1075.02,-0.4377996709525142,-0.43962819770439987,0.22112559171737967,0.20692423929048656,0.34954972915532084,0.3639521122051503,-0.006013067064023142,0.0018285267518856618,0.438955755837828,CRC,Colorectal (CRC)
1076.94,x_1076.94,-0.44589902657466957,-0.4449468435677484,0.22662377924770263,0.20713978543033973,0.31399608824423536,0.32876410135314676,0.003084065056241195,-9.521830069211812e-4,0.4831156103393909,CRC,Colorectal (CRC)
1078.87,x_1078.87,-0.45616790703626375,-0.44543558654094384,0.22595738909038723,0.2150090667458803,0.098775926218153,0.107640432417218,0.03434820604022312,-0.010732320495319914,0.9680245662405531,CRC,Colorectal (CRC)
1080.79,x_1080.79,-0.46357601468226184,-0.44334232856790995,0.22329874773764397,0.22579757781304008,0.05979969882037257,0.06601265454196972,0.06438495371276025,-0.02023368611435189,1.18037280277713,CRC,Colorectal (CRC)
1082.71,x_1082.71,-0.4744466650930042,-0.4399092918790084,0.22187199205610494,0.24032095461513478,0.016199205388482494,0.018381379900765937,0.10904008002612836,-0.0345373732139958,1.7356218889894404,CRC,Colorectal (CRC)
1084.63,x_1084.63,-0.48953814640271126,-0.4367565261753235,0.2220637402412186,0.24875814769394522,0.0015213651851773244,0.0018167004446242635,0.16459237926446119,-0.05278162022738775,2.7407166775195977,CRC,Colorectal (CRC)
1086.56,x_1086.56,-0.5020875560217394,-0.44046600504667305,0.2225736501423288,0.25186814261829427,4.581518370763476e-4,5.599633564266471e-4,0.1889086940589803,-0.06162155097506633,3.2518403919623644,CRC,Colorectal (CRC)
1088.48,x_1088.48,-0.5104485762802896,-0.4642467742289208,0.22588369488862303,0.253587592491583,0.011379206462108256,0.013022714861776278,0.13687402363043544,-0.04620180205136881,1.8852984684113707,CRC,Colorectal (CRC)
1090.4,x_1090.40,-0.5187346709110978,-0.5055309521541704,0.23331296980981722,0.24667480248058302,0.7757993222485783,0.7824944620306588,0.0371974448936454,-0.013203718756927385,0.10651872741478766,CRC,Colorectal (CRC)
1092.33,x_1092.33,-0.5403550158264745,-0.545478678047653,0.2385491521862303,0.23457311221563984,0.3491171334928322,0.36390693401984175,-0.013615253601233463,0.005123662221178549,0.4390096691242228,CRC,Colorectal (CRC)
1094.25,x_1094.25,-0.5684170788786375,-0.5938332879977618,0.23906255006305654,0.2259870381033341,0.03213705113781897,0.03594275456203438,-0.06310817312437333,0.025416209119124344,1.4443886427181398,CRC,Colorectal (CRC)
1096.17,x_1096.17,-0.5941103307048712,-0.6495880294278028,0.23387197646866392,0.2160776410323996,7.525772512771215e-5,9.394655940508794e-5,-0.12879437915404413,0.05547769872293162,4.02711912039311,CRC,Colorectal (CRC)
1098.09,x_1098.09,-0.6159216090586843,-0.6966340828162404,0.22414367186948944,0.20232281974638278,4.653173330299836e-8,6.683129130307753e-8,-0.17765458515762245,0.08071247375755608,7.1750201474296045,CRC,Colorectal (CRC)
1100.02,x_1100.02,-0.6285379446917344,-0.7354503678612535,0.21375334351514005,0.19100592888044451,2.2302556094156596e-14,3.8688107510271645e-14,-0.22662847518642087,0.1069124231695191,13.412422513957948,CRC,Colorectal (CRC)
1101.94,x_1101.94,-0.6366749354157094,-0.7675223287776847,0.20446681091288976,0.18299576227207723,6.903625444822816e-21,1.501137160676589e-20,-0.2696521389178456,0.13084739336197526,19.823579623943612,CRC,Colorectal (CRC)
1103.86,x_1103.86,-0.6425319001277667,-0.7839674919443295,0.19202341851504767,0.17850342203243785,2.317048275112055e-25,6.4286057484562955e-25,-0.28702615541536186,0.14143559181656273,24.191883207699405,CRC,Colorectal (CRC)
1105.79,x_1105.79,-0.6426884209768565,-0.7942949079553037,0.17518306443859785,0.17355929233279452,3.875840910145068e-30,1.4612545366877576e-29,-0.30555570276433053,0.15160648697844714,28.8352741274945,CRC,Colorectal (CRC)
1107.71,x_1107.71,-0.6378584741141294,-0.8028148672355195,0.16024172272543097,0.168081116301006,8.209357841855315e-36,5.117166388089812e-35,-0.33183143959558575,0.1649563931213901,34.29097046142256,CRC,Colorectal (CRC)
1109.63,x_1109.63,-0.6315144239341419,-0.809437948173573,0.15558442319516438,0.16320062818886072,3.500272521234912e-41,2.6393183930279374e-40,-0.35810530349163533,0.17792352423943103,39.57850821569343,CRC,Colorectal (CRC)
1111.55,x_1111.55,-0.6370613007540938,-0.8063001396529225,0.16155227142378029,0.16114973344907824,2.6684412940323696e-37,1.7447500768673185e-36,-0.33988524589117275,0.16923883889882863,35.75826677386862,CRC,Colorectal (CRC)
1113.48,x_1113.48,-0.6427546315512956,-0.8026145246707126,0.16585831078392207,0.155189012341592,6.554208269906329e-35,3.7366980075380593e-34,-0.32043961057782044,0.15985989311941695,33.427511999543846,CRC,Colorectal (CRC)
1115.4,x_1115.40,-0.6378217647272446,-0.7951713515499852,0.1675332054799426,0.15671706721504092,1.3006787959006652e-33,6.832217270601809e-33,-0.3181128997087151,0.15734958682274058,32.16543833114764,CRC,Colorectal (CRC)
1117.32,x_1117.32,-0.6248526602358447,-0.7777122134887654,0.16352149889712553,0.16095953134910213,2.2918868060409812e-32,1.0608485958655037e-31,-0.3157208058776786,0.15285955325292067,30.97434659411197,CRC,Colorectal (CRC)
1119.25,x_1119.25,-0.6074999693745408,-0.7500113901191328,0.15703114738619836,0.16738117185416448,3.2617515167026975e-28,1.0853158961270542e-27,-0.3040286206543957,0.142511420744592,26.96444383603011,CRC,Colorectal (CRC)
1121.17,x_1121.17,-0.5883056705934531,-0.7153677951631975,0.16044229505333418,0.1735946414377486,5.841477172566086e-22,1.328900524659195e-21,-0.28211966504745944,0.12706212456974442,20.876507527114825,CRC,Colorectal (CRC)
1123.09,x_1123.09,-0.5685744648210752,-0.673543719823496,0.1618671638919252,0.18449831666003283,1.5478223786138706e-15,2.7671394340420057e-15,-0.2444226819528517,0.10496925500242082,14.557968956540531,CRC,Colorectal (CRC)
1125.01,x_1125.01,-0.5556349378080018,-0.6389185316768049,0.16851835273538238,0.19449161449626504,2.0057951059244263e-10,3.104997390793607e-10,-0.2014950062189704,0.08328359386880313,9.507938760435684,CRC,Colorectal (CRC)
1126.94,x_1126.94,-0.5434144273461288,-0.608343746661826,0.17556084401639097,0.2021467443650441,2.094313249060829e-6,2.8670320466645315e-6,-0.16283416826447528,0.06492931931569723,5.542567452637127,CRC,Colorectal (CRC)
1128.86,x_1128.86,-0.5332041828648837,-0.5879240298604832,0.18266455282666602,0.2080802109404125,6.499932945507584e-5,8.168598526948376e-5,-0.14094189924107126,0.05471984699559951,4.08785244826839,CRC,Colorectal (CRC)
1130.78,x_1130.78,-0.5289569458204263,-0.5784673456906518,0.18642180818760554,0.20924874759827738,4.422947235922277e-5,5.6035984628554595e-5,-0.12908545567017352,0.04951039987022554,4.25153299251795,CRC,Colorectal (CRC)
1132.71,x_1132.71,-0.5212986976015362,-0.5745795084144902,0.18077766298665934,0.2067744903196195,1.2773249354597535e-5,1.6750334006379657e-5,-0.14039654314223685,0.053280810812953994,4.775976528586458,CRC,Colorectal (CRC)
1134.63,x_1134.63,-0.49263173603994337,-0.5660701509514875,0.17236093352444007,0.21218867458137217,2.054865720427863e-8,2.997347033697429e-8,-0.20047166055041754,0.07343841491154413,7.523262971403842,CRC,Colorectal (CRC)
1136.55,x_1136.55,-0.45112970349619796,-0.5371722660925602,0.16794956446270898,0.21585386227458145,1.0352649065066568e-10,1.6159811144970353e-10,-0.25184305358351844,0.08604256259636223,9.791563719005524,CRC,Colorectal (CRC)
1138.48,x_1138.48,-0.4012309966824047,-0.4833416733158601,0.17225465270878812,0.22039240745933428,2.500491938616375e-9,3.746730709304985e-9,-0.2686109347727584,0.08211067663345539,8.426347520054222,CRC,Colorectal (CRC)
1140.4,x_1140.40,-0.3424765268975536,-0.41071598955359634,0.18885697209059074,0.23377475406631573,1.531914746479884e-5,1.997685199384507e-5,-0.26213670361901054,0.06823946265604275,4.699472948012787,CRC,Colorectal (CRC)
1142.32,x_1142.32,-0.2817724408590406,-0.3364360880355285,0.214266376746462,0.25706855093427206,0.0019795272239349045,0.0023517890144588763,-0.255802783642954,0.05466364717648792,2.6286016426155987,CRC,Colorectal (CRC)
1144.24,x_1144.24,-0.2388592159711205,-0.2677109938209441,0.23962147598310257,0.27818704303074737,0.11443527033868502,0.12383909463735009,-0.16451649507172972,0.028851777849823596,0.9071422316889625,CRC,Colorectal (CRC)
1146.17,x_1146.17,-0.21458028115918137,-0.21233806748604994,0.2544816947774043,0.29328972975740464,0.9892753439760635,0.9903345252865304,0.015154539298164205,-0.0022422136731314324,0.004218080204738211,CRC,Colorectal (CRC)
1148.09,x_1148.09,-0.21699638098094876,-0.1916748910893079,0.252574613672476,0.2967407200874754,0.29948591728507684,0.3146284636646594,0.17901050012616315,-0.025321489891640847,0.502201990379874,CRC,Colorectal (CRC)
1150.01,x_1150.01,-0.23676633919440196,-0.20338117100306177,0.24664862246233102,0.29369105676106083,0.14310856213826118,0.15415496036782741,0.2192788685371254,-0.03338516819134019,0.8120424960706835,CRC,Colorectal (CRC)
1151.94,x_1151.94,-0.2642459317157846,-0.24118541036688204,0.24234831503509696,0.2875118611471475,0.28599878729098277,0.30113611049219474,0.13173914302216577,-0.023060521348902546,0.5212371632943512,CRC,Colorectal (CRC)
1153.86,x_1153.86,-0.28959469910802726,-0.290622309397451,0.23819681865171155,0.2818655296374735,0.892408058374871,0.8962422498179425,-0.005110277386457788,0.0010276102894237193,0.04757458683416217,CRC,Colorectal (CRC)
1155.78,x_1155.78,-0.317669652104364,-0.3415057492026484,0.22679709141843046,0.2732835788005713,0.12920621716793215,0.13950093885914153,-0.10438291145048384,0.023836097098284437,0.8554228695231982,CRC,Colorectal (CRC)
1157.7,x_1157.70,-0.339817208273655,-0.37399869970206495,0.21790434656512378,0.269713043310493,0.019737198487205905,0.022287778484948697,-0.13827473010436261,0.03418149142840993,1.651933217289571,CRC,Colorectal (CRC)
1159.63,x_1159.63,-0.3479469182967598,-0.3898218888336727,0.21630888209973506,0.2758449096852983,0.005223019850024617,0.006081598455508116,-0.16394831705850116,0.041874970536912914,2.215982258035037,CRC,Colorectal (CRC)
1161.55,x_1161.55,-0.3507689821565437,-0.40390213824577126,0.2191453681763721,0.2841289310318421,0.0014822419876518089,0.0017722458548010758,-0.20348514609828658,0.053133156089227584,2.7514760307689197,CRC,Colorectal (CRC)
1163.47,x_1163.47,-0.3592495702037905,-0.40830689354815397,0.22040364786831307,0.2847694222042592,0.0053741707291123895,0.006242049231950416,-0.18466797696832596,0.04905732334436347,2.204672810313416,CRC,Colorectal (CRC)
1165.4,x_1165.40,-0.37186300448167453,-0.4131365085315096,0.21971897891647033,0.28093922254057746,0.009137595501114662,0.010495886724253329,-0.15184771743173572,0.0412735040498351,1.9789808650203564,CRC,Colorectal (CRC)
1167.32,x_1167.32,-0.3816514205897863,-0.41626921118575416,0.22066662778951868,0.27781722598206154,0.009989319256988434,0.011460139270287346,-0.1252616083497914,0.03461779059596787,1.9408101045370612,CRC,Colorectal (CRC)
1169.24,x_1169.24,-0.3827155524831665,-0.4215343372120293,0.22339639703492112,0.27576875541060714,0.0035643772764108878,0.00419734603708335,-0.13937797243324745,0.0388187847288628,2.377025225260538,CRC,Colorectal (CRC)
1171.16,x_1171.16,-0.3864073561932232,-0.4314024308457853,0.2282482596088942,0.27623952440699634,0.002050729614192453,0.0024302055630797763,-0.15891213556073688,0.044995074652562084,2.6143569893089356,CRC,Colorectal (CRC)
1173.09,x_1173.09,-0.39383651813465115,-0.4371860626372859,0.23756126223623483,0.2781145450096096,0.004559197689659581,0.005321909912399137,-0.1506508822437551,0.04334954450263473,2.273932481321474,CRC,Colorectal (CRC)
1175.01,x_1175.01,-0.4008572402429038,-0.4495050260730795,0.24618151178479425,0.27376123721742684,0.00246032919300125,0.002908227301461655,-0.16524910433311313,0.048647785830175705,2.5363716528636506,CRC,Colorectal (CRC)
1176.93,x_1176.93,-0.39978357174534346,-0.4581176659871202,0.26095065266565365,0.27863842207103956,9.134325071566146e-4,0.0011005920028240137,-0.19649946799528245,0.05833409424177677,2.9583736472054185,CRC,Colorectal (CRC)
1178.86,x_1178.86,-0.3917531171258802,-0.4646209995462083,0.28363547931730954,0.28622305191888214,3.484246384063101e-4,4.2809071867266744e-4,-0.24611018482230027,0.0728678824203281,3.368464187893186,CRC,Colorectal (CRC)
1180.78,x_1180.78,-0.386381276436804,-0.4747527815210933,0.30650912282556286,0.2912747818967185,2.883336327133463e-5,3.6981062631958685e-5,-0.29715196337864247,0.08837150508428931,4.432020613767287,CRC,Colorectal (CRC)
1182.7,x_1182.70,-0.3835882306515553,-0.47933012855457496,0.3246894777661205,0.2924653264870594,4.560270259778867e-6,6.135039845889555e-6,-0.3214619195113547,0.09574189790301968,5.212182612269697,CRC,Colorectal (CRC)
1184.63,x_1184.63,-0.3781334332828072,-0.47981516239588795,0.330876042281924,0.28983656576528294,1.939328371389115e-6,2.666576510660033e-6,-0.34358414356878403,0.10168172911308077,5.574045950821999,CRC,Colorectal (CRC)
1186.55,x_1186.55,-0.36725120569565445,-0.46505664121822315,0.331665222150085,0.2911859033687407,6.03226886792879e-6,8.034432181643046e-6,-0.3406400378358369,0.0978054355225687,5.09504481076037,CRC,Colorectal (CRC)
1188.47,x_1188.47,-0.365690750231672,-0.45773633031655603,0.3247389203565841,0.2968323583797894,1.2173606259348998e-5,1.5986407096195664e-5,-0.32389346016334836,0.092045580084884,4.796249131852802,CRC,Colorectal (CRC)
1190.39,x_1190.39,-0.3716432040101042,-0.4556752903399258,0.3072416186909542,0.29919358030300164,4.098786461155066e-5,5.207018126603243e-5,-0.29408862964714066,0.08403208632982162,4.283410910461419,CRC,Colorectal (CRC)
1192.32,x_1192.32,-0.3759309756612947,-0.44784267692003,0.28412107649177704,0.29413565905905653,2.632427169125719e-4,3.2471232231300095e-4,-0.2525248374789014,0.0719117012587353,3.488501230280686,CRC,Colorectal (CRC)
1194.24,x_1194.24,-0.37443189923533843,-0.4360841852654781,0.25957453256447544,0.2889518605087115,2.8934555007221915e-4,3.5644017037882067e-4,-0.21990386762274655,0.06165228603013967,3.4480133574108027,CRC,Colorectal (CRC)
1196.16,x_1196.16,-0.3614815488402839,-0.41773344423830167,0.24647764332422653,0.2916887455299768,6.192720210879264e-4,7.529510269404567e-4,-0.20866118010378554,0.05625189539801778,3.1232332700425682,CRC,Colorectal (CRC)
1198.09,x_1198.09,-0.3448676106075556,-0.38974811017507693,0.23844715021786103,0.2953779082548594,0.0037710903316580235,0.004424052020201069,-0.1764998696277705,0.044880499567521326,2.3541797750231033,CRC,Colorectal (CRC)
1200.01,x_1200.01,-0.3273250105704252,-0.3564969600541173,0.23614370162397866,0.29747170229730463,0.020049201851742582,0.022612790990807374,-0.12316629368619822,0.029171949483692117,1.6456458314139963,CRC,Colorectal (CRC)
1201.93,x_1201.93,-0.3121451015809297,-0.3200173272977033,0.2378167378413432,0.30178384759232074,0.2749546189015454,0.28983378655348924,-0.035933309362664,0.007872225716773651,0.5378509892635341,CRC,Colorectal (CRC)
1203.85,x_1203.85,-0.29435906201813605,-0.2760095436375109,0.2416919226881581,0.30932320233487104,0.5149912141678059,0.52972143591518,0.09285921616957545,-0.01834951838062515,0.27595245237813887,CRC,Colorectal (CRC)
1205.78,x_1205.78,-0.2789232508584032,-0.2354399066415539,0.24607043097667203,0.3199915363278296,0.05343187421653546,0.05919289382992969,0.24451028145260295,-0.043483344216849296,1.227730427663746,CRC,Colorectal (CRC)
1207.7,x_1207.70,-0.27880956019036346,-0.21836300863204622,0.24230933520705894,0.32967623166415955,0.008549900866702298,0.009832911820869187,0.35255298351519454,-0.06044655155831724,2.0073178554663316,CRC,Colorectal (CRC)
1209.62,x_1209.62,-0.2752179186689381,-0.206679673878207,0.23818670791218993,0.33487937067140167,0.00393058884927609,0.004605389190567849,0.41317962884243975,-0.06853824479073109,2.3367336627149187,CRC,Colorectal (CRC)
1211.55,x_1211.55,-0.27350791277170944,-0.19240043710762375,0.22473349870673914,0.332966198500474,7.003917196484265e-4,8.482723547555426e-4,0.507472718685343,-0.08110747566408569,3.0714646864496595,CRC,Colorectal (CRC)
1213.47,x_1213.47,-0.2700753503411919,-0.18107807577547633,0.21113866588661076,0.3228113886493768,7.891245561371682e-5,9.824653262160483e-5,0.5767527161595019,-0.08899727456571557,4.007682768075958,CRC,Colorectal (CRC)
1215.39,x_1215.39,-0.2565363638316476,-0.16842917264371363,0.20764411976280314,0.31204730156951077,5.657725760650531e-5,7.138965703384948e-5,0.6070242421767583,-0.08810719118793395,4.146364704449368,CRC,Colorectal (CRC)
1217.31,x_1217.31,-0.2287345617986357,-0.14591562683522658,0.21039618025857226,0.3039242612829351,4.8755463352035014e-5,6.16031868029091e-5,0.648543556431973,-0.08281893496340911,4.210396820707011,CRC,Colorectal (CRC)
1219.24,x_1219.24,-0.1935458525511668,-0.11512831448578185,0.2156160855121131,0.29680714632325755,2.1405806594814587e-5,2.7606109194691913e-5,0.749437778619065,-0.07841753806538494,4.558994798516366,CRC,Colorectal (CRC)
1221.16,x_1221.16,-0.1489826609031201,-0.07431103971804535,0.2281592791517852,0.2939286756793514,2.0929247983583113e-5,2.7028794011947804e-5,1.0035057056148362,-0.07467162118507474,4.56817333149849,CRC,Colorectal (CRC)
1223.08,x_1223.08,-0.09825500592332394,-0.02556969551748195,0.2434386621049843,0.297454836347056,3.614664113234773e-5,4.6107925591739603e-5,1.9421376708455125,-0.07268531040584199,4.336224416369323,CRC,Colorectal (CRC)
1225.01,x_1225.01,-0.05553378031817717,0.022267874157444627,0.2522368328491172,0.30079432138084605,9.916729182161844e-6,1.3096245459493395e-5,NA,-0.07780165447562179,4.882853193652277,CRC,Colorectal (CRC)
1226.93,x_1226.93,-0.02162645168843869,0.06422609456205369,0.25612276187068195,0.30109245413911145,2.270530252031987e-6,3.1037219088448945e-6,NA,-0.08585254625049238,5.508117198130528,CRC,Colorectal (CRC)
1228.85,x_1228.85,0.0011105004263560292,0.10056143117385027,0.2552879685940349,0.30363074003966734,4.5384531973003686e-7,6.342980178588707e-7,-6.499439121563106,-0.09945093074749424,6.197706645743163,CRC,Colorectal (CRC)
1230.78,x_1230.78,-0.003609565184000381,0.12385087741771182,0.24547476156336048,0.3075571500999486,2.0031822564454658e-9,3.0209280802846944e-9,NA,-0.12746044260171221,8.519859613921454,CRC,Colorectal (CRC)
1232.7,x_1232.70,-0.025619592872813682,0.12726161707826766,0.2351631997062739,0.31592406189201977,5.824994748007742e-12,9.4555036274084e-12,NA,-0.15288120995108134,11.024315334425562,CRC,Colorectal (CRC)
1234.62,x_1234.62,-0.0556294088879993,0.11856243588866619,0.22872951223912946,0.32075570586578084,5.346147884029723e-15,9.503133596136485e-15,NA,-0.1741918447766655,14.022133165331004,CRC,Colorectal (CRC)
1236.54,x_1236.54,-0.09049976974482486,0.10635287262802395,0.22797585292427408,0.3242389993007369,4.867060186949514e-19,9.936028984274662e-19,NA,-0.19685264237284883,18.002787150290263,CRC,Colorectal (CRC)
1238.47,x_1238.47,-0.12693103052328575,0.09567180551858978,0.2223096912154039,0.3299554277787592,1.5526288113364817e-23,3.8506841872668707e-23,NA,-0.22260283604187553,22.41446209845116,CRC,Colorectal (CRC)
1240.39,x_1240.39,-0.15849308015508753,0.08841801698347976,0.22284931084946993,0.3340924515283951,6.583410365088687e-28,2.1598205934589202e-27,NA,-0.2469110971385673,26.665582322231824,CRC,Colorectal (CRC)
1242.31,x_1242.31,-0.19306646069880842,0.07517016969451197,0.2285707970184289,0.34191390948496186,3.640015637319594e-30,1.377900656232316e-29,NA,-0.2682366303933204,28.86078209302737,CRC,Colorectal (CRC)
1244.24,x_1244.24,-0.22927946874224012,0.05596758375165278,0.2330459676304169,0.35467055207911574,8.036429709007284e-31,3.130859074134088e-30,NA,-0.2852470524938929,29.504336480356045,CRC,Colorectal (CRC)
1246.16,x_1246.16,-0.2546714314027257,0.03456124443092861,0.23637771816212158,0.3687603360850244,1.4874497948485988e-29,5.411539136900545e-29,NA,-0.2892326758336543,28.266679196335957,CRC,Colorectal (CRC)
1248.08,x_1248.08,-0.27684252568721546,0.012935060689604908,0.23832216433850892,0.3823906283317424,1.0079268305384627e-27,3.260939745859733e-27,NA,-0.2897775863768204,26.48665722581299,CRC,Colorectal (CRC)
1250,x_1250.00,-0.30230970366639315,-0.00799540801755119,0.23917113196524073,0.39345907401045355,3.520122137210426e-27,1.111930472395861e-26,5.240887498758993,-0.294314295648842,25.953922367788888,CRC,Colorectal (CRC)
1251.93,x_1251.93,-0.3163467688638175,-0.029963152782000835,0.23918858690855171,0.40083253994971374,1.2867154002197973e-25,3.6567747696216124e-25,3.400289109547278,-0.28638361608181667,24.436901788177902,CRC,Colorectal (CRC)
1253.85,x_1253.85,-0.32374819562804946,-0.05102959243564016,0.23721591334080236,0.4024348806245538,4.1170375279895345e-24,1.0460407849647322e-23,2.665489943580718,-0.2727186031924093,22.98045138206548,CRC,Colorectal (CRC)
1255.77,x_1255.77,-0.32951535148686756,-0.06529300310710175,0.23592417674849597,0.4023021557275979,1.8708331114643576e-23,4.5911521239348407e-23,2.3353630929493217,-0.2642223483797658,22.33807831701596,CRC,Colorectal (CRC)
1257.7,x_1257.70,-0.321119655954557,-0.06538879929128585,0.23904844021272967,0.405726618981831,6.339024840669156e-22,1.4351061079965279e-21,2.296013109914675,-0.2557308566632711,20.84311598714341,CRC,Colorectal (CRC)
1259.62,x_1259.62,-0.30111326153332846,-0.0556535324551658,0.2503194676358369,0.4124102357765432,2.953524136895922e-20,6.290535462409311e-20,2.435782213294431,-0.24545972907816266,19.201312385004353,CRC,Colorectal (CRC)
1261.54,x_1261.54,-0.2853274324192593,-0.04466612622473989,0.2643403988067805,0.4214012953671074,3.440639496855994e-20,7.311358930818988e-20,2.675392659109274,-0.2406613061945194,19.136001895093326,CRC,Colorectal (CRC)
1263.46,x_1263.46,-0.26899881197378994,-0.030333576187776205,0.27888008369538153,0.4356482765147797,1.3025693045582123e-20,2.79977540175156e-20,3.1486544995892247,-0.23866523578601373,19.55287680640501,CRC,Colorectal (CRC)
1265.39,x_1265.39,-0.24967660753178395,-0.013510494568719927,0.2897938316760638,0.4524297143424999,5.284626757442813e-20,1.1179018140744412e-19,4.208009276514511,-0.23616611296306403,18.9515963390956,CRC,Colorectal (CRC)
1267.31,x_1267.31,-0.23162806743612832,0.002689426701050989,0.29572946102290054,0.4614731718475704,2.67826688127559e-19,5.5402202079484e-19,NA,-0.2343174941371793,18.25647297296178,CRC,Colorectal (CRC)
1269.23,x_1269.23,-0.217010562874085,0.01822197078488875,0.30939053153970725,0.46557570103430757,1.162938820528272e-18,2.328367874076947e-18,NA,-0.23523253365897373,17.632948401573792,CRC,Colorectal (CRC)
1271.16,x_1271.16,-0.20155529897170738,0.028405179041387677,0.32507170477233965,0.46352070587745503,1.4363760021087086e-17,2.78056224010692e-17,NA,-0.22996047801309505,16.555867379230325,CRC,Colorectal (CRC)
1273.08,x_1273.08,-0.19609009287922322,0.030175678746458417,0.3387428865808708,0.4546043962942235,9.944240460741193e-18,1.9330280313498994e-17,NA,-0.22626577162568162,16.713761848106827,CRC,Colorectal (CRC)
1275,x_1275.00,-0.19533281008644257,0.026765154433803773,0.35153428841675344,0.43662784603046484,2.825431274489945e-18,5.5851548449219844e-18,NA,-0.22209796452024635,17.252964781838802,CRC,Colorectal (CRC)
1276.93,x_1276.93,-0.18761518355299395,0.023419907357125628,0.3699669453219261,0.4136336078136652,1.586692008777395e-18,3.143129297048441e-18,NA,-0.21103509091011957,17.502637753300053,CRC,Colorectal (CRC)
1278.85,x_1278.85,-0.1777668853074796,0.018547800546818413,0.3997132891410312,0.38800246815541345,1.3765105535554029e-18,2.738377377817663e-18,NA,-0.196314685854298,17.562506701632937,CRC,Colorectal (CRC)
1280.77,x_1280.77,-0.16775523676057252,0.017927606804824137,0.43256930145556205,0.3637282165521127,2.25504702186995e-19,4.706403940733044e-19,NA,-0.18568284356539666,18.327310800980058,CRC,Colorectal (CRC)
1282.69,x_1282.69,-0.1567551668601632,0.016506093443435968,0.4654719882457562,0.3477562483788439,8.873228753737655e-19,1.784186856934346e-18,NA,-0.17326126030359917,17.748559664149415,CRC,Colorectal (CRC)
1284.62,x_1284.62,-0.13892289299518623,0.02229286256631869,0.494135022342323,0.3453230764374262,3.2134518454200976e-16,5.86831538177303e-16,NA,-0.16121575556150491,15.231486553846633,CRC,Colorectal (CRC)
1286.54,x_1286.54,-0.11160298588008656,0.0409390708553738,0.5187361743974803,0.35737364938342564,6.176388895481566e-14,1.0576783181822827e-13,NA,-0.15254205673546037,12.975646398350987,CRC,Colorectal (CRC)
1288.46,x_1288.46,-0.07992323231439774,0.06289989897137231,0.5390824155594708,0.3825425264596638,6.947893628262258e-11,1.095494189279125e-10,NA,-0.14282313128577007,9.960389921682195,CRC,Colorectal (CRC)
1290.39,x_1290.39,-0.051630562720824495,0.07999008357598132,0.5500739528850288,0.41544799870913673,3.894222900424342e-8,5.610321127729984e-8,NA,-0.1316206462968058,7.2510122795620795,CRC,Colorectal (CRC)
1292.31,x_1292.31,-0.04173773206746864,0.09557016427867585,0.5475318955112464,0.46104163192886105,6.056204578816145e-7,8.451569076407604e-7,NA,-0.1373078963461445,6.073062654604734,CRC,Colorectal (CRC)
1294.23,x_1294.23,-0.04482473351324293,0.10955261878838754,0.5325476492033343,0.5156445616057053,3.8049072208261447e-7,5.35781363173561e-7,NA,-0.15437735230163047,6.271012397132534,CRC,Colorectal (CRC)
1296.15,x_1296.15,-0.05048152235247844,0.1114585140804363,0.5114092404956828,0.5718261787831324,1.7546214480822744e-6,2.4232955006749285e-6,NA,-0.16194003643291474,5.615593624043446,CRC,Colorectal (CRC)
1298.08,x_1298.08,-0.06280221470435177,0.09969857514141715,0.48904799848514846,0.6294449207347256,7.100808458573227e-5,8.876010573216533e-5,NA,-0.16250078984576893,4.051782189102618,CRC,Colorectal (CRC)
1300,x_1300.00,-0.08194631971282866,0.07497185228932737,0.45772703710965584,0.682251293773226,0.005332560850810717,0.006201423377497538,NA,-0.15691817200215602,2.2075086179137675,CRC,Colorectal (CRC)
1301.92,x_1301.92,-0.10507102762080082,0.04382825663156813,0.42110859597972694,0.7148981294949653,0.08510458731106071,0.09317656807475617,NA,-0.14889928425236895,1.0306932897414591,CRC,Colorectal (CRC)
1303.85,x_1303.85,-0.12717806183310415,0.01760234188626466,0.38317489631422275,0.7164121222420308,0.1827237797937602,0.19458625752524578,NA,-0.14478040371936882,0.7108878346313907,CRC,Colorectal (CRC)
1305.77,x_1305.77,-0.14667766858636697,-0.017782198943824438,0.3448511863315471,0.6880628304710781,0.4793346929192198,0.49413223580978005,3.04421489408363,-0.12889546964254253,0.30615681302488773,CRC,Colorectal (CRC)
1307.69,x_1307.69,-0.1617327333198434,-0.07195289554459489,0.3126206449203049,0.6340208164205524,0.5286403700836935,0.5431634571739048,1.1684981773964505,-0.0897798377752485,0.2650694561089523,CRC,Colorectal (CRC)
1309.61,x_1309.61,-0.17627095522844458,-0.13616862880146066,0.2795289995402367,0.5614769419604639,0.0581097323025787,0.06422293109091146,0.37240282036598954,-0.040102326426983914,1.192309877412308,CRC,Colorectal (CRC)
1311.54,x_1311.54,-0.1990203699834639,-0.20244299936977256,0.2503835392150623,0.4848555305852362,0.004475928907263001,0.005231241910363633,-0.024599776995012045,0.003422629386308662,2.281395196258775,CRC,Colorectal (CRC)
1313.46,x_1313.46,-0.21877962998264278,-0.2675766019717634,0.23704318408333544,0.41143808414501837,1.0926385215161785e-5,1.4388972079121506e-5,-0.29047475002621886,0.04879697198912064,4.841970230129461,CRC,Colorectal (CRC)
1315.38,x_1315.38,-0.2299368661193253,-0.32747958133299626,0.23659577397826584,0.34810583984839194,1.3389073346224982e-9,2.0289762688363627e-9,-0.5101690308560222,0.09754271521367097,8.692723032500261,CRC,Colorectal (CRC)
1317.31,x_1317.31,-0.23427911098889734,-0.37061442266150213,0.24038770819782249,0.30691002591317407,5.550642037118746e-13,9.23460908310681e-13,-0.6616929660092684,0.1363353116726048,12.03458148426737,CRC,Colorectal (CRC)
1319.23,x_1319.23,-0.23028475967656603,-0.391030853801512,0.2504882064046045,0.2890899122798082,3.1252114849518825e-16,5.718341953874775e-16,-0.7638660852058671,0.16074609412494595,15.242729877617341,CRC,Colorectal (CRC)
1321.15,x_1321.15,-0.21319534719749988,-0.3871387717626143,0.26747389612604083,0.2928963372292982,1.824766685963345e-17,3.510610805299851e-17,-0.8606778876667136,0.1739434245651144,16.454617314789726,CRC,Colorectal (CRC)
1323.07,x_1323.07,-0.1857143161022582,-0.36549344850497856,0.2878030450783102,0.3054310896003868,6.761965783892297e-17,1.2798457505949996e-16,-0.9767643349735986,0.17977913240272037,15.892842369181917,CRC,Colorectal (CRC)
1325,x_1325.00,-0.14759492465399607,-0.33594429148356036,0.30728549342924477,0.3179032089273073,1.4725997753335405e-16,2.7482650497741724e-16,-1.1865843835209997,0.1883493668295643,15.560941385111963,CRC,Colorectal (CRC)
1326.92,x_1326.92,-0.09906220315954532,-0.3016164018550805,0.32982618090412513,0.32772112042217544,9.710520418165177e-17,1.8268282879244348e-16,-1.6063180524477356,0.20255419869553515,15.738302272084542,CRC,Colorectal (CRC)
1328.84,x_1328.84,-0.04189440318619639,-0.2658065184225701,0.35958995932561316,0.3340062116236289,3.261171828298888e-17,6.222848284611143e-17,-2.6655760663338817,0.2239121152363737,16.206010787149772,CRC,Colorectal (CRC)
1330.77,x_1330.77,0.02291343611574392,-0.23917536074245505,0.3988336821979568,0.3354302008867077,1.0414312951969448e-19,2.1881758674362775e-19,NA,0.26208879685819897,18.659917775945683,CRC,Colorectal (CRC)
1332.69,x_1332.69,0.10032988210243583,-0.22610138126818485,0.4500369032260951,0.3415576069447442,7.75960469367381e-24,1.950330749619627e-23,NA,0.3264312633706207,22.709891731943085,CRC,Colorectal (CRC)
1334.61,x_1334.61,0.1960532063327597,-0.2190893649210619,0.5134358879566943,0.35347478165845103,1.550308686444293e-28,5.251951528352949e-28,NA,0.4151425712538216,27.27967929078248,CRC,Colorectal (CRC)
1336.54,x_1336.54,0.31553059304905223,-0.21182919457362323,0.5915249629984513,0.3696590259453946,2.682390883545243e-33,1.3556948519539473e-32,NA,0.5273597876226754,31.86783805311358,CRC,Colorectal (CRC)
1338.46,x_1338.46,0.4665522710277822,-0.20621520766388407,0.6884953363617936,0.39470313772150534,6.653814105191642e-39,4.608382361743841e-38,NA,0.6727674786916662,37.33645149427532,CRC,Colorectal (CRC)
1340.38,x_1340.38,0.6655057054752841,-0.20131906055071958,0.7960637170515165,0.4306228589170202,1.8270994150766993e-46,1.7083379530967138e-45,NA,0.8668247660260037,44.767426210551854,CRC,Colorectal (CRC)
1342.3,x_1342.30,0.9056821255006352,-0.18687320555677572,0.9256551362212684,0.47699790785456686,1.0140456254669394e-52,1.3943127350170416e-51,NA,1.092555331057411,50.85563980596584,CRC,Colorectal (CRC)
1344.23,x_1344.23,1.1718026619550506,-0.14797179399020746,1.0738476421199108,0.5324198050192804,5.9763967893479555e-56,9.97844821078632e-55,NA,1.319774455945258,54.00093699236923,CRC,Colorectal (CRC)
1346.15,x_1346.15,1.4339312202278265,-0.08726696008078103,1.2249463722048302,0.5908368705174715,1.0624810404246659e-56,1.874376929805778e-55,NA,1.5211981803086074,54.72714306975878,CRC,Colorectal (CRC)
1348.07,x_1348.07,1.6466771709705514,-0.02010264032796963,1.353838132473861,0.6409959778629767,5.897481968355816e-56,9.97844821078632e-55,NA,1.666779811298521,54.00093699236923,CRC,Colorectal (CRC)
1350,x_1350.00,1.7620389109491927,0.04234916866927669,1.429562365660015,0.6719200049261336,1.3280452901409337e-53,1.9401911660652704e-52,5.378735076622589,1.719689742279916,51.712155477143455,CRC,Colorectal (CRC)
1351.92,x_1351.92,1.7532557135767963,0.08394397914207946,1.4318151400999548,0.6752061698587162,1.5144447813293344e-50,1.863165619135431e-49,4.384449403885284,1.6693117344347168,48.72974853840507,CRC,Colorectal (CRC)
1353.84,x_1353.84,1.6217057022379004,0.09738124791764183,1.3593257730378123,0.6522186163687411,8.351800629584935e-48,8.487971292023819e-47,4.057710307393755,1.5243244543202585,46.071196097972965,CRC,Colorectal (CRC)
1355.76,x_1355.76,1.392803420434835,0.08992131874285696,1.2275170900683696,0.6096897086755011,3.7299241581347077e-44,3.1418730521224794e-43,3.95316963919141,1.302882101691978,42.50281136667876,CRC,Colorectal (CRC)
1357.69,x_1357.69,1.1106929982414973,0.06855116643634637,1.0581100678939255,0.5593850690216272,1.4516989356027394e-39,1.0687704762114656e-38,4.018115331693456,1.042141831805151,37.97111555168322,CRC,Colorectal (CRC)
1359.61,x_1359.61,0.8277307375775526,0.0460297952955721,0.8793083772745072,0.5115439587176988,3.514077760619343e-34,1.899226997791379e-33,4.1684920014774844,0.7817009422819805,32.72142312478561,CRC,Colorectal (CRC)
1361.53,x_1361.53,0.5799751598181602,0.03810452972954231,0.7279975911130597,0.47838345764746576,4.3384901109771565e-26,1.2676525793011378e-25,3.9279213223876606,0.5418706300886179,24.89699975557611,CRC,Colorectal (CRC)
1363.46,x_1363.46,0.38683752965119533,0.053508388290760316,0.6227988809527073,0.4623521963820055,1.011218688455487e-14,1.7805828130054242e-14,2.8538675548591312,0.333329141360435,13.74943782294737,CRC,Colorectal (CRC)
1365.38,x_1365.38,0.24818302576877418,0.08033995722128731,0.5584557098234352,0.45401928772138356,4.0323198083008024e-5,5.129549688110545e-5,1.6272027045971253,0.16784306854748687,4.289920758972534,CRC,Colorectal (CRC)
1367.3,x_1367.30,0.15015688506241773,0.10308289105528873,0.5136131118190888,0.4422544765537093,0.4617691689877857,0.4765498598273506,0.54266133539789,0.047073994007129,0.3218916538607808,CRC,Colorectal (CRC)
1369.22,x_1369.22,0.06697434307168482,0.11015986115006747,0.47980985202321413,0.42006340817384147,0.017952748548875883,0.020346448355392666,-0.7179097712732005,-0.043185518078382654,1.691511389597066,CRC,Colorectal (CRC)
1371.15,x_1371.15,-0.01571882013154542,0.08434173364072034,0.4535947646266628,0.38480504520020054,6.548579564366403e-7,9.125069884772857e-7,NA,-0.10006055377226576,6.039763800794227,CRC,Colorectal (CRC)
1373.07,x_1373.07,-0.0977628610386465,0.011046943973790644,0.43191832256404433,0.3440384872268011,8.039383662107611e-10,1.2242383915424457e-9,NA,-0.10880980501243714,8.91213400535178,CRC,Colorectal (CRC)
1374.99,x_1374.99,-0.17581274665156246,-0.0971419532564866,0.41850405494700155,0.3029800576287785,8.569438898860525e-9,1.2598153098167595e-8,0.8558799167521227,-0.07867079339507586,7.899693118220996,CRC,Colorectal (CRC)
1376.92,x_1376.92,-0.25210562487860094,-0.21949460163269893,0.4132175910600982,0.26307039629631335,1.33241548102466e-5,1.742389475186094e-5,0.1998436998234679,-0.03261102324590201,4.758854760913833,CRC,Colorectal (CRC)
1378.84,x_1378.84,-0.32462693599370007,-0.34387128043159865,0.41005530047973426,0.23377758911490928,0.04337865112782773,0.04828457000537968,-0.08308616527159696,0.019244344437898575,1.316191631818452,CRC,Colorectal (CRC)
1380.76,x_1380.76,-0.39382857395972987,-0.4597472842447109,0.40496407028917586,0.2189864932422201,0.49353953141495555,0.5082152663799377,-0.2232737890372106,0.06591871028498103,0.2939522932309798,CRC,Colorectal (CRC)
1382.69,x_1382.69,-0.45659449648992007,-0.5588944582970675,0.3920508637248449,0.21455098235172188,9.583586217036469e-4,0.0011532372088711837,-0.2916629781113495,0.10229996180714745,2.938081353669593,CRC,Colorectal (CRC)
1384.61,x_1384.61,-0.5100901913741065,-0.6393346880160284,0.3676549705820502,0.21481085573823458,1.2919367150066891e-8,1.887438794580085e-8,-0.3258195840705043,0.12924449664192195,7.7241271226694295,CRC,Colorectal (CRC)
1386.53,x_1386.53,-0.5544582303615632,-0.7047888403331911,0.3372747705690885,0.21228990365681796,1.3249995063748133e-14,2.31565334291673e-14,-0.3461128554469799,0.15033060997162795,13.635326454671155,CRC,Colorectal (CRC)
1388.45,x_1388.45,-0.5902556030159052,-0.7507915074668793,0.30534616927415936,0.20421612817920376,2.360968174274709e-19,4.905567206548563e-19,-0.34707302258762773,0.1605359044509741,18.309310770051134,CRC,Colorectal (CRC)
1390.38,x_1390.38,-0.6118357505040132,-0.7707049658806995,0.27641349247447294,0.19574470589473708,1.0046763541476905e-21,2.252691585439066e-21,-0.3330347645147629,0.1588692153766863,20.64729826318542,CRC,Colorectal (CRC)
1392.3,x_1392.30,-0.6185457516880231,-0.7766830283459697,0.2546479537676596,0.18968115733478993,3.977945373764562e-24,1.0134547478119526e-23,-0.32844610590272477,0.15813727665794663,22.994195638400985,CRC,Colorectal (CRC)
1394.22,x_1394.22,-0.6154690880129831,-0.7741490046468051,0.23982660474294545,0.18586851945630278,4.8956076531060143e-26,1.4259791762162378e-25,-0.3309253578369604,0.15867991663382208,24.845886816504077,CRC,Colorectal (CRC)
1396.15,x_1396.15,-0.6059196135798293,-0.7620925729070057,0.22909497592734684,0.18368528607903575,1.8014405605537582e-25,5.042954862628036e-25,-0.33084033707376415,0.15617295932717645,24.297314919011065,CRC,Colorectal (CRC)
1398.07,x_1398.07,-0.5895559375159904,-0.742011555541369,0.21810489800239613,0.18716624251185732,1.1932399267756515e-23,2.9672322647213675e-23,-0.3318134535739608,0.15245561802537855,22.527648457276417,CRC,Colorectal (CRC)
1399.99,x_1399.99,-0.5679166893503796,-0.7059090949988854,0.20799357384059658,0.1949743234675428,4.563179488198053e-19,9.356519345318377e-19,-0.3138035969892401,0.1379924056485058,18.02888568013499,CRC,Colorectal (CRC)
1401.91,x_1401.91,-0.527597638672361,-0.6481955863101915,0.20086129422936838,0.20715314549342853,3.0447716886132733e-15,5.432941848956891e-15,-0.29699159820414445,0.1205979476378305,14.26496494337642,CRC,Colorectal (CRC)
1403.84,x_1403.84,-0.46611840735907306,-0.5656728934720431,0.19942967272804857,0.22662686513555128,2.936608044900172e-10,4.538394251209357e-10,-0.2792720976409278,0.09955448611297002,9.343097779564461,CRC,Colorectal (CRC)
1405.76,x_1405.76,-0.3832662457644065,-0.45693364231312655,0.20963772924699078,0.2521648228467076,1.3070990482738839e-5,1.7116773251205623e-5,-0.2536383278965843,0.07366739654872007,4.766578102467008,CRC,Colorectal (CRC)
1407.68,x_1407.68,-0.27207440638944147,-0.313700996921085,0.23599156479384428,0.2799694595549938,0.018932944007698065,0.021405444555257183,-0.2053895666849753,0.041626590531643526,1.6694757481664981,CRC,Colorectal (CRC)
1409.61,x_1409.61,-0.1379204979729203,-0.13171735119520822,0.27954262357334025,0.3062668621444097,0.7629572637210206,0.772040088289128,0.06639197605952447,-0.006203146777712082,0.1123601482772977,CRC,Colorectal (CRC)
1411.53,x_1411.53,0.010032215771464173,0.07418776173803807,0.32902030502367635,0.3303321795815791,0.001040386586580005,0.0012487310121338956,-2.886416579147981,-0.0641555459665739,2.9035311024802097,CRC,Colorectal (CRC)
1413.45,x_1413.45,0.16687508014080213,0.2992883937348402,0.3814741370830771,0.3574424665277693,4.462415074164314e-9,6.612294919720498e-9,-0.8427639783055978,-0.13241331359403805,8.179647784388122,CRC,Colorectal (CRC)
1415.37,x_1415.37,0.31782476632417617,0.5289340832411137,0.4349647918208089,0.3854593275864625,1.1275624818685108e-14,1.9817122566674017e-14,-0.7348545801508427,-0.21110931691693752,13.702959404549812,CRC,Colorectal (CRC)
1417.3,x_1417.30,0.4512708107993855,0.7389786409684822,0.4836705982291856,0.41089759876425275,2.8796987568607494e-19,5.943749089767772e-19,-0.7115379565939705,-0.2877078301690967,18.225939532226835,CRC,Colorectal (CRC)
1419.22,x_1419.22,0.55971516538116906,0.9298424842762868,0.5235558048179813,0.43544959812202155,2.5862689364879654e-24,6.717115154489577e-24,-0.732292479920018,-0.37012731889511774,23.172817206334223,CRC,Colorectal (CRC)
1421.14,x_1421.14,0.6391320024041397,1.0902473832581612,0.5500980554008107,0.45419755401164025,3.472544349329844e-29,1.2392476971845054e-28,-0.7704687613162466,-0.4511153808540215,27.906841879443988,CRC,Colorectal (CRC)
1423.07,x_1423.07,0.6900640072326092,1.205490113777845,0.5648526539737377,0.46608652670478035,1.7848886532152483e-33,9.119513064241842e-33,-0.80481683444165375,-0.5154261065452359,32.04002835017581,CRC,Colorectal (CRC)
1424.99,x_1424.99,0.7185606986131338,1.2700760156904622,0.5744589232772869,0.4753068802284651,1.258414927688391e-35,7.792171903236063e-35,-0.8217320399116831,-0.5515153170773285,34.10834147504585,CRC,Colorectal (CRC)
1426.91,x_1426.91,0.7316307133387492,1.2901351410611268,0.5830808679594327,0.48039378813853395,2.738409860702974e-35,1.6412905254854363e-34,-0.8183337967809746,-0.5585044277223776,33.78481453750419,CRC,Colorectal (CRC)
1428.84,x_1428.84,0.7352060903924007,1.284310949284067,0.592657995421236,0.48118348009586454,9.667879792884401e-34,5.107043845393737e-33,-0.8047730790510451,-0.5491048588916663,32.29183041358937,CRC,Colorectal (CRC)
1430.76,x_1430.76,0.735984760500685,1.2613759368583997,0.6055249833275033,0.4808147735791682,1.6279007593998488e-31,6.764832044617149e-31,-0.7772497010893613,-0.5253911763577147,30.169742981476034,CRC,Colorectal (CRC)
1432.68,x_1432.68,0.7420610896174085,1.2359318976146956,0.6257787325662871,0.48089041471640526,7.475871115260309e-29,2.5698306958707313e-28,-0.7359886074698446,-0.4938708079972871,27.59009548766914,CRC,Colorectal (CRC)
1434.6,x_1434.60,0.7641413588500553,1.2213964519928082,0.6568079807410198,0.4802143297781542,1.9855593990762484e-26,5.988703348826749e-26,-0.676619399778101,-0.4572550931427529,25.222667199214747,CRC,Colorectal (CRC)
1436.53,x_1436.53,0.8044367593915231,1.2288036863721639,0.6980519109903317,0.4798807087599079,3.046614292118384e-24,7.783017385602976e-24,-0.6112029164757925,-0.4243669269806407,23.108851999428783,CRC,Colorectal (CRC)
1438.45,x_1438.45,0.8578557941590012,1.2666729326054273,0.7483733486142564,0.4830398522607109,4.889224012147238e-23,1.1632123285897373e-22,-0.5622364560433137,-0.4088171384464262,21.93434100348459,CRC,Colorectal (CRC)
1440.37,x_1440.37,0.9192799864352185,1.3275596117348012,0.7997964181893426,0.4921670916902241,1.058917770185531e-22,2.469047668637086e-22,-0.530199924254764,-0.4082796252995827,21.607470525286292,CRC,Colorectal (CRC)
1442.3,x_1442.30,0.9835309701633728,1.4042342236212304,0.8437452651142736,0.5042865408866936,1.74088308703508e-23,4.283488648362631e-23,-0.5137407680647805,-0.42070325345785764,22.368202379681776,CRC,Colorectal (CRC)
1444.22,x_1444.22,1.0416240775206558,1.4837867106674714,0.8715973872027237,0.5137620858087152,2.1573147394798957e-24,5.650110031971155e-24,-0.5104486091576257,-0.4421626331468156,23.247943094514614,CRC,Colorectal (CRC)
1446.14,x_1446.14,1.0823194403125889,1.5533624147186087,0.8716855768577596,0.5172069991360264,2.266500969725495e-25,6.30707859134922e-25,-0.5212676946228291,-0.47104297440601983,24.2001717573091,CRC,Colorectal (CRC)
1448.06,x_1448.06,1.100252701702262,1.607770036538985,0.8468088195497945,0.514785866288482,8.444173271493437e-27,2.597138818699462e-26,-0.5472257406820837,-0.507517334836723,25.585504836437732,CRC,Colorectal (CRC)
1449.99,x_1449.99,1.1003844323009848,1.6358455031712067,0.8085423479015061,0.5095392545339019,5.944587307260244e-28,1.9571088493972986e-27,-0.5720284363835308,-0.5354610708702219,26.708385019320033,CRC,Colorectal (CRC)
1451.91,x_1451.91,1.0907119038677218,1.6385538395320625,0.7654060041800402,0.5058872541199801,5.525087895352676e-29,1.934815424027997e-28,-0.5871525509540209,-0.5478419356643407,27.713360459146127,CRC,Colorectal (CRC)
1453.83,x_1453.83,1.0803177432754365,1.6284626385712166,0.7241803428882032,0.5044423134417145,1.0743441792895943e-29,3.9392619907285126e-29,-0.5920544706326943,-0.5481448952957801,28.404585134361216,CRC,Colorectal (CRC)
1455.76,x_1455.76,1.0700487351156127,1.6148125655132584,0.6870598740291812,0.5060623578494636,5.952032218207764e-30,2.2171912844718165e-29,-0.5936897580075741,-0.5447638303976456,28.65419683723871,CRC,Colorectal (CRC)
1457.68,x_1457.68,1.0587654561891355,1.5990971005030818,0.6584498881423789,0.5104412446838968,5.405709951178067e-30,2.021735521740597e-29,-0.5948740538720749,-0.5403316443139463,28.69427565832032,CRC,Colorectal (CRC)
1459.6,x_1459.60,1.0429132172200581,1.5759548477303922,0.6333423239399673,0.513988731410612,6.908990148454236e-30,2.5634546780971076e-29,-0.5956066197479573,-0.533041630510334,28.591174356486242,CRC,Colorectal (CRC)
1461.52,x_1461.52,1.0124867542523661,1.5389122322259468,0.5996350549312951,0.5126232366095451,7.728415256801925e-31,3.023459525150544e-30,-0.6040074320852492,-0.5264254779735806,29.519495840890166,CRC,Colorectal (CRC)
1463.45,x_1463.45,0.9602903342026882,1.4776972157972574,0.5561218774072316,0.5065250949963455,8.0162331239937e-32,3.422455694490461e-31,-0.62180760021395,-0.5174068815945693,30.465662165330674,CRC,Colorectal (CRC)
1465.37,x_1465.37,0.8803397194983449,1.384851827605601,0.5039071431393717,0.49632619701094227,6.318948646000999e-33,3.061252323321728e-32,-0.6535987597433923,-0.5045121081072561,31.514100872261537,CRC,Colorectal (CRC)
1467.29,x_1467.29,0.7762093338466062,1.2583725412103828,0.4494091973395223,0.48083039252615667,5.759207445539004e-34,3.0947465296430854e-33,-0.6970406965609428,-0.4821632073637766,32.50937491539514,CRC,Colorectal (CRC)
1469.22,x_1469.22,0.6578963724958324,1.1063186264005203,0.3998379920885938,0.46209418499605026,3.2191763822404404e-34,1.7499592542993093e-33,-0.7498337982579859,-0.4484222539046878,32.756972063221696,CRC,Colorectal (CRC)
1471.14,x_1471.14,0.5305260281750268,0.946816460081402,0.35842267319615306,0.44039017189589386,9.098144536716065e-35,5.155615237472437e-34,-0.8356600583792851,-0.41629043190637516,33.28771950141905,CRC,Colorectal (CRC)
1473.06,x_1473.06,0.40616667092003356,0.7912779932619858,0.32885159624834664,0.41406562750496023,1.0468943575050377e-34,5.8613546363306e-34,-0.962111045004897,-0.3851113223419522,33.23200200120121,CRC,Colorectal (CRC)
1474.99,x_1474.99,0.30102147536122287,0.6473035388410802,0.3099375861979925,0.3912156643496637,4.366888704375353e-33,2.1489689150478714e-32,-1.1045734124345155,-0.3462820634798573,31.6677698665564,CRC,Colorectal (CRC)
1476.91,x_1476.91,0.2214808632992559,0.5268639460578941,0.2967851556210375,0.37205647853240814,4.04792618134047e-30,1.5200044094591726e-29,-1.2502446317296816,-0.30538308275863824,28.818155152186144,CRC,Colorectal (CRC)
1478.83,x_1478.83,0.16255038098499247,0.43106426072245213,0.2900399098544886,0.3518920319634445,1.224601537464948e-26,3.7418380311428965e-26,-1.4070104885574517,-0.26851387973745966,25.426915015260185,CRC,Colorectal (CRC)
1480.75,x_1480.75,0.11797860840288364,0.3614609939266413,0.2897455777205437,0.3314999068523014,4.703024293335414e-24,1.1916877274440684e-23,-1.615306436670458,-0.24348238552375767,22.923837533199134,CRC,Colorectal (CRC)
1482.68,x_1482.68,0.0887574206863293,0.3194558955705475,0.29792331862144683,0.3160292627058391,6.155889671578207e-23,1.4534739502337433e-22,-1.847665378530343,-0.23069847488421819,21.837592747430616,CRC,Colorectal (CRC)
1484.6,x_1484.60,0.06878506852612885,0.29401301451340783,0.3114702299117434,0.3069342435053876,2.4657165929571406e-22,5.720707231798825e-22,-2.095696618660239,-0.22522794598727897,21.242550277521467,CRC,Colorectal (CRC)
1486.52,x_1486.52,0.04853539562524743,0.27453113461110545,0.32080657984552924,0.3050266711575875,1.0115303910763597e-22,2.364452289140991e-22,-2.4998361486497487,-0.225995738985858,21.626269444926983,CRC,Colorectal (CRC)
1488.45,x_1488.45,0.021567087865980727,0.2544164150446277,0.3194995434446092,0.31595963059320153,8.633187324680953e-24,2.164083149752464e-23,-3.560227243320942,-0.23284932717864698,22.664726056511444,CRC,Colorectal (CRC)
1490.37,x_1490.37,-0.018624303275337498,0.2260718706760746,0.3089743823796205,0.340153493966554,1.0232325910239546e-24,2.7492025074925218e-24,NA,-0.24469617395141208,23.5607932686515,CRC,Colorectal (CRC)
1492.29,x_1492.29,-0.07086678342734311,0.17848578171266216,0.29405494186573033,0.365729310063142,5.879561062722115e-25,1.6121377107463862e-24,NA,-0.24935256514000526,23.792597862988256,CRC,Colorectal (CRC)
1494.21,x_1494.21,-0.12935464448326803,0.11027506210720521,0.2772864546301061,0.3862545874123336,2.915137072296665e-23,7.061277623309279e-23,NA,-0.23962970659047322,22.15111671331742,CRC,Colorectal (CRC)
1496.14,x_1496.14,-0.19179589959739443,0.02865149988280416,0.2627145239292768,0.40027266157154634,1.3338368901383899e-20,2.860407092383933e-20,NA,-0.2204473994801986,19.543572153795974,CRC,Colorectal (CRC)
1498.06,x_1498.06,-0.2599815560648759,-0.06999551945660566,0.24853593875756946,0.4063634708109245,2.026884150828049e-16,3.745329409138786e-16,1.8930898590483283,-0.18998603660827024,15.426509979224903,CRC,Colorectal (CRC)
1499.98,x_1499.98,-0.3317447204960559,-0.1774103322842334,0.2355517855825153,0.4018150514323329,3.035180070598817e-11,4.818155120560091e-11,0.9029872555025809,-0.15433438821182252,10.317119221996702,CRC,Colorectal (CRC)
1501.91,x_1501.91,-0.3989303381261134,-0.28241612730640864,0.23231136936701502,0.38772088609040206,2.859311144685652e-6,3.880197271815797e-6,0.49831585892836916,-0.11651421081970476,5.411146194023541,CRC,Colorectal (CRC)
1503.83,x_1503.83,-0.45928018130563175,-0.38326559943311767,0.23172993343505383,0.3700504062818248,0.015433713964128471,0.01755538023900258,0.2610306405139591,-0.07601458187251409,1.7555897595388612,CRC,Colorectal (CRC)
1505.75,x_1505.75,-0.5121135461740827,-0.4774206904364838,0.22773441862870586,0.35556043155914313,0.7476327645606095,0.7573528005028927,0.1012028345334061,-0.03469285573759889,0.12070176433253993,CRC,Colorectal (CRC)
1507.67,x_1507.67,-0.5530015754451968,-0.5589151291787224,0.22108705360708908,0.34580632459249655,7.793629715165613e-4,9.414785250232363e-4,-0.015345664641893119,0.005913553733525645,3.026189581723019,CRC,Colorectal (CRC)
1509.6,x_1509.60,-0.5875219080438233,-0.6289099858375288,0.2131366267625115,0.3355803873536304,2.954249505901483e-9,4.412497265204292e-9,-0.0982110553048945,0.04138807779370546,8.355315550772858,CRC,Colorectal (CRC)
1511.52,x_1511.52,-0.6168264075358072,-0.6898381403435306,0.20681899955507588,0.3191634138749723,8.807205626117744e-14,1.5026892810985568e-13,-0.1613936123213076,0.07301173280772344,12.82313081146555,CRC,Colorectal (CRC)
1513.44,x_1513.44,-0.6332768653505289,-0.7303186871052696,0.20493197847356778,0.2977791965000201,2.7539911999977123e-17,5.2766019917988955e-17,-0.20569007252798266,0.09704182175474074,16.2776456629357,CRC,Colorectal (CRC)
1515.37,x_1515.37,-0.6395916811192935,-0.7549272328266478,0.20703877524879927,0.2750904403665219,6.931169510015154e-21,1.5036295804789252e-20,-0.23918676042208167,0.11533555170735421,19.822859139121828,CRC,Colorectal (CRC)
1517.29,x_1517.29,-0.642336940455816,-0.7760830966861845,0.20820755523248521,0.2518358976638976,1.3874240939780212e-25,3.919158694469637e-25,-0.272881252383036,0.13374615623036845,24.406807150725243,CRC,Colorectal (CRC)
1519.21,x_1519.21,-0.6428616132302817,-0.7917885775998816,0.206971761415767,0.2300916817664042,2.3966020680641246e-29,8.618549744769064e-29,-0.3006074705857391,0.14892696436959996,28.06456580735777,CRC,Colorectal (CRC)
1521.13,x_1521.13,-0.6409953300534046,-0.8007945659096898,0.205855441883998,0.21447467905607082,2.914427081149405e-32,1.3292630833535091e-31,-0.32111878720991693,0.1597992358562852,30.876389056422646,CRC,Colorectal (CRC)
1523.06,x_1523.06,-0.6369519148673699,-0.8088568209744477,0.20292050945543647,0.20775977582910518,4.596680543690505e-35,2.6695008126401384e-34,-0.3447003654871493,0.17190490610707776,33.57356994259964,CRC,Colorectal (CRC)
1524.98,x_1524.98,-0.6277128864090715,-0.8109097969409407,0.19801582886386926,0.2063946172323035,1.6482429449234756e-38,1.1331670246348894e-37,-0.36943713521092125,0.18319691053186915,36.9457060720156,CRC,Colorectal (CRC)
1526.9,x_1526.90,-0.6164976324151072,-0.8009012175812044,0.19762358334458485,0.2054257080324391,2.6251608967731756e-38,1.791624407651766e-37,-0.3775294975944436,0.18440358516609712,36.74675302970788,CRC,Colorectal (CRC)
1528.83,x_1528.83,-0.6097948377014463,-0.7846437081509513,0.20001174516795586,0.2056633758845571,4.317356438188466e-35,2.522955168566385e-34,-0.3637142923292568,0.17484887044950503,33.59809046657209,CRC,Colorectal (CRC)
1530.75,x_1530.75,-0.5969439052574164,-0.7693535738328297,0.19791953774893728,0.20555689196209712,1.6030808526682678e-35,9.796605210750525e-35,-0.366051947325968,0.1724096685754133,34.008924393048105,CRC,Colorectal (CRC)
1532.67,x_1532.67,-0.5717709401831305,-0.7422282144578911,0.1979565785621688,0.20436408628783478,1.385595272404123e-34,7.711497498201518e-34,-0.3764261250106396,0.17045727427476065,33.11286127797302,CRC,Colorectal (CRC)
1534.6,x_1534.60,-0.545606003647475,-0.7052038487181777,0.21045297551686964,0.2049030416103057,5.220132488574887e-29,1.8348961942923006e-28,-0.3701814274162773,0.15959784507070263,27.736388500088317,CRC,Colorectal (CRC)
1536.52,x_1536.52,-0.5195183514353822,-0.6642841579976515,0.22647514730981833,0.21102914636093933,2.992734620527389e-22,6.90915276590891e-22,-0.3546264025808026,0.14476580656226934,21.160575204673496,CRC,Colorectal (CRC)
1538.44,x_1538.44,-0.49006595629653615,-0.6201273923237915,0.24110059787447957,0.22052900682790633,2.0056951297111297e-16,3.720882829920449e-16,-0.3395893055066132,0.1300614360272554,15.429354005635597,CRC,Colorectal (CRC)
1540.36,x_1540.36,-0.46081911847212753,-0.5769407927153369,0.2589621141860674,0.22800404905219585,7.033059240620915e-12,1.1377007595122067e-11,-0.32422333059457603,0.1161216742432094,10.943971951984967,CRC,Colorectal (CRC)
1542.29,x_1542.29,-0.4332374623336685,-0.5383383477105371,0.2760755320479918,0.23739556296590772,2.772455185624398e-8,4.012764084456366e-8,-0.3133558481803921,0.10510088537686862,7.39655637224486,CRC,Colorectal (CRC)
1544.21,x_1544.21,-0.4103086699309102,-0.5005961860066724,0.2920543990957982,0.24674397553023888,9.263676618945596e-6,1.2268466910359961e-5,-0.286938294403816,0.09028751607576224,4.911209704100196,CRC,Colorectal (CRC)
1546.13,x_1546.13,-0.39558853914662784,-0.46565349151863195,0.3044651028642982,0.2554092003085953,0.0018676515643096493,0.002221697471538832,-0.23525671533800857,0.07006495237200411,2.6533150792323883,CRC,Colorectal (CRC)
1548.06,x_1548.06,-0.39112463604141484,-0.4406595125898047,0.3162358706571872,0.26659644252659626,0.06300382416910288,0.06946765990343301,-0.17203635280854307,0.04953487654838984,1.1582173305792711,CRC,Colorectal (CRC)
1549.98,x_1549.98,-0.38694773333045757,-0.4313916278763161,0.33298018155106934,0.27686604138562215,0.10738219415289342,0.11661132582224779,-0.1568598535500821,0.04444389454585851,0.9332592668734696,CRC,Colorectal (CRC)
1551.9,x_1551.90,-0.3811166130051089,-0.4281979635190829,0.3528819384444144,0.28147998217624526,0.10729053368385749,0.11661132582224779,-0.16804585350053694,0.047081350513973996,0.9332592668734696,CRC,Colorectal (CRC)
1553.82,x_1553.82,-0.38205025636975526,-0.42682598749584133,0.37007395141985894,0.2824307789385357,0.12678567843460034,0.13704579114029056,-0.15988598568864384,0.04477573112608607,0.863134297684607,CRC,Colorectal (CRC)
1555.75,x_1555.75,-0.3781170085889229,-0.4208530850869338,0.3838547694594185,0.28234020436648216,0.1665907013575648,0.17842188518822805,-0.1544843339918323,0.04273607649801092,0.7485518762292793,CRC,Colorectal (CRC)
1557.67,x_1557.67,-0.3670830982889416,-0.401972941378756,0.40095630853545644,0.286869540091139,0.4546421370148104,0.4697131470815996,-0.13099204190287594,0.03488984308981441,0.328167283919189,CRC,Colorectal (CRC)
1559.59,x_1559.59,-0.3566612916791212,-0.36349854171970036,0.4199795272088038,0.293172120721359,0.31117806401843856,0.32617880028838575,-0.027395003319846678,0.006837250040579168,0.48654426897619485,CRC,Colorectal (CRC)
1561.52,x_1561.52,-0.3364862702806826,-0.3089264818457348,0.43434672855499173,0.2985348233563943,0.0036960453003102036,0.004346921202251623,0.12328447474495945,-0.02755978843494783,2.3618182323045565,CRC,Colorectal (CRC)
1563.44,x_1563.44,-0.3068980313656301,-0.24311477936774611,0.4464950366985807,0.3069691776273871,1.927256840278222e-6,2.653880921443501e-6,0.3361230248591601,-0.06378325199788398,5.576118567651012,CRC,Colorectal (CRC)
1565.36,x_1565.36,-0.26768803680635406,-0.16449656775002325,0.45656344593839143,0.31876699660904195,1.0792703514861181e-10,1.6818629643992006e-10,0.702498563948544,-0.10319146905633081,9.774209392741277,CRC,Colorectal (CRC)
1567.28,x_1567.28,-0.22139068749764165,-0.07507311500543279,0.46537255442175546,0.33221001646620407,3.8902365856087335e-16,7.090392217435021e-16,1.5602389881319054,-0.14631757249220886,15.149329740394313,CRC,Colorectal (CRC)
1569.21,x_1569.21,-0.16698111106348862,0.02512978677298628,0.47495540701413824,0.34690348909895186,6.39102861238369e-22,1.4433844812992149e-21,NA,-0.1921108978364749,20.84061796837616,CRC,Colorectal (CRC)
1571.13,x_1571.13,-0.10351719985617903,0.1316244791954823,0.4821880323116961,0.36443872686621337,1.656253127764027e-25,4.650440463841938e-25,NA,-0.23514167905166133,24.33250591120537,CRC,Colorectal (CRC)
1573.05,x_1573.05,-0.03684611347703598,0.23957435521229095,0.4872974926736496,0.38409578605516254,6.189016947891537e-29,2.159227927715891e-28,NA,-0.2764204686893269,27.66570151119771,CRC,Colorectal (CRC)
1574.98,x_1574.98,0.033179178826619936,0.35070636141750455,0.49547448658540866,0.40718459095777215,1.4315480198303726e-31,6.002230486732729e-31,-3.401874146444107,-0.31752718259088464,30.221687331604564,CRC,Colorectal (CRC)
1576.9,x_1576.90,0.09615739393700695,0.4610095689288938,0.5064925372098911,0.43340577771875044,3.768683946637016e-35,2.2161757799406354e-34,-2.261315120548373,-0.3648521749918868,33.654395795734835,CRC,Colorectal (CRC)
1578.82,x_1578.82,0.14508694237664693,0.5668876691531186,0.5133704214084325,0.45706189885199605,1.992496138832283e-39,1.4330645306216804e-38,-1.9661378048511242,-0.4218007267764717,37.84373425296489,CRC,Colorectal (CRC)
1580.75,x_1580.75,0.19145851885449103,0.6557760693376369,0.5139111320120628,0.4704975217150789,2.6882995692216867e-42,2.1301356756120991e-41,-1.776166066758551,-0.4643175504831458,40.67159273398234,CRC,Colorectal (CRC)
1582.67,x_1582.67,0.22943286149291,0.7247287198011801,0.5102342514208494,0.47612697055494063,2.2738404207270765e-44,1.950496140715428e-43,-1.6593647274058114,-0.49529585830827016,42.70985490465373,CRC,Colorectal (CRC)
1584.59,x_1584.59,0.25563431527297065,0.789085473713283,0.5059770987395495,0.47775974073091015,6.574950588891122e-48,6.985885000696817e-47,-1.626096255531826,-0.5334511584403123,46.155778567850085,CRC,Colorectal (CRC)
1586.51,x_1586.51,0.2784231382238122,0.8497746454746048,0.503568799697123,0.47626951699631775,2.3224768130896347e-51,3.0584729862518427e-50,-1.609797704364342,-0.5713515072507926,49.51449535102479,CRC,Colorectal (CRC)
1588.44,x_1588.44,0.2992696295578264,0.9029938277479307,0.502092907116728,0.47166294088977945,3.701039454783812e-54,5.672904738070269e-53,-1.5932670245530622,-0.6037241981901043,52.246194509239416,CRC,Colorectal (CRC)
1590.36,x_1590.36,0.32029596905871766,0.9612316450386477,0.49670346066841353,0.4716051070575381,4.8504909470693066e-57,8.72155583751885e-56,-1.5854754995074538,-0.6409356759799301,55.0594060344049,CRC,Colorectal (CRC)
1592.28,x_1592.28,0.3469949999567834,1.026816633205489,0.49582316577913665,0.477553980820338,1.1227288790368876e-58,2.3327811153322e-57,-1.5651890390214895,-0.6798216332487057,56.63212600911152,CRC,Colorectal (CRC)
1594.21,x_1594.21,0.3753141628694297,1.0885708605997841,0.5033574356994814,0.485145447621842,5.23059325443331e-59,1.1373499285802664e-57,-1.536262166311924,-0.7132566977303545,56.94410589532067,CRC,Colorectal (CRC)
1596.13,x_1596.13,0.3935425423171163,1.1241345659797144,0.509056088353659,0.48899852253840664,1.5044535431220968e-58,3.057965353954697e-57,-1.514220857077448,-0.7305920236625981,56.51456743935258,CRC,Colorectal (CRC)
1598.05,x_1598.05,0.3949309526480576,1.126956332601078,0.5098423971683606,0.48621350090430326,2.5216354194145116e-58,5.016444930111848e-57,-1.512756893739395,-0.7320253799530205,56.29960395102046,CRC,Colorectal (CRC)
1599.97,x_1599.97,0.37767502110246837,1.0920878413025599,0.5080948660899848,0.47881339065512374,1.9437317016886945e-57,3.708957430773325e-56,-1.531869129961716,-0.7144128202000914,55.4307481512188,CRC,Colorectal (CRC)
1601.9,x_1601.90,0.34002750696915074,1.024041084258056,0.4989143670025744,0.46921156746539716,4.117992553623748e-56,7.130227847478156e-55,-1.5905473981012064,-0.6840135772889053,54.14689659198243,CRC,Colorectal (CRC)
1603.82,x_1603.82,0.28445360126906566,0.9306041588083486,0.4850280115447216,0.4586463817185325,4.681609752623372e-55,7.419161218140429e-54,-1.709970766786538,-0.646150557539283,53.12964519161104,CRC,Colorectal (CRC)
1605.74,x_1605.74,0.21781662961040185,0.8077358606458832,0.4710473589808023,0.44409835747624565,2.7133582465104318e-52,3.676797044184426e-51,-1.890764650658439,-0.5899192310354814,50.43453034212554,CRC,Colorectal (CRC)
1607.67,x_1607.67,0.151842801747692,0.671957015797304,0.4526862651266096,0.4257875075817275,7.387864235303147e-48,7.675170066676048e-47,-2.145783076656244,-0.520114214049612,46.11491199263245,CRC,Colorectal (CRC)
1609.59,x_1609.59,0.093876984334969,0.5575307173070163,0.43923145449962736,0.4121967766346685,4.102898001419251e-43,3.365096167830702e-42,-2.5701951095139264,-0.4636537329720473,41.47300251998044,CRC,Colorectal (CRC)
1611.51,x_1611.51,0.04506573383258372,0.46488454402905505,0.42839010994189464,0.40541494837012154,3.809795399514735e-39,2.719205113394105e-38,-3.366740763806696,-0.4198188101964713,37.565558031744814,CRC,Colorectal (CRC)
1613.43,x_1613.43,0.007624352358539275,0.3900866734107835,0.41917863402389666,0.40345246364042664,3.576620505661988e-35,2.1165444131607334e-34,-5.676850596025018,-0.38246232105224426,33.67437261394251,CRC,Colorectal (CRC)
1615.36,x_1615.36,-0.019166147547954315,0.32642047267096197,0.41246724127352036,0.4024909622406009,6.022475145382015e-31,2.3961762812477378e-30,NA,-0.3455866202189163,29.62048123504859,CRC,Colorectal (CRC)
1617.28,x_1617.28,-0.04391418477473845,0.27275008467870543,0.40461828092406776,0.4004479551372079,2.341213877686405e-28,7.817982055845675e-28,NA,-0.3166642694534439,27.106905330713204,CRC,Colorectal (CRC)
1619.2,x_1619.20,-0.06253756715018546,0.2301552583394467,0.40333131582813037,0.40131135295812637,1.3650488279601593e-26,4.1573962675659573e-26,NA,-0.29269282548963216,25.381178578184386,CRC,Colorectal (CRC)
1621.13,x_1621.13,-0.06932781470167283,0.2025267135621947,0.40792547340133356,0.4069771821440187,2.0394272443861575e-24,5.371449221129739e-24,NA,-0.2718545282638675,23.26990852550579,CRC,Colorectal (CRC)
1623.05,x_1623.05,-0.06923849613475007,0.17856451008617844,0.4146236767247993,0.416181891460693,8.289847257911074e-21,1.790070943682876e-20,NA,-0.2478030062209285,19.747129756819294,CRC,Colorectal (CRC)
1624.97,x_1624.97,-0.06493728761779838,0.15120709926886305,0.4202862100011186,0.42990312417420085,2.397510515374817e-16,4.4040713789301643e-16,NA,-0.21614438688666143,15.356145650821022,CRC,Colorectal (CRC)
1626.9,x_1626.90,-0.050237088476111705,0.13932481886308845,0.43282513663674804,0.4478316482277654,2.0709010619088876e-12,3.3792190102701744e-12,NA,-0.18956190733920014,11.471183660290949,CRC,Colorectal (CRC)
1628.82,x_1628.82,-0.04250749371582143,0.14372485575763266,0.44337535903949876,0.47188549028879667,6.316076139361126e-11,9.992438562271831e-11,NA,-0.1862323494734541,10.000328513285355,CRC,Colorectal (CRC)
1630.74,x_1630.74,-0.0351779118279249,0.1616918067500348,0.45260303770551813,0.5028829069263417,1.324560386161729e-10,2.0572491047528513e-10,NA,-0.1968697185779597,9.686713117994405,CRC,Colorectal (CRC)
1632.66,x_1632.66,-0.014607722948388241,0.19014121758634484,0.4698466768677587,0.5442351352886138,5.541241505583311e-10,8.465785633530059e-10,NA,-0.20474894053473308,9.072332732714559,CRC,Colorectal (CRC)
1634.59,x_1634.59,0.015824657605674586,0.23813263454358413,0.4910721281071382,0.5917922412268617,4.694241856421555e-10,7.195272353695334e-10,-3.9114340500614158,-0.22230797693790955,9.142952762607376,CRC,Colorectal (CRC)
1636.51,x_1636.51,0.05284868279637686,0.3142682997848896,0.5102186340232071,0.639046366636138,1.8914877036709474e-11,3.028323635158109e-11,-2.572034627901489,-0.2614196169885128,10.518797713896983,CRC,Colorectal (CRC)
1638.43,x_1638.43,0.09743421489185415,0.39152374421344976,0.5223923497395718,0.6689862276846835,1.5782992143085642e-12,2.5889645006640484e-12,-2.0065882997855513,-0.2940895293215956,11.586873904478768,CRC,Colorectal (CRC)
1640.36,x_1640.36,0.15448148321913877,0.4713508185263844,0.5342100746387463,0.6815118487544998,3.1962904596740806e-13,5.346210339526414e-13,-1.6093610340722706,-0.3168693353072456,12.271953958505293,CRC,Colorectal (CRC)
1642.28,x_1642.28,0.2127782453296544,0.5526016418592928,0.5454853461760647,0.6840046000913239,9.0670785603915e-15,1.5995695196162365e-14,-1.3768850233539116,-0.33982339652963844,13.79599688010028,CRC,Colorectal (CRC)
1644.2,x_1644.20,0.26188865123268923,0.6208709862222807,0.5509004046267482,0.6780477225486695,1.1304843239039684e-16,2.1224956683739167e-16,-1.2453367870555172,-0.3589823349895914,15.673153187398839,CRC,Colorectal (CRC)
1646.12,x_1646.12,0.2928744327384112,0.6803735730403858,0.553635247700596,0.6603463531447041,7.466855085070667e-20,1.5759615134404228e-19,-1.2160420448618192,-0.38749914030197463,18.802454392623456,CRC,Colorectal (CRC)
1648.05,x_1648.05,0.30982683104877395,0.7274103501327831,0.5506034033607277,0.6320406916304682,1.1338713377366105e-23,2.827119202089949e-23,-1.2313046934140595,-0.41758351908400915,22.548655879618547,CRC,Colorectal (CRC)
1649.97,x_1649.97,0.3219218702987384,0.7578888185404973,0.5451647725219628,0.6056439034270977,2.0864637677197844e-26,6.272809076585203e-26,-1.235273052169335,-0.43596694824175886,25.202537930738988,CRC,Colorectal (CRC)
1651.89,x_1651.89,0.32515549647741204,0.7719502526826522,0.534877109407325,0.5860732952269656,2.1023636797096235e-28,7.070899426361504e-28,-1.2473754983521081,-0.4467947562052401,27.15052533994267,CRC,Colorectal (CRC)
1653.82,x_1653.82,0.32497333819293184,0.7863202688087032,0.525517911334346,0.5695054063292897,9.349456783008452e-31,3.6272788763953956e-30,-1.274793078348585,-0.46134693061577137,29.440419053235747,CRC,Colorectal (CRC)
1655.74,x_1655.74,0.3284443058242454,0.8016068607337826,0.52395812984162,0.5535355215731611,3.063887369334315e-32,1.3839298020906205e-31,-1.2872435094284778,-0.47316255490953724,30.858885938302574,CRC,Colorectal (CRC)
1657.66,x_1657.66,0.3291170752967814,0.7940256875278561,0.524471311695829,0.5359636615923441,4.9229957306001375e-32,2.1610333371413745e-31,-1.270582235663222,-0.46490861223107466,30.665338533429175,CRC,Colorectal (CRC)
1659.58,x_1659.58,0.32794987133784737,0.7828366436919492,0.5243463854893888,0.516646124646402,4.754196677887431e-32,2.0967801385965793e-31,-1.255233423184175,-0.4548867723541018,30.678447105824695,CRC,Colorectal (CRC)
1661.51,x_1661.51,0.3258567847638775,0.7725139666845751,0.5255226014997044,0.49886706231029887,1.3462020693446204e-32,6.357065327460707e-32,-1.2453204225781322,-0.44665718192069753,31.196743325582297,CRC,Colorectal (CRC)
1663.43,x_1663.43,0.319522089432565,0.7611644862596483,0.5215335584256161,0.48429808939343355,2.2220882939423074e-33,1.1291589971935094e-32,-1.2522899593517713,-0.4416423968270833,31.947244900641937,CRC,Colorectal (CRC)
1665.35,x_1665.35,0.31574011800652035,0.7569454759181159,0.5146269845301803,0.4690491360977579,3.1697488608610802e-34,1.73316677479831e-33,-1.261449139418027,-0.44120535791159554,32.76115964508196,CRC,Colorectal (CRC)
1667.28,x_1667.28,0.319115819112847,0.741481298079169,0.5099955199014516,0.450609638843969,6.318948646000999e-33,3.061252323321728e-32,-1.2163276024938616,-0.422365478966322,31.514100872261537,CRC,Colorectal (CRC)
1669.2,x_1669.20,0.32177851413038194,0.7302182113208623,0.502985002145635,0.4366163165324243,7.009814180998753e-32,3.0065028712081806e-31,-1.182257144297919,-0.40843969719048034,30.52193837706735,CRC,Colorectal (CRC)
1671.12,x_1671.12,0.3165932494991646,0.739109620052834,0.4947265369682522,0.43425981788709184,3.7697288852547544e-33,1.864918787149839e-32,-1.2231552524232492,-0.42251637055366936,31.729340075952152,CRC,Colorectal (CRC)
1673.04,x_1673.04,0.31269079500720603,0.7545728199814692,0.48940711624878275,0.4370031190100046,6.221342298406783e-35,3.568684079147449e-34,-1.2709206829333555,-0.44188202497426315,33.44749189663828,CRC,Colorectal (CRC)
1674.97,x_1674.97,0.3198453497091187,0.7616502881450419,0.48940368468090384,0.4337876608228346,1.030702607968336e-34,5.805463484640928e-34,-1.2517516118493661,-0.44180493843592317,33.2361631022326,CRC,Colorectal (CRC)
1676.89,x_1676.89,0.31901324835823447,0.7479068810215724,0.4878818279488274,0.42221798157100077,1.3207699263832775e-33,6.898993749543936e-33,-1.2292397243836397,-0.42889363266333796,32.16121424852199,CRC,Colorectal (CRC)
1678.81,x_1678.81,0.3102259145190682,0.73491977673105,0.4824683160817571,0.4156279918599327,2.8511278075839904e-33,1.4332282258553933e-32,-1.2442648816891406,-0.4246938622119818,31.84368464746899,CRC,Colorectal (CRC)
1680.74,x_1680.74,0.29750553573258276,0.7204228018840813,0.4728809367852933,0.4123511189933281,3.601453882433178e-33,1.791148606422884e-32,-1.2759244844147548,-0.4229172661514985,31.74686838049823,CRC,Colorectal (CRC)
1682.66,x_1682.66,0.2817990920300232,0.707805732644185,0.45834106044774403,0.41428529484851523,1.7758106614352794e-33,9.119513064241842e-33,-1.3286834019145237,-0.4260066406141618,32.04002835017581,CRC,Colorectal (CRC)
1684.58,x_1684.58,0.2675503219227774,0.713301206511972,0.44624573439752474,0.4226629790900249,2.885719680337749e-35,1.7185655421119715e-34,-1.414697779313926,-0.44575088458919465,33.764833900224595,CRC,Colorectal (CRC)
1686.51,x_1686.51,0.2568988325316098,0.7086487215801562,0.43898928023256295,0.42406118563965806,1.868484547668993e-36,1.1884578585513661e-35,-1.463866744248299,-0.45174988904854646,34.9250162132821,CRC,Colorectal (CRC)
1688.43,x_1688.43,0.24600195845960665,0.7046433057676699,0.43045896903899156,0.4214195020584408,2.818526442113975e-38,1.9096537850554834e-37,-1.5182195240252352,-0.4586413473080632,36.71904536200305,CRC,Colorectal (CRC)
1690.35,x_1690.35,0.23347380133053425,0.7144729796059983,0.4220246026643133,0.4241442174431812,2.1590962299789763e-41,1.654717192647822e-40,-1.613614620931516,-0.48099917827546407,39.781276220720656,CRC,Colorectal (CRC)
1692.27,x_1692.27,0.21833642708642093,0.7259811795966171,0.4160574937226547,0.4357557776784656,4.831399143291269e-44,4.033355534801194e-43,-1.733374679151503,-0.5076447525101961,42.39433349383748,CRC,Colorectal (CRC)
1694.2,x_1694.20,0.2131059357947651,0.7339742530008966,0.41268352546962855,0.4424106415804616,3.798001286425061e-45,3.3501237762334265e-44,-1.7841538734647437,-0.5208683172061315,43.47493914689088,CRC,Colorectal (CRC)
1696.12,x_1696.12,0.20273290781383133,0.7389301256757901,0.4068864454817944,0.45090410535423875,1.1194329701226674e-46,1.057242249560297e-45,-1.8658524960848808,-0.5361972178619587,44.97582548989876,CRC,Colorectal (CRC)
1698.04,x_1698.04,0.18814748616000718,0.7452746732324235,0.4002888911020751,0.4630795695388945,3.448405921752023e-48,3.7932465139272255e-47,-1.985902487435729,-0.5571271870724163,46.42098893263086,CRC,Colorectal (CRC)
1699.97,x_1699.97,0.17341990285626413,0.738873701636549,0.3920778789408059,0.47400302544819495,3.534360944358843e-48,3.842590096483161e-47,-2.0910519322134697,-0.5654537987802848,46.41537594088827,CRC,Colorectal (CRC)
1701.89,x_1701.89,0.1524770600148141,0.7203031107089809,0.3825369668581291,0.48854569275411824,1.2209446703351296e-47,1.2144502837907939e-46,-2.240004468636579,-0.5678260506941668,45.9156202593004,CRC,Colorectal (CRC)
1703.81,x_1703.81,0.13604336843447512,0.7133266289578936,0.37870646457270885,0.5021080018214504,6.948272751164038e-48,7.299589912739747e-47,-2.3904876164520155,-0.5772832605234184,46.13670153763802,CRC,Colorectal (CRC)
1705.73,x_1705.73,0.11914533454740453,0.7068448695241605,0.37704625480910753,0.5157080162851452,2.268082542657348e-48,2.55500864745135e-47,-2.568661095374369,-0.587699534976756,46.59260762565293,CRC,Colorectal (CRC)
1707.66,x_1707.66,0.10140902032938512,0.7027458663804449,0.38281410870421584,0.5304044745609192,1.7939980321679568e-48,2.0455953171671215e-47,-2.7928049033398503,-0.6013368460510597,46.68918027917942,CRC,Colorectal (CRC)
1709.58,x_1709.58,0.08501905899422495,0.7000755094480139,0.39561964094798757,0.5467679380620597,8.149487854397784e-48,8.373374883364756e-47,-3.041637433715214,-0.615056450453789,46.077099464610164,CRC,Colorectal (CRC)
1711.5,x_1711.50,0.07448450061906735,0.7051708515164635,0.4136970142739126,0.5667210043064169,5.779578609473224e-47,5.5141897957729226e-46,-3.242943365111199,-0.6306863508973962,45.25851828976483,CRC,Colorectal (CRC)
1713.43,x_1713.43,0.07579114270072611,0.7236924528889087,0.432828180604486,0.5907438432119658,2.7875926339426002e-46,2.5805931809270607e-45,-3.25525852145134,-0.6479013101881826,44.58828045465959,CRC,Colorectal (CRC)
1715.35,x_1715.35,0.07811444489586523,0.751469174285154,0.44935975234882425,0.6164843680083474,3.929596249167359e-46,3.5671577601664864e-45,-3.266036115287358,-0.6733547293892888,44.44767768324513,CRC,Colorectal (CRC)
1717.27,x_1717.27,0.0743585484050949,0.77817098599439,0.4632703350684272,0.644140095708085,3.299981647147283e-46,3.024983176551676e-45,-3.3874991308408453,-0.7038124375892951,44.51927703633419,CRC,Colorectal (CRC)
1719.19,x_1719.19,0.06826830511928887,0.787999808740419,0.47018087694741967,0.6743362312022457,1.5708473362310472e-45,1.3988021517866944e-44,-3.52888813778768,-0.7197315036211301,43.85424370828417,CRC,Colorectal (CRC)
1721.12,x_1721.12,0.05244715895323134,0.7781132289541243,0.47500742635399196,0.7014159739830478,2.844863239535429e-44,2.4181337536051145e-43,-3.8910179246943115,-0.7256660700008929,42.61651968079283,CRC,Colorectal (CRC)
1723.04,x_1723.04,0.0343667152462338,0.7431288315542581,0.46921089025523366,0.7191847958212301,1.5693876495372373e-41,1.2228145435977642e-40,-4.434488434610526,-0.7087621163080243,39.91263940461499,CRC,Colorectal (CRC)
1724.96,x_1724.96,-0.0014293413486722425,0.67350577721232,0.4475758721408069,0.7243858303382409,5.959064997111941e-39,4.1580043076863167e-38,NA,-0.6749351185609922,37.381115065075875,CRC,Colorectal (CRC)
1726.89,x_1726.89,-0.05290914727590278,0.5668209168247809,0.41933616094237014,0.7140941510662653,1.5451389489534906e-35,9.50463761362838e-35,NA,-0.6197300641006837,34.02206443696811,CRC,Colorectal (CRC)
1728.81,x_1728.81,-0.11655188264167858,0.4334831563720675,0.3854695730369651,0.685155756677758,1.2775621542935563e-31,5.405070652780431e-31,NA,-0.5500350390137461,30.267198624761157,CRC,Colorectal (CRC)
1730.73,x_1730.73,-0.17751083596388026,0.29622735895054186,0.341207293504639,0.6426961866047805,9.803583019902504e-28,3.182760459586403e-27,NA,-0.47373819491442215,26.497196045951572,CRC,Colorectal (CRC)
1732.66,x_1732.66,-0.23137012442898994,0.15153380141132133,0.2926877563302808,0.5883176251407057,5.539002525234442e-22,1.263162770998586e-21,NA,-0.3829039258403113,20.898540682705384,CRC,Colorectal (CRC)
1734.58,x_1734.58,-0.2860562488671565,0.019753757937638505,0.24531567053476666,0.5198327523543422,4.3715846155334765e-18,8.569039026255347e-18,NA,-0.30581000680479503,17.067067879243112,CRC,Colorectal (CRC)
1736.5,x_1736.50,-0.34458739466748756,-0.08224386114499857,0.208264905749163,0.44979996677705936,7.314199491375267e-18,1.4277195249344206e-17,2.066903380240312,-0.26234353352248896,16.845357101199312,CRC,Colorectal (CRC)
1738.42,x_1738.42,-0.39443634348636636,-0.17446502838359992,0.18217919269548083,0.3828174685201549,1.6074190487436367e-17,3.098838784691341e-17,1.1768592235090984,-0.21997131510276643,16.5088010170941,CRC,Colorectal (CRC)
1740.35,x_1740.35,-0.4345477829737417,-0.2513311011089274,0.16258777204639904,0.3247854772414636,1.843861835990251e-16,3.427456891950069e-16,0.7899280356948735,-0.18321668186481427,15.465027998742956,CRC,Colorectal (CRC)
1742.27,x_1742.27,-0.4574211600258705,-0.31930682245006453,0.1478784347872251,0.27464248496106564,8.482693210429582e-13,1.398821543518811e-12,0.5185810912354567,-0.138114337575806,11.854237687658696,CRC,Colorectal (CRC)
1744.19,x_1744.19,-0.4720785869846767,-0.379583138466291,0.13587370914947688,0.23472804368686087,2.1149177615772874e-7,3.0052402843081514e-7,0.31461188234634263,-0.0924954485183857,6.5221207982112634,CRC,Colorectal (CRC)
1746.12,x_1746.12,-0.4924168928976288,-0.43271477306000194,0.13484962085382002,0.20756921712773954,8.717787070387792e-4,0.0010517588272016241,0.18646428432575182,-0.059702119837626855,2.978083834348885,CRC,Colorectal (CRC)
1748.04,x_1748.04,-0.5101530385672101,-0.47206807699696307,0.13664462117362053,0.19768372845212787,0.05379624225375053,0.05952601953521509,0.11193540208256858,-0.03808496157024699,1.2252931574564527,CRC,Colorectal (CRC)
1749.96,x_1749.96,-0.5105731651260218,-0.5035539281997872,0.13765219838657933,0.19450561035302388,0.8228433292546355,0.8290501216089269,0.019971461285665546,-0.007019236926234629,0.08141921265820488,CRC,Colorectal (CRC)
1751.88,x_1751.88,-0.5069100901745368,-0.5334324427093721,0.14150691951057826,0.19114475713159848,0.01878405427587918,0.021262821728749434,-0.07357583058777116,0.02652235253483526,1.6723791019995533,CRC,Colorectal (CRC)
1753.81,x_1753.81,-0.5112060595789153,-0.5468651290269111,0.1422225175422825,0.19572358852775254,0.005029645917106729,0.005863739317325176,-0.09728031792591489,0.035659069447995795,2.231825345250235,CRC,Colorectal (CRC)
1755.73,x_1755.73,-0.5128050742276506,-0.5518973489598662,0.13897197376136064,0.2013813662942794,0.001987950045872589,0.0023587985950391764,-0.1059896172787176,0.03909227473221555,2.6273091395710644,CRC,Colorectal (CRC)
1757.65,x_1757.65,-0.5164175653347964,-0.5613394989508134,0.14057471930999293,0.1964165769689923,3.4674963788395755e-4,4.265933045019741e-4,-0.1203357293871331,0.04492193361601693,3.3699859652031994,CRC,Colorectal (CRC)
1759.58,x_1759.58,-0.5188942680488686,-0.5695140958135249,0.1433019506835483,0.1897368055399789,1.1093075921742962e-4,1.379258774844371e-4,-0.13429119778671325,0.05061982776465623,3.8603542443799252,CRC,Colorectal (CRC)
1761.5,x_1761.50,-0.5238618027664315,-0.5815727278803937,0.14135246095261858,0.1785921582386647,5.406606110887777e-6,7.22168101954296e-6,-0.1507736186168077,0.05771092511396225,5.141361698201042,CRC,Colorectal (CRC)
1763.42,x_1763.42,-0.5390801814104863,-0.5817726212140245,0.1365121769108397,0.16849269136890213,4.0233813648979323e-4,4.92390258662247e-4,-0.10995572807630594,0.04269243980353821,3.3076905476397482,CRC,Colorectal (CRC)
1765.34,x_1765.34,-0.555307062548869,-0.5995543456753268,0.1424615929368028,0.16266244220472234,3.472082177817369e-5,4.434968355545409e-5,-0.11060497751817705,0.04424728312645787,4.353109474605883,CRC,Colorectal (CRC)
1767.27,x_1767.27,-0.5610089812675116,-0.638127819501993,0.1518081154707587,0.16409303605851014,1.1495616325593889e-11,1.8468043409674032e-11,-0.1858218738715293,0.0771188382344814,10.733579113297866,CRC,Colorectal (CRC)
1769.19,x_1769.19,-0.5564125567939482,-0.6678770190348893,0.166008046759249,0.17169437970838272,3.5944341988523764e-18,7.06049574774574e-18,-0.2634279279976637,0.11146446224094109,17.15116480419584,CRC,Colorectal (CRC)
1771.11,x_1771.11,-0.5495797269601658,-0.688465964600367,0.17696074525269712,0.18357433006893925,5.544234712557347e-23,1.3123694825926884e-22,-0.3250570771604319,0.13888623764020125,21.881943877109286,CRC,Colorectal (CRC)
1773.04,x_1773.04,-0.5439065957702258,-0.6948096235359654,0.1798268642830051,0.18840684450794715,1.2038925802983604e-25,3.4635063463968214e-25,-0.3532593914897943,0.1509030277657396,24.460484012241782,CRC,Colorectal (CRC)
1774.96,x_1774.96,-0.5342846465903613,-0.6990912024697516,0.1741444478470769,0.189735292270113,4.507459907272884e-29,1.590367929547225e-28,-0.38787275652538716,0.1648065558793903,27.79850239059333,CRC,Colorectal (CRC)
1776.88,x_1776.88,-0.5382660268663806,-0.6985257868345248,0.16417330890614212,0.18030696568826102,3.572870227692187e-29,1.2702029136472223e-28,-0.3759946189225882,0.16025975996814423,27.896126895392047,CRC,Colorectal (CRC)
1778.81,x_1778.81,-0.5437472618020225,-0.688991626361559,0.1500574964765565,0.1647049741059344,7.030919206197256e-29,2.4347812806646054e-28,-0.3415507778553648,0.1452443645595365,27.613540045893615,CRC,Colorectal (CRC)
1780.73,x_1780.73,-0.5559675303412245,-0.6782951796016787,0.14646426485156544,0.15695731163623922,2.893096096849001e-24,7.451914188853486e-24,-0.28691307909882835,0.12232764926045425,23.127732154785186,CRC,Colorectal (CRC)
1782.65,x_1782.65,-0.5687090991113358,-0.6667765024546656,0.15298856342823103,0.15415145325007917,1.3358982649082131e-18,2.663251338356459e-18,-0.2295127500106514,0.09806740334332975,17.574587846061803,CRC,Colorectal (CRC)
1784.57,x_1784.57,-0.5714439825943887,-0.6724629655343676,0.1531817379575246,0.15765886192147333,1.1337150623705658e-19,2.3714174123411167e-19,-0.2348431146325817,0.10101898293997891,18.624991995612188,CRC,Colorectal (CRC)
1786.5,x_1786.50,-0.5712445296520199,-0.6893355349815752,0.14811744600711557,0.15441483864929467,2.311346692126735e-23,5.61327053802207e-23,-0.27109837554934796,0.1180910053295553,22.250784025954438,CRC,Colorectal (CRC)
1788.42,x_1788.42,-0.564292647651416,-0.687875846153923,0.14561894574541637,0.1542269026893988,1.6931350111764812e-24,4.471980891101723e-24,-0.28570510516385833,0.1235831985025071,23.349500060870024,CRC,Colorectal (CRC)
1790.34,x_1790.34,-0.5554693826501166,-0.6833876685185495,0.14756657428201114,0.15764175402016045,1.252929531203489e-25,3.571613145351409e-25,-0.2989973084839647,0.1279182858684329,24.447135587280044,CRC,Colorectal (CRC)
1792.27,x_1792.27,-0.5526066198332447,-0.677369891850029,0.15152783400494962,0.1592283695168019,1.3052375699065507e-24,3.4670372950642754e-24,-0.29369149861813576,0.12476327201678439,23.460041486594683,CRC,Colorectal (CRC)
1794.19,x_1794.19,-0.5499680533180231,-0.6776529265059983,0.15590909371997258,0.1614014898890919,8.7071422596104e-24,2.1767855649026002e-23,-0.30119923424787154,0.12768487318797517,22.662184351191517,CRC,Colorectal (CRC)
1796.11,x_1796.11,-0.555662008035994,-0.6791053548442108,0.15352055165400508,0.1595318833509418,3.1316051995534465e-23,7.566022898145924e-23,-0.2894282770865777,0.12344334680821678,22.12113234867328,CRC,Colorectal (CRC)
1798.03,x_1798.03,-0.5637895949200787,-0.6850040060003627,0.14898188729515455,0.15043445996117977,4.461932505311213e-25,1.2270314389605837e-24,-0.28095602565657846,0.12121441108028397,23.911144309651007,CRC,Colorectal (CRC)
1799.96,x_1799.96,-0.5707525808594136,-0.7093979938295172,0.15154523371927844,0.13409684183912104,1.6213188097425208e-32,7.617754206579181e-32,-0.31373026624976597,0.13864541297010358,31.118173044335673,CRC,Colorectal (CRC)
1801.88,x_1801.88,-0.569732572585598,-0.7315331592202601,0.160607736083751,0.13290853613999745,4.5468705373404405e-39,3.2206999639494785e-38,-0.36063893106006156,0.16180058663466212,37.49204973158217,CRC,Colorectal (CRC)
1803.8,x_1803.80,-0.5739993100276941,-0.7441575065304004,0.15674098067743517,0.1388932893270742,1.2428751554628063e-40,9.222922780616857e-40,-0.3745595828988925,0.17015819650270625,39.035131427499316,CRC,Colorectal (CRC)
1805.73,x_1805.73,-0.5881966254566838,-0.7530265377054755,0.1541619333510319,0.1426781577761531,3.6038539516014815e-38,2.4241751401060323e-37,-0.35640273789813903,0.16482991224879162,36.615436006768995,CRC,Colorectal (CRC)
1807.65,x_1807.65,-0.5950417057633881,-0.7518131008784024,0.15107340608859618,0.1442073469290286,1.7494897533568235e-34,9.622193643462529e-34,-0.33738377242303247,0.15677139511501426,33.0167259073128,CRC,Colorectal (CRC)
1809.57,x_1809.57,-0.5941598541204935,-0.7419277071024836,0.14386255962918457,0.14984305690803607,6.409632517808804e-32,2.7617541032954986e-31,-0.32042797293158304,0.14776785298199002,30.55881499206293,CRC,Colorectal (CRC)
1811.49,x_1811.49,-0.5925911944143084,-0.7284562968298276,0.1403110469268715,0.15374224969334285,1.0640995555084313e-29,3.917059387403084e-29,-0.2978056868005289,0.1358651024155192,28.407039843967596,CRC,Colorectal (CRC)
1813.42,x_1813.42,-0.5851953264252693,-0.7182835237775511,0.14145523948975405,0.15508291384768283,7.475871115260309e-29,2.5698306958707313e-28,-0.29563563202707654,0.13308819735228183,27.59009548766914,CRC,Colorectal (CRC)
1815.34,x_1815.34,-0.5891071508758544,-0.7064770568159304,0.13961698228063343,0.15558974855507887,1.0594759835885178e-24,2.8384241967199546e-24,-0.2621130506983949,0.11736990594007601,23.54692269960162,CRC,Colorectal (CRC)
1817.26,x_1817.26,-0.5966910363119488,-0.7036650908232945,0.1416383217986444,0.15643196376754132,7.837541656127044e-22,1.761562848192016e-21,-0.23790520511918017,0.10697405451134578,20.754101857656693,CRC,Colorectal (CRC)
1819.19,x_1819.19,-0.5981299039480894,-0.7086548992970927,0.14202523618565674,0.15154912677023058,4.168499645152841e-23,9.968151325365489e-23,-0.24462476313909673,0.11052499534900329,22.00138537765999,CRC,Colorectal (CRC)
1821.11,x_1821.11,-0.5944869797490566,-0.7077154745030722,0.14231343317259937,0.1530002757902014,2.2918993115147897e-23,5.580536084026897e-23,-0.25152464015460796,0.11322849475401553,22.25332407935064,CRC,Colorectal (CRC)
1823.03,x_1823.03,-0.599859659065769,-0.7100220262868255,0.14646560974423298,0.14998984618003436,6.18551277950673e-22,1.403751079815241e-21,-0.24323914108295297,0.11016236722105655,20.8527098966556,CRC,Colorectal (CRC)
1824.96,x_1824.96,-0.6106121649730324,-0.7217380762257247,0.15643550698613934,0.14906439631635274,1.6081715636596973e-21,3.580096219099564e-21,-0.24121939975359774,0.11112591125269233,20.446105301048178,CRC,Colorectal (CRC)
1826.88,x_1826.88,-0.6097568000681339,-0.7318156771509068,0.15519138507516395,0.1499371255071753,2.066052469102568e-24,5.4262894904800585e-24,-0.2632467742440766,0.12205887708277285,23.265497040510965,CRC,Colorectal (CRC)
1828.8,x_1828.80,-0.6105771695486559,-0.7329231475752135,0.15139453245744605,0.14836526231366345,1.3751819638252028e-25,3.8963488975047415e-25,-0.2634886775557978,0.12234597802655756,24.40934216127064,CRC,Colorectal (CRC)
1830.72,x_1830.72,-0.6076559887104274,-0.7390264639334991,0.15060288543519693,0.14790935752864104,9.87299520219066e-29,3.3690695306745504e-28,-0.2823716448738784,0.13137047522307177,27.472490025980388,CRC,Colorectal (CRC)
1832.65,x_1832.65,-0.6096187254593904,-0.7509390129765814,0.14245953004288622,0.1503328987173053,1.9639092090342364e-31,8.125022612597394e-31,-0.30078897201911026,0.14132028751719095,30.090175421670615,CRC,Colorectal (CRC)
1834.57,x_1834.57,-0.6095131965251254,-0.7535818208475277,0.14119500212216088,0.14842082805497958,6.221138359752377e-32,2.69294646591133e-31,-0.30610715792998805,0.1440686243224023,30.5697722800049,CRC,Colorectal (CRC)
1836.49,x_1836.49,-0.6014211919170078,-0.7454931442974632,0.14076117949047762,0.14857290616151267,4.4558158887240986e-32,1.974496614197646e-31,-0.30981984466311785,0.14407195238045534,30.7045436066408,CRC,Colorectal (CRC)
1838.42,x_1838.42,-0.5876379160158766,-0.7388433078522315,0.14013450415212073,0.152680812161697,9.185266670805151e-34,4.879672918865236e-33,-0.33034145032890955,0.15120539183635495,32.31160928748348,CRC,Colorectal (CRC)
1840.34,x_1840.34,-0.5813605337885366,-0.7410045279049464,0.14118775673892572,0.1534193830323732,3.5563388026177174e-36,2.2467410678699768e-35,-0.3500497567031667,0.15964399411640984,34.64844697621237,CRC,Colorectal (CRC)
1842.26,x_1842.26,-0.5778940492059257,-0.7330068821058062,0.14193999715610256,0.1524019031198737,5.127385250913853e-36,3.217520274902317e-35,-0.34302225796856217,0.15511283289988054,34.492478707749,CRC,Colorectal (CRC)
1844.18,x_1844.18,-0.5770564343630579,-0.7301418201232258,0.1413724829858586,0.15090930431344238,1.9780770161776952e-35,1.1932271033071903e-34,-0.3394648223401177,0.15308538576016795,33.92327689050686,CRC,Colorectal (CRC)
1846.11,x_1846.11,-0.5812944456177006,-0.7268239429148736,0.14326078271790513,0.1532909596230094,2.533365309911815e-32,1.161125767042915e-31,-0.32233731891226397,0.14552949729717302,30.935120737217012,CRC,Colorectal (CRC)
1848.03,x_1848.03,-0.5902063749426941,-0.7197642845368393,0.14603118472441745,0.15485246697619132,5.2610435952411954e-27,1.6396919205168393e-26,-0.28630545227546467,0.12955790959414515,25.785237743286586,CRC,Colorectal (CRC)
1849.95,x_1849.95,-0.5954175649071978,-0.717592259850409,0.1488837811269838,0.1545202144690041,7.575139558737868e-25,2.0589405486685775e-24,-0.2692629596396607,0.1221746949432112,23.6863561933324,CRC,Colorectal (CRC)
1851.88,x_1851.88,-0.6009288907373473,-0.7138089779738039,0.14844050161809097,0.15183147054596347,9.622271139621708e-23,2.2548429863524554e-22,-0.24834414303681918,0.1128800872364566,21.646883694377966,CRC,Colorectal (CRC)
1853.8,x_1853.80,-0.595976813114353,-0.7121731687817575,0.14939678146447266,0.15032089739534546,2.1785714466741155e-23,5.318444654413311e-23,-0.2569722752164945,0.1161963556674045,22.274215355818818,CRC,Colorectal (CRC)
1855.72,x_1855.72,-0.5834510222560146,-0.7138150369740769,0.15111835397455237,0.14736367055758173,6.789220866130621e-27,2.0950236006046635e-26,-0.2909391904878548,0.13036401471806225,25.678811080308833,CRC,Colorectal (CRC)
1857.64,x_1857.64,-0.5741342748803725,-0.7143331634062311,0.1522826112838421,0.1464545242693384,9.374527075023381e-29,3.2106896758779712e-28,-0.31520940944693393,0.1401988885258586,27.493401668449902,CRC,Colorectal (CRC)
1859.57,x_1859.57,-0.5801858284745269,-0.7231782899835052,0.15354190130796078,0.14766140440232453,2.036294538198431e-30,7.771164870267481e-30,-0.31783680303317313,0.14299246150897826,29.109513877104963,CRC,Colorectal (CRC)
1861.49,x_1861.49,-0.5905255589750728,-0.7240494940950277,0.15142542952751992,0.14986965806935684,3.286641138163524e-27,1.0416981234518287e-26,-0.2940892666749269,0.13352393511995497,25.982258118189705,CRC,Colorectal (CRC)
1863.41,x_1863.41,-0.5939527116860506,-0.7259215404907934,0.15067688972986007,0.15196088083951825,3.2418999058744567e-26,9.592330417698154e-26,-0.2894659943833114,0.1319688288047428,25.018075869930943,CRC,Colorectal (CRC)
1865.34,x_1865.34,-0.597326864372359,-0.7278269334900254,0.14746036393673814,0.15136028872944263,1.4122333054943487e-25,3.977223315172337e-25,-0.28507526518537324,0.13050006911766632,24.400420023340335,CRC,Colorectal (CRC)
1867.26,x_1867.26,-0.5878275559597309,-0.7149926563296712,0.14857603364129257,0.14908069878736308,2.8881674643113275e-25,7.98945733470737e-25,-0.28253586990103147,0.12716510036994033,24.097482718126034,CRC,Colorectal (CRC)
1869.18,x_1869.18,-0.5845497605525378,-0.6979741511736246,0.14233470073597215,0.14707419374485586,1.381544220168421e-22,3.213293148899188e-22,-0.2558481683587967,0.11342439062108678,21.49304965193316,CRC,Colorectal (CRC)
1871.1,x_1871.10,-0.5795427104024942,-0.6816381692749326,0.13649475405404318,0.14557583250465367,1.5016586326797105e-20,3.2129309417746667e-20,-0.23409150933674155,0.10209545887243843,19.493098609004505,CRC,Colorectal (CRC)
1873.03,x_1873.03,-0.5687494887749265,-0.6671313804376113,0.13421388596293957,0.14363123485184234,4.1180291551992087e-20,8.730968843789707e-20,-0.23017793485324728,0.09838189166268485,19.058937561544656,CRC,Colorectal (CRC)
1874.95,x_1874.95,-0.5563907288021627,-0.654557939303867,0.13158593746034103,0.1461503422730521,6.5628626677259965e-19,1.3253297179965023e-18,-0.23442290899477894,0.0981672105017043,17.87767606369482,CRC,Colorectal (CRC)
1876.87,x_1876.87,-0.5519387864345665,-0.6318183148989203,0.13410009453196273,0.15179804493242852,1.1691965686571583e-14,2.051029627944546e-14,-0.19500181672391922,0.07987952846435376,13.688028066028567,CRC,Colorectal (CRC)
1878.8,x_1878.80,-0.5538847033593162,-0.6226003215926803,0.13699572325693435,0.1594668795278962,2.513491729181074e-11,3.9967938210617417e-11,-0.1687209133563525,0.06871561823336414,10.3982882547133,CRC,Colorectal (CRC)
1880.72,x_1880.72,-0.5558621217680354,-0.6327819275695841,0.13840230810444795,0.15383502624235346,4.012935117851829e-14,6.935479362645952e-14,-0.18698163655878783,0.07691980580154867,13.158923516226283,CRC,Colorectal (CRC)
1882.64,x_1882.64,-0.5531942712959246,-0.6415399157284515,0.13704976781929462,0.1513863561156644,1.1463786371808935e-17,2.2237842858177085e-17,-0.2137531732642469,0.0883456444325269,16.652907342999463,CRC,Colorectal (CRC)
1884.57,x_1884.57,-0.5570505807961791,-0.6603163901263953,0.1375318687726456,0.14659977605139787,6.529186421930603e-21,1.423027809907952e-20,-0.24534952967405632,0.10326580933021623,19.846786612514766,CRC,Colorectal (CRC)
1886.49,x_1886.49,-0.5565668676666133,-0.6734299710531143,0.14474105410693108,0.14456749178660516,8.22971032419367e-25,2.2303707690206033e-24,-0.27497335184431476,0.11686310338650097,23.651622935357658,CRC,Colorectal (CRC)
1888.41,x_1888.41,-0.5637888223171642,-0.6947265529209379,0.1546105975096314,0.15270678580598684,2.825661347240797e-27,8.98637197166716e-27,-0.3012908461556537,0.13093773060377367,26.04641560867878,CRC,Colorectal (CRC)
1890.33,x_1890.33,-0.5767856727290853,-0.7117762162360347,0.15777984262554987,0.16537586227366627,3.141616555632956e-26,9.325115807989886e-26,-0.30338887216294685,0.1349905435069494,25.030345766011642,CRC,Colorectal (CRC)
1892.26,x_1892.26,-0.5802367261558263,-0.7171825375252527,0.1541053239844072,0.17008911659017584,5.309226965908879e-27,1.6492116987125587e-26,-0.30569922164859337,0.1369458113694264,25.78272359318411,CRC,Colorectal (CRC)
1894.18,x_1894.18,-0.5801446553528646,-0.7202680191362153,0.15012007413167475,0.17107614940362786,1.7738688190171246e-26,5.384958914873414e-26,-0.3121216600490243,0.14012336378335066,25.268817605850092,CRC,Colorectal (CRC)
1896.1,x_1896.10,-0.58111576307366,-0.7035259252720653,0.14851880705827541,0.1668250926286527,3.9418621386065915e-22,9.033434067640105e-22,-0.2757784313585789,0.12241016219840528,21.04414712088109,CRC,Colorectal (CRC)
1898.03,x_1898.03,-0.5747459460832447,-0.6908921332208487,0.1525426309101606,0.1610608331831888,5.9809744989653104e-21,1.3065913917132163e-20,-0.2655365217494938,0.11614618713760405,19.88386020742262,CRC,Colorectal (CRC)
1899.95,x_1899.95,-0.5596292909410302,-0.6886675575087817,0.15614678315132652,0.16247123528062596,3.046614292118384e-24,7.783017385602976e-24,-0.2993367226503903,0.12903826656775153,23.108851999428783,CRC,Colorectal (CRC)
1901.87,x_1901.87,-0.5497018117611778,-0.6701707448413683,0.15166281143462196,0.1543323742197404,2.8559295960871572e-24,7.376503238512409e-24,-0.28587994694891267,0.12046893308019047,23.132149462581626,CRC,Colorectal (CRC)
1903.79,x_1903.79,-0.5444719328766898,-0.6550241378684325,0.14664175902555002,0.15193608376511958,3.1056902745152535e-22,7.152267011506802e-22,-0.2666908376522157,0.11055220499174268,21.14555628064119,CRC,Colorectal (CRC)
1905.72,x_1905.72,-0.5352007776636023,-0.6323880770048155,0.13947054868541364,0.15394077106051493,3.060881011417601e-19,6.303796796641976e-19,-0.2407303695021902,0.09718729934121317,18.200397794807756,CRC,Colorectal (CRC)
1907.64,x_1907.64,-0.5286696893293398,-0.6168752625157955,0.13635570829441113,0.15468837081634454,9.69843567783279e-16,1.7472133639255602e-15,-0.22261256989724407,0.08820557318645572,14.757654057170795,CRC,Colorectal (CRC)
1909.56,x_1909.56,-0.5332612655803919,-0.6187875924726748,0.13489993421208576,0.16076796415963715,1.0035161154875116e-13,1.7090848232801882e-13,-0.21460210402426833,0.0855263268922829,12.76723638235337,CRC,Colorectal (CRC)
1911.49,x_1911.49,-0.5327297454435842,-0.6159373494925562,0.12864013715914532,0.1632189056577942,7.596653022059692e-13,1.2549241299692248e-12,-0.2093801421485046,0.08320760404897198,11.901382529905437,CRC,Colorectal (CRC)
1913.41,x_1913.41,-0.5372668381302969,-0.6111107523673394,0.12449388031713238,0.16516980397578243,2.1282787275823407e-11,3.401607880836733e-11,-0.18579539671544362,0.07384391423704251,10.46831575098325,CRC,Colorectal (CRC)
1915.33,x_1915.33,-0.5434010326227356,-0.6122269596787886,0.13254528826201553,0.16350336817549233,7.185322444837359e-11,1.1272275983092165e-10,-0.17204956731922028,0.06882592705605295,9.947988386784191,CRC,Colorectal (CRC)
1917.25,x_1917.25,-0.5406079957517921,-0.6228505502968148,0.13855875459787553,0.16144668601792372,1.165065204903708e-13,1.9806108483363036e-13,-0.2043035401697548,0.08224255454502272,12.703200846532287,CRC,Colorectal (CRC)
1919.18,x_1919.18,-0.5305569681637241,-0.6313761653182035,0.13590518130424353,0.1607655751918092,3.3878631574885758e-18,6.6828102368181824e-18,-0.2509925658457079,0.1008191971544794,17.175040870804004,CRC,Colorectal (CRC)
1921.1,x_1921.10,-0.5266619331133183,-0.6266154461172279,0.1393450037259087,0.16104528705605206,9.552835941566191e-18,1.8608128344509144e-17,-0.2507035837314796,0.09995351300390953,16.73029730717711,CRC,Colorectal (CRC)
1923.02,x_1923.02,-0.5197424229714954,-0.6149653796284131,0.13667849155654913,0.16576517623574408,2.4914345602428127e-16,4.567630027111823e-16,-0.24270880292295083,0.09522295665691771,15.340309080701559,CRC,Colorectal (CRC)
1924.95,x_1924.95,-0.5080167201031006,-0.6012035900541448,0.13295899731726205,0.16730364309606777,7.121305865715498e-16,1.2903916636519363e-15,-0.2429780839468688,0.0931868699510442,14.88927845129304,CRC,Colorectal (CRC)
1926.87,x_1926.87,-0.4946576270549608,-0.5996112133459275,0.13237802220510883,0.16216442588193283,1.0824198733662827e-19,2.269198613447252e-19,-0.27759755205902803,0.10495358629096668,18.64412749047504,CRC,Colorectal (CRC)
1928.79,x_1928.79,-0.48793112712992787,-0.6134572427853411,0.1382880974766041,0.15644407942712524,4.002480077940853e-26,1.1731407124999052e-25,-0.3302858766997687,0.12552611565541322,24.93064989325776,CRC,Colorectal (CRC)
1930.72,x_1930.72,-0.49338874448010284,-0.6249649431505176,0.14090725299030743,0.15383661738263357,2.06831672434261e-27,6.622863483768289e-27,-0.3410510766973889,0.1315761986704148,26.17895419691705,CRC,Colorectal (CRC)
1932.64,x_1932.64,-0.5052071993605637,-0.6380845661557788,0.1355941526683089,0.15429209379896736,2.1320911459151955e-28,7.145180005127985e-28,-0.33687303540860325,0.1328773667952151,27.145986825760474,CRC,Colorectal (CRC)
1934.56,x_1934.56,-0.5093701495096565,-0.6560095371838885,0.12811925168772817,0.15335160855811777,1.455368485021391e-33,7.559830741638891e-33,-0.3650030060728277,0.146639387674232,32.121487927884395,CRC,Colorectal (CRC)
1936.48,x_1936.48,-0.5076620991911985,-0.6622309442087196,0.1236846358349343,0.14812581689037171,4.944497348891832e-38,3.3022178722956167e-37,-0.3834665327280937,0.1545688450175211,36.48119427643535,CRC,Colorectal (CRC)
1938.41,x_1938.41,-0.5073289414567733,-0.6531057720512348,0.12890032437319618,0.14812162465114354,1.9677163194688793e-35,1.1932271033071903e-34,-0.3643958295091472,0.14577683059446145,33.92327689050686,CRC,Colorectal (CRC)
1940.33,x_1940.33,-0.5063700324208847,-0.6439668092771801,0.13676650237796906,0.1489983370691271,2.7055990679304633e-31,1.0951234322575684e-30,-0.3467949141243156,0.13759677685629534,29.960536928378882,CRC,Colorectal (CRC)
1942.25,x_1942.25,-0.5051071166237188,-0.6306250915685664,0.1432326953784386,0.15112997066306535,1.2418641403437054e-25,3.550895936456772e-25,-0.3201937736702422,0.12551797494484762,24.449662055066682,CRC,Colorectal (CRC)
1944.18,x_1944.18,-0.5086973200096438,-0.6173200340063463,0.14583602177968089,0.15498664490607825,2.4529794487069264e-19,5.08544519853875e-19,-0.2792116175981885,0.10862271399670242,18.293671021343926,CRC,Colorectal (CRC)
1946.1,x_1946.10,-0.5129305289773316,-0.6072501007809715,0.148387492368544,0.15571862412272583,1.2083562328462264e-14,2.1157548271745723e-14,-0.24352781990612019,0.09431957180363992,13.674534659592535,CRC,Colorectal (CRC)
1948.02,x_1948.02,-0.5189517403936756,-0.5921756097408923,0.148738919157678,0.15918339890447553,2.05564036680367e-9,3.095046284962047e-9,-0.19042503216995046,0.0732238693472167,8.509332851925508,CRC,Colorectal (CRC)
1949.94,x_1949.94,-0.5320269367330129,-0.581509185952797,0.14678952399807785,0.1632617828519733,1.0409873854272083e-5,1.3728112910781942e-5,-0.12830292071865892,0.04948224921978406,4.862389157501788,CRC,Colorectal (CRC)
1951.87,x_1951.87,-0.5338275521652261,-0.5835636854190986,0.14496880442535773,0.1671625950610039,9.80173887300609e-6,1.2962695680708196e-5,-0.1285165704483428,0.049736133253872494,4.887304674582818,CRC,Colorectal (CRC)
1953.79,x_1953.79,-0.5212666578304376,-0.5914187722546259,0.14213642634551354,0.16878773919777515,3.4000114946888637e-9,5.070192579799183e-9,-0.18215878243549943,0.07015211442418834,8.294975544659618,CRC,Colorectal (CRC)
1955.71,x_1955.71,-0.5085771566599773,-0.5952552677531106,0.1429846852696227,0.16919084652504982,8.935620286339538e-13,1.4709163675576528e-12,-0.22704223271181329,0.08667811109313328,11.832412019414388,CRC,Colorectal (CRC)
1957.64,x_1957.64,-0.49907821433754107,-0.5990102975398647,0.14201564482679188,0.1676879279609265,5.692443068209935e-16,1.033482382286658e-15,-0.26331535776390963,0.09993208320232361,14.985696922366062,CRC,Colorectal (CRC)
1959.56,x_1959.56,-0.48714724277524685,-0.6038705065248656,0.14435925725148716,0.16369032164909667,1.6344032543334653e-21,3.6298504579614965e-21,-0.3098818845990137,0.11672326374961878,20.44011126659472,CRC,Colorectal (CRC)
1961.48,x_1961.48,-0.4823643191766302,-0.6078608810920412,0.144998722771362,0.1590875728294307,9.177051915065928e-25,2.472779118324681e-24,-0.33361860053821274,0.12549656191541098,23.606814675380313,CRC,Colorectal (CRC)
1963.4,x_1963.40,-0.48984315238713116,-0.6097022828667685,0.1482288711896641,0.1571820251018853,6.392061372359486e-23,1.5016526088331958e-22,-0.31578565407735204,0.11985913047963737,21.8234305250659,CRC,Colorectal (CRC)
1965.33,x_1965.33,-0.4903721530375815,-0.6051367991091863,0.15266716534886118,0.1501811625000158,2.9921946368485125e-21,6.613952684286901e-21,-0.30338482290553237,0.11476464607160475,20.179538916320805,CRC,Colorectal (CRC)
1967.25,x_1967.25,-0.4922107339042529,-0.5938003509420642,0.15103568174696277,0.14537660581932135,1.2724128369457062e-18,2.542106843043238e-18,-0.2707023276626943,0.10158961703781128,17.594806200293032,CRC,Colorectal (CRC)
1969.17,x_1969.17,-0.4925222728589346,-0.5913855405111166,0.14906793035261226,0.14800809621676622,4.793617484065116e-18,9.376636710462099e-18,-0.26391049175467624,0.09886326765218201,17.027952910023547,CRC,Colorectal (CRC)
1971.1,x_1971.10,-0.49132521280287594,-0.5926133433457214,0.15070659220017923,0.1519740201552712,1.0548253287587347e-18,2.116441378518062e-18,-0.2704133382093299,0.10128813054284541,17.67439375617117,CRC,Colorectal (CRC)
1973.02,x_1973.02,-0.4853504193850901,-0.6012103078883598,0.15088736935991615,0.1489030026899879,3.980249718966063e-23,9.542393557008382e-23,-0.30884357906825155,0.11585988850326973,22.020342675797174,CRC,Colorectal (CRC)
1974.94,x_1974.94,-0.48099906468246406,-0.608239005602874,0.15361569418299253,0.14772417127683177,1.236367821617272e-25,3.5460242736568996e-25,-0.33860487637360953,0.12723994092040997,24.450258295841934,CRC,Colorectal (CRC)
1976.87,x_1976.87,-0.4807532390988706,-0.6125323783279258,0.15932319887325572,0.14931783906624435,6.821587572943397e-25,1.8649661931877415e-24,-0.3494901744592381,0.13177913922905526,23.729329036372768,CRC,Colorectal (CRC)
1978.79,x_1978.79,-0.4793092648674869,-0.6105259187751553,0.1577082956637131,0.15064107846253472,1.150731294389684e-24,3.0740964578695843e-24,-0.34909636345778783,0.1312166539076684,23.512282509489733,CRC,Colorectal (CRC)
1980.71,x_1980.71,-0.4788997590214056,-0.6195299997557306,0.1569785118616993,0.1512451426985489,7.324125336507976e-28,2.394425590781454e-27,-0.371451118479166,0.14063024073432506,26.620798654555863,CRC,Colorectal (CRC)
1982.63,x_1982.63,-0.4773815277206986,-0.623763922449015,0.15666221563591815,0.1479158688446938,1.1871958473141334e-30,4.5680169433691964e-30,-0.38585807865491567,0.14638239472831643,29.34027229390448,CRC,Colorectal (CRC)
1984.56,x_1984.56,-0.4764678005693589,-0.6226019422016699,0.15473920623345963,0.1449385605517042,2.9437283003849437e-32,1.3361096897378265e-31,-0.3859320670881927,0.14613414163231098,30.874157886402113,CRC,Colorectal (CRC)
1986.48,x_1986.48,-0.48401206491348103,-0.6258354924153422,0.15080233249026426,0.14620450090711573,4.690959639087059e-31,1.8743791720283763e-30,-0.3707411447246525,0.14182342750186117,29.727142550234504,CRC,Colorectal (CRC)
1988.4,x_1988.40,-0.4822403782969038,-0.6248761180038315,0.14832014042058023,0.14766026316859746,7.541887298874839e-31,2.9628842959865435e-30,-0.37381843222607086,0.14263573970692767,29.528285307884012,CRC,Colorectal (CRC)
1990.33,x_1990.33,-0.4806491117346791,-0.6118997077080713,0.1484432731586037,0.14885539762955574,4.56733078558468e-27,1.4282455801075838e-26,-0.3483117862501679,0.13125059597339223,25.845197111246307,CRC,Colorectal (CRC)
1992.25,x_1992.25,-0.478663317917931,-0.6115862536965194,0.15428181605775307,0.15117819295900148,1.8473665219163765e-26,5.58992782521622e-26,-0.3535453852256613,0.13292293577858844,25.25259379950404,CRC,Colorectal (CRC)
1994.17,x_1994.17,-0.4773514348604745,-0.6136130916602429,0.16016789370294293,0.15253049254436862,3.3154674517213856e-26,9.77906014939904e-26,-0.36227813884957827,0.13626165679976843,25.009702882589043,CRC,Colorectal (CRC)
1996.09,x_1996.09,-0.4736349559256461,-0.6052359120748106,0.16598564993922985,0.15267617548870802,2.9055910891816707e-24,7.463537550507863e-24,-0.3537226948153635,0.13160095614916456,23.127055277820585,CRC,Colorectal (CRC)
1998.02,x_1998.02,-0.4654666951870893,-0.5985825752301623,0.16630602173729062,0.1550882768228491,1.552582273195392e-24,4.11236381143822e-24,-0.3628730272273793,0.13311588004307306,23.38590847127181,CRC,Colorectal (CRC)
1999.94,x_1999.94,-0.4569374090482875,-0.5910985195799566,0.16551759645851222,0.16141222891474147,8.411086008536293e-25,2.2729379820755588e-24,-0.37140276443751047,0.13416111053166913,23.64341241399338,CRC,Colorectal (CRC)
2001.86,x_2001.86,-0.44783817314681723,-0.5721826856203677,0.16814287968947397,0.1623331191874191,5.429327909491012e-23,1.2884318769985017e-22,-0.353499035223865,0.12434451247355044,21.889938538871526,CRC,Colorectal (CRC)
2003.79,x_2003.79,-0.44339472538546865,-0.557571991903114,0.16834194349917575,0.15958883056725529,4.3972186834721776e-21,9.628570185120576e-21,-0.33056715145904836,0.11417726651764537,20.016438199564504,CRC,Colorectal (CRC)
2005.71,x_2005.71,-0.4404677651597043,-0.5493182919739846,0.1649077494907815,0.15815760502684967,2.2723686100080643e-19,4.731992539771804e-19,-0.3186065406117115,0.10885052681428031,18.324955948731024,CRC,Colorectal (CRC)
2007.63,x_2007.63,-0.4364477665823853,-0.5439216617303432,0.16270191730629016,0.15412448582236268,3.119776839045643e-19,6.410969987928958e-19,-0.3175905309602631,0.10747389514795785,18.193076256201177,CRC,Colorectal (CRC)
2009.55,x_2009.55,-0.4341464460372942,-0.5426516818354692,0.16400859377965457,0.15365261435103345,6.4157827971296e-19,1.3012487885718385e-18,-0.32184534621896843,0.108505235798175,17.88563966179788,CRC,Colorectal (CRC)
2011.48,x_2011.48,-0.4291585832492,-0.5406440481751933,0.16601374816051573,0.16005129474494323,5.663185302105777e-19,1.1511039690149786e-18,-0.33316889848562464,0.11148546492599332,17.938885448628863,CRC,Colorectal (CRC)
2013.4,x_2013.40,-0.4168663090894244,-0.5423824972782119,0.16725280392908978,0.16633172279789865,1.3621888134557765e-21,3.0397292137974963e-21,-0.37972664522196253,0.12551618818878746,20.517165102638433,CRC,Colorectal (CRC)
2015.32,x_2015.32,-0.4041470442738355,-0.5440833740138992,0.17560889212866432,0.174249888696892,1.6971862589885733e-23,4.186989847372865e-23,-0.42894836506081846,0.13993632974006365,22.37809809218622,CRC,Colorectal (CRC)
2017.25,x_2017.25,-0.39119275407729565,-0.5369583580444279,0.18070655963205057,0.17785540723513277,5.037058666444639e-24,1.272878338682632e-23,-0.4569315624389679,0.14576560396713228,22.895213104094797,CRC,Colorectal (CRC)
2019.17,x_2019.17,-0.377245586048974,-0.5170581564768557,0.1861649373645851,0.1769973675979155,3.5865071036953455e-22,8.239273076056875e-22,-0.4548235712480523,0.1398125704278817,21.084111102985336,CRC,Colorectal (CRC)
2021.09,x_2021.09,-0.3615065226493873,-0.497010855475567,0.19937404255031824,0.1809569630834088,2.8623751598922004e-20,6.110321402966227e-20,-0.45925677293101785,0.13550433282617969,19.213935945262588,CRC,Colorectal (CRC)
2023.01,x_2023.01,-0.3354692011747195,-0.47911959345984273,0.20983800521689802,0.1845142983847067,7.270297787046221e-21,1.573548247890791e-20,-0.5142067814130573,0.14365039228512322,19.803119936276982,CRC,Colorectal (CRC)
2024.94,x_2024.94,-0.3048409049521654,-0.45885649572502485,0.2185567348108302,0.18991636686876265,1.1915628958989822e-21,2.6653380566161446e-21,-0.5899881162787386,0.15401559077285942,20.574247699653583,CRC,Colorectal (CRC)
2026.86,x_2026.86,-0.2822119630390283,-0.43877449504041144,0.2388996864642514,0.2027078237131116,9.310411876663503e-20,1.9606385370901749e-19,-0.6367023462499255,0.15656253200138315,18.70760246539228,CRC,Colorectal (CRC)
2028.78,x_2028.78,-0.2519682161585964,-0.4156382754309458,0.25951347859938995,0.2137039082724154,4.7216453719965155e-19,9.660259130890027e-19,-0.722089010015809,0.1636700592723494,18.01501122372879,CRC,Colorectal (CRC)
2030.71,x_2030.71,-0.2016117943265404,-0.3888565667570718,0.2709230081875554,0.22019655959369291,6.6303185489323205e-22,1.493818757410053e-21,-0.9476615087828643,0.18724477243053142,20.825702091564494,CRC,Colorectal (CRC)
2032.63,x_2032.63,-0.14212421992796656,-0.36413757527774343,0.28448653781986655,0.22854884781260063,3.5145790271612055e-26,1.0333746510678387e-25,-1.3573373782062323,0.22201335534977687,24.98574219600923,CRC,Colorectal (CRC)
2034.55,x_2034.55,-0.08499844184933003,-0.34237004539053434,0.30640745039448286,0.24130681001681412,7.111124023713613e-30,2.6280240957202484e-29,-2.010060942743423,0.2573716035412043,28.580370657152454,CRC,Colorectal (CRC)
2036.48,x_2036.48,-0.028127089680985488,-0.31707374640327646,0.33169878749850984,0.25528562331572335,1.4244850416726274e-31,5.999520333170751e-31,-3.4948329812552967,0.288946656722291,30.221883470447093,CRC,Colorectal (CRC)
2038.4,x_2038.40,0.02702974869526699,-0.29435099645994556,0.3599944846232405,0.2694193472258133,1.7393957114078394e-32,8.131674950831649e-32,NA,0.32138074515521253,31.08981998983252,CRC,Colorectal (CRC)
2040.32,x_2040.32,0.08005454333112336,-0.27895161968445403,0.39715156572260063,0.2880362754773586,1.286620955820462e-32,6.106551237015898e-32,NA,0.3590061630155774,31.21420399460194,CRC,Colorectal (CRC)
2042.24,x_2042.24,0.144548518650853,-0.2616957588626688,0.4365399721084889,0.3126118254151011,1.6200304898398743e-33,8.368665790056809e-33,NA,0.4062442775135218,32.077343775722795,CRC,Colorectal (CRC)
2044.17,x_2044.17,0.21452141774599923,-0.24210060271885428,0.4808574971455761,0.34263600627406066,7.035967009001047e-34,3.759216659094845e-33,NA,0.4566220204648535,32.42490264339026,CRC,Colorectal (CRC)
2046.09,x_2046.09,0.2820527024573749,-0.22084989802336696,0.5379290382015244,0.37314594693603975,3.286963202410371e-33,1.6434816012051853e-32,NA,0.5029026004807419,31.7842351534867,CRC,Colorectal (CRC)
2048.01,x_2048.01,0.35491647891174777,-0.19103594038554042,0.5963225970631111,0.39611038704184015,2.136592959341693e-32,9.938877696440215e-32,NA,0.5459524192972882,31.002662653606844,CRC,Colorectal (CRC)
2049.94,x_2049.94,0.43950375748763737,-0.14721211451316504,0.6493790451372077,0.4153255380852609,2.7055990679304633e-31,1.0951234322575684e-30,NA,0.5867158720008024,29.960536928378882,CRC,Colorectal (CRC)
2051.86,x_2051.86,0.5348764697376389,-0.09400649638211643,0.6943460080969943,0.4449094298026397,1.794896070611456e-30,6.877982893531603e-30,NA,0.6288829661197554,29.162538908661443,CRC,Colorectal (CRC)
2053.78,x_2053.78,0.6414915142707207,-0.039069478563539206,0.734150096976088,0.4795301940999101,6.418057806739787e-31,2.5320185862032492e-30,NA,0.68056099283426,29.596533110717917,CRC,Colorectal (CRC)
2055.7,x_2055.70,0.7500969876079244,0.026307842379914587,0.7732553552492349,0.5105175919073373,2.8561351186595824e-31,1.1461314746552401e-30,4.833459396881148,0.7237891452280099,29.940765560865827,CRC,Colorectal (CRC)
2057.63,x_2057.63,0.8520706121113635,0.09726570739530319,0.8154922012429797,0.5399483150607126,2.679087763921805e-31,1.0938633446580295e-30,3.1309566997960134,0.7548049047160603,29.961036930624136,CRC,Colorectal (CRC)
2059.55,x_2059.55,0.9548633516014302,0.16000530282876851,0.8590919558047849,0.5687289030251639,1.4746619933839502e-31,6.1553971598839e-31,2.5771670622728444,0.7948580487726618,30.21074392018492,CRC,Colorectal (CRC)
2061.47,x_2061.47,1.0569971389152033,0.22627604445652516,0.9005187360844632,0.5926562282233461,2.380374032512298e-31,9.761621580697362e-31,2.223810699127338,0.8307210944586781,30.01047803222554,CRC,Colorectal (CRC)
2063.4,x_2063.40,1.1551255441906336,0.29520502477780985,0.9402405884771728,0.6144135222339807,6.355561217069325e-31,2.517987177101618e-30,1.9682568372638105,0.8599205194128238,29.59894648587557,CRC,Colorectal (CRC)
2065.32,x_2065.32,1.2476363285567302,0.3595314701262524,0.9769269075839677,0.6395502507308116,1.0875181047716874e-30,4.201774495708792e-30,1.795004648581112,0.8881048584304778,29.37656725937826,CRC,Colorectal (CRC)
2067.24,x_2067.24,1.3291766358455117,0.4393855865166471,1.0165965485641797,0.6688588717997295,4.218108554802413e-29,1.4939134464925213e-28,1.5969711908844797,0.8897910493288645,27.825674563698392,CRC,Colorectal (CRC)
2069.16,x_2069.16,1.4140630041995463,0.5430282634560819,1.0594082499844777,0.7001996933712674,3.651295463853997e-27,1.1494819052873696e-26,1.3807455707052672,0.8710347407434644,25.93949786084159,CRC,Colorectal (CRC)
2071.09,x_2071.09,1.505141574521202,0.6626402128325928,1.0980445790269988,0.7408548270236138,2.149602437967517e-25,5.999636655222771e-25,1.1836003132006168,0.8425013616886092,24.221875050184675,CRC,Colorectal (CRC)
2073.01,x_2073.01,1.6077899596675085,0.8010828880812138,1.1413465725329128,0.7851557784537121,1.8787695305777225e-23,4.5985589295554205e-23,1.005054611552965,0.8067070715862947,22.337378243751985,CRC,Colorectal (CRC)
2074.93,x_2074.93,1.7220735442317632,0.968655668583024,1.191075791492232,0.8307544383054042,4.224693710803019e-21,9.294326163766643e-21,0.830090283279518,0.7534178756487392,20.031782090987928,CRC,Colorectal (CRC)
2076.86,x_2076.86,1.846662443008461,1.161994901987136,1.2467231453979484,0.8799582040317646,1.4505365137625621e-18,2.8795151600169756e-18,0.6683159762949068,0.684667541021325,17.540680630662678,CRC,Colorectal (CRC)
2078.78,x_2078.78,1.9827178095425224,1.3612352495480657,1.3060204369311161,0.9298963161329797,1.038551262476262e-15,1.867395058490971e-15,0.5425626124224036,0.6214825599944567,14.728763794759615,CRC,Colorectal (CRC)
2080.7,x_2080.70,2.1292407053870828,1.5687642804198672,1.369509892539351,0.9865399995549844,5.619559270406513e-13,9.332660600053445e-13,0.44071021809732,0.5604764249672156,12.029994527828995,CRC,Colorectal (CRC)
2082.63,x_2082.63,2.2741248008004904,1.7836571203885814,1.4430941421566763,1.055290009531849,4.66913837114557e-10,7.16854577507571e-10,0.3504729482336984,0.490467680411909,9.144568937207467,CRC,Colorectal (CRC)
2084.55,x_2084.55,2.4102298178038626,1.9973332323440884,1.5224472394858977,1.1410647257176914,2.1437264782162058e-7,3.0415542596846017e-7,0.2710955415482676,0.41289658545977415,6.516904431553049,CRC,Colorectal (CRC)
2086.47,x_2086.47,2.542545905952001,2.227105010126678,1.6020265520704153,1.2382452859507411,5.894665197041027e-5,7.41791649964113e-5,0.19110415779355835,0.315440895825323,4.129718059649791,CRC,Colorectal (CRC)
2088.39,x_2088.39,2.659609190940708,2.4649401334109453,1.6903390705470984,1.3384953934467978,0.006522710185901012,0.007538608187660626,0.10966161760050781,0.1946690575297625,2.1227088281639337,CRC,Colorectal (CRC)
2090.32,x_2090.32,2.743260127552002,2.688496268067546,1.7848315951476952,1.4388938540802876,0.17246076159262985,0.18428664238755302,0.029091951425225315,0.054763859484455946,0.7345061425216391,CRC,Colorectal (CRC)
2092.24,x_2092.24,2.800051935775267,2.8854108596927452,1.8743614479697674,1.5354216248944708,0.9715178263400164,0.9736003940277762,-0.04332315988434405,-0.08535892391747835,0.011619259013761459,CRC,Colorectal (CRC)
2094.16,x_2094.16,2.8319832952942847,3.0501478624509195,1.9480559079136717,1.6203503679055102,0.2723772924024572,0.28744104785135155,-0.10706639008489048,-0.2181645671566348,0.5414512126026334,CRC,Colorectal (CRC)
2096.09,x_2096.09,2.834373953431961,3.179065481210611,1.9965107941362334,1.6860997874521162,0.039282907112139824,0.04377773319410099,-0.16557256475173066,-0.34469152777864975,1.3587467299033245,CRC,Colorectal (CRC)
2098.01,x_2098.01,2.806712295623712,3.2575507748051105,2.019529559389742,1.730637714965575,0.004052858980067286,0.004742707317100016,-0.21490640805921987,-0.45083847918139863,2.323973675788876,CRC,Colorectal (CRC)
2099.93,x_2099.93,2.756146449023388,3.284203028923259,2.0166915772521445,1.756701388266296,5.2685838702005e-4,6.422589202917167e-4,-0.2528906845950873,-0.5280565798998711,3.1922898551323575,CRC,Colorectal (CRC)
2101.85,x_2101.85,2.6860347230861246,3.270281694028508,1.992561271533184,1.757753310433432,7.891245561371682e-5,9.824653262160483e-5,-0.28393686033597587,-0.5842469709423836,4.007682768075958,CRC,Colorectal (CRC)
2103.78,x_2103.78,2.597431738560557,3.209812730650862,1.9458748296310364,1.7406170152664293,2.168855087915632e-5,2.793222461709526e-5,-0.3054031879344523,-0.6123809920903049,4.553894474236177,CRC,Colorectal (CRC)
2105.7,x_2105.70,2.495965291107713,3.1127212325810367,1.8790025365108474,1.7127002309827617,9.102511337527801e-6,1.208927287015411e-5,-0.31857839173320773,-0.6167559414733237,4.9175998197328035,CRC,Colorectal (CRC)
2107.62,x_2107.62,2.3748831094210865,2.9904779535511294,1.8030160410737401,1.6712167601222117,4.7758300061433534e-06,6.406601227753279e-6,-0.33251945028396146,-0.615594844130043,5.193372307376334,CRC,Colorectal (CRC)
2109.55,x_2109.55,2.2370840067812248,2.848234447234913,1.7181908936564319,1.6204753929641362,2.3614545534106013e-6,3.2232992809327184e-6,-0.3484483322604011,-0.611150440453688,5.491699368696992,CRC,Colorectal (CRC)
2111.47,x_2111.47,2.0855725305404067,2.696112025043802,1.6230047948136772,1.5611768720963715,8.057528097988492e-7,1.1210995195861964e-6,-0.370436799837106,-0.6105394945033953,5.950355833534624,CRC,Colorectal (CRC)
2113.39,x_2113.39,1.9161800569200362,2.5292818230932705,1.5192541909590964,1.4927210132112414,2.0124527211133717e-7,2.868358680245431e-7,-0.40049448194303083,-0.6131017661732343,6.542366542295913,CRC,Colorectal (CRC)
2115.31,x_2115.31,1.7319670171566786,2.332377894511521,1.406688425854015,1.4173491201378097,6.655543498426225e-8,9.529759833121776e-8,-0.42938988387824745,-0.6004108773548424,7.020918044216264,CRC,Colorectal (CRC)
2117.24,x_2117.24,1.5358775313398583,2.103764748257449,1.2820064774510571,1.3354868915776426,3.8207419957440036e-8,5.51295334262445e-8,-0.4539099496934407,-0.5678872169175906,7.25861568303796,CRC,Colorectal (CRC)
2119.16,x_2119.16,1.3206304170339798,1.8613330528924734,1.1518878439593625,1.2395708971642878,1.2059036407048592e-8,1.764506892111179e-8,-0.49510912622083086,-0.5407026358584937,7.753376640959434,CRC,Colorectal (CRC)
2121.08,x_2121.08,1.092481211076729,1.6012851752252923,1.0199097719979986,1.124291065728853,3.901071719679933e-9,5.789685806191647e-9,-0.5516213749046818,-0.5088039641485633,8.23734500386145,CRC,Colorectal (CRC)
2123.01,x_2123.01,0.8655049458117741,1.318693403994359,0.8854562568864668,0.9977570403299388,3.6144498349021357e-9,5.381386298779454e-9,-0.6074946355469127,-0.4531884581825849,8.269105831330831,CRC,Colorectal (CRC)
2124.93,x_2124.93,0.6448605417910426,1.0320776232961901,0.7569427794665087,0.869261599896599,8.548149810080798e-9,1.2586645783347317e-8,-0.6784915409478145,-0.38721708150514755,7.900089989659141,CRC,Colorectal (CRC)
2126.85,x_2126.85,0.445171171851099,0.7577198102554047,0.6377849220019131,0.7440163371381256,5.078595326066423e-8,7.282954953791573e-8,-0.7673029597965811,-0.3125486384043057,7.1376923762162985,CRC,Colorectal (CRC)
2128.78,x_2128.78,0.2724995947558137,0.5054466164688164,0.5303861438863995,0.6235075126026184,1.6069755789147947e-6,2.2226659264575932e-6,-0.8913022032884175,-0.2329470217130027,5.653125808195715,CRC,Colorectal (CRC)
2130.7,x_2130.70,0.12331009176291925,0.2880975729906384,0.4405492440284584,0.5092172144803211,4.788548739804393e-5,6.058583317614489e-5,-1.2242599393809344,-0.16478748122771913,4.217628915317219,CRC,Colorectal (CRC)
2132.62,x_2132.62,-0.0020039405905577265,0.10045246807307634,0.3670372829665024,0.41223805861409246,0.0025191031842726227,0.0029739412592107353,NA,-0.10245640866363406,2.52666761384116,CRC,Colorectal (CRC)
2134.54,x_2134.54,-0.10269091908764719,-0.06700293670042173,0.3071948707431201,0.34038831356984234,0.3047996970328654,0.3198515339233773,0.6160198588517054,-0.03568798238722545,0.49505156217993107,CRC,Colorectal (CRC)
2136.47,x_2136.47,-0.17814042439980846,-0.20856591810025496,0.25721391331550675,0.28795295606883897,0.08247398479369973,0.09050842227947094,-0.22748967053974486,0.030425493700446504,1.0433110055538277,CRC,Colorectal (CRC)
2138.39,x_2138.39,-0.24585105516983943,-0.32069690126050937,0.22042109288240022,0.24861598014039715,1.6782802902136123e-5,2.1824646333097743e-5,-0.3834272362429648,0.07484584609066994,4.661052785277769,CRC,Colorectal (CRC)
2140.31,x_2140.31,-0.30917973433317614,-0.4158826367763955,0.19606484367416177,0.22216585254619906,7.347997384846233e-11,1.1508170108595023e-10,-0.427731891834504,0.10670290244321934,9.938993727188548,CRC,Colorectal (CRC)
2142.24,x_2142.24,-0.3575650567818717,-0.492613908878461,0.18300975477632445,0.21227020972775537,1.9831298552576062e-17,3.807446436685548e-17,-0.46225271347324903,0.1350488520965893,16.419366197621738,CRC,Colorectal (CRC)
2144.16,x_2144.16,-0.3947482441322746,-0.5497631168193667,0.1813691738059698,0.20908511601561108,3.9303863301605504e-23,9.447072541645539e-23,-0.4778783024277674,0.15501487268709213,22.02470274979512,CRC,Colorectal (CRC)
2146.08,x_2146.08,-0.42607502025058697,-0.5955392069699045,0.17957454362596587,0.20084563415640266,9.18906054992027e-28,2.993648646054165e-27,-0.48308998142897364,0.1694641867193175,26.523799172608218,CRC,Colorectal (CRC)
2148,x_2148.00,-0.4614374726145549,-0.6307340013242847,0.17727011829826095,0.19296118633903608,2.8852250944684237e-29,1.0335959629609105e-28,-0.45089737887383224,0.16929652870972978,27.98564919562146,CRC,Colorectal (CRC)
2149.93,x_2149.93,-0.4961750539249871,-0.6513927352247729,0.17792431562793054,0.18976155401897668,2.2934229602909972e-26,6.850959961252659e-26,-0.39267911973671743,0.1552176812997858,25.164248570600286,CRC,Colorectal (CRC)
2151.85,x_2151.85,-0.520000732697758,-0.6707525933655248,0.18157411545030652,0.1898333828417281,1.2497677609402897e-24,3.3291534372625955e-24,-0.36726769495484946,0.1507518606677668,23.477666188195442,CRC,Colorectal (CRC)
2153.77,x_2153.77,-0.540567397163422,-0.6896571745955723,0.18057923039985913,0.18756132186091276,2.8436461758002602e-24,7.365122366684884e-24,-0.3514054576622835,0.14908977743215035,23.132820033243,CRC,Colorectal (CRC)
2155.7,x_2155.70,-0.5575423413909092,-0.707248181235994,0.17509256431756515,0.18383066860962505,2.965460101450359e-25,8.17907137125689e-25,-0.34313573764859656,0.1497058398450848,24.087296002102843,CRC,Colorectal (CRC)
2157.62,x_2157.62,-0.5726212185919097,-0.7196869837177634,0.16974792776177344,0.18329149311533077,1.1774767827567715e-25,3.3979654070295724e-25,-0.3297889501266862,0.14706576512585368,24.468781046777345,CRC,Colorectal (CRC)
2159.54,x_2159.54,-0.5848412046947873,-0.7283769401083477,0.1631263234604893,0.18325036095956027,6.966360706575004e-26,2.0228407641762825e-25,-0.31664077523528783,0.14353573541356046,24.694038303072695,CRC,Colorectal (CRC)
2161.46,x_2161.46,-0.5870153441768652,-0.7324590325159391,0.1565760066052195,0.18546244512922153,2.1339942555500072e-26,6.395143041471977e-26,-0.31935034292542513,0.14544368833907395,25.194149737123215,CRC,Colorectal (CRC)
2163.39,x_2163.39,-0.587017256243299,-0.7352780451722309,0.1526522731845317,0.18706429640405242,2.4625364658798187e-27,7.858264831391231e-27,-0.3248874892656689,0.1482607889289319,26.104673339118797,CRC,Colorectal (CRC)
2165.31,x_2165.31,-0.5940192245237336,-0.7349529868961839,0.15197602468767574,0.18481962179381312,2.4535884458553326e-26,7.306067505970497e-26,-0.30714281063367016,0.14093376237245037,25.136316319348982,CRC,Colorectal (CRC)
2167.23,x_2167.23,-0.6075374690115407,-0.7328489488807411,0.15691887182189354,0.17848043917803016,3.435515325558065e-23,8.278883580919563e-23,-0.2705428864109366,0.12531147986920044,22.082028224487622,CRC,Colorectal (CRC)
2169.16,x_2169.16,-0.6117882672953808,-0.7323450862865434,0.16354665569476154,0.1703105409381153,4.513361183119365e-22,1.0317830577546714e-21,-0.2594915656698212,0.12055681899116255,20.98641160767425,CRC,Colorectal (CRC)
2171.08,x_2171.08,-0.6014907575354757,-0.7456811239259594,0.16371758241293338,0.16191211882102974,6.550078231196211e-29,2.2767000543377165e-28,-0.31001671637056827,0.14419036639048377,27.64269418208865,CRC,Colorectal (CRC)
2173,x_2173.00,-0.5880468610664578,-0.7587628347354703,0.15896081769395098,0.16148719119752733,4.798599376346689e-37,3.1157572339473293e-36,-0.3677184401910602,0.1707159736690126,35.506436387990604,CRC,Colorectal (CRC)
2174.93,x_2174.93,-0.5733908066266541,-0.7711463345896739,0.15805551218916855,0.16208711400926334,1.0671144776214383e-47,1.0728516522323064e-46,-0.4274865271100529,0.19775552796301976,45.969460325630486,CRC,Colorectal (CRC)
2176.85,x_2176.85,-0.5582749698761225,-0.7688805742913155,0.16285760818719697,0.1696747854220353,1.3518421129338274e-50,1.6852965007908381e-49,-0.46178436339315226,0.21060560441519305,48.773323680947364,CRC,Colorectal (CRC)
2178.77,x_2178.77,-0.5504398943024998,-0.7611543926464697,0.173168994739331,0.17825113210479546,1.3301311711532456e-47,1.3091291000297735e-46,-0.46760480920443354,0.21071449834396982,45.883017523299586,CRC,Colorectal (CRC)
2180.69,x_2180.69,-0.5485968868201375,-0.7576728777785526,0.18078270801119065,0.17960535880406628,4.938814216619636e-46,4.440183935133999e-45,-0.46582939551239266,0.20907599095841511,44.3525990388135,CRC,Colorectal (CRC)
2182.62,x_2182.62,-0.5505826909292657,-0.7551908761210998,0.18305351201846898,0.17808047893223816,1.138892328390855e-44,9.859854880050458e-44,-0.4558827891561858,0.2046081851918341,43.0061294770727,CRC,Colorectal (CRC)
2184.54,x_2184.54,-0.5626200980433185,-0.7521349529451743,0.17850785861254273,0.18118409338167152,1.8332925491250506e-39,1.3287818088619553e-38,-0.41883109911366795,0.18951485490185582,37.87654632604504,CRC,Colorectal (CRC)
2186.46,x_2186.46,-0.5774301163211678,-0.7529447707082769,0.17019935675423287,0.18113598033614045,6.06126359343654e-35,3.498321888804423e-34,-0.3828982735551161,0.17551465438710911,33.45614023256462,CRC,Colorectal (CRC)
2188.39,x_2188.39,-0.58677787988804,-0.7506579924212877,0.1619199159386588,0.1856976309736795,1.0842395852678484e-32,5.198789806284299e-32,-0.35534180144211536,0.16388011253324775,31.284097741292374,CRC,Colorectal (CRC)
2190.31,x_2190.31,-0.5912428849286498,-0.7472544607498697,0.15636257115584992,0.19107203263928457,5.226322205719504e-32,2.2834632067045495e-31,-0.33784919653872236,0.15601157582121983,30.641405981759593,CRC,Colorectal (CRC)
2192.23,x_2192.23,-0.5930927180229674,-0.738899860349432,0.1562932661913324,0.19530017999857643,1.451720385435627e-28,4.9358493104811315e-28,-0.3171216773720313,0.14580714232646463,27.30663810761045,CRC,Colorectal (CRC)
2194.15,x_2194.15,-0.5965254268341977,-0.7310617804193019,0.15684853124695738,0.1933889143079101,7.09388940736792e-24,1.7878130986223734e-23,-0.2934101414233273,0.13453635358510418,22.747677885137225,CRC,Colorectal (CRC)
2196.08,x_2196.08,-0.6030268471377805,-0.7252502304422539,0.1536666722482085,0.17407472931983242,3.19082562844756e-21,7.036372553298274e-21,-0.26625701875970437,0.12222338330447335,20.152651174109653,CRC,Colorectal (CRC)
2198,x_2198.00,-0.6141036908530394,-0.7231326736797824,0.18118333059541472,0.17587132794753263,1.2236230740941027e-15,2.191738648042119e-15,-0.2357784440642692,0.109028982826743,14.659211234165861,CRC,Colorectal (CRC)
