cancer,wavenumber,shap,abs_shap
PRC,401.89,0.009349346111947411,0.009349346111947411
PRC,403.82,0.006471016190219116,0.006471016190219116
PRC,405.75,0.015679596613210008,0.015679596613210008
PRC,407.67,0.0027250381206022018,0.0027250381206022018
PRC,409.6,-0.020303869389720817,0.020303869389720817
PRC,411.53,-0.031456261346146014,0.031456261346146014
PRC,413.46,-0.00452259644539373,0.00452259644539373
PRC,415.39,0.017261587461820757,0.017261587461820757
PRC,417.31,-0.000573309086543314,0.000573309086543314
PRC,419.24,0.007302308526174532,0.007302308526174532
PRC,421.17,-0.02337745797748681,0.02337745797748681
PRC,423.1,0.012254237723259166,0.012254237723259166
PRC,425.03,-0.00017124259249960328,0.00017124259249960328
PRC,426.95,-0.06833087672514908,0.06833087672514908
PRC,428.88,-0.05149674108362894,0.05149674108362894
PRC,430.81,0.04770939960694238,0.04770939960694238
PRC,432.74,0.019022844887240566,0.019022844887240566
PRC,434.67,-0.10011906210157016,0.10011906210157016
PRC,436.59,0.01896991532300254,0.01896991532300254
PRC,438.52,0.14694611514129682,0.14694611514129682
PRC,440.45,0.04730190561804342,0.04730190561804342
PRC,442.38,0.044092403955826545,0.044092403955826545
PRC,444.3,0.10212004373647796,0.10212004373647796
PRC,446.23,0.029063735909574798,0.029063735909574798
PRC,448.16,-0.013102933291349681,0.013102933291349681
PRC,450.09,0.01733007178485902,0.01733007178485902
PRC,452.02,0.003907502363122863,0.003907502363122863
PRC,453.94,-0.003328085203845052,0.003328085203845052
PRC,455.87,-0.001767524641356673,0.001767524641356673
PRC,457.8,-0.016749364923321783,0.016749364923321783
PRC,459.73,-0.0031391261929060925,0.0031391261929060925
PRC,461.66,0.0024073669805301464,0.0024073669805301464
PRC,463.58,-0.0075870394828227265,0.0075870394828227265
PRC,465.51,-0.028194738083386205,0.028194738083386205
PRC,467.44,0.004638558459715549,0.004638558459715549
PRC,469.37,0.04648009127432871,0.04648009127432871
PRC,471.3,0.021493338080639725,0.021493338080639725
PRC,473.22,-0.009415432907599377,0.009415432907599377
PRC,475.15,-0.016016217036393103,0.016016217036393103
PRC,477.08,-0.026242135907166453,0.026242135907166453
PRC,479.01,-0.014097505048974184,0.014097505048974184
PRC,480.93,0.02708343925347928,0.02708343925347928
PRC,482.86,0.01638657965800205,0.01638657965800205
PRC,484.79,0.003036814197087901,0.003036814197087901
PRC,486.72,0.0008865771126813122,0.0008865771126813122
PRC,488.65,-0.020438021339204582,0.020438021339204582
PRC,490.57,0.0016269833160580554,0.0016269833160580554
PRC,492.5,-0.00391531829624048,0.00391531829624048
PRC,494.43,-0.003542630932768621,0.003542630932768621
PRC,496.36,0.01831806047473707,0.01831806047473707
PRC,498.29,0.04194111971905386,0.04194111971905386
PRC,500.21,-0.01295411769143729,0.01295411769143729
PRC,502.14,-0.02891083931003318,0.02891083931003318
PRC,504.07,-0.0357111718938634,0.0357111718938634
PRC,506.0,-0.014322211032722909,0.014322211032722909
PRC,507.93,0.05397031038709431,0.05397031038709431
PRC,509.85,-0.002647851401105411,0.002647851401105411
PRC,511.78,0.03545337683092195,0.03545337683092195
PRC,513.71,0.01507666937143037,0.01507666937143037
PRC,515.64,-0.0064378088796393056,0.0064378088796393056
PRC,517.57,-0.013831833808604617,0.013831833808604617
PRC,519.49,0.0038531467872943664,0.0038531467872943664
PRC,521.42,0.021177048125167457,0.021177048125167457
PRC,523.35,0.009774182976331099,0.009774182976331099
PRC,525.28,-0.00895073032282962,0.00895073032282962
PRC,527.2,0.0028760101755179093,0.0028760101755179093
PRC,529.13,0.0016250149085527115,0.0016250149085527115
PRC,531.06,-0.003767952425649406,0.003767952425649406
PRC,532.99,-0.001089791866832144,0.001089791866832144
PRC,534.92,-0.000535263591832499,0.000535263591832499
PRC,536.84,-0.006050631620104462,0.006050631620104462
PRC,538.77,-0.0009362856800902325,0.0009362856800902325
PRC,540.7,0.0010919212535324195,0.0010919212535324195
PRC,542.63,-0.001248381956662049,0.001248381956662049
PRC,544.56,-0.0032817338254559846,0.0032817338254559846
PRC,546.48,-0.003888701852954103,0.003888701852954103
PRC,548.41,0.0016533992133834937,0.0016533992133834937
PRC,550.34,-0.0013294253212574718,0.0013294253212574718
PRC,552.27,-0.006481624634655836,0.006481624634655836
PRC,554.2,0.004337068910710525,0.004337068910710525
PRC,556.12,0.027517027298251465,0.027517027298251465
PRC,558.05,-0.005175860787823863,0.005175860787823863
PRC,559.98,-0.03784209467199464,0.03784209467199464
PRC,561.91,0.006251658036311533,0.006251658036311533
PRC,563.83,0.0176914946382677,0.0176914946382677
PRC,565.76,0.024007683048858846,0.024007683048858846
PRC,567.69,-0.01818141716859715,0.01818141716859715
PRC,569.62,-0.03047260011253282,0.03047260011253282
PRC,571.55,-0.019879676713509178,0.019879676713509178
PRC,573.47,0.025506324774821867,0.025506324774821867
PRC,575.4,0.04385929084693621,0.04385929084693621
PRC,577.33,-0.0040126786752362415,0.0040126786752362415
PRC,579.26,-0.03201605131541497,0.03201605131541497
PRC,581.19,0.02677886915405929,0.02677886915405929
PRC,583.11,0.016195394138905812,0.016195394138905812
PRC,585.04,-0.0001738872929155291,0.0001738872929155291
PRC,586.97,-0.01931724001724996,0.01931724001724996
PRC,588.9,0.0008812438022750065,0.0008812438022750065
PRC,590.83,0.03592985643789069,0.03592985643789069
PRC,592.75,0.0047576044259157735,0.0047576044259157735
PRC,594.68,-0.026286185425008907,0.026286185425008907
PRC,596.61,-0.007982599963969609,0.007982599963969609
PRC,598.54,-0.05972431535275216,0.05972431535275216
PRC,600.46,0.04218556834094181,0.04218556834094181
PRC,602.39,0.0904783721903288,0.0904783721903288
PRC,604.32,-0.08702826433606355,0.08702826433606355
PRC,606.25,-0.08238620695737738,0.08238620695737738
PRC,608.18,0.06293740076781178,0.06293740076781178
PRC,610.1,0.15252275215007638,0.15252275215007638
PRC,612.03,-0.04783924222655666,0.04783924222655666
PRC,613.96,-0.16078829475638087,0.16078829475638087
PRC,615.89,-0.03673667439315486,0.03673667439315486
PRC,617.82,-0.025871478389528513,0.025871478389528513
PRC,619.74,0.16212512606166912,0.16212512606166912
PRC,621.67,0.10177752580647724,0.10177752580647724
PRC,623.6,-0.0438504272155934,0.0438504272155934
PRC,625.53,0.018799084020689163,0.018799084020689163
PRC,627.46,0.06792814644210801,0.06792814644210801
PRC,629.38,0.050765251547087206,0.050765251547087206
PRC,631.31,0.014875364270457204,0.014875364270457204
PRC,633.24,0.007992163809290794,0.007992163809290794
PRC,635.17,0.002471079344801515,0.002471079344801515
PRC,637.09,-0.003443466909753628,0.003443466909753628
PRC,639.02,-0.0019283888617975028,0.0019283888617975028
PRC,640.95,0.0016468345553068138,0.0016468345553068138
PRC,642.88,0.004520227070838211,0.004520227070838211
PRC,644.81,0.0060917754253924546,0.0060917754253924546
PRC,646.73,-0.01345654937165826,0.01345654937165826
PRC,648.66,-0.021048234828543316,0.021048234828543316
PRC,650.59,0.01718735853200105,0.01718735853200105
PRC,652.52,0.026078275573572507,0.026078275573572507
PRC,654.45,-0.005756168350433726,0.005756168350433726
PRC,656.37,-0.009094967389176601,0.009094967389176601
PRC,658.3,0.00254395437231298,0.00254395437231298
PRC,660.23,0.0003016596364197064,0.0003016596364197064
PRC,662.16,0.00045519689767676614,0.00045519689767676614
PRC,664.09,-0.0013491240123348566,0.0013491240123348566
PRC,666.01,-0.0010554937086332018,0.0010554937086332018
PRC,667.94,0.012658800084776912,0.012658800084776912
PRC,669.87,-0.01250177100281476,0.01250177100281476
PRC,671.8,-0.004272374538886465,0.004272374538886465
PRC,673.72,0.004402945861565623,0.004402945861565623
PRC,675.65,0.003488660184728104,0.003488660184728104
PRC,677.58,-0.005806871326734132,0.005806871326734132
PRC,679.51,0.017964195201678565,0.017964195201678565
PRC,681.44,0.01879973272943314,0.01879973272943314
PRC,683.36,-0.023318189058687676,0.023318189058687676
PRC,685.29,-0.07110031356972281,0.07110031356972281
PRC,687.22,-0.06650413059800796,0.06650413059800796
PRC,689.15,0.03722721568918349,0.03722721568918349
PRC,691.08,0.11106746013630926,0.11106746013630926
PRC,693.0,0.04900147831698465,0.04900147831698465
PRC,694.93,0.009987525137161406,0.009987525137161406
PRC,696.86,0.017417742513723466,0.017417742513723466
PRC,698.79,0.006304105407678543,0.006304105407678543
PRC,700.72,-0.0037049943098671242,0.0037049943098671242
PRC,702.64,-0.11652010049960687,0.11652010049960687
PRC,704.57,-0.03565629258909883,0.03565629258909883
PRC,706.5,0.014037796614625241,0.014037796614625241
PRC,708.43,0.007698013715366314,0.007698013715366314
PRC,710.36,0.09798354339903785,0.09798354339903785
PRC,712.28,0.061839824879535384,0.061839824879535384
PRC,714.21,0.03538491111661481,0.03538491111661481
PRC,716.14,0.002581685923149553,0.002581685923149553
PRC,718.07,-0.06647092063405853,0.06647092063405853
PRC,719.99,-0.06258937546793436,0.06258937546793436
PRC,721.92,-0.14805469105285154,0.14805469105285154
PRC,723.85,-0.1604812259321055,0.1604812259321055
PRC,725.78,-0.17548305331114714,0.17548305331114714
PRC,727.71,-0.17818905126912407,0.17818905126912407
PRC,729.63,-0.18846944412055386,0.18846944412055386
PRC,731.56,-0.11932780722841177,0.11932780722841177
PRC,733.49,0.10159104128908612,0.10159104128908612
PRC,735.42,0.15309613112699189,0.15309613112699189
PRC,737.35,0.043715077061993214,0.043715077061993214
PRC,739.27,-0.06463971206856058,0.06463971206856058
PRC,741.2,-0.09404669668827374,0.09404669668827374
PRC,743.13,-0.0481679159671688,0.0481679159671688
PRC,745.06,0.018887664412804164,0.018887664412804164
PRC,746.99,0.0016672346229513614,0.0016672346229513614
PRC,748.91,-0.07069624397428499,0.07069624397428499
PRC,750.84,-0.0034050373977876306,0.0034050373977876306
PRC,752.77,0.07762601222943974,0.07762601222943974
PRC,754.7,0.07976604827276512,0.07976604827276512
PRC,756.62,0.06014188211302818,0.06014188211302818
PRC,758.55,-0.1069718384482292,0.1069718384482292
PRC,760.48,-0.11500786987128236,0.11500786987128236
PRC,762.41,0.03576121348478273,0.03576121348478273
PRC,764.34,0.10662785346445103,0.10662785346445103
PRC,766.26,0.06682115832226732,0.06682115832226732
PRC,768.19,-0.04592775340887135,0.04592775340887135
PRC,770.12,-0.0848423316508007,0.0848423316508007
PRC,772.05,-0.004833202301648444,0.004833202301648444
PRC,773.98,0.030243500596816877,0.030243500596816877
PRC,775.9,0.012195108207376014,0.012195108207376014
PRC,777.83,0.0008341326125977763,0.0008341326125977763
PRC,779.76,-0.024911421133690846,0.024911421133690846
PRC,781.69,-0.013575977923428812,0.013575977923428812
PRC,783.62,0.05860308379572757,0.05860308379572757
PRC,785.54,0.07153819248679157,0.07153819248679157
PRC,787.47,-0.05395847275550509,0.05395847275550509
PRC,789.4,-0.291684491802808,0.291684491802808
PRC,791.33,-0.3338916651011203,0.3338916651011203
PRC,793.25,0.15370574784303462,0.15370574784303462
PRC,795.18,0.19847958145162162,0.19847958145162162
PRC,797.11,-0.008297539211808378,0.008297539211808378
PRC,799.04,-0.046848229411685094,0.046848229411685094
PRC,800.97,0.05048805039641585,0.05048805039641585
PRC,802.89,-0.0946403235819827,0.0946403235819827
PRC,804.82,-0.029285841483744406,0.029285841483744406
PRC,806.75,-0.06546406252318783,0.06546406252318783
PRC,808.68,-0.07544540287554242,0.07544540287554242
PRC,810.61,0.05436337997518389,0.05436337997518389
PRC,812.53,0.16631976082001643,0.16631976082001643
PRC,814.46,-0.11590944733010558,0.11590944733010558
PRC,816.39,-0.024182890159672902,0.024182890159672902
PRC,818.32,0.02159623529797599,0.02159623529797599
PRC,820.25,0.00684676497273639,0.00684676497273639
PRC,822.17,0.0003478896198952577,0.0003478896198952577
PRC,824.1,0.035868882467871684,0.035868882467871684
PRC,826.03,0.01732414827034899,0.01732414827034899
PRC,827.96,-0.0015818577205135489,0.0015818577205135489
PRC,829.88,-0.013442752375690366,0.013442752375690366
PRC,831.81,-0.003995259298111233,0.003995259298111233
PRC,833.74,-0.00483540707882421,0.00483540707882421
PRC,835.67,-0.05628682559856235,0.05628682559856235
PRC,837.6,0.000573820932989541,0.000573820932989541
PRC,839.52,0.10487790564328438,0.10487790564328438
PRC,841.45,0.06248130552830052,0.06248130552830052
PRC,843.38,-0.08385388985854203,0.08385388985854203
PRC,845.31,-0.12896373772865308,0.12896373772865308
PRC,847.24,-0.0017289159844654106,0.0017289159844654106
PRC,849.16,0.1329592173410859,0.1329592173410859
PRC,851.09,-0.0097445901283912,0.0097445901283912
PRC,853.02,-0.08273089916778177,0.08273089916778177
PRC,854.95,-0.01854437625226062,0.01854437625226062
PRC,856.88,0.04837279115631433,0.04837279115631433
PRC,858.8,0.05842457228743433,0.05842457228743433
PRC,860.73,0.03827714688350723,0.03827714688350723
PRC,862.66,0.02153577799644184,0.02153577799644184
PRC,864.59,-0.06994990308183417,0.06994990308183417
PRC,866.51,0.010487781157963283,0.010487781157963283
PRC,868.44,0.06027923124080681,0.06027923124080681
PRC,870.37,-0.03963897532800832,0.03963897532800832
PRC,872.3,0.009427706599374298,0.009427706599374298
PRC,874.23,0.10323305264399651,0.10323305264399651
PRC,876.15,-0.011254778805216234,0.011254778805216234
PRC,878.08,-0.057551636331856705,0.057551636331856705
PRC,880.01,0.03405054963211881,0.03405054963211881
PRC,881.94,0.0228823902015775,0.0228823902015775
PRC,883.87,-0.0654937624233674,0.0654937624233674
PRC,885.79,0.008299398114741523,0.008299398114741523
PRC,887.72,0.015979226117540782,0.015979226117540782
PRC,889.65,0.022467295192291088,0.022467295192291088
PRC,891.58,0.04631671249616355,0.04631671249616355
PRC,893.51,-0.004875413112174912,0.004875413112174912
PRC,895.43,-0.005859172060477581,0.005859172060477581
PRC,897.36,-0.019444555110804087,0.019444555110804087
PRC,899.29,-0.04031954003364176,0.04031954003364176
PRC,901.22,-0.031334605890935105,0.031334605890935105
PRC,903.15,-0.01930032616667477,0.01930032616667477
PRC,905.07,0.01004302397105382,0.01004302397105382
PRC,907.0,0.0016474372677592513,0.0016474372677592513
PRC,908.93,-0.0036248652768985632,0.0036248652768985632
PRC,910.86,0.021308038456284272,0.021308038456284272
PRC,912.78,0.055173389526330684,0.055173389526330684
PRC,914.71,-0.04932497344454296,0.04932497344454296
PRC,916.64,-0.01871159382838601,0.01871159382838601
PRC,918.57,0.05035780153002064,0.05035780153002064
PRC,920.5,0.010590511524675938,0.010590511524675938
PRC,922.42,0.003857015485739829,0.003857015485739829
PRC,924.35,0.026326352694982336,0.026326352694982336
PRC,926.28,-0.011984497944088091,0.011984497944088091
PRC,928.21,-0.05027330163422658,0.05027330163422658
PRC,930.14,-0.016346057720629466,0.016346057720629466
PRC,932.06,-0.030560079432325433,0.030560079432325433
PRC,933.99,-0.007032035400500508,0.007032035400500508
PRC,935.92,-0.0005094045327353411,0.0005094045327353411
PRC,937.85,-0.011001042446180073,0.011001042446180073
PRC,939.78,-0.022522872777336802,0.022522872777336802
PRC,941.7,-0.015403926930261252,0.015403926930261252
PRC,943.63,-0.0015490106991879159,0.0015490106991879159
PRC,945.56,-0.0007286534762570969,0.0007286534762570969
PRC,947.49,0.009097135952033668,0.009097135952033668
PRC,949.41,-0.013012074640196384,0.013012074640196384
PRC,951.34,-0.05815067591309502,0.05815067591309502
PRC,953.27,0.016792264399595233,0.016792264399595233
PRC,955.2,0.0845721442099887,0.0845721442099887
PRC,957.13,0.005071509024844547,0.005071509024844547
PRC,959.05,-0.023233227857054197,0.023233227857054197
PRC,960.98,0.00962932289385747,0.00962932289385747
PRC,962.91,-0.03423528208010253,0.03423528208010253
PRC,964.84,-0.006214179559846942,0.006214179559846942
PRC,966.77,0.019337997181697306,0.019337997181697306
PRC,968.69,-0.008267464103455144,0.008267464103455144
PRC,970.62,-0.0207174937828289,0.0207174937828289
PRC,972.55,0.0006722232408962155,0.0006722232408962155
PRC,974.48,-0.0006721588295884493,0.0006721588295884493
PRC,976.41,0.048379155770574896,0.048379155770574896
PRC,978.33,0.06788283800186505,0.06788283800186505
PRC,980.26,0.011622891641311299,0.011622891641311299
PRC,982.19,-0.23061609634819547,0.23061609634819547
PRC,984.12,-0.38286022384485136,0.38286022384485136
PRC,986.04,-0.36655102270033085,0.36655102270033085
PRC,987.97,-0.41228591964310757,0.41228591964310757
PRC,989.9,-0.6283600804962394,0.6283600804962394
PRC,991.83,-0.5958815697805003,0.5958815697805003
PRC,993.76,-0.017638104110589956,0.017638104110589956
PRC,995.68,0.28468736746008266,0.28468736746008266
PRC,997.61,0.30259370295813987,0.30259370295813987
PRC,999.54,0.24156046607772902,0.24156046607772902
PRC,1001.47,0.13996136981252294,0.13996136981252294
PRC,1003.4,0.06817699756084797,0.06817699756084797
PRC,1005.32,0.021559661410042015,0.021559661410042015
PRC,1007.25,-0.0015697022803789393,0.0015697022803789393
PRC,1009.18,0.00451477164255204,0.00451477164255204
PRC,1011.11,-0.001376324766554224,0.001376324766554224
PRC,1013.04,0.006807977255738093,0.006807977255738093
PRC,1014.96,0.014736197377165278,0.014736197377165278
PRC,1016.89,0.006279587231188518,0.006279587231188518
PRC,1018.82,-0.005144194927485656,0.005144194927485656
PRC,1020.75,-0.007104760588938445,0.007104760588938445
PRC,1022.67,-0.0023432728310309294,0.0023432728310309294
PRC,1024.6,6.093575958696785e-05,6.093575958696785e-05
PRC,1026.53,0.00025844348566371163,0.00025844348566371163
PRC,1028.46,-0.0006625397925708839,0.0006625397925708839
PRC,1030.39,-0.0031988217663035503,0.0031988217663035503
PRC,1032.31,-0.00962139185427989,0.00962139185427989
PRC,1034.24,-0.010945921123085713,0.010945921123085713
PRC,1036.17,0.004238199846021697,0.004238199846021697
PRC,1038.1,0.0022082665261835607,0.0022082665261835607
PRC,1040.03,-0.010012494065552857,0.010012494065552857
PRC,1041.95,-0.005379284441830143,0.005379284441830143
PRC,1043.88,0.0022884931476293904,0.0022884931476293904
PRC,1045.81,0.004639223092421028,0.004639223092421028
PRC,1047.74,-5.057446558504473e-05,5.057446558504473e-05
PRC,1049.67,-0.0027601329400921276,0.0027601329400921276
PRC,1051.59,-0.00702515736451161,0.00702515736451161
PRC,1053.52,0.05230906100341354,0.05230906100341354
PRC,1055.45,0.025640071284399404,0.025640071284399404
PRC,1057.38,-0.0773593669569844,0.0773593669569844
PRC,1059.3,-0.005804411717408483,0.005804411717408483
PRC,1061.23,0.01768514650603048,0.01768514650603048
PRC,1063.16,-0.014528010664735497,0.014528010664735497
PRC,1065.09,0.028393968573895523,0.028393968573895523
PRC,1067.02,0.013541912543970818,0.013541912543970818
PRC,1068.94,-0.008928817311575594,0.008928817311575594
PRC,1070.87,-0.003460872833466163,0.003460872833466163
PRC,1072.8,0.05217393533783071,0.05217393533783071
PRC,1074.73,0.016576026742477365,0.016576026742477365
PRC,1076.66,-0.04119501479971267,0.04119501479971267
PRC,1078.58,-0.01834811117322942,0.01834811117322942
PRC,1080.51,-0.01785501690391817,0.01785501690391817
PRC,1082.44,0.03451806481868638,0.03451806481868638
PRC,1084.37,0.034222909777461605,0.034222909777461605
PRC,1086.3,0.00373760320649575,0.00373760320649575
PRC,1088.22,0.05631338728609088,0.05631338728609088
PRC,1090.15,-0.018837466003616795,0.018837466003616795
PRC,1092.08,-0.019004412584130718,0.019004412584130718
PRC,1094.01,0.00185991168031312,0.00185991168031312
PRC,1095.94,0.00024736061352526436,0.00024736061352526436
PRC,1097.86,0.0064961777517955465,0.0064961777517955465
PRC,1099.79,-0.007393697290182322,0.007393697290182322
PRC,1101.72,0.0048196052714322745,0.0048196052714322745
PRC,1103.65,0.0003005648935771219,0.0003005648935771219
PRC,1105.57,-0.0060487057662966725,0.0060487057662966725
PRC,1107.5,0.011090112421838154,0.011090112421838154
PRC,1109.43,0.013956800953633905,0.013956800953633905
PRC,1111.36,-0.010880335319959281,0.010880335319959281
PRC,1113.29,-0.004314078637137653,0.004314078637137653
PRC,1115.21,-0.0005666474856470922,0.0005666474856470922
PRC,1117.14,0.008955924772286331,0.008955924772286331
PRC,1119.07,0.0010401723286342904,0.0010401723286342904
PRC,1121.0,-0.0013747239135087441,0.0013747239135087441
PRC,1122.93,-0.00010346573131899391,0.00010346573131899391
PRC,1124.85,0.002285091016407463,0.002285091016407463
PRC,1126.78,-3.6844529249360654e-05,3.6844529249360654e-05
PRC,1128.71,-0.0053081540763781025,0.0053081540763781025
PRC,1130.64,-0.0015777440521927443,0.0015777440521927443
PRC,1132.57,-0.008004355448493572,0.008004355448493572
PRC,1134.49,0.004610954803957096,0.004610954803957096
PRC,1136.42,0.004073824616570676,0.004073824616570676
PRC,1138.35,0.006999364202621417,0.006999364202621417
PRC,1140.28,0.014705174559610313,0.014705174559610313
PRC,1142.2,-0.011473373679149173,0.011473373679149173
PRC,1144.13,0.041165859301659974,0.041165859301659974
PRC,1146.06,0.10347601404436772,0.10347601404436772
PRC,1147.99,0.03545613364208067,0.03545613364208067
PRC,1149.92,-0.06896071567856486,0.06896071567856486
PRC,1151.84,-0.10433290048397707,0.10433290048397707
PRC,1153.77,-0.010098303289985263,0.010098303289985263
PRC,1155.7,0.08815493690209175,0.08815493690209175
PRC,1157.63,0.05580249895445789,0.05580249895445789
PRC,1159.56,-0.03874091690755501,0.03874091690755501
PRC,1161.48,-0.0464865613101692,0.0464865613101692
PRC,1163.41,-0.029824013356368438,0.029824013356368438
PRC,1165.34,0.007292264935148534,0.007292264935148534
PRC,1167.27,0.0061792553182564965,0.0061792553182564965
PRC,1169.2,0.007988482560422332,0.007988482560422332
PRC,1171.12,-6.5749925885693e-05,6.5749925885693e-05
PRC,1173.05,-0.007193384001118005,0.007193384001118005
PRC,1174.98,0.011307472694093502,0.011307472694093502
PRC,1176.91,-0.025003680416622598,0.025003680416622598
PRC,1178.83,-0.04479296331223789,0.04479296331223789
PRC,1180.76,0.00901299987034698,0.00901299987034698
PRC,1182.69,0.020551583567232707,0.020551583567232707
PRC,1184.62,0.014085840819151945,0.014085840819151945
PRC,1186.55,-0.08330164423338561,0.08330164423338561
PRC,1188.47,-0.035261930946278934,0.035261930946278934
PRC,1190.4,0.07003549883427532,0.07003549883427532
PRC,1192.33,0.08859825859583167,0.08859825859583167
PRC,1194.26,-3.1442258656459364e-05,3.1442258656459364e-05
PRC,1196.19,-0.04319574655194357,0.04319574655194357
PRC,1198.11,0.028342768811250148,0.028342768811250148
PRC,1200.04,0.04476238538631164,0.04476238538631164
PRC,1201.97,0.07939532369816486,0.07939532369816486
PRC,1203.9,-0.004891194106754437,0.004891194106754437
PRC,1205.83,-0.1725451492997844,0.1725451492997844
PRC,1207.75,-0.06739397601990763,0.06739397601990763
PRC,1209.68,0.12386880976041705,0.12386880976041705
PRC,1211.61,0.03187267374491001,0.03187267374491001
PRC,1213.54,-0.02446640364720473,0.02446640364720473
PRC,1215.46,-0.01846412503742604,0.01846412503742604
PRC,1217.39,-0.02815287797534926,0.02815287797534926
PRC,1219.32,-0.06526837035624103,0.06526837035624103
PRC,1221.25,0.03469159825760628,0.03469159825760628
PRC,1223.18,0.03323419442239403,0.03323419442239403
PRC,1225.1,0.009637529968867827,0.009637529968867827
PRC,1227.03,0.02243884129944619,0.02243884129944619
PRC,1228.96,-0.01077036894255249,0.01077036894255249
PRC,1230.89,-0.04221156139433104,0.04221156139433104
PRC,1232.82,0.011310141081539228,0.011310141081539228
PRC,1234.74,0.07672985605355033,0.07672985605355033
PRC,1236.67,-0.000209559031793533,0.000209559031793533
PRC,1238.6,-0.02151741082365719,0.02151741082365719
PRC,1240.53,-0.020483231054796224,0.020483231054796224
PRC,1242.46,-0.05981671578886689,0.05981671578886689
PRC,1244.38,-0.026188584040363914,0.026188584040363914
PRC,1246.31,0.05812873215020576,0.05812873215020576
PRC,1248.24,-0.008636456116001548,0.008636456116001548
PRC,1250.17,-0.023094508129032697,0.023094508129032697
PRC,1252.09,0.0015771461442650296,0.0015771461442650296
PRC,1254.02,0.036849712172999885,0.036849712172999885
PRC,1255.95,-0.006655704743487623,0.006655704743487623
PRC,1257.88,0.004300352251403167,0.004300352251403167
PRC,1259.81,0.011444292949654912,0.011444292949654912
PRC,1261.73,-0.017195298509980403,0.017195298509980403
PRC,1263.66,-0.02303395451497266,0.02303395451497266
PRC,1265.59,-0.01984366549112896,0.01984366549112896
PRC,1267.52,0.027961692417165836,0.027961692417165836
PRC,1269.45,0.030794523203608586,0.030794523203608586
PRC,1271.37,0.012347844091953768,0.012347844091953768
PRC,1273.3,-0.0034257425542623906,0.0034257425542623906
PRC,1275.23,-0.02072292182119146,0.02072292182119146
PRC,1277.16,-0.0028626396508847907,0.0028626396508847907
PRC,1279.09,0.023247512683043803,0.023247512683043803
PRC,1281.01,0.0008453135420232092,0.0008453135420232092
PRC,1282.94,-0.02091864946979534,0.02091864946979534
PRC,1284.87,-0.013446223788288714,0.013446223788288714
PRC,1286.8,0.055619286336356884,0.055619286336356884
PRC,1288.73,0.04017704021645074,0.04017704021645074
PRC,1290.65,0.025992576550279672,0.025992576550279672
PRC,1292.58,0.001155737188402605,0.001155737188402605
PRC,1294.51,-0.04778126551833762,0.04778126551833762
PRC,1296.44,-0.038960558588182974,0.038960558588182974
PRC,1298.36,-0.016060799775709973,0.016060799775709973
PRC,1300.29,0.028240355376448024,0.028240355376448024
PRC,1302.22,0.05145080927552844,0.05145080927552844
PRC,1304.15,-0.045246307299815505,0.045246307299815505
PRC,1306.08,-0.07318562895680131,0.07318562895680131
PRC,1308.0,-0.02865257474569229,0.02865257474569229
PRC,1309.93,0.046158111929353436,0.046158111929353436
PRC,1311.86,-0.0020595964197131006,0.0020595964197131006
PRC,1313.79,-0.02417840279439221,0.02417840279439221
PRC,1315.72,0.01646326786615902,0.01646326786615902
PRC,1317.64,0.004871964088569862,0.004871964088569862
PRC,1319.57,0.00012368183271048859,0.00012368183271048859
PRC,1321.5,0.004328416735262212,0.004328416735262212
PRC,1323.43,0.007402061990167563,0.007402061990167563
PRC,1325.36,-0.009680967048912373,0.009680967048912373
PRC,1327.28,-0.022702080193856982,0.022702080193856982
PRC,1329.21,-0.058373644179372255,0.058373644179372255
PRC,1331.14,0.009694987583479246,0.009694987583479246
PRC,1333.07,0.004236444671539635,0.004236444671539635
PRC,1334.99,-0.007526759319221071,0.007526759319221071
PRC,1336.92,0.23378817306261437,0.23378817306261437
PRC,1338.85,0.32725600269102456,0.32725600269102456
PRC,1340.78,0.15560840836997974,0.15560840836997974
PRC,1342.71,-0.08908421807592352,0.08908421807592352
PRC,1344.63,-0.10859127064745895,0.10859127064745895
PRC,1346.56,0.03254421710476871,0.03254421710476871
PRC,1348.49,-0.04718954022817276,0.04718954022817276
PRC,1350.42,-0.023985373016267447,0.023985373016267447
PRC,1352.35,-0.1515850662573665,0.1515850662573665
PRC,1354.27,-0.06644867611182557,0.06644867611182557
PRC,1356.2,0.21314093401711043,0.21314093401711043
PRC,1358.13,0.16665437828429103,0.16665437828429103
PRC,1360.06,0.09767824417979337,0.09767824417979337
PRC,1361.99,-0.04870247683364188,0.04870247683364188
PRC,1363.91,-0.06896387115676567,0.06896387115676567
PRC,1365.84,-0.055122838112947416,0.055122838112947416
PRC,1367.77,-0.09926027451015484,0.09926027451015484
PRC,1369.7,-0.036934508621701986,0.036934508621701986
PRC,1371.62,0.06881094495418688,0.06881094495418688
PRC,1373.55,0.0396966394701257,0.0396966394701257
PRC,1375.48,0.025437456116890456,0.025437456116890456
PRC,1377.41,0.004751806907305824,0.004751806907305824
PRC,1379.34,-0.015367202150765414,0.015367202150765414
PRC,1381.26,-0.03270995837899689,0.03270995837899689
PRC,1383.19,0.0028230746308455994,0.0028230746308455994
PRC,1385.12,0.033017176033834396,0.033017176033834396
PRC,1387.05,-0.016992739293815156,0.016992739293815156
PRC,1388.98,-0.04970343056465274,0.04970343056465274
PRC,1390.9,0.040783391313282666,0.040783391313282666
PRC,1392.83,-0.0459464538888647,0.0459464538888647
PRC,1394.76,0.043111999501171526,0.043111999501171526
PRC,1396.69,0.045220860466518506,0.045220860466518506
PRC,1398.62,-0.07051349048096305,0.07051349048096305
PRC,1400.54,0.045928377124749835,0.045928377124749835
PRC,1402.47,-0.014206352657334458,0.014206352657334458
PRC,1404.4,0.009591493368848677,0.009591493368848677
PRC,1406.33,0.010164858732419926,0.010164858732419926
PRC,1408.25,-0.016282546207195322,0.016282546207195322
PRC,1410.18,0.003880298300901531,0.003880298300901531
PRC,1412.11,-0.00038923228766825954,0.00038923228766825954
PRC,1414.04,-0.06589929698675003,0.06589929698675003
PRC,1415.97,-0.007523257001302083,0.007523257001302083
PRC,1417.89,0.169809985668476,0.169809985668476
PRC,1419.82,-0.09449301958720498,0.09449301958720498
PRC,1421.75,0.15996446575233894,0.15996446575233894
PRC,1423.68,0.06780599175541699,0.06780599175541699
PRC,1425.61,-0.16837001331254162,0.16837001331254162
PRC,1427.53,-0.2815481575908409,0.2815481575908409
PRC,1429.46,-0.24748311211813356,0.24748311211813356
PRC,1431.39,0.14427096930834335,0.14427096930834335
PRC,1433.32,0.2672335695934904,0.2672335695934904
PRC,1435.25,0.3699179581747236,0.3699179581747236
PRC,1437.17,0.21742349357146143,0.21742349357146143
PRC,1439.1,-0.06491887962593987,0.06491887962593987
PRC,1441.03,0.18946555889506542,0.18946555889506542
PRC,1442.96,0.08994209801491297,0.08994209801491297
PRC,1444.89,0.023942845118477895,0.023942845118477895
PRC,1446.81,-0.08204433304296292,0.08204433304296292
PRC,1448.74,-0.1943248070035332,0.1943248070035332
PRC,1450.67,-0.05891258441959101,0.05891258441959101
PRC,1452.6,0.06181365970379379,0.06181365970379379
PRC,1454.52,0.05419848269466526,0.05419848269466526
PRC,1456.45,-0.015452257391900082,0.015452257391900082
PRC,1458.38,-0.055646881446542895,0.055646881446542895
PRC,1460.31,0.0014751421723584674,0.0014751421723584674
PRC,1462.24,-0.009139059885938303,0.009139059885938303
PRC,1464.16,0.03065321024267079,0.03065321024267079
PRC,1466.09,0.020257883912759848,0.020257883912759848
PRC,1468.02,-0.04144027285870866,0.04144027285870866
PRC,1469.95,0.025947932168435252,0.025947932168435252
PRC,1471.88,-0.04649873837585831,0.04649873837585831
PRC,1473.8,-0.05872346048112199,0.05872346048112199
PRC,1475.73,-0.014187121825542985,0.014187121825542985
PRC,1477.66,-0.016583064098218876,0.016583064098218876
PRC,1479.59,-0.010617992458143936,0.010617992458143936
PRC,1481.52,0.014877041427054297,0.014877041427054297
PRC,1483.44,0.07280326225549794,0.07280326225549794
PRC,1485.37,0.04287199373908133,0.04287199373908133
PRC,1487.3,-0.013460559124757765,0.013460559124757765
PRC,1489.23,-0.062171057476367315,0.062171057476367315
PRC,1491.15,-0.06446796619206012,0.06446796619206012
PRC,1493.08,0.01094544817041717,0.01094544817041717
PRC,1495.01,-0.01113431454022616,0.01113431454022616
PRC,1496.94,0.04264427090805732,0.04264427090805732
PRC,1498.87,0.019147977019777686,0.019147977019777686
PRC,1500.79,-0.003937842119733603,0.003937842119733603
PRC,1502.72,-0.029746257222229837,0.029746257222229837
PRC,1504.65,-0.03324251365203368,0.03324251365203368
PRC,1506.58,0.010589740563082142,0.010589740563082142
PRC,1508.51,-0.023726032210479257,0.023726032210479257
PRC,1510.43,0.003103656267340163,0.003103656267340163
PRC,1512.36,-0.005478263323913045,0.005478263323913045
PRC,1514.29,-0.0022789144493701647,0.0022789144493701647
PRC,1516.22,-0.012918194334446596,0.012918194334446596
PRC,1518.15,-0.0010020276024401114,0.0010020276024401114
PRC,1520.07,0.03242130113240042,0.03242130113240042
PRC,1522.0,0.028593012059220303,0.028593012059220303
PRC,1523.93,-0.013224952949523229,0.013224952949523229
PRC,1525.86,-0.0909351527922446,0.0909351527922446
PRC,1527.78,0.05033266830549573,0.05033266830549573
PRC,1529.71,0.021748046758444363,0.021748046758444363
PRC,1531.64,-0.07819138670027939,0.07819138670027939
PRC,1533.57,-0.003037127468825538,0.003037127468825538
PRC,1535.5,0.0702517747284871,0.0702517747284871
PRC,1537.42,-0.01789989121776092,0.01789989121776092
PRC,1539.35,-0.037717492314021585,0.037717492314021585
PRC,1541.28,-0.02835379708812234,0.02835379708812234
PRC,1543.21,-0.024396138299301304,0.024396138299301304
PRC,1545.14,-0.03820022448406909,0.03820022448406909
PRC,1547.06,-0.005186055380301705,0.005186055380301705
PRC,1548.99,0.03831979776208084,0.03831979776208084
PRC,1550.92,-0.04386179848264373,0.04386179848264373
PRC,1552.85,-0.07258759492863338,0.07258759492863338
PRC,1554.78,-0.02239403459883556,0.02239403459883556
PRC,1556.7,-0.11128019513525367,0.11128019513525367
PRC,1558.63,-0.05081308553034449,0.05081308553034449
PRC,1560.56,0.028271041162337064,0.028271041162337064
PRC,1562.49,0.00845430575836245,0.00845430575836245
PRC,1564.41,0.018232801426099482,0.018232801426099482
PRC,1566.34,0.0082587895562716,0.0082587895562716
PRC,1568.27,0.008022227996529244,0.008022227996529244
PRC,1570.2,-0.001014629367638506,0.001014629367638506
PRC,1572.13,-0.0004904358302682556,0.0004904358302682556
PRC,1574.05,0.0011444741905863908,0.0011444741905863908
PRC,1575.98,0.03617672497312121,0.03617672497312121
PRC,1577.91,-0.02239788085355196,0.02239788085355196
PRC,1579.84,-0.08864499230264403,0.08864499230264403
PRC,1581.77,-0.004307327745780797,0.004307327745780797
PRC,1583.69,-0.0251173225908979,0.0251173225908979
PRC,1585.62,-0.042860798166232006,0.042860798166232006
PRC,1587.55,0.09342634847020766,0.09342634847020766
PRC,1589.48,0.20703215466753935,0.20703215466753935
PRC,1591.41,0.11216222378274211,0.11216222378274211
PRC,1593.33,-0.10835504931169397,0.10835504931169397
PRC,1595.26,-0.1580667296409916,0.1580667296409916
PRC,1597.19,-0.2634942924399683,0.2634942924399683
PRC,1599.12,-0.10244086898321457,0.10244086898321457
PRC,1601.04,0.2141602326426368,0.2141602326426368
PRC,1602.97,0.02982676853573564,0.02982676853573564
PRC,1604.9,-0.06797552586293819,0.06797552586293819
PRC,1606.83,0.13664518671954096,0.13664518671954096
PRC,1608.76,0.07097878093852662,0.07097878093852662
PRC,1610.68,-0.08304888566942505,0.08304888566942505
PRC,1612.61,-0.3777680029003495,0.3777680029003495
PRC,1614.54,-0.2853589004815926,0.2853589004815926
PRC,1616.47,-0.06853495044599921,0.06853495044599921
PRC,1618.4,0.12424409225150994,0.12424409225150994
PRC,1620.32,0.07362383869995824,0.07362383869995824
PRC,1622.25,-0.06408339703410668,0.06408339703410668
PRC,1624.18,0.07754595835976984,0.07754595835976984
PRC,1626.11,0.06867172761014756,0.06867172761014756
PRC,1628.04,0.055758545697457536,0.055758545697457536
PRC,1629.96,0.12936726881332952,0.12936726881332952
PRC,1631.89,0.1433706755986339,0.1433706755986339
PRC,1633.82,-0.07802541021581463,0.07802541021581463
PRC,1635.75,-0.4594102341052244,0.4594102341052244
PRC,1637.68,-0.4046015829141056,0.4046015829141056
PRC,1639.6,0.34959692868651965,0.34959692868651965
PRC,1641.53,0.5177761785868951,0.5177761785868951
PRC,1643.46,0.3637313026848105,0.3637313026848105
PRC,1645.39,0.32854272277665025,0.32854272277665025
PRC,1647.31,0.042415483440855224,0.042415483440855224
PRC,1649.24,-0.1693969990938838,0.1693969990938838
PRC,1651.17,-0.050310014789270115,0.050310014789270115
PRC,1653.1,0.019213159809631158,0.019213159809631158
PRC,1655.03,-0.30101660166086436,0.30101660166086436
PRC,1656.95,-0.026361266911539418,0.026361266911539418
PRC,1658.88,0.4606002735789754,0.4606002735789754
PRC,1660.81,0.27041617165188064,0.27041617165188064
PRC,1662.74,-0.1536091103931692,0.1536091103931692
PRC,1664.67,-0.1278101744305781,0.1278101744305781
PRC,1666.59,-0.1716225739045644,0.1716225739045644
PRC,1668.52,-0.020443448498963297,0.020443448498963297
PRC,1670.45,0.3294154598219818,0.3294154598219818
PRC,1672.38,0.14549339426082755,0.14549339426082755
PRC,1674.31,-0.10417852104969443,0.10417852104969443
PRC,1676.23,-0.040105857875638425,0.040105857875638425
PRC,1678.16,-0.05420626621097489,0.05420626621097489
PRC,1680.09,-0.04634669291190587,0.04634669291190587
PRC,1682.02,0.1404891938164913,0.1404891938164913
PRC,1683.94,-0.031013991079715825,0.031013991079715825
PRC,1685.87,-0.21771872976624834,0.21771872976624834
PRC,1687.8,-0.007812259043029814,0.007812259043029814
PRC,1689.73,0.20171808489996496,0.20171808489996496
PRC,1691.66,0.11630084110644108,0.11630084110644108
PRC,1693.58,0.09695650163582294,0.09695650163582294
PRC,1695.51,-0.003729258989878968,0.003729258989878968
PRC,1697.44,-0.2713125517834035,0.2713125517834035
PRC,1699.37,-0.22651824963175124,0.22651824963175124
PRC,1701.3,0.025155951030889814,0.025155951030889814
PRC,1703.22,0.05772989398884065,0.05772989398884065
PRC,1705.15,0.06228961475122581,0.06228961475122581
PRC,1707.08,0.0702207487609371,0.0702207487609371
PRC,1709.01,0.051844427268869606,0.051844427268869606
PRC,1710.94,-0.012757852486125175,0.012757852486125175
PRC,1712.86,-0.033183497843415934,0.033183497843415934
PRC,1714.79,-0.04765448150108185,0.04765448150108185
PRC,1716.72,-0.05166170878104069,0.05166170878104069
PRC,1718.65,0.011559654045362069,0.011559654045362069
PRC,1720.57,0.004752427006089331,0.004752427006089331
PRC,1722.5,0.018371162741645578,0.018371162741645578
PRC,1724.43,0.012106282617214378,0.012106282617214378
PRC,1726.36,-0.0001354049033740654,0.0001354049033740654
PRC,1728.29,-0.0004331544929416207,0.0004331544929416207
PRC,1730.21,-0.002371912348601952,0.002371912348601952
PRC,1732.14,-0.0007947073327951879,0.0007947073327951879
PRC,1734.07,-0.0013768697112744993,0.0013768697112744993
PRC,1736.0,-0.0066035784525417425,0.0066035784525417425
PRC,1737.93,-0.015059582902550085,0.015059582902550085
PRC,1739.85,0.019028360954817195,0.019028360954817195
PRC,1741.78,0.012774443690776164,0.012774443690776164
PRC,1743.71,-0.006233675566223701,0.006233675566223701
PRC,1745.64,-0.004265401379840552,0.004265401379840552
PRC,1747.57,0.015264212563203908,0.015264212563203908
PRC,1749.49,0.049807427546918304,0.049807427546918304
PRC,1751.42,0.007711423527670678,0.007711423527670678
PRC,1753.35,-0.05717288376264514,0.05717288376264514
PRC,1755.28,0.010187897259776585,0.010187897259776585
PRC,1757.2,0.06728400780963262,0.06728400780963262
PRC,1759.13,0.0402394484361653,0.0402394484361653
PRC,1761.06,-0.15595987770540828,0.15595987770540828
PRC,1762.99,-0.04630187381343679,0.04630187381343679
PRC,1764.92,0.1540512967406429,0.1540512967406429
PRC,1766.84,-0.03302366641821284,0.03302366641821284
PRC,1768.77,-0.022360826475692194,0.022360826475692194
PRC,1770.7,0.008465369883413114,0.008465369883413114
PRC,1772.63,0.0001134589094128247,0.0001134589094128247
PRC,1774.56,-0.0030904972469176285,0.0030904972469176285
PRC,1776.48,-0.004859621368407521,0.004859621368407521
PRC,1778.41,0.017541464391950118,0.017541464391950118
PRC,1780.34,-0.00512652068555507,0.00512652068555507
PRC,1782.27,-0.01538303585516137,0.01538303585516137
PRC,1784.2,0.13842954661206416,0.13842954661206416
PRC,1786.12,-0.09035862972699228,0.09035862972699228
PRC,1788.05,-0.08660606853686265,0.08660606853686265
PRC,1789.98,0.04261682383803389,0.04261682383803389
PRC,1791.91,0.06463442998650304,0.06463442998650304
PRC,1793.83,0.0009881405205056605,0.0009881405205056605
PRC,1795.76,-0.01645287513319784,0.01645287513319784
PRC,1797.69,0.06506325372028107,0.06506325372028107
PRC,1799.62,0.004433918898094569,0.004433918898094569
PRC,1801.55,-0.06659874288408756,0.06659874288408756
PRC,1803.47,0.004675625094612651,0.004675625094612651
PRC,1805.4,0.02158632172510917,0.02158632172510917
PRC,1807.33,-0.005144743719554149,0.005144743719554149
PRC,1809.26,-0.037138016903140156,0.037138016903140156
PRC,1811.19,0.0916904279009472,0.0916904279009472
PRC,1813.11,-0.10322859476925299,0.10322859476925299
PRC,1815.04,-0.00868026019561945,0.00868026019561945
PRC,1816.97,0.18414895602811082,0.18414895602811082
PRC,1818.9,0.046364853601836085,0.046364853601836085
PRC,1820.83,-0.010175545989583389,0.010175545989583389
PRC,1822.75,-0.05795954174654684,0.05795954174654684
PRC,1824.68,-0.03689689033972478,0.03689689033972478
PRC,1826.61,-0.07651498393528663,0.07651498393528663
PRC,1828.54,0.014863027156688796,0.014863027156688796
PRC,1830.47,0.12689736004355764,0.12689736004355764
PRC,1832.39,0.007578731111671312,0.007578731111671312
PRC,1834.32,-0.12003548380547381,0.12003548380547381
PRC,1836.25,0.05714998998836061,0.05714998998836061
PRC,1838.18,-0.045111416954398555,0.045111416954398555
PRC,1840.1,-0.08585089270288239,0.08585089270288239
PRC,1842.03,0.08843277872330604,0.08843277872330604
PRC,1843.96,0.059151678223543565,0.059151678223543565
PRC,1845.89,-0.05720751262888436,0.05720751262888436
PRC,1847.82,-0.0015174643234612012,0.0015174643234612012
PRC,1849.74,-0.055900578439056596,0.055900578439056596
PRC,1851.67,0.012760723981853827,0.012760723981853827
PRC,1853.6,-0.0124543002556722,0.0124543002556722
PRC,1855.53,0.05961552883345733,0.05961552883345733
PRC,1857.46,-0.009845802534268857,0.009845802534268857
PRC,1859.38,-0.07604816970416052,0.07604816970416052
PRC,1861.31,0.07207027179735237,0.07207027179735237
PRC,1863.24,0.03733290841688775,0.03733290841688775
PRC,1865.17,-0.0548010115670252,0.0548010115670252
PRC,1867.1,-0.032620551526243415,0.032620551526243415
PRC,1869.02,-0.012101353958668152,0.012101353958668152
PRC,1870.95,0.05211307545503574,0.05211307545503574
PRC,1872.88,0.06845163290537258,0.06845163290537258
PRC,1874.81,-0.02391917693492626,0.02391917693492626
PRC,1876.73,0.04562931166952443,0.04562931166952443
PRC,1878.66,0.01561253417084257,0.01561253417084257
PRC,1880.59,-0.04421908505396895,0.04421908505396895
PRC,1882.52,-0.024173500211158768,0.024173500211158768
PRC,1884.45,0.005336076898107699,0.005336076898107699
PRC,1886.37,0.026465111764015906,0.026465111764015906
PRC,1888.3,-0.012962951273629161,0.012962951273629161
PRC,1890.23,0.001978865837606694,0.001978865837606694
PRC,1892.16,0.0070327142399240795,0.0070327142399240795
PRC,1894.09,-0.02651211912825757,0.02651211912825757
PRC,1896.01,-0.0031552605415539284,0.0031552605415539284
PRC,1897.94,0.03607115156653479,0.03607115156653479
PRC,1899.87,0.0058213174287957276,0.0058213174287957276
PRC,1901.8,0.012664539372098545,0.012664539372098545
PRC,1903.73,-0.0914564642211315,0.0914564642211315
PRC,1905.65,-0.027533821119912594,0.027533821119912594
PRC,1907.58,0.13272593505133465,0.13272593505133465
PRC,1909.51,-0.012624474565129981,0.012624474565129981
PRC,1911.44,-0.06785674965174676,0.06785674965174676
PRC,1913.36,0.029769897867497824,0.029769897867497824
PRC,1915.29,0.08142985886133715,0.08142985886133715
PRC,1917.22,-0.0072246276997065505,0.0072246276997065505
PRC,1919.15,-0.049484637573186385,0.049484637573186385
PRC,1921.08,-0.04089900590549789,0.04089900590549789
PRC,1923.0,-0.049945697377430986,0.049945697377430986
PRC,1924.93,0.05904979048948563,0.05904979048948563
PRC,1926.86,0.07059255095929937,0.07059255095929937
PRC,1928.79,-0.04116132357004438,0.04116132357004438
PRC,1930.72,-0.02284889578212589,0.02284889578212589
PRC,1932.64,0.031874371535886084,0.031874371535886084
PRC,1934.57,-0.034115083256761575,0.034115083256761575
PRC,1936.5,-0.04509353064994589,0.04509353064994589
PRC,1938.43,0.032077036484293026,0.032077036484293026
PRC,1940.36,-0.022288694194413823,0.022288694194413823
PRC,1942.28,0.02796215183153896,0.02796215183153896
PRC,1944.21,0.061953461220503915,0.061953461220503915
PRC,1946.14,-0.11321177773472607,0.11321177773472607
PRC,1948.07,0.021363463802350418,0.021363463802350418
PRC,1949.99,0.09772096833506726,0.09772096833506726
PRC,1951.92,-0.020368828332313918,0.020368828332313918
PRC,1953.85,-0.04192336164447323,0.04192336164447323
PRC,1955.78,0.05216098600132291,0.05216098600132291
PRC,1957.71,0.050720469868374154,0.050720469868374154
PRC,1959.63,-0.037397098109038004,0.037397098109038004
PRC,1961.56,-0.05431425191538939,0.05431425191538939
PRC,1963.49,0.045820489170659305,0.045820489170659305
PRC,1965.42,-0.0395505970180646,0.0395505970180646
PRC,1967.35,0.07716796948653959,0.07716796948653959
PRC,1969.27,0.016112492359090708,0.016112492359090708
PRC,1971.2,-0.04837253796769683,0.04837253796769683
PRC,1973.13,-0.009081827582708892,0.009081827582708892
PRC,1975.06,-0.016995244096202903,0.016995244096202903
PRC,1976.99,0.012746420042451034,0.012746420042451034
PRC,1978.91,0.06140368199234204,0.06140368199234204
PRC,1980.84,-0.03277025086612675,0.03277025086612675
PRC,1982.77,-0.015029833016817233,0.015029833016817233
PRC,1984.7,0.006480798934288029,0.006480798934288029
PRC,1986.62,0.0020788240726063033,0.0020788240726063033
PRC,1988.55,-0.06302445121916957,0.06302445121916957
PRC,1990.48,0.07727292456930808,0.07727292456930808
PRC,1992.41,0.019482930484898475,0.019482930484898475
PRC,1994.34,-0.0996132030336134,0.0996132030336134
PRC,1996.26,0.0360198540733876,0.0360198540733876
PRC,1998.19,-0.013797691548145754,0.013797691548145754
PRC,2000.12,-0.0009463445279070736,0.0009463445279070736
PRC,2002.05,0.01004684871793343,0.01004684871793343
PRC,2003.98,-0.0004285357794886874,0.0004285357794886874
PRC,2005.9,-0.00248119576027321,0.00248119576027321
PRC,2007.83,-0.0012110714475208424,0.0012110714475208424
PRC,2009.76,0.00244928781375119,0.00244928781375119
PRC,2011.69,-0.0004135367029997257,0.0004135367029997257
PRC,2013.62,0.005224361636555724,0.005224361636555724
PRC,2015.54,0.000648428642745959,0.000648428642745959
PRC,2017.47,-0.0026137122185020084,0.0026137122185020084
PRC,2019.4,0.00987372649023198,0.00987372649023198
PRC,2021.33,0.01455786397859653,0.01455786397859653
PRC,2023.26,-0.010617526794838423,0.010617526794838423
PRC,2025.18,-0.036333536782404405,0.036333536782404405
PRC,2027.11,0.01942449956680725,0.01942449956680725
PRC,2029.04,0.02798802218888556,0.02798802218888556
PRC,2030.97,-0.02770219604565315,0.02770219604565315
PRC,2032.89,-0.025464964020181967,0.025464964020181967
PRC,2034.82,0.03726248801043453,0.03726248801043453
PRC,2036.75,0.012215685926525534,0.012215685926525534
PRC,2038.68,-0.03447615743592281,0.03447615743592281
PRC,2040.61,0.04022826717681902,0.04022826717681902
PRC,2042.53,0.025522200874169523,0.025522200874169523
PRC,2044.46,0.0035353504905160493,0.0035353504905160493
PRC,2046.39,0.0008927660880882728,0.0008927660880882728
PRC,2048.32,-0.07344782290341338,0.07344782290341338
PRC,2050.25,0.0321028441796034,0.0321028441796034
PRC,2052.17,0.06711071482639346,0.06711071482639346
PRC,2054.1,-0.22537802375960922,0.22537802375960922
PRC,2056.03,-0.20820238932147392,0.20820238932147392
PRC,2057.96,0.04899903137447095,0.04899903137447095
PRC,2059.89,0.18324288846450776,0.18324288846450776
PRC,2061.81,0.16105908430635676,0.16105908430635676
PRC,2063.74,0.15169126050804438,0.15169126050804438
PRC,2065.67,0.05179994819858278,0.05179994819858278
PRC,2067.6,0.06903921702901804,0.06903921702901804
PRC,2069.52,0.027414261441311184,0.027414261441311184
PRC,2071.45,-0.2155492941408091,0.2155492941408091
PRC,2073.38,-0.38014166463485444,0.38014166463485444
PRC,2075.31,-0.18784449826494912,0.18784449826494912
PRC,2077.24,0.09165328701567635,0.09165328701567635
PRC,2079.16,0.18269608566981854,0.18269608566981854
PRC,2081.09,0.15212520037509045,0.15212520037509045
PRC,2083.02,0.10330857748040183,0.10330857748040183
PRC,2084.95,0.034988912234901845,0.034988912234901845
PRC,2086.88,0.02842824449815229,0.02842824449815229
PRC,2088.8,-0.005284454333826853,0.005284454333826853
PRC,2090.73,0.004340819170282502,0.004340819170282502
PRC,2092.66,0.024884211426090094,0.024884211426090094
PRC,2094.59,0.03552876972023556,0.03552876972023556
PRC,2096.52,0.025764381103852433,0.025764381103852433
PRC,2098.44,0.02336744888999845,0.02336744888999845
PRC,2100.37,0.04418166124851721,0.04418166124851721
PRC,2102.3,0.029501549034480483,0.029501549034480483
PRC,2104.23,0.009371646126017125,0.009371646126017125
PRC,2106.15,-0.05150021823313102,0.05150021823313102
PRC,2108.08,0.006164327100159336,0.006164327100159336
PRC,2110.01,0.03696801281432983,0.03696801281432983
PRC,2111.94,0.018142593664886273,0.018142593664886273
PRC,2113.87,-0.026614010731344458,0.026614010731344458
PRC,2115.79,-0.011900025963814561,0.011900025963814561
PRC,2117.72,0.008474510342304462,0.008474510342304462
PRC,2119.65,0.004041344664368222,0.004041344664368222
PRC,2121.58,-0.014778105067717897,0.014778105067717897
PRC,2123.51,0.006695586732571608,0.006695586732571608
PRC,2125.43,0.02831709306013522,0.02831709306013522
PRC,2127.36,-0.005509659148976668,0.005509659148976668
PRC,2129.29,-0.01644842290119741,0.01644842290119741
PRC,2131.22,0.06914033904811248,0.06914033904811248
PRC,2133.15,0.10044081916622812,0.10044081916622812
PRC,2135.07,0.006774692257098999,0.006774692257098999
PRC,2137.0,-0.05206260176419644,0.05206260176419644
PRC,2138.93,-0.0339094166717016,0.0339094166717016
PRC,2140.86,0.008716631986144908,0.008716631986144908
PRC,2142.78,-0.04461230370737118,0.04461230370737118
PRC,2144.71,-0.011764631345773068,0.011764631345773068
PRC,2146.64,-0.1337468979834042,0.1337468979834042
PRC,2148.57,0.167987512236498,0.167987512236498
PRC,2150.5,0.10243726495410632,0.10243726495410632
PRC,2152.42,-0.014611001951881381,0.014611001951881381
PRC,2154.35,-0.11689718990658732,0.11689718990658732
PRC,2156.28,-0.011555850076090859,0.011555850076090859
PRC,2158.21,0.03346158216187766,0.03346158216187766
PRC,2160.14,0.048352463541772125,0.048352463541772125
PRC,2162.06,-0.020619043108884225,0.020619043108884225
PRC,2163.99,-0.060816695492208465,0.060816695492208465
PRC,2165.92,-0.05455370215715114,0.05455370215715114
PRC,2167.85,0.04647545795371701,0.04647545795371701
PRC,2169.78,0.05809247628353138,0.05809247628353138
PRC,2171.7,0.07848296427925913,0.07848296427925913
PRC,2173.63,-0.07521592367869963,0.07521592367869963
PRC,2175.56,-0.12063872408605457,0.12063872408605457
PRC,2177.49,-0.05260477445016167,0.05260477445016167
PRC,2179.41,0.07932251425596247,0.07932251425596247
PRC,2181.34,0.0063939920954116155,0.0063939920954116155
PRC,2183.27,0.020942492389469654,0.020942492389469654
PRC,2185.2,0.05227059421751122,0.05227059421751122
PRC,2187.13,-0.056583593243615164,0.056583593243615164
PRC,2189.05,-0.03351516610550016,0.03351516610550016
PRC,2190.98,-0.0011946545341890483,0.0011946545341890483
PRC,2192.91,0.01527784533924165,0.01527784533924165
PRC,2194.84,0.018046597817944102,0.018046597817944102
PRC,2196.77,0.007432130457949482,0.007432130457949482
PRC,2198.69,-0.004569450213831941,0.004569450213831941
OVC,401.89,0.057169232498064944,0.057169232498064944
OVC,403.82,-0.017606667257888748,0.017606667257888748
OVC,405.75,-0.008006738762911737,0.008006738762911737
OVC,407.67,-4.416633124913507e-05,4.416633124913507e-05
OVC,409.6,-0.0038332152317267837,0.0038332152317267837
OVC,411.53,-0.006649446557418286,0.006649446557418286
OVC,413.46,0.00038106237213867344,0.00038106237213867344
OVC,415.39,-0.03084366653741457,0.03084366653741457
OVC,417.31,-0.014075268972768165,0.014075268972768165
OVC,419.24,0.026627913294103526,0.026627913294103526
OVC,421.17,-0.059938608530361405,0.059938608530361405
OVC,423.1,0.029476018568362055,0.029476018568362055
OVC,425.03,-0.00042143751641694017,0.00042143751641694017
OVC,426.95,-0.16416452835297365,0.16416452835297365
OVC,428.88,-0.11955642493671546,0.11955642493671546
OVC,430.81,0.10469732196846375,0.10469732196846375
OVC,432.74,0.0394848206916406,0.0394848206916406
OVC,434.67,-0.1999718964459867,0.1999718964459867
OVC,436.59,0.03644534891741747,0.03644534891741747
OVC,438.52,0.26939280292820444,0.26939280292820444
OVC,440.45,0.08551797664222952,0.08551797664222952
OVC,442.38,0.08341555334732631,0.08341555334732631
OVC,444.3,0.21134814535694899,0.21134814535694899
OVC,446.23,0.06796742260021416,0.06796742260021416
OVC,448.16,-0.037306393778968376,0.037306393778968376
OVC,450.09,0.06691248633246791,0.06691248633246791
OVC,452.02,0.025216414108471186,0.025216414108471186
OVC,453.94,-0.0758744253767919,0.0758744253767919
OVC,455.87,0.026322871154570767,0.026322871154570767
OVC,457.8,0.09640428351746862,0.09640428351746862
OVC,459.73,0.011359889497564451,0.011359889497564451
OVC,461.66,-0.00647041768306799,0.00647041768306799
OVC,463.58,0.016146432945659157,0.016146432945659157
OVC,465.51,0.0435506751781502,0.0435506751781502
OVC,467.44,-0.004654825746857885,0.004654825746857885
OVC,469.37,-0.019046151181705655,0.019046151181705655
OVC,471.3,0.002516006142818506,0.002516006142818506
OVC,473.22,-0.006155336779643377,0.006155336779643377
OVC,475.15,-0.01889903314810802,0.01889903314810802
OVC,477.08,-0.044196730409474055,0.044196730409474055
OVC,479.01,-0.02896706862369037,0.02896706862369037
OVC,480.93,0.0640584848227199,0.0640584848227199
OVC,482.86,0.04100275491520377,0.04100275491520377
OVC,484.79,0.007788723907367274,0.007788723907367274
OVC,486.72,0.0029627540636385182,0.0029627540636385182
OVC,488.65,-0.10379507888553723,0.10379507888553723
OVC,490.57,0.01926775074885632,0.01926775074885632
OVC,492.5,0.06232877602704531,0.06232877602704531
OVC,494.43,0.017475028711515295,0.017475028711515295
OVC,496.36,-0.05289416258553665,0.05289416258553665
OVC,498.29,-0.07593113297618617,0.07593113297618617
OVC,500.21,0.01694757048228356,0.01694757048228356
OVC,502.14,0.03522431520597933,0.03522431520597933
OVC,504.07,0.03851210949011161,0.03851210949011161
OVC,506.0,0.012674596210456053,0.012674596210456053
OVC,507.93,-0.04206311343537996,0.04206311343537996
OVC,509.85,0.0017989231573794884,0.0017989231573794884
OVC,511.78,-0.021285146198949546,0.021285146198949546
OVC,513.71,-0.009801744005295002,0.009801744005295002
OVC,515.64,0.004359253703751795,0.004359253703751795
OVC,517.57,0.009641907484096683,0.009641907484096683
OVC,519.49,-0.0036359649663478704,0.0036359649663478704
OVC,521.42,-0.03272157265633073,0.03272157265633073
OVC,523.35,-0.02299186685564124,0.02299186685564124
OVC,525.28,0.029647615403214703,0.029647615403214703
OVC,527.2,-0.012989431898918576,0.012989431898918576
OVC,529.13,-0.009444165664270775,0.009444165664270775
OVC,531.06,0.03801294020225832,0.03801294020225832
OVC,532.99,0.08186753636757767,0.08186753636757767
OVC,534.92,-0.012873643824936904,0.012873643824936904
OVC,536.84,-0.06842395271231663,0.06842395271231663
OVC,538.77,-0.007665005871723058,0.007665005871723058
OVC,540.7,0.007187687405706382,0.007187687405706382
OVC,542.63,-0.008034557367467068,0.008034557367467068
OVC,544.56,-0.021488571548529335,0.021488571548529335
OVC,546.48,-0.027912625222269657,0.027912625222269657
OVC,548.41,0.021403774815291248,0.021403774815291248
OVC,550.34,0.04053981763255817,0.04053981763255817
OVC,552.27,0.03192584334881609,0.03192584334881609
OVC,554.2,-0.007725010222663202,0.007725010222663202
OVC,556.12,-0.02251289306025452,0.02251289306025452
OVC,558.05,0.00295602158651765,0.00295602158651765
OVC,559.98,0.01521568843652754,0.01521568843652754
OVC,561.91,-0.0008337116511677059,0.0008337116511677059
OVC,563.83,-0.00033779699214658165,0.00033779699214658165
OVC,565.76,0.0027542888105332205,0.0027542888105332205
OVC,567.69,-0.0038034863337001305,0.0038034863337001305
OVC,569.62,-0.004243995052974527,0.004243995052974527
OVC,571.55,-0.001658600825141382,0.001658600825141382
OVC,573.47,0.0037129394889688864,0.0037129394889688864
OVC,575.4,0.008192914104895584,0.008192914104895584
OVC,577.33,-0.00073683765201167,0.00073683765201167
OVC,579.26,-0.009029430915049355,0.009029430915049355
OVC,581.19,0.01320205270854413,0.01320205270854413
OVC,583.11,0.008594300192341297,0.008594300192341297
OVC,585.04,-0.00010341595565163768,0.00010341595565163768
OVC,586.97,-0.01374755340273149,0.01374755340273149
OVC,588.9,0.0006633652767077201,0.0006633652767077201
OVC,590.83,0.0281221300445243,0.0281221300445243
OVC,592.75,0.004328864797696351,0.004328864797696351
OVC,594.68,-0.027843951654305532,0.027843951654305532
OVC,596.61,-0.009549942830115874,0.009549942830115874
OVC,598.54,-0.07898746115678534,0.07898746115678534
OVC,600.46,0.05583200213446486,0.05583200213446486
OVC,602.39,0.10962633909532946,0.10962633909532946
OVC,604.32,-0.09724482437260774,0.09724482437260774
OVC,606.25,-0.08764939203834185,0.08764939203834185
OVC,608.18,0.06323440665890254,0.06323440665890254
OVC,610.1,0.14375216965676535,0.14375216965676535
OVC,612.03,-0.04295784379491771,0.04295784379491771
OVC,613.96,-0.14235262062317636,0.14235262062317636
OVC,615.89,-0.033028481013330085,0.033028481013330085
OVC,617.82,-0.02380702194701577,0.02380702194701577
OVC,619.74,0.14766127563242631,0.14766127563242631
OVC,621.67,0.09120117550967055,0.09120117550967055
OVC,623.6,-0.039528222805243075,0.039528222805243075
OVC,625.53,0.016775434609622823,0.016775434609622823
OVC,627.46,0.05954521472624162,0.05954521472624162
OVC,629.38,0.0431187936202873,0.0431187936202873
OVC,631.31,0.010460111098109404,0.010460111098109404
OVC,633.24,0.0036945891706461407,0.0036945891706461407
OVC,635.17,0.00027056013048069557,0.00027056013048069557
OVC,637.09,0.0026148684375624366,0.0026148684375624366
OVC,639.02,0.00993153417481808,0.00993153417481808
OVC,640.95,0.017837660308794835,0.017837660308794835
OVC,642.88,0.019894952137565577,0.019894952137565577
OVC,644.81,0.020995558755580773,0.020995558755580773
OVC,646.73,-0.04378255531712691,0.04378255531712691
OVC,648.66,-0.07378923057565395,0.07378923057565395
OVC,650.59,0.07319385503675471,0.07319385503675471
OVC,652.52,0.13632922302400638,0.13632922302400638
OVC,654.45,-0.035433654462285295,0.035433654462285295
OVC,656.37,-0.0699055394528751,0.0699055394528751
OVC,658.3,0.029572318322575203,0.029572318322575203
OVC,660.23,0.016577793086556825,0.016577793086556825
OVC,662.16,-0.0063104628216351984,0.0063104628216351984
OVC,664.09,0.00882550097870271,0.00882550097870271
OVC,666.01,0.004546340745155053,0.004546340745155053
OVC,667.94,-0.0472808351482965,0.0472808351482965
OVC,669.87,0.05260617207258825,0.05260617207258825
OVC,671.8,0.02116099040953219,0.02116099040953219
OVC,673.72,-0.028472834607014805,0.028472834607014805
OVC,675.65,-0.09513749524030922,0.09513749524030922
OVC,677.58,-0.04930407233373443,0.04930407233373443
OVC,679.51,0.05892159808993807,0.05892159808993807
OVC,681.44,0.03676861784907818,0.03676861784907818
OVC,683.36,-0.03462734867004264,0.03462734867004264
OVC,685.29,-0.09122817457843845,0.09122817457843845
OVC,687.22,-0.08287339381966435,0.08287339381966435
OVC,689.15,0.04394544378309201,0.04394544378309201
OVC,691.08,0.12648847525571347,0.12648847525571347
OVC,693.0,0.054428958316930696,0.054428958316930696
OVC,694.93,0.01080908245508254,0.01080908245508254
OVC,696.86,0.01883809403174176,0.01883809403174176
OVC,698.79,0.006658355043948415,0.006658355043948415
OVC,700.72,-0.004062406780970129,0.004062406780970129
OVC,702.64,-0.1424247932958569,0.1424247932958569
OVC,704.57,-0.050698675259770364,0.050698675259770364
OVC,706.5,0.021943612991230557,0.021943612991230557
OVC,708.43,0.012472833725535553,0.012472833725535553
OVC,710.36,0.16193809184868269,0.16193809184868269
OVC,712.28,0.10180118056554414,0.10180118056554414
OVC,714.21,0.05733487704408834,0.05733487704408834
OVC,716.14,0.004055279718554127,0.004055279718554127
OVC,718.07,-0.0952765424414798,0.0952765424414798
OVC,719.99,-0.07598370663891543,0.07598370663891543
OVC,721.92,-0.1465070910408797,0.1465070910408797
OVC,723.85,-0.1339197177689687,0.1339197177689687
OVC,725.78,-0.12890457845103115,0.12890457845103115
OVC,727.71,-0.12227621463655296,0.12227621463655296
OVC,729.63,-0.1301188151541592,0.1301188151541592
OVC,731.56,-0.08716458161191622,0.08716458161191622
OVC,733.49,0.08255587562449641,0.08255587562449641
OVC,735.42,0.13990007104706156,0.13990007104706156
OVC,737.35,0.04149685999988249,0.04149685999988249
OVC,739.27,-0.056078907665014964,0.056078907665014964
OVC,741.2,-0.07084272769674374,0.07084272769674374
OVC,743.13,-0.032686881527945216,0.032686881527945216
OVC,745.06,0.012068971973033854,0.012068971973033854
OVC,746.99,0.001001366291575018,0.001001366291575018
OVC,748.91,-0.039271002750531185,0.039271002750531185
OVC,750.84,-0.0019474414328511682,0.0019474414328511682
OVC,752.77,0.046918765817780345,0.046918765817780345
OVC,754.7,0.04834321152448915,0.04834321152448915
OVC,756.62,0.035387575346712795,0.035387575346712795
OVC,758.55,-0.05845936939254031,0.05845936939254031
OVC,760.48,-0.057470550064893974,0.057470550064893974
OVC,762.41,0.014820070440600594,0.014820070440600594
OVC,764.34,0.032378742370060984,0.032378742370060984
OVC,766.26,0.011480833530026588,0.011480833530026588
OVC,768.19,0.0018145915764801422,0.0018145915764801422
OVC,770.12,0.01850058894956846,0.01850058894956846
OVC,772.05,0.0021704396739485932,0.0021704396739485932
OVC,773.98,-0.029369264699464995,0.029369264699464995
OVC,775.9,-0.030836117816361763,0.030836117816361763
OVC,777.83,0.0035573850713869373,0.0035573850713869373
OVC,779.76,-0.029860535468086494,0.029860535468086494
OVC,781.69,-0.011863090727887,0.011863090727887
OVC,783.62,0.0488520920389842,0.0488520920389842
OVC,785.54,0.06057568514979232,0.06057568514979232
OVC,787.47,-0.04820306964273123,0.04820306964273123
OVC,789.4,-0.2698727820499737,0.2698727820499737
OVC,791.33,-0.3171655231633797,0.3171655231633797
OVC,793.25,0.1490941650797179,0.1490941650797179
OVC,795.18,0.19242373199554302,0.19242373199554302
OVC,797.11,-0.007795448737481794,0.007795448737481794
OVC,799.04,-0.043035107012982646,0.043035107012982646
OVC,800.97,0.04638593374581909,0.04638593374581909
OVC,802.89,-0.08683339868914987,0.08683339868914987
OVC,804.82,-0.026299152167824486,0.026299152167824486
OVC,806.75,-0.05877507679874605,0.05877507679874605
OVC,808.68,-0.0671266593258026,0.0671266593258026
OVC,810.61,0.04581216738565231,0.04581216738565231
OVC,812.53,0.12522490889394572,0.12522490889394572
OVC,814.46,-0.06545712673223565,0.06545712673223565
OVC,816.39,-0.006492902033227246,0.006492902033227246
OVC,818.32,-0.0003833761730172214,0.0003833761730172214
OVC,820.25,-0.0006549902807854169,0.0006549902807854169
OVC,822.17,4.2229217088389527e-05,4.2229217088389527e-05
OVC,824.1,0.01199559447825444,0.01199559447825444
OVC,826.03,0.009420783973802284,0.009420783973802284
OVC,827.96,-0.0010265469018209817,0.0010265469018209817
OVC,829.88,-0.006421863304745054,0.006421863304745054
OVC,831.81,0.0017008116346271455,0.0017008116346271455
OVC,833.74,-0.007363606075467429,0.007363606075467429
OVC,835.67,-0.053099588636156284,0.053099588636156284
OVC,837.6,0.0004803771516604381,0.0004803771516604381
OVC,839.52,0.07172289112292692,0.07172289112292692
OVC,841.45,0.03462392928228089,0.03462392928228089
OVC,843.38,-0.04120432898272691,0.04120432898272691
OVC,845.31,-0.060986656552723235,0.060986656552723235
OVC,847.24,-0.0009055470657385911,0.0009055470657385911
OVC,849.16,0.08253791811609577,0.08253791811609577
OVC,851.09,-0.007398096951653112,0.007398096951653112
OVC,853.02,-0.0714128037221021,0.0714128037221021
OVC,854.95,-0.017741147326750105,0.017741147326750105
OVC,856.88,0.0503984369589439,0.0503984369589439
OVC,858.8,0.06432975421933508,0.06432975421933508
OVC,860.73,0.04389961402166541,0.04389961402166541
OVC,862.66,0.02575724639325803,0.02575724639325803
OVC,864.59,-0.08683901850656574,0.08683901850656574
OVC,866.51,0.013936457628771142,0.013936457628771142
OVC,868.44,0.08989923659796216,0.08989923659796216
OVC,870.37,-0.06580452599329654,0.06580452599329654
OVC,872.3,0.015151836545175748,0.015151836545175748
OVC,874.23,0.16182927459774182,0.16182927459774182
OVC,876.15,-0.017072706015669282,0.017072706015669282
OVC,878.08,-0.08587578760765173,0.08587578760765173
OVC,880.01,0.05330454363881084,0.05330454363881084
OVC,881.94,0.040944667235936816,0.040944667235936816
OVC,883.87,-0.14931937022873265,0.14931937022873265
OVC,885.79,0.026291442899629213,0.026291442899629213
OVC,887.72,0.06942692934524299,0.06942692934524299
OVC,889.65,0.10177594343984783,0.10177594343984783
OVC,891.58,0.17410515928996348,0.17410515928996348
OVC,893.51,-0.015285224002110555,0.015285224002110555
OVC,895.43,-0.013397100087824222,0.013397100087824222
OVC,897.36,-0.032645378437169546,0.032645378437169546
OVC,899.29,-0.04932347267898268,0.04932347267898268
OVC,901.22,-0.029064800130785606,0.029064800130785606
OVC,903.15,-0.01570696081178642,0.01570696081178642
OVC,905.07,0.006232330484889644,0.006232330484889644
OVC,907.0,-0.0009717053615306709,0.0009717053615306709
OVC,908.93,-0.007962497089480451,0.007962497089480451
OVC,910.86,0.028511932827892817,0.028511932827892817
OVC,912.78,0.07433793157953367,0.07433793157953367
OVC,914.71,-0.062259430070423956,0.062259430070423956
OVC,916.64,-0.02196532406161605,0.02196532406161605
OVC,918.57,0.06094505523574101,0.06094505523574101
OVC,920.5,0.013718912158527276,0.013718912158527276
OVC,922.42,0.004803414256457743,0.004803414256457743
OVC,924.35,0.029161884806125048,0.029161884806125048
OVC,926.28,-0.011816773308378823,0.011816773308378823
OVC,928.21,-0.045083881982463596,0.045083881982463596
OVC,930.14,-0.014752369079342636,0.014752369079342636
OVC,932.06,-0.03563557690472766,0.03563557690472766
OVC,933.99,-0.01785572029621511,0.01785572029621511
OVC,935.92,0.00289348777125662,0.00289348777125662
OVC,937.85,0.01933089248525385,0.01933089248525385
OVC,939.78,0.03537645219422734,0.03537645219422734
OVC,941.7,0.02855959345955892,0.02855959345955892
OVC,943.63,0.004338126466890725,0.004338126466890725
OVC,945.56,0.012163860030332908,0.012163860030332908
OVC,947.49,0.0320351387183673,0.0320351387183673
OVC,949.41,-0.0214761335780161,0.0214761335780161
OVC,951.34,-0.059189506002747985,0.059189506002747985
OVC,953.27,0.011958851925380511,0.011958851925380511
OVC,955.2,0.04758617316745551,0.04758617316745551
OVC,957.13,0.002395359001175397,0.002395359001175397
OVC,959.05,-0.009666620405303965,0.009666620405303965
OVC,960.98,0.004108093216199284,0.004108093216199284
OVC,962.91,-0.016564996921878218,0.016564996921878218
OVC,964.84,-0.003479523739857649,0.003479523739857649
OVC,966.77,0.013021085971029375,0.013021085971029375
OVC,968.69,-0.006575656967171271,0.006575656967171271
OVC,970.62,-0.017349738749449208,0.017349738749449208
OVC,972.55,0.0005691453072649056,0.0005691453072649056
OVC,974.48,-0.0005725985023427808,0.0005725985023427808
OVC,976.41,0.039942315039106224,0.039942315039106224
OVC,978.33,0.05446858375784537,0.05446858375784537
OVC,980.26,0.009376692298262233,0.009376692298262233
OVC,982.19,-0.1873195525319136,0.1873195525319136
OVC,984.12,-0.3082502727801928,0.3082502727801928
OVC,986.04,-0.28928482837034136,0.28928482837034136
OVC,987.97,-0.3132397753550168,0.3132397753550168
OVC,989.9,-0.4532211735390377,0.4532211735390377
OVC,991.83,-0.403107472596668,0.403107472596668
OVC,993.76,-0.010765501370915238,0.010765501370915238
OVC,995.68,0.14674155817433265,0.14674155817433265
OVC,997.61,0.1207038373975961,0.1207038373975961
OVC,999.54,0.05368091416847266,0.05368091416847266
OVC,1001.47,-0.0228676517662613,0.0228676517662613
OVC,1003.4,-0.08439279051462079,0.08439279051462079
OVC,1005.32,-0.13562564735439786,0.13562564735439786
OVC,1007.25,-0.05432530982720123,0.05432530982720123
OVC,1009.18,0.07941933874464106,0.07941933874464106
OVC,1011.11,0.0818037196584861,0.0818037196584861
OVC,1013.04,-0.04367811597771009,0.04367811597771009
OVC,1014.96,-0.04772717527685784,0.04772717527685784
OVC,1016.89,-0.014926593221784908,0.014926593221784908
OVC,1018.82,0.012658179212804143,0.012658179212804143
OVC,1020.75,0.02482443457871241,0.02482443457871241
OVC,1022.67,0.01812262742170922,0.01812262742170922
OVC,1024.6,0.000814054953080418,0.000814054953080418
OVC,1026.53,0.0008544753107245673,0.0008544753107245673
OVC,1028.46,-0.0014259535270886024,0.0014259535270886024
OVC,1030.39,-0.005954847369614897,0.005954847369614897
OVC,1032.31,-0.01683709242691289,0.01683709242691289
OVC,1034.24,-0.01943152188657705,0.01943152188657705
OVC,1036.17,0.007704856025032741,0.007704856025032741
OVC,1038.1,0.0048570292300771,0.0048570292300771
OVC,1040.03,-0.03516439564839329,0.03516439564839329
OVC,1041.95,-0.03443941495818964,0.03443941495818964
OVC,1043.88,0.017894019190059954,0.017894019190059954
OVC,1045.81,0.02176249398345777,0.02176249398345777
OVC,1047.74,-0.0002613159257294083,0.0002613159257294083
OVC,1049.67,-0.0031548972455167105,0.0031548972455167105
OVC,1051.59,-0.009668199196517893,0.009668199196517893
OVC,1053.52,0.059655949089287584,0.059655949089287584
OVC,1055.45,0.026150877463155715,0.026150877463155715
OVC,1057.38,-0.06543347172492148,0.06543347172492148
OVC,1059.3,-0.004202851504076551,0.004202851504076551
OVC,1061.23,0.011239608893753163,0.011239608893753163
OVC,1063.16,-0.007343435421805848,0.007343435421805848
OVC,1065.09,0.012746299828924418,0.012746299828924418
OVC,1067.02,0.006437476391307283,0.006437476391307283
OVC,1068.94,-0.004699761404893073,0.004699761404893073
OVC,1070.87,-0.0019005211945669418,0.0019005211945669418
OVC,1072.8,0.029460329296066252,0.029460329296066252
OVC,1074.73,0.010476343445991689,0.010476343445991689
OVC,1076.66,-0.030004615918787236,0.030004615918787236
OVC,1078.58,-0.015232638965650691,0.015232638965650691
OVC,1080.51,-0.014905418036556846,0.014905418036556846
OVC,1082.44,0.03003605469140953,0.03003605469140953
OVC,1084.37,0.03235505117064591,0.03235505117064591
OVC,1086.3,0.0036798212068254485,0.0036798212068254485
OVC,1088.22,0.05663951993668781,0.05663951993668781
OVC,1090.15,-0.02065590719514006,0.02065590719514006
OVC,1092.08,-0.02290834755383387,0.02290834755383387
OVC,1094.01,0.0023540596059051576,0.0023540596059051576
OVC,1095.94,0.0003589789072911957,0.0003589789072911957
OVC,1097.86,0.011455686311306227,0.011455686311306227
OVC,1099.79,-0.013141477095460116,0.013141477095460116
OVC,1101.72,0.009502260849005413,0.009502260849005413
OVC,1103.65,0.0006819125790129331,0.0006819125790129331
OVC,1105.57,-0.011829132934711474,0.011829132934711474
OVC,1107.5,0.016846829466966588,0.016846829466966588
OVC,1109.43,0.018345427870288554,0.018345427870288554
OVC,1111.36,-0.010284226854463743,0.010284226854463743
OVC,1113.29,-0.0006851370561709834,0.0006851370561709834
OVC,1115.21,0.0007352478638988818,0.0007352478638988818
OVC,1117.14,-0.018452143889759118,0.018452143889759118
OVC,1119.07,-0.0035328704154204997,0.0035328704154204997
OVC,1121.0,0.012685286782032632,0.012685286782032632
OVC,1122.93,0.0054982097746041755,0.0054982097746041755
OVC,1124.85,0.03096485913050216,0.03096485913050216
OVC,1126.78,-0.0004182086707018571,0.0004182086707018571
OVC,1128.71,-0.030172795503878917,0.030172795503878917
OVC,1130.64,-0.005370579576962256,0.005370579576962256
OVC,1132.57,-0.02698262653685473,0.02698262653685473
OVC,1134.49,0.022788484358346534,0.022788484358346534
OVC,1136.42,0.02695826356200733,0.02695826356200733
OVC,1138.35,0.04027783874320439,0.04027783874320439
OVC,1140.28,0.06274741620083178,0.06274741620083178
OVC,1142.2,-0.03980195659883342,0.03980195659883342
OVC,1144.13,0.11621369109801066,0.11621369109801066
OVC,1146.06,0.25586667726166046,0.25586667726166046
OVC,1147.99,0.07726831326453545,0.07726831326453545
OVC,1149.92,-0.1327186694001303,0.1327186694001303
OVC,1151.84,-0.17400805742532158,0.17400805742532158
OVC,1153.77,-0.014627061075598266,0.014627061075598266
OVC,1155.7,0.1113615347398043,0.1113615347398043
OVC,1157.63,0.06147197846330185,0.06147197846330185
OVC,1159.56,-0.03864522184470774,0.03864522184470774
OVC,1161.48,-0.04175491310508605,0.04175491310508605
OVC,1163.41,-0.022149851289331498,0.022149851289331498
OVC,1165.34,0.0052906065043706735,0.0052906065043706735
OVC,1167.27,0.005332197820866097,0.005332197820866097
OVC,1169.2,0.007980663287894752,0.007980663287894752
OVC,1171.12,-6.857039388634753e-05,6.857039388634753e-05
OVC,1173.05,-0.00794920841705451,0.00794920841705451
OVC,1174.98,0.01300388372902975,0.01300388372902975
OVC,1176.91,-0.02881945150339882,0.02881945150339882
OVC,1178.83,-0.046198320932759405,0.046198320932759405
OVC,1180.76,0.008189170905846647,0.008189170905846647
OVC,1182.69,0.0174044653424017,0.0174044653424017
OVC,1184.62,0.01123034363565967,0.01123034363565967
OVC,1186.55,-0.06286708555837346,0.06286708555837346
OVC,1188.47,-0.027088641112062828,0.027088641112062828
OVC,1190.4,0.052467246016895785,0.052467246016895785
OVC,1192.33,0.06856901963312502,0.06856901963312502
OVC,1194.26,-2.8381938810715374e-05,2.8381938810715374e-05
OVC,1196.19,-0.041951977601655185,0.041951977601655185
OVC,1198.11,0.026864649058643962,0.026864649058643962
OVC,1200.04,0.04317895413524376,0.04317895413524376
OVC,1201.97,0.07480741214564154,0.07480741214564154
OVC,1203.9,-0.004223614363762728,0.004223614363762728
OVC,1205.83,-0.14443170587177231,0.14443170587177231
OVC,1207.75,-0.05739937860229526,0.05739937860229526
OVC,1209.68,0.10312266696968703,0.10312266696968703
OVC,1211.61,0.02628696614774965,0.02628696614774965
OVC,1213.54,-0.020603151928367532,0.020603151928367532
OVC,1215.46,-0.014962461766206695,0.014962461766206695
OVC,1217.39,-0.021869476648631876,0.021869476648631876
OVC,1219.32,-0.051885708556951904,0.051885708556951904
OVC,1221.25,0.026893601368310757,0.026893601368310757
OVC,1223.18,0.0260069265797867,0.0260069265797867
OVC,1225.1,0.009062596793624445,0.009062596793624445
OVC,1227.03,0.02433121324690981,0.02433121324690981
OVC,1228.96,-0.013172211222612596,0.013172211222612596
OVC,1230.89,-0.052582671439549554,0.052582671439549554
OVC,1232.82,0.01340006492144642,0.01340006492144642
OVC,1234.74,0.09434490424281458,0.09434490424281458
OVC,1236.67,-0.0003265114970931374,0.0003265114970931374
OVC,1238.6,-0.04049899917853645,0.04049899917853645
OVC,1240.53,-0.03518152798460703,0.03518152798460703
OVC,1242.46,-0.08217124706721834,0.08217124706721834
OVC,1244.38,-0.031851256769987735,0.031851256769987735
OVC,1246.31,0.06279165808802688,0.06279165808802688
OVC,1248.24,-0.008342310235585538,0.008342310235585538
OVC,1250.17,-0.019636703952793485,0.019636703952793485
OVC,1252.09,0.0011906650807579893,0.0011906650807579893
OVC,1254.02,0.027440864610770936,0.027440864610770936
OVC,1255.95,-0.00625294391141546,0.00625294391141546
OVC,1257.88,0.00568016655478646,0.00568016655478646
OVC,1259.81,0.023625759468685312,0.023625759468685312
OVC,1261.73,-0.04485758051126642,0.04485758051126642
OVC,1263.66,-0.06347713993449368,0.06347713993449368
OVC,1265.59,-0.05152627245155202,0.05152627245155202
OVC,1267.52,0.05873607523037166,0.05873607523037166
OVC,1269.45,0.05773796131790993,0.05773796131790993
OVC,1271.37,0.021342964867912827,0.021342964867912827
OVC,1273.3,-0.005548838368303511,0.005548838368303511
OVC,1275.23,-0.035495959984486375,0.035495959984486375
OVC,1277.16,-0.0055835246612896475,0.0055835246612896475
OVC,1279.09,0.04825183202917235,0.04825183202917235
OVC,1281.01,0.0017303941907981146,0.0017303941907981146
OVC,1282.94,-0.04171666721322205,0.04171666721322205
OVC,1284.87,-0.027907090901107847,0.027907090901107847
OVC,1286.8,0.12644529632519796,0.12644529632519796
OVC,1288.73,0.09870644912510262,0.09870644912510262
OVC,1290.65,0.06621038936697429,0.06621038936697429
OVC,1292.58,0.0030993574600833036,0.0030993574600833036
OVC,1294.51,-0.1299950651743997,0.1299950651743997
OVC,1296.44,-0.09755971185420105,0.09755971185420105
OVC,1298.36,-0.03440342631855539,0.03440342631855539
OVC,1300.29,0.05583589096388049,0.05583589096388049
OVC,1302.22,0.10163908118214807,0.10163908118214807
OVC,1304.15,-0.09305490097155242,0.09305490097155242
OVC,1306.08,-0.16413049658310724,0.16413049658310724
OVC,1308.0,-0.06986074532148581,0.06986074532148581
OVC,1309.93,0.11984900309571746,0.11984900309571746
OVC,1311.86,-0.006105030849956288,0.006105030849956288
OVC,1313.79,-0.08358882252693992,0.08358882252693992
OVC,1315.72,0.08552215663327795,0.08552215663327795
OVC,1317.64,0.045078117195239055,0.045078117195239055
OVC,1319.57,0.005636539146545447,0.005636539146545447
OVC,1321.5,-0.025834428546466417,0.025834428546466417
OVC,1323.43,-0.015949004589394817,0.015949004589394817
OVC,1325.36,0.010698181430675729,0.010698181430675729
OVC,1327.28,0.01318849731187138,0.01318849731187138
OVC,1329.21,0.01078943766237144,0.01078943766237144
OVC,1331.14,0.00048042819981684946,0.00048042819981684946
OVC,1333.07,0.0007930826352222027,0.0007930826352222027
OVC,1334.99,-0.0021357327123823116,0.0021357327123823116
OVC,1336.92,0.0869274525015923,0.0869274525015923
OVC,1338.85,0.15457684857243953,0.15457684857243953
OVC,1340.78,0.08542284605798589,0.08542284605798589
OVC,1342.71,-0.05301326861330749,0.05301326861330749
OVC,1344.63,-0.06754384516262428,0.06754384516262428
OVC,1346.56,0.02039274797410783,0.02039274797410783
OVC,1348.49,-0.02904417913787257,0.02904417913787257
OVC,1350.42,-0.014478623904928035,0.014478623904928035
OVC,1352.35,-0.08942362391417528,0.08942362391417528
OVC,1354.27,-0.03742805294780607,0.03742805294780607
OVC,1356.2,0.1138479483309988,0.1138479483309988
OVC,1358.13,0.08456362689017038,0.08456362689017038
OVC,1360.06,0.04226225909369073,0.04226225909369073
OVC,1361.99,-0.015120933700023959,0.015120933700023959
OVC,1363.91,-0.012774832790223834,0.012774832790223834
OVC,1365.84,-0.004207389226789387,0.004207389226789387
OVC,1367.77,0.003598029964429656,0.003598029964429656
OVC,1369.7,0.004966525088329188,0.004966525088329188
OVC,1371.62,-0.003638713569825743,0.003638713569825743
OVC,1373.55,0.007529855090792871,0.007529855090792871
OVC,1375.48,0.011916675067489429,0.011916675067489429
OVC,1377.41,0.0032903869918407165,0.0032903869918407165
OVC,1379.34,-0.01334982807642441,0.01334982807642441
OVC,1381.26,-0.03466554754156546,0.03466554754156546
OVC,1383.19,0.0031679610929600858,0.0031679610929600858
OVC,1385.12,0.03504559688605967,0.03504559688605967
OVC,1387.05,-0.01697506919271462,0.01697506919271462
OVC,1388.98,-0.04810428668858602,0.04810428668858602
OVC,1390.9,0.041520635340098484,0.041520635340098484
OVC,1392.83,-0.047801327742393214,0.047801327742393214
OVC,1394.76,0.04501213326012907,0.04501213326012907
OVC,1396.69,0.049369695854366964,0.049369695854366964
OVC,1398.62,-0.08303615103178795,0.08303615103178795
OVC,1400.54,0.05446888306989418,0.05446888306989418
OVC,1402.47,-0.015550593952848852,0.015550593952848852
OVC,1404.4,0.008672898640730184,0.008672898640730184
OVC,1406.33,0.006342531170894049,0.006342531170894049
OVC,1408.25,-0.002738821638257891,0.002738821638257891
OVC,1410.18,-0.0036038058367722204,0.0036038058367722204
OVC,1412.11,-0.0015508645864578698,0.0015508645864578698
OVC,1414.04,-0.07052863092616901,0.07052863092616901
OVC,1415.97,-0.005554199673428747,0.005554199673428747
OVC,1417.89,0.11808213651287354,0.11808213651287354
OVC,1419.82,-0.06430192352373995,0.06430192352373995
OVC,1421.75,0.10224198903932007,0.10224198903932007
OVC,1423.68,0.04348416022812209,0.04348416022812209
OVC,1425.61,-0.10774810956460296,0.10774810956460296
OVC,1427.53,-0.17617585172031935,0.17617585172031935
OVC,1429.46,-0.15088380380282915,0.15088380380282915
OVC,1431.39,0.08615459259244392,0.08615459259244392
OVC,1433.32,0.16051932646088685,0.16051932646088685
OVC,1435.25,0.23486738131801255,0.23486738131801255
OVC,1437.17,0.15284778979187896,0.15284778979187896
OVC,1439.1,-0.05188384110347735,0.05188384110347735
OVC,1441.03,0.17488679714858116,0.17488679714858116
OVC,1442.96,0.09756649923600555,0.09756649923600555
OVC,1444.89,0.028126258801155535,0.028126258801155535
OVC,1446.81,-0.0970505393626982,0.0970505393626982
OVC,1448.74,-0.2266480258732517,0.2266480258732517
OVC,1450.67,-0.06676086534329705,0.06676086534329705
OVC,1452.6,0.06978759529617642,0.06978759529617642
OVC,1454.52,0.06485564515917583,0.06485564515917583
OVC,1456.45,-0.019688247744593195,0.019688247744593195
OVC,1458.38,-0.07648981340012599,0.07648981340012599
OVC,1460.31,0.0021921662567746434,0.0021921662567746434
OVC,1462.24,-0.01428076635353866,0.01428076635353866
OVC,1464.16,0.04778777078438646,0.04778777078438646
OVC,1466.09,0.030397058528486245,0.030397058528486245
OVC,1468.02,-0.06299961403318391,0.06299961403318391
OVC,1469.95,0.04117041363998415,0.04117041363998415
OVC,1471.88,-0.07551696547536803,0.07551696547536803
OVC,1473.8,-0.1017898187210903,0.1017898187210903
OVC,1475.73,-0.025141769794680434,0.025141769794680434
OVC,1477.66,-0.02911648989359515,0.02911648989359515
OVC,1479.59,-0.01922441437256981,0.01922441437256981
OVC,1481.52,0.027167568912035586,0.027167568912035586
OVC,1483.44,0.12514930986276085,0.12514930986276085
OVC,1485.37,0.0715837611010257,0.0715837611010257
OVC,1487.3,-0.022350950248419803,0.022350950248419803
OVC,1489.23,-0.09530160582055598,0.09530160582055598
OVC,1491.15,-0.0995061004871781,0.0995061004871781
OVC,1493.08,0.01701690012498784,0.01701690012498784
OVC,1495.01,-0.01679912921693422,0.01679912921693422
OVC,1496.94,0.06193888854455771,0.06193888854455771
OVC,1498.87,0.02739298716813904,0.02739298716813904
OVC,1500.79,-0.00529702714373226,0.00529702714373226
OVC,1502.72,-0.03642614224104827,0.03642614224104827
OVC,1504.65,-0.03897550693388326,0.03897550693388326
OVC,1506.58,0.011374010496898098,0.011374010496898098
OVC,1508.51,-0.026691592945722376,0.026691592945722376
OVC,1510.43,0.015573313937075377,0.015573313937075377
OVC,1512.36,0.02634032683134949,0.02634032683134949
OVC,1514.29,0.0035317670402797547,0.0035317670402797547
OVC,1516.22,0.009176580351418459,0.009176580351418459
OVC,1518.15,0.0003558836890043156,0.0003558836890043156
OVC,1520.07,-0.0018236793555239156,0.0018236793555239156
OVC,1522.0,0.003634829038902063,0.003634829038902063
OVC,1523.93,-0.002126061341307508,0.002126061341307508
OVC,1525.86,-0.015102154373660862,0.015102154373660862
OVC,1527.78,0.008955954135617587,0.008955954135617587
OVC,1529.71,0.003144390489793255,0.003144390489793255
OVC,1531.64,-0.015744497350033474,0.015744497350033474
OVC,1533.57,-0.0009832880381475248,0.0009832880381475248
OVC,1535.5,0.026600600198205603,0.026600600198205603
OVC,1537.42,-0.006111770921149597,0.006111770921149597
OVC,1539.35,-0.011644344414023865,0.011644344414023865
OVC,1541.28,-0.008617098649507056,0.008617098649507056
OVC,1543.21,-0.006990821939653311,0.006990821939653311
OVC,1545.14,-0.010409489926006515,0.010409489926006515
OVC,1547.06,-0.001355489755758258,0.001355489755758258
OVC,1548.99,0.009001748343837017,0.009001748343837017
OVC,1550.92,-0.008926493801800885,0.008926493801800885
OVC,1552.85,-0.012087691047693533,0.012087691047693533
OVC,1554.78,-0.0019372041211864666,0.0019372041211864666
OVC,1556.7,0.007629028688744635,0.007629028688744635
OVC,1558.63,0.014428666523613002,0.014428666523613002
OVC,1560.56,-0.015211088984541831,0.015211088984541831
OVC,1562.49,-0.008090946538690526,0.008090946538690526
OVC,1564.41,-0.025544314984431684,0.025544314984431684
OVC,1566.34,-0.017721674750906302,0.017721674750906302
OVC,1568.27,-0.034429040920236034,0.034429040920236034
OVC,1570.2,0.01031343456545683,0.01031343456545683
OVC,1572.13,-0.00975506461478366,0.00975506461478366
OVC,1574.05,0.0067589275771203225,0.0067589275771203225
OVC,1575.98,0.1268249707349662,0.1268249707349662
OVC,1577.91,-0.054923283294756715,0.054923283294756715
OVC,1579.84,-0.190096758189526,0.190096758189526
OVC,1581.77,-0.008642640691394267,0.008642640691394267
OVC,1583.69,-0.04581734593440031,0.04581734593440031
OVC,1585.62,-0.06931616247295402,0.06931616247295402
OVC,1587.55,0.13709424377423116,0.13709424377423116
OVC,1589.48,0.2780424287563523,0.2780424287563523
OVC,1591.41,0.15063142500654172,0.15063142500654172
OVC,1593.33,-0.15175659632444394,0.15175659632444394
OVC,1595.26,-0.21325085427365187,0.21325085427365187
OVC,1597.19,-0.3388419497076283,0.3388419497076283
OVC,1599.12,-0.12633262469620896,0.12633262469620896
OVC,1601.04,0.24624031077305805,0.24624031077305805
OVC,1602.97,0.031661963391303,0.031661963391303
OVC,1604.9,-0.06601908867017413,0.06601908867017413
OVC,1606.83,0.12263554780468801,0.12263554780468801
OVC,1608.76,0.05990237201056318,0.05990237201056318
OVC,1610.68,-0.06877271802108963,0.06877271802108963
OVC,1612.61,-0.31520192138253716,0.31520192138253716
OVC,1614.54,-0.23771817818810295,0.23771817818810295
OVC,1616.47,-0.05973172726755582,0.05973172726755582
OVC,1618.4,0.11231915845658552,0.11231915845658552
OVC,1620.32,0.06745453691013199,0.06745453691013199
OVC,1622.25,-0.061478679923957454,0.061478679923957454
OVC,1624.18,0.07822839221618944,0.07822839221618944
OVC,1626.11,0.07099514103024969,0.07099514103024969
OVC,1628.04,0.057360627138017005,0.057360627138017005
OVC,1629.96,0.13540932131213798,0.13540932131213798
OVC,1631.89,0.15071012203898987,0.15071012203898987
OVC,1633.82,-0.0784887584592374,0.0784887584592374
OVC,1635.75,-0.4523623674703866,0.4523623674703866
OVC,1637.68,-0.3897072670137866,0.3897072670137866
OVC,1639.6,0.32467976376813423,0.32467976376813423
OVC,1641.53,0.4715493620552419,0.4715493620552419
OVC,1643.46,0.3277336146137973,0.3277336146137973
OVC,1645.39,0.2986034377026325,0.2986034377026325
OVC,1647.31,0.040423366067610815,0.040423366067610815
OVC,1649.24,-0.17118673112958943,0.17118673112958943
OVC,1651.17,-0.05301606251914288,0.05301606251914288
OVC,1653.1,0.020970943704449786,0.020970943704449786
OVC,1655.03,-0.33671114340805053,0.33671114340805053
OVC,1656.95,-0.029506553854845654,0.029506553854845654
OVC,1658.88,0.4935786056363565,0.4935786056363565
OVC,1660.81,0.28088616515623754,0.28088616515623754
OVC,1662.74,-0.15304930943368097,0.15304930943368097
OVC,1664.67,-0.122751456303456,0.122751456303456
OVC,1666.59,-0.16546085126217594,0.16546085126217594
OVC,1668.52,-0.019794009607581303,0.019794009607581303
OVC,1670.45,0.3187109731379063,0.3187109731379063
OVC,1672.38,0.14663841685234802,0.14663841685234802
OVC,1674.31,-0.10938090200162516,0.10938090200162516
OVC,1676.23,-0.04382313977672606,0.04382313977672606
OVC,1678.16,-0.061576009851733,0.061576009851733
OVC,1680.09,-0.054209652272679085,0.054209652272679085
OVC,1682.02,0.16952101359866306,0.16952101359866306
OVC,1683.94,-0.03922137584913774,0.03922137584913774
OVC,1685.87,-0.28376177585315865,0.28376177585315865
OVC,1687.8,-0.010443154538585351,0.010443154538585351
OVC,1689.73,0.2702507474637,0.2702507474637
OVC,1691.66,0.15905644854435755,0.15905644854435755
OVC,1693.58,0.13596711717189694,0.13596711717189694
OVC,1695.51,-0.00529554571624144,0.00529554571624144
OVC,1697.44,-0.4071572072025342,0.4071572072025342
OVC,1699.37,-0.3669276388032204,0.3669276388032204
OVC,1701.3,0.04309624164218923,0.04309624164218923
OVC,1703.22,0.10388629986883281,0.10388629986883281
OVC,1705.15,0.12292152331605546,0.12292152331605546
OVC,1707.08,0.15063333548962177,0.15063333548962177
OVC,1709.01,0.10381313659448878,0.10381313659448878
OVC,1710.94,-0.022581956780463465,0.022581956780463465
OVC,1712.86,-0.053279405525012535,0.053279405525012535
OVC,1714.79,-0.07338366369274697,0.07338366369274697
OVC,1716.72,-0.08496898112716766,0.08496898112716766
OVC,1718.65,0.021306104106386767,0.021306104106386767
OVC,1720.57,0.009394784974266426,0.009394784974266426
OVC,1722.5,0.04216234561792544,0.04216234561792544
OVC,1724.43,0.04058452210992531,0.04058452210992531
OVC,1726.36,-0.000741209411831104,0.000741209411831104
OVC,1728.29,-0.0019156585402690743,0.0019156585402690743
OVC,1730.21,-0.01184054712311227,0.01184054712311227
OVC,1732.14,-0.0060878228402086385,0.0060878228402086385
OVC,1734.07,0.027976913068803042,0.027976913068803042
OVC,1736.0,0.013678431226304834,0.013678431226304834
OVC,1737.93,0.016446482060638402,0.016446482060638402
OVC,1739.85,-0.014883131017481902,0.014883131017481902
OVC,1741.78,-0.007200552412965173,0.007200552412965173
OVC,1743.71,0.0016334217647956198,0.0016334217647956198
OVC,1745.64,6.723017840165612e-05,6.723017840165612e-05
OVC,1747.57,0.0009971950564394622,0.0009971950564394622
OVC,1749.49,0.006734614559662728,0.006734614559662728
OVC,1751.42,0.001728156834293891,0.001728156834293891
OVC,1753.35,-0.013326193155395077,0.013326193155395077
OVC,1755.28,0.0033235702907723854,0.0033235702907723854
OVC,1757.2,0.026517369184936582,0.026517369184936582
OVC,1759.13,0.01480798882663794,0.01480798882663794
OVC,1761.06,-0.05916851634733863,0.05916851634733863
OVC,1762.99,-0.021662917161062462,0.021662917161062462
OVC,1764.92,0.082495353380441,0.082495353380441
OVC,1766.84,-0.014125624271890133,0.014125624271890133
OVC,1768.77,-0.009401685126756725,0.009401685126756725
OVC,1770.7,0.003144615227540227,0.003144615227540227
OVC,1772.63,4.303396023760938e-05,4.303396023760938e-05
OVC,1774.56,-0.002097735623117758,0.002097735623117758
OVC,1776.48,-0.003950353015086751,0.003950353015086751
OVC,1778.41,0.014601076454383648,0.014601076454383648
OVC,1780.34,-0.004568533689627293,0.004568533689627293
OVC,1782.27,-0.015019437255109055,0.015019437255109055
OVC,1784.2,0.1378969531286164,0.1378969531286164
OVC,1786.12,-0.08262962263862225,0.08262962263862225
OVC,1788.05,-0.08501812708986066,0.08501812708986066
OVC,1789.98,0.04548041410750195,0.04548041410750195
OVC,1791.91,0.06965019039012886,0.06965019039012886
OVC,1793.83,0.0010589027228601893,0.0010589027228601893
OVC,1795.76,-0.018607328006383622,0.018607328006383622
OVC,1797.69,0.07778259913717442,0.07778259913717442
OVC,1799.62,0.0054106233454507095,0.0054106233454507095
OVC,1801.55,-0.09341710073125822,0.09341710073125822
OVC,1803.47,0.006793872000759976,0.006793872000759976
OVC,1805.4,0.026410538356992093,0.026410538356992093
OVC,1807.33,-0.005609124464791615,0.005609124464791615
OVC,1809.26,-0.035011647243596206,0.035011647243596206
OVC,1811.19,0.07160769165676412,0.07160769165676412
OVC,1813.11,-0.07628443860282658,0.07628443860282658
OVC,1815.04,-0.006284580844438937,0.006284580844438937
OVC,1816.97,0.12091188097936302,0.12091188097936302
OVC,1818.9,0.02780623601829843,0.02780623601829843
OVC,1820.83,-0.006496713473351755,0.006496713473351755
OVC,1822.75,-0.03619929052977989,0.03619929052977989
OVC,1824.68,-0.021755039796755162,0.021755039796755162
OVC,1826.61,-0.04794984099224906,0.04794984099224906
OVC,1828.54,0.010771821774940571,0.010771821774940571
OVC,1830.47,0.1164255491904817,0.1164255491904817
OVC,1832.39,0.007998946862828935,0.007998946862828935
OVC,1834.32,-0.14047910394086724,0.14047910394086724
OVC,1836.25,0.07263052607878535,0.07263052607878535
OVC,1838.18,-0.06010981774576562,0.06010981774576562
OVC,1840.1,-0.10156320938159356,0.10156320938159356
OVC,1842.03,0.08410267783920503,0.08410267783920503
OVC,1843.96,0.04927536243329666,0.04927536243329666
OVC,1845.89,-0.0411134961525015,0.0411134961525015
OVC,1847.82,-0.0008684118383490934,0.0008684118383490934
OVC,1849.74,-0.031349994264937536,0.031349994264937536
OVC,1851.67,0.0073289865255445254,0.0073289865255445254
OVC,1853.6,-0.0076884214949648816,0.0076884214949648816
OVC,1855.53,0.03956218238537982,0.03956218238537982
OVC,1857.46,-0.00722579520497506,0.00722579520497506
OVC,1859.38,-0.05830498047723622,0.05830498047723622
OVC,1861.31,0.05171357840596017,0.05171357840596017
OVC,1863.24,0.025258863944338662,0.025258863944338662
OVC,1865.17,-0.029316095636230017,0.029316095636230017
OVC,1867.1,-0.015017205364212607,0.015017205364212607
OVC,1869.02,-0.0073419599886670375,0.0073419599886670375
OVC,1870.95,0.03603268225835031,0.03603268225835031
OVC,1872.88,0.04729954057845789,0.04729954057845789
OVC,1874.81,-0.019519545119177664,0.019519545119177664
OVC,1876.73,0.044560883908920976,0.044560883908920976
OVC,1878.66,0.01673158739302301,0.01673158739302301
OVC,1880.59,-0.047603397663668424,0.047603397663668424
OVC,1882.52,-0.0245092871961294,0.0245092871961294
OVC,1884.45,0.005774163823666437,0.005774163823666437
OVC,1886.37,0.02994486608699776,0.02994486608699776
OVC,1888.3,-0.014134655566713537,0.014134655566713537
OVC,1890.23,0.0017397050384150453,0.0017397050384150453
OVC,1892.16,0.002366969351290195,0.002366969351290195
OVC,1894.09,-0.0010839480901119094,0.0010839480901119094
OVC,1896.01,-0.0005280157541794636,0.0005280157541794636
OVC,1897.94,0.018455881691836092,0.018455881691836092
OVC,1899.87,0.0036628666077138643,0.0036628666077138643
OVC,1901.8,0.007733648244883291,0.007733648244883291
OVC,1903.73,-0.05914080772599565,0.05914080772599565
OVC,1905.65,-0.01787700337382899,0.01787700337382899
OVC,1907.58,0.08945370855949557,0.08945370855949557
OVC,1909.51,-0.008013119413251552,0.008013119413251552
OVC,1911.44,-0.0394883141637719,0.0394883141637719
OVC,1913.36,0.016449540286635606,0.016449540286635606
OVC,1915.29,0.0478338347289588,0.0478338347289588
OVC,1917.22,-0.0050774725216732,0.0050774725216732
OVC,1919.15,-0.03890117046674714,0.03890117046674714
OVC,1921.08,-0.030952326284924697,0.030952326284924697
OVC,1923.0,-0.041524703156735,0.041524703156735
OVC,1924.93,0.051741705935559656,0.051741705935559656
OVC,1926.86,0.051939418353249625,0.051939418353249625
OVC,1928.79,-0.026871540667656117,0.026871540667656117
OVC,1930.72,-0.019071711212698426,0.019071711212698426
OVC,1932.64,0.03246246831215649,0.03246246831215649
OVC,1934.57,-0.03896802352018436,0.03896802352018436
OVC,1936.5,-0.05701362770061103,0.05701362770061103
OVC,1938.43,0.04347833008781986,0.04347833008781986
OVC,1940.36,-0.02676051742846782,0.02676051742846782
OVC,1942.28,0.02962384269565343,0.02962384269565343
OVC,1944.21,0.05418547417285935,0.05418547417285935
OVC,1946.14,-0.07690843264902296,0.07690843264902296
OVC,1948.07,0.014863259443387166,0.014863259443387166
OVC,1949.99,0.08302946977850016,0.08302946977850016
OVC,1951.92,-0.01919437706052995,0.01919437706052995
OVC,1953.85,-0.04037225805211343,0.04037225805211343
OVC,1955.78,0.05449483912819028,0.05449483912819028
OVC,1957.71,0.07100363305950928,0.07100363305950928
OVC,1959.63,-0.06352440014233776,0.06352440014233776
OVC,1961.56,-0.08622165857402203,0.08622165857402203
OVC,1963.49,0.06290588096274442,0.06290588096274442
OVC,1965.42,-0.05028784718345933,0.05028784718345933
OVC,1967.35,0.10582112881016183,0.10582112881016183
OVC,1969.27,0.020535025843929328,0.020535025843929328
OVC,1971.2,-0.04652318633638837,0.04652318633638837
OVC,1973.13,-0.00855611780943503,0.00855611780943503
OVC,1975.06,-0.017196746521672947,0.017196746521672947
OVC,1976.99,0.016256330189907357,0.016256330189907357
OVC,1978.91,0.09127279610118313,0.09127279610118313
OVC,1980.84,-0.04782010534566884,0.04782010534566884
OVC,1982.77,-0.01869458769983337,0.01869458769983337
OVC,1984.7,0.007213998266600011,0.007213998266600011
OVC,1986.62,0.002439560792447475,0.002439560792447475
OVC,1988.55,-0.06497645718222607,0.06497645718222607
OVC,1990.48,0.07377852762053781,0.07377852762053781
OVC,1992.41,0.021952070030136356,0.021952070030136356
OVC,1994.34,-0.10618395428052842,0.10618395428052842
OVC,1996.26,0.041685517357666686,0.041685517357666686
OVC,1998.19,-0.02085139820018632,0.02085139820018632
OVC,2000.12,-0.0019595088263272844,0.0019595088263272844
OVC,2002.05,0.022742118098779518,0.022742118098779518
OVC,2003.98,-0.0011734783316810335,0.0011734783316810335
OVC,2005.9,-0.010631152532325475,0.010631152532325475
OVC,2007.83,-0.00680147013002998,0.00680147013002998
OVC,2009.76,0.027964821790661357,0.027964821790661357
OVC,2011.69,0.007389670900142308,0.007389670900142308
OVC,2013.62,-0.07094152139187437,0.07094152139187437
OVC,2015.54,0.037289919067152476,0.037289919067152476
OVC,2017.47,-0.014679918580047076,0.014679918580047076
OVC,2019.4,0.030396398053654336,0.030396398053654336
OVC,2021.33,0.03656233302026653,0.03656233302026653
OVC,2023.26,-0.02884083277864839,0.02884083277864839
OVC,2025.18,-0.12395049148548322,0.12395049148548322
OVC,2027.11,0.07732435754178865,0.07732435754178865
OVC,2029.04,0.12402603127636488,0.12402603127636488
OVC,2030.97,-0.13337908071515045,0.13337908071515045
OVC,2032.89,-0.10002038592436893,0.10002038592436893
OVC,2034.82,0.11733522950694561,0.11733522950694561
OVC,2036.75,0.034961430552814456,0.034961430552814456
OVC,2038.68,-0.10145312912402635,0.10145312912402635
OVC,2040.61,0.13705161063464405,0.13705161063464405
OVC,2042.53,0.09462823101113363,0.09462823101113363
OVC,2044.46,0.012535240220687274,0.012535240220687274
OVC,2046.39,0.0027134369720385704,0.0027134369720385704
OVC,2048.32,-0.18341182939520356,0.18341182939520356
OVC,2050.25,0.06454837188406239,0.06454837188406239
OVC,2052.17,0.12002015791856747,0.12002015791856747
OVC,2054.1,-0.39681376359686105,0.39681376359686105
OVC,2056.03,-0.35322727341266424,0.35322727341266424
OVC,2057.96,0.08483075739434738,0.08483075739434738
OVC,2059.89,0.3445079064120759,0.3445079064120759
OVC,2061.81,0.32977344249432194,0.32977344249432194
OVC,2063.74,0.33390478207975394,0.33390478207975394
OVC,2065.67,0.12427025145409933,0.12427025145409933
OVC,2067.6,0.17628809453032193,0.17628809453032193
OVC,2069.52,0.06897053381717189,0.06897053381717189
OVC,2071.45,-0.5659324682725297,0.5659324682725297
OVC,2073.38,-1.056359385722773,1.056359385722773
OVC,2075.31,-0.5328786241515102,0.5328786241515102
OVC,2077.24,0.2701318841539733,0.2701318841539733
OVC,2079.16,0.60859122439278,0.60859122439278
OVC,2081.09,0.6085525125113839,0.6085525125113839
OVC,2083.02,0.5308246702743443,0.5308246702743443
OVC,2084.95,0.2673010821142788,0.2673010821142788
OVC,2086.88,0.37260639582286975,0.37260639582286975
OVC,2088.8,-0.14579770816044452,0.14579770816044452
OVC,2090.73,-0.27863782828212375,0.27863782828212375
OVC,2092.66,-0.3966069521827034,0.3966069521827034
OVC,2094.59,-0.34728224774771704,0.34728224774771704
OVC,2096.52,-0.19779604709300433,0.19779604709300433
OVC,2098.44,-0.1441043242282515,0.1441043242282515
OVC,2100.37,-0.23197379221146486,0.23197379221146486
OVC,2102.3,-0.14866001005094248,0.14866001005094248
OVC,2104.23,-0.04751213354800665,0.04751213354800665
OVC,2106.15,0.2684606068156579,0.2684606068156579
OVC,2108.08,-0.03393575202548377,0.03393575202548377
OVC,2110.01,-0.21189656001683738,0.21189656001683738
OVC,2111.94,-0.11280094004078585,0.11280094004078585
OVC,2113.87,0.17457727457227884,0.17457727457227884
OVC,2115.79,0.08271342938805477,0.08271342938805477
OVC,2117.72,-0.0630787145869816,0.0630787145869816
OVC,2119.65,-0.029896209105326317,0.029896209105326317
OVC,2121.58,0.21705462775135434,0.21705462775135434
OVC,2123.51,0.14750632833626473,0.14750632833626473
OVC,2125.43,0.19170404620815457,0.19170404620815457
OVC,2127.36,-0.02125939529706837,0.02125939529706837
OVC,2129.29,-0.04290118335658491,0.04290118335658491
OVC,2131.22,0.14690920881186093,0.14690920881186093
OVC,2133.15,0.2023000065436131,0.2023000065436131
OVC,2135.07,0.012669741223412847,0.012669741223412847
OVC,2137.0,-0.09628576713132476,0.09628576713132476
OVC,2138.93,-0.0651358415900721,0.0651358415900721
OVC,2140.86,0.012200575011351253,0.012200575011351253
OVC,2142.78,-0.04878162789914807,0.04878162789914807
OVC,2144.71,-0.01173789040722679,0.01173789040722679
OVC,2146.64,-0.12396029303907209,0.12396029303907209
OVC,2148.57,0.13943297176234695,0.13943297176234695
OVC,2150.5,0.0903782634050498,0.0903782634050498
OVC,2152.42,-0.011645166993912336,0.011645166993912336
OVC,2154.35,-0.07192343468529472,0.07192343468529472
OVC,2156.28,-0.006264836873820255,0.006264836873820255
OVC,2158.21,0.022407026691103896,0.022407026691103896
OVC,2160.14,0.039381898005003566,0.039381898005003566
OVC,2162.06,-0.019050109769505986,0.019050109769505986
OVC,2163.99,-0.05444591461386052,0.05444591461386052
OVC,2165.92,-0.06158352202802624,0.06158352202802624
OVC,2167.85,0.067910602646326,0.067910602646326
OVC,2169.78,0.08648612754455877,0.08648612754455877
OVC,2171.7,0.09625620669171474,0.09625620669171474
OVC,2173.63,-0.06942102442205053,0.06942102442205053
OVC,2175.56,-0.10024306219645474,0.10024306219645474
OVC,2177.49,-0.04221185562864382,0.04221185562864382
OVC,2179.41,0.066184738053315,0.066184738053315
OVC,2181.34,0.005134346906342319,0.005134346906342319
OVC,2183.27,0.012983375533441444,0.012983375533441444
OVC,2185.2,0.03147112572723013,0.03147112572723013
OVC,2187.13,-0.04278914315564894,0.04278914315564894
OVC,2189.05,-0.029197388859312685,0.029197388859312685
OVC,2190.98,-0.00125786139159993,0.00125786139159993
OVC,2192.91,0.02017916388389016,0.02017916388389016
OVC,2194.84,0.028083509866264594,0.028083509866264594
OVC,2196.77,0.010774329900816683,0.010774329900816683
OVC,2198.69,-0.0029763019682759783,0.0029763019682759783
LC,401.89,0.034942935393497306,0.034942935393497306
LC,403.82,-0.03047381356157452,0.03047381356157452
LC,405.75,-0.04453132388016645,0.04453132388016645
LC,407.67,-0.006640146284486075,0.006640146284486075
LC,409.6,0.04785739829304792,0.04785739829304792
LC,411.53,0.07813943474334419,0.07813943474334419
LC,413.46,0.013831555722404637,0.013831555722404637
LC,415.39,-0.07308231848423682,0.07308231848423682
LC,417.31,-0.008687672730810683,0.008687672730810683
LC,419.24,0.004705547152567734,0.004705547152567734
LC,421.17,0.0022730906552066756,0.0022730906552066756
LC,423.1,-0.005506694020578023,0.005506694020578023
LC,425.03,0.00011784331586246984,0.00011784331586246984
LC,426.95,0.052483940869049825,0.052483940869049825
LC,428.88,0.037471441366995595,0.037471441366995595
LC,430.81,-0.030567305112778546,0.030567305112778546
LC,432.74,-0.010896544232532415,0.010896544232532415
LC,434.67,0.05252838149443666,0.05252838149443666
LC,436.59,-0.008886534014307614,0.008886534014307614
LC,438.52,-0.05868932522745448,0.05868932522745448
LC,440.45,-0.017239851515698165,0.017239851515698165
LC,442.38,-0.015722770821914075,0.015722770821914075
LC,444.3,-0.035711367468336565,0.035711367468336565
LC,446.23,-0.009602913693401112,0.009602913693401112
LC,448.16,0.003875189037341101,0.003875189037341101
LC,450.09,-0.004472817187641813,0.004472817187641813
LC,452.02,-0.000984174214547568,0.000984174214547568
LC,453.94,0.0010722421341819418,0.0010722421341819418
LC,455.87,0.0003323918370517354,0.0003323918370517354
LC,457.8,0.003943115485713382,0.003943115485713382
LC,459.73,0.0006945224064357383,0.0006945224064357383
LC,461.66,-0.0004390083657554633,0.0004390083657554633
LC,463.58,0.001171005480401643,0.001171005480401643
LC,465.51,0.00409831253519857,0.00409831253519857
LC,467.44,-0.00037472095915276756,0.00037472095915276756
LC,469.37,-0.0006574705007249161,0.0006574705007249161
LC,471.3,0.0017758181137756954,0.0017758181137756954
LC,473.22,-0.001814096651153663,0.001814096651153663
LC,475.15,-0.004205044022415845,0.004205044022415845
LC,477.08,-0.005590207655962336,0.005590207655962336
LC,479.01,-0.0014476775259099801,0.0014476775259099801
LC,480.93,0.00023421453178725443,0.00023421453178725443
LC,482.86,-0.005448425000624376,0.005448425000624376
LC,484.79,-0.0021789957645222727,0.0021789957645222727
LC,486.72,-0.0011510268998671056,0.0011510268998671056
LC,488.65,0.05019945196341678,0.05019945196341678
LC,490.57,-0.010604644716569333,0.010604644716569333
LC,492.5,-0.03498385578964142,0.03498385578964142
LC,494.43,-0.009600568984678415,0.009600568984678415
LC,496.36,0.02645901129734061,0.02645901129734061
LC,498.29,0.030250296908238456,0.030250296908238456
LC,500.21,-0.004654434789287496,0.004654434789287496
LC,502.14,-0.008218456062815052,0.008218456062815052
LC,504.07,-0.007939129637134962,0.007939129637134962
LC,506.0,-0.0016146100034448664,0.0016146100034448664
LC,507.93,-0.000338023884687457,0.000338023884687457
LC,509.85,0.00028585369712997547,0.00028585369712997547
LC,511.78,-0.006357262601936953,0.006357262601936953
LC,513.71,-0.0022344974484869357,0.0022344974484869357
LC,515.64,0.0008336027475197955,0.0008336027475197955
LC,517.57,0.00219046658224566,0.00219046658224566
LC,519.49,-0.0005495743693287981,0.0005495743693287981
LC,521.42,-0.0017199194213851857,0.0017199194213851857
LC,523.35,-0.0007832427430779067,0.0007832427430779067
LC,525.28,0.0014874231199587733,0.0014874231199587733
LC,527.2,-0.0008043574052141803,0.0008043574052141803
LC,529.13,-0.0008954627222307262,0.0008954627222307262
LC,531.06,0.0030815982911466242,0.0030815982911466242
LC,532.99,0.002979968753221781,0.002979968753221781
LC,534.92,-0.00023776961510140862,0.00023776961510140862
LC,536.84,0.0002701102898716557,0.0002701102898716557
LC,538.77,0.00020736649358400768,0.00020736649358400768
LC,540.7,-0.0002477571906435668,0.0002477571906435668
LC,542.63,2.347724129695633e-05,2.347724129695633e-05
LC,544.56,-0.0005037646985499569,0.0005037646985499569
LC,546.48,-0.001607713519318497,0.001607713519318497
LC,548.41,0.0031599201400541316,0.0031599201400541316
LC,550.34,0.006228105236656922,0.006228105236656922
LC,552.27,0.00453848204172464,0.00453848204172464
LC,554.2,-0.0012952041851321797,0.0012952041851321797
LC,556.12,-0.0025491036692288508,0.0025491036692288508
LC,558.05,-0.00024955861004902154,0.00024955861004902154
LC,559.98,-0.0031441686582521183,0.0031441686582521183
LC,561.91,0.00039179946360732627,0.00039179946360732627
LC,563.83,0.0018154538627199468,0.0018154538627199468
LC,565.76,0.0032693884382592494,0.0032693884382592494
LC,567.69,-0.0026433694255033305,0.0026433694255033305
LC,569.62,-0.0041628269079930285,0.0041628269079930285
LC,571.55,-0.0013222950083549157,0.0013222950083549157
LC,573.47,0.00034747284466055887,0.00034747284466055887
LC,575.4,-0.0003526958781006065,0.0003526958781006065
LC,577.33,0.00020094613118894618,0.00020094613118894618
LC,579.26,0.005474297340488016,0.005474297340488016
LC,581.19,-0.008631466986468429,0.008631466986468429
LC,583.11,-0.007693024139108472,0.007693024139108472
LC,585.04,0.00011162306065605395,0.00011162306065605395
LC,586.97,0.01447551408636302,0.01447551408636302
LC,588.9,-0.0006338351112365214,0.0006338351112365214
LC,590.83,-0.024461196521481255,0.024461196521481255
LC,592.75,-0.0031891205505432253,0.0031891205505432253
LC,594.68,0.020155993454116988,0.020155993454116988
LC,596.61,0.007255076715175876,0.007255076715175876
LC,598.54,0.06052219323247331,0.06052219323247331
LC,600.46,-0.04290102760455035,0.04290102760455035
LC,602.39,-0.08713174049775892,0.08713174049775892
LC,604.32,0.07667977666634225,0.07667977666634225
LC,606.25,0.06378722124313647,0.06378722124313647
LC,608.18,-0.0412832128745861,0.0412832128745861
LC,610.1,-0.08861464482768437,0.08861464482768437
LC,612.03,0.025743755132461844,0.025743755132461844
LC,613.96,0.08295825071521895,0.08295825071521895
LC,615.89,0.018574686699121302,0.018574686699121302
LC,617.82,0.012852012953685649,0.012852012953685649
LC,619.74,-0.07787727795328604,0.07787727795328604
LC,621.67,-0.04989064042679336,0.04989064042679336
LC,623.6,0.022937779151621762,0.022937779151621762
LC,625.53,-0.009760639125214509,0.009760639125214509
LC,627.46,-0.03290790669881957,0.03290790669881957
LC,629.38,-0.02214536041032213,0.02214536041032213
LC,631.31,-0.004449216785624715,0.004449216785624715
LC,633.24,-0.0004324042047144174,0.0004324042047144174
LC,635.17,0.0007941729617487797,0.0007941729617487797
LC,637.09,-0.0039124422854273505,0.0039124422854273505
LC,639.02,-0.008786496589797197,0.008786496589797197
LC,640.95,-0.011268214024514268,0.011268214024514268
LC,642.88,-0.01018710701249296,0.01018710701249296
LC,644.81,-0.00898625576315869,0.00898625576315869
LC,646.73,0.013977859072927812,0.013977859072927812
LC,648.66,0.018178792069301786,0.018178792069301786
LC,650.59,-0.01655943729715183,0.01655943729715183
LC,652.52,-0.030026565748233543,0.030026565748233543
LC,654.45,0.00714805779937637,0.00714805779937637
LC,656.37,0.011175087319511112,0.011175087319511112
LC,658.3,-0.0037788128675025133,0.0037788128675025133
LC,660.23,-0.0019625310300862473,0.0019625310300862473
LC,662.16,0.0007013393594943277,0.0007013393594943277
LC,664.09,-0.0005827264502217193,0.0005827264502217193
LC,666.01,-0.00019549956916798143,0.00019549956916798143
LC,667.94,0.002758094397200555,0.002758094397200555
LC,669.87,-0.003727392952212563,0.003727392952212563
LC,671.8,-0.002147986778796428,0.002147986778796428
LC,673.72,0.004547698107325573,0.004547698107325573
LC,675.65,0.021791442933950453,0.021791442933950453
LC,677.58,0.015567981197387126,0.015567981197387126
LC,679.51,-0.028341524775528985,0.028341524775528985
LC,681.44,-0.025709714814258936,0.025709714814258936
LC,683.36,0.029892004453588618,0.029892004453588618
LC,685.29,0.08545242736071251,0.08545242736071251
LC,687.22,0.07312434677117603,0.07312434677117603
LC,689.15,-0.03570020660917334,0.03570020660917334
LC,691.08,-0.0995762541497025,0.0995762541497025
LC,693.0,-0.041584607531529025,0.041584607531529025
LC,694.93,-0.007541730969524092,0.007541730969524092
LC,696.86,-0.011760080699704202,0.011760080699704202
LC,698.79,-0.004051255210745951,0.004051255210745951
LC,700.72,0.0023541214486979493,0.0023541214486979493
LC,702.64,0.06889690292452218,0.06889690292452218
LC,704.57,0.017535526379297346,0.017535526379297346
LC,706.5,-0.0067200407209915426,0.0067200407209915426
LC,708.43,-0.004266972601461988,0.004266972601461988
LC,710.36,-0.06717787666655134,0.06717787666655134
LC,712.28,-0.05285767710658412,0.05285767710658412
LC,714.21,-0.036964879199473846,0.036964879199473846
LC,716.14,-0.003201218886052498,0.003201218886052498
LC,718.07,0.090961274088437,0.090961274088437
LC,719.99,0.08635111719237676,0.08635111719237676
LC,721.92,0.19448168126031035,0.19448168126031035
LC,723.85,0.1924794858283268,0.1924794858283268
LC,725.78,0.1831746654700556,0.1831746654700556
LC,727.71,0.15091656458911945,0.15091656458911945
LC,729.63,0.12052940654796333,0.12052940654796333
LC,731.56,0.048206105234898565,0.048206105234898565
LC,733.49,-0.015563672523839651,0.015563672523839651
LC,735.42,0.012937138466909887,0.012937138466909887
LC,737.35,0.013138796277101296,0.013138796277101296
LC,739.27,-0.02853701108092687,0.02853701108092687
LC,741.2,-0.04581621579108115,0.04581621579108115
LC,743.13,-0.024859158090777142,0.024859158090777142
LC,745.06,0.01014690127527264,0.01014690127527264
LC,746.99,0.000866375937881383,0.000866375937881383
LC,748.91,-0.030754109596775242,0.030754109596775242
LC,750.84,-0.0013252121159812228,0.0013252121159812228
LC,752.77,0.027675385028688406,0.027675385028688406
LC,754.7,0.025629800094282628,0.025629800094282628
LC,756.62,0.01635732479092187,0.01635732479092187
LC,758.55,-0.02132124137862801,0.02132124137862801
LC,760.48,-0.016319769213938254,0.016319769213938254
LC,762.41,0.0031957387307592886,0.0031957387307592886
LC,764.34,0.0011851201882800834,0.0011851201882800834
LC,766.26,-0.0049607926209490946,0.0049607926209490946
LC,768.19,0.005766120671534445,0.005766120671534445
LC,770.12,0.014286185689229548,0.014286185689229548
LC,772.05,0.0012595523291124694,0.0012595523291124694
LC,773.98,-0.01396828929138841,0.01396828929138841
LC,775.9,-0.012924905234694944,0.012924905234694944
LC,777.83,0.000992909281147947,0.000992909281147947
LC,779.76,-0.0018103768428573018,0.0018103768428573018
LC,781.69,0.00047915441504280544,0.00047915441504280544
LC,783.62,-0.0032051454420898417,0.0032051454420898417
LC,785.54,-0.005904714622523549,0.005904714622523549
LC,787.47,0.006418633377083534,0.006418633377083534
LC,789.4,0.043611600244013136,0.043611600244013136
LC,791.33,0.051580143379160184,0.051580143379160184
LC,793.25,-0.020928740173723443,0.020928740173723443
LC,795.18,-0.022753102047038058,0.022753102047038058
LC,797.11,0.0007659485776529697,0.0007659485776529697
LC,799.04,0.0037373488318750273,0.0037373488318750273
LC,800.97,-0.003399755452214172,0.003399755452214172
LC,802.89,0.005038873377054681,0.005038873377054681
LC,804.82,0.0011648766067272795,0.0011648766067272795
LC,806.75,0.002565947159839741,0.002565947159839741
LC,808.68,0.003401097154123188,0.003401097154123188
LC,810.61,-0.001594481608666136,0.001594481608666136
LC,812.53,0.001950569032324286,0.001950569032324286
LC,814.46,-0.01176591948842504,0.01176591948842504
LC,816.39,-0.007725995384670653,0.007725995384670653
LC,818.32,0.01544427645770527,0.01544427645770527
LC,820.25,0.008922717401999998,0.008922717401999998
LC,822.17,0.0005544461132063335,0.0005544461132063335
LC,824.1,0.05497929472851785,0.05497929472851785
LC,826.03,0.032518118070489446,0.032518118070489446
LC,827.96,-0.0032795819077041967,0.0032795819077041967
LC,829.88,-0.029429144062391985,0.029429144062391985
LC,831.81,-0.02382091064813672,0.02382091064813672
LC,833.74,0.02259791886540231,0.02259791886540231
LC,835.67,0.10724528573459403,0.10724528573459403
LC,837.6,-0.0007714744649927616,0.0007714744649927616
LC,839.52,-0.11131253458750834,0.11131253458750834
LC,841.45,-0.055998971761074295,0.055998971761074295
LC,843.38,0.06721344964363499,0.06721344964363499
LC,845.31,0.08923898525479691,0.08923898525479691
LC,847.24,0.000981584844023726,0.000981584844023726
LC,849.16,-0.06427025516501192,0.06427025516501192
LC,851.09,0.004597946173562994,0.004597946173562994
LC,853.02,0.03901306903384417,0.03901306903384417
LC,854.95,0.0092509275680007,0.0092509275680007
LC,856.88,-0.026198890992718476,0.026198890992718476
LC,858.8,-0.03495471228648807,0.03495471228648807
LC,860.73,-0.026636170819657315,0.026636170819657315
LC,862.66,-0.0164546912599628,0.0164546912599628
LC,864.59,0.055641508944370185,0.055641508944370185
LC,866.51,-0.008403504452520723,0.008403504452520723
LC,868.44,-0.046935454259638944,0.046935454259638944
LC,870.37,0.02708511607799535,0.02708511607799535
LC,872.3,-0.005023655207516657,0.005023655207516657
LC,874.23,-0.04499692669529034,0.04499692669529034
LC,876.15,0.004292526792186558,0.004292526792186558
LC,878.08,0.020791370512889592,0.020791370512889592
LC,880.01,-0.013392881434043328,0.013392881434043328
LC,881.94,-0.009929786987041217,0.009929786987041217
LC,883.87,0.03497175162412285,0.03497175162412285
LC,885.79,-0.0046992473615975125,0.0046992473615975125
LC,887.72,-0.007794310811955789,0.007794310811955789
LC,889.65,-0.00603677169643037,0.00603677169643037
LC,891.58,-0.004554259196041831,0.004554259196041831
LC,893.51,0.00045281023213809417,0.00045281023213809417
LC,895.43,0.00021969343609691284,0.00021969343609691284
LC,897.36,-0.0008975219105197919,0.0008975219105197919
LC,899.29,-0.001855771526703857,0.001855771526703857
LC,901.22,-5.5829513704317396e-05,5.5829513704317396e-05
LC,903.15,-0.00018319542387828922,0.00018319542387828922
LC,905.07,0.0014657546036758037,0.0014657546036758037
LC,907.0,0.001848683131461459,0.001848683131461459
LC,908.93,0.005246242564004694,0.005246242564004694
LC,910.86,-0.015599188029844177,0.015599188029844177
LC,912.78,-0.03977235002858096,0.03977235002858096
LC,914.71,0.03882408755920869,0.03882408755920869
LC,916.64,0.016134668013104054,0.016134668013104054
LC,918.57,-0.053088987081389115,0.053088987081389115
LC,920.5,-0.014174035986675375,0.014174035986675375
LC,922.42,-0.00605517216625185,0.00605517216625185
LC,924.35,-0.045368419705083575,0.045368419705083575
LC,926.28,0.022326645590554507,0.022326645590554507
LC,928.21,0.10392713765052135,0.10392713765052135
LC,930.14,0.04178572347628017,0.04178572347628017
LC,932.06,0.114919959946653,0.114919959946653
LC,933.99,0.060375457447531304,0.060375457447531304
LC,935.92,-0.00931161280674549,0.00931161280674549
LC,937.85,-0.052223703873465484,0.052223703873465484
LC,939.78,-0.07339384018389007,0.07339384018389007
LC,941.7,-0.048023600251994,0.048023600251994
LC,943.63,-0.0065356201184528775,0.0065356201184528775
LC,945.56,-0.017269990662537957,0.017269990662537957
LC,947.49,-0.04273274202728395,0.04273274202728395
LC,949.41,0.028652142844869565,0.028652142844869565
LC,951.34,0.08334884122907907,0.08334884122907907
LC,953.27,-0.017008464489248518,0.017008464489248518
LC,955.2,-0.06408018304385336,0.06408018304385336
LC,957.13,-0.0030107323417660745,0.0030107323417660745
LC,959.05,0.010902959532213402,0.010902959532213402
LC,960.98,-0.004177979557367335,0.004177979557367335
LC,962.91,0.01627057613538243,0.01627057613538243
LC,964.84,0.0035882936162402036,0.0035882936162402036
LC,966.77,-0.014122118773798686,0.014122118773798686
LC,968.69,0.0075055002757215,0.0075055002757215
LC,970.62,0.021332865215489855,0.021332865215489855
LC,972.55,-0.0007300964371019717,0.0007300964371019717
LC,974.48,0.0007376369232908219,0.0007376369232908219
LC,976.41,-0.05118578261001058,0.05118578261001058
LC,978.33,-0.06764969823962044,0.06764969823962044
LC,980.26,-0.010796449701038385,0.010796449701038385
LC,982.19,0.19694360230288957,0.19694360230288957
LC,984.12,0.2979972054701963,0.2979972054701963
LC,986.04,0.2551778146864919,0.2551778146864919
LC,987.97,0.25403612250332896,0.25403612250332896
LC,989.9,0.3526426374603049,0.3526426374603049
LC,991.83,0.3180781488624949,0.3180781488624949
LC,993.76,0.009299368002482522,0.009299368002482522
LC,995.68,-0.15582927961601206,0.15582927961601206
LC,997.61,-0.18310967059445127,0.18310967059445127
LC,999.54,-0.17049777555027704,0.17049777555027704
LC,1001.47,-0.12159903460042165,0.12159903460042165
LC,1003.4,-0.07938250771768748,0.07938250771768748
LC,1005.32,-0.03888969573242434,0.03888969573242434
LC,1007.25,0.001392307337150027,0.001392307337150027
LC,1009.18,-0.017785709150640525,0.017785709150640525
LC,1011.11,-0.030459000557782775,0.030459000557782775
LC,1013.04,0.020378095001098172,0.020378095001098172
LC,1014.96,0.021332636527332204,0.021332636527332204
LC,1016.89,0.00440814439966477,0.00440814439966477
LC,1018.82,9.73280898777514e-05,9.73280898777514e-05
LC,1020.75,0.011785592486976125,0.011785592486976125
LC,1022.67,0.01694232189275409,0.01694232189275409
LC,1024.6,0.0010296842253320097,0.0010296842253320097
LC,1026.53,0.0012143918406693566,0.0012143918406693566
LC,1028.46,-0.0019554480152214437,0.0019554480152214437
LC,1030.39,-0.007436407012083187,0.007436407012083187
LC,1032.31,-0.020806739690068295,0.020806739690068295
LC,1034.24,-0.026911687634765456,0.026911687634765456
LC,1036.17,0.01190905142962829,0.01190905142962829
LC,1038.1,0.0077491013955859845,0.0077491013955859845
LC,1040.03,-0.0640089259132096,0.0640089259132096
LC,1041.95,-0.07182447400236461,0.07182447400236461
LC,1043.88,0.04145878200874217,0.04145878200874217
LC,1045.81,0.061558881920309984,0.061558881920309984
LC,1047.74,-0.0014438453552053834,0.0014438453552053834
LC,1049.67,0.025933626354122562,0.025933626354122562
LC,1051.59,0.021469425777271747,0.021469425777271747
LC,1053.52,-0.08232821292243883,0.08232821292243883
LC,1055.45,-0.026124644375953812,0.026124644375953812
LC,1057.38,0.05137927524262747,0.05137927524262747
LC,1059.3,0.0022911124514474438,0.0022911124514474438
LC,1061.23,-0.0032605898395991935,0.0032605898395991935
LC,1063.16,0.0002863039911731508,0.0002863039911731508
LC,1065.09,0.0034185843012957567,0.0034185843012957567
LC,1067.02,0.0038026035595914733,0.0038026035595914733
LC,1068.94,-0.0034441754362053126,0.0034441754362053126
LC,1070.87,-0.0017643571443941776,0.0017643571443941776
LC,1072.8,0.03631167500863795,0.03631167500863795
LC,1074.73,0.013506947944063737,0.013506947944063737
LC,1076.66,-0.04030880610687707,0.04030880610687707
LC,1078.58,-0.018543821105428914,0.018543821105428914
LC,1080.51,-0.017265216101183607,0.017265216101183607
LC,1082.44,0.032924803026841004,0.032924803026841004
LC,1084.37,0.03014165746498995,0.03014165746498995
LC,1086.3,0.003009413385076618,0.003009413385076618
LC,1088.22,0.04381563511414948,0.04381563511414948
LC,1090.15,-0.016417951250673704,0.016417951250673704
LC,1092.08,-0.017953035170150896,0.017953035170150896
LC,1094.01,0.001933835257475727,0.001933835257475727
LC,1095.94,0.0003144245246419965,0.0003144245246419965
LC,1097.86,0.009077008152352276,0.009077008152352276
LC,1099.79,-0.008182234266390725,0.008182234266390725
LC,1101.72,0.0034131199245165584,0.0034131199245165584
LC,1103.65,-6.079988282647603e-06,6.079988282647603e-06
LC,1105.57,0.003041541029622067,0.003041541029622067
LC,1107.5,-0.006384236258193231,0.006384236258193231
LC,1109.43,-0.012236081918227941,0.012236081918227941
LC,1111.36,0.015741129922013906,0.015741129922013906
LC,1113.29,0.011080811529524885,0.011080811529524885
LC,1115.21,0.001803902144682004,0.001803902144682004
LC,1117.14,-0.02550735890691405,0.02550735890691405
LC,1119.07,-0.0037374461927477303,0.0037374461927477303
LC,1121.0,0.012629714768950412,0.012629714768950412
LC,1122.93,0.006510539906119401,0.006510539906119401
LC,1124.85,0.03796734982500465,0.03796734982500465
LC,1126.78,-0.0005341480642251584,0.0005341480642251584
LC,1128.71,-0.043396125931932886,0.043396125931932886
LC,1130.64,-0.008213402752863669,0.008213402752863669
LC,1132.57,-0.03710633328266606,0.03710633328266606
LC,1134.49,0.021564243043733014,0.021564243043733014
LC,1136.42,0.01661120863913612,0.01661120863913612
LC,1138.35,0.01648119203516968,0.01648119203516968
LC,1140.28,0.015096409450398404,0.015096409450398404
LC,1142.2,-0.005375705897382804,0.005375705897382804
LC,1144.13,0.007845794139222689,0.007845794139222689
LC,1146.06,0.002741376163152102,0.002741376163152102
LC,1147.99,-0.0029308023721417316,0.0029308023721417316
LC,1149.92,0.00894265496844253,0.00894265496844253
LC,1151.84,0.019875558385992153,0.019875558385992153
LC,1153.77,0.0024354405066969497,0.0024354405066969497
LC,1155.7,-0.016579797630756298,0.016579797630756298
LC,1157.63,-0.00706611327453783,0.00706611327453783
LC,1159.56,0.005128576434552807,0.005128576434552807
LC,1161.48,0.004922439897818908,0.004922439897818908
LC,1163.41,0.0008075820724594467,0.0008075820724594467
LC,1165.34,0.0003781354741091822,0.0003781354741091822
LC,1167.27,0.0009430668973944402,0.0009430668973944402
LC,1169.2,0.0012739727313086022,0.0012739727313086022
LC,1171.12,-7.965746866150224e-07,7.965746866150224e-07
LC,1173.05,0.0010631104557632725,0.0010631104557632725
LC,1174.98,-0.003354083170139804,0.003354083170139804
LC,1176.91,0.010572087704303975,0.010572087704303975
LC,1178.83,0.023410927935488605,0.023410927935488605
LC,1180.76,-0.004972356868626842,0.004972356868626842
LC,1182.69,-0.010539275731728621,0.010539275731728621
LC,1184.62,-0.005943540779329181,0.005943540779329181
LC,1186.55,0.02643120741260696,0.02643120741260696
LC,1188.47,0.004785069841187747,0.004785069841187747
LC,1190.4,0.0025370508890998253,0.0025370508890998253
LC,1192.33,0.008832500874829457,0.008832500874829457
LC,1194.26,-2.8540643661990693e-06,2.8540643661990693e-06
LC,1196.19,-0.0022089764841880153,0.0022089764841880153
LC,1198.11,-0.0008745678400343106,0.0008745678400343106
LC,1200.04,-0.005054374041326918,0.005054374041326918
LC,1201.97,-0.010249035603647969,0.010249035603647969
LC,1203.9,0.0006812017003688727,0.0006812017003688727
LC,1205.83,0.028759237063411273,0.028759237063411273
LC,1207.75,0.009118639554958567,0.009118639554958567
LC,1209.68,-0.019467745083497242,0.019467745083497242
LC,1211.61,-0.009231035296708488,0.009231035296708488
LC,1213.54,0.010114043759532093,0.010114043759532093
LC,1215.46,0.008551018616659288,0.008551018616659288
LC,1217.39,0.012890131880570256,0.012890131880570256
LC,1219.32,0.027398696822854944,0.027398696822854944
LC,1221.25,-0.010094032854550485,0.010094032854550485
LC,1223.18,-0.0025342897853263715,0.0025342897853263715
LC,1225.1,0.0017731968493073257,0.0017731968493073257
LC,1227.03,0.010304859034463546,0.010304859034463546
LC,1228.96,-0.006782036148578807,0.006782036148578807
LC,1230.89,-0.024707163577461215,0.024707163577461215
LC,1232.82,0.005300614172989838,0.005300614172989838
LC,1234.74,0.029124332377158432,0.029124332377158432
LC,1236.67,-6.105821170241295e-05,6.105821170241295e-05
LC,1238.6,-0.0049536891857415635,0.0049536891857415635
LC,1240.53,-0.0033435137388767512,0.0033435137388767512
LC,1242.46,-0.008078102821238418,0.008078102821238418
LC,1244.38,-0.004997693011313743,0.004997693011313743
LC,1246.31,0.01688372473159102,0.01688372473159102
LC,1248.24,-0.0037265368105112375,0.0037265368105112375
LC,1250.17,-0.013010323999052846,0.013010323999052846
LC,1252.09,0.0011322408848961397,0.0011322408848961397
LC,1254.02,0.03534740563449853,0.03534740563449853
LC,1255.95,-0.008817344118306316,0.008817344118306316
LC,1257.88,0.009340519807795782,0.009340519807795782
LC,1259.81,0.040102869699496425,0.040102869699496425
LC,1261.73,-0.06805800417173247,0.06805800417173247
LC,1263.66,-0.08698581928376371,0.08698581928376371
LC,1265.59,-0.07059739133805441,0.07059739133805441
LC,1267.52,0.07848300747235086,0.07848300747235086
LC,1269.45,0.06794750400760648,0.06794750400760648
LC,1271.37,0.023128348829745956,0.023128348829745956
LC,1273.3,-0.005708880151850169,0.005708880151850169
LC,1275.23,-0.03354635907969573,0.03354635907969573
LC,1277.16,-0.0046940860948173355,0.0046940860948173355
LC,1279.09,0.03286998460414103,0.03286998460414103
LC,1281.01,0.0008736815397771319,0.0008736815397771319
LC,1282.94,-0.01528957504929984,0.01528957504929984
LC,1284.87,-0.007353149115997616,0.007353149115997616
LC,1286.8,0.01866432573243884,0.01866432573243884
LC,1288.73,0.00658984775837945,0.00658984775837945
LC,1290.65,0.001665159786511645,0.001665159786511645
LC,1292.58,5.852017589357604e-05,5.852017589357604e-05
LC,1294.51,-0.0007604141574209628,0.0007604141574209628
LC,1296.44,0.002195383754630118,0.002195383754630118
LC,1298.36,0.0017320681759767993,0.0017320681759767993
LC,1300.29,-0.003111680578862711,0.003111680578862711
LC,1302.22,-0.00903498634794147,0.00903498634794147
LC,1304.15,0.01152228351671843,0.01152228351671843
LC,1306.08,0.020873215843625392,0.020873215843625392
LC,1308.0,0.007875510148445602,0.007875510148445602
LC,1309.93,-0.010392467149189122,0.010392467149189122
LC,1311.86,0.0006080927262565712,0.0006080927262565712
LC,1313.79,0.01587153671311724,0.01587153671311724
LC,1315.72,-0.02260821219492481,0.02260821219492481
LC,1317.64,-0.017694052037686137,0.017694052037686137
LC,1319.57,-0.0031007721095859973,0.0031007721095859973
LC,1321.5,0.018509279900538116,0.018509279900538116
LC,1323.43,0.015189374156863292,0.015189374156863292
LC,1325.36,-0.013456788725707255,0.013456788725707255
LC,1327.28,-0.023149545367215727,0.023149545367215727
LC,1329.21,-0.04398111992834074,0.04398111992834074
LC,1331.14,0.006018290046372477,0.006018290046372477
LC,1333.07,0.002043486963941702,0.002043486963941702
LC,1334.99,-0.0020569241869999675,0.0020569241869999675
LC,1336.92,0.03629208680844992,0.03629208680844992
LC,1338.85,0.03032380168766628,0.03032380168766628
LC,1340.78,0.005340942503428395,0.005340942503428395
LC,1342.71,-2.7673145178486213e-06,2.7673145178486213e-06
LC,1344.63,0.002460844381752688,0.002460844381752688
LC,1346.56,-0.0006924772283802759,0.0006924772283802759
LC,1348.49,0.00017383999716295202,0.00017383999716295202
LC,1350.42,-0.0003209918651979421,0.0003209918651979421
LC,1352.35,-0.0037833171881288333,0.0037833171881288333
LC,1354.27,-0.002530126029546238,0.002530126029546238
LC,1356.2,0.01638629387330114,0.01638629387330114
LC,1358.13,0.026340528999127408,0.026340528999127408
LC,1360.06,0.02643141327338009,0.02643141327338009
LC,1361.99,-0.020862266514677905,0.020862266514677905
LC,1363.91,-0.04382691496595017,0.04382691496595017
LC,1365.84,-0.048909541659941505,0.048909541659941505
LC,1367.77,-0.11400159754207553,0.11400159754207553
LC,1369.7,-0.05225523003608913,0.05225523003608913
LC,1371.62,0.10578934035826111,0.10578934035826111
LC,1373.55,0.058241250319032094,0.058241250319032094
LC,1375.48,0.02900559439974183,0.02900559439974183
LC,1377.41,0.0034850311706729393,0.0034850311706729393
LC,1379.34,-0.004816275162882342,0.004816275162882342
LC,1381.26,-0.0014617800239967072,0.0014617800239967072
LC,1383.19,-0.0003562080298654533,0.0003562080298654533
LC,1385.12,-0.007996393466327094,0.007996393466327094
LC,1387.05,0.006116444969771181,0.006116444969771181
LC,1388.98,0.023060760868585002,0.023060760868585002
LC,1390.9,-0.02391834711092874,0.02391834711092874
LC,1392.83,0.03325259219653865,0.03325259219653865
LC,1394.76,-0.03713514056854264,0.03713514056854264
LC,1396.69,-0.04773484901119492,0.04773484901119492
LC,1398.62,0.0907518499446668,0.0907518499446668
LC,1400.54,-0.06642853555648134,0.06642853555648134
LC,1402.47,0.021922804330898858,0.021922804330898858
LC,1404.4,-0.015116583788785847,0.015116583788785847
LC,1406.33,-0.01789150905550551,0.01789150905550551
LC,1408.25,0.03696353111050256,0.03696353111050256
LC,1410.18,-0.016299065866245795,0.016299065866245795
LC,1412.11,-0.002613646944361375,0.002613646944361375
LC,1414.04,-0.06533865037655592,0.06533865037655592
LC,1415.97,-0.0029871279305015426,0.0029871279305015426
LC,1417.89,0.036592399500871835,0.036592399500871835
LC,1419.82,-0.009155501284643212,0.009155501284643212
LC,1421.75,0.004933486188508483,0.004933486188508483
LC,1423.68,-0.0007978915364554301,0.0007978915364554301
LC,1425.61,0.005370444786722552,0.005370444786722552
LC,1427.53,0.007141218905970515,0.007141218905970515
LC,1429.46,0.002787219750111747,0.002787219750111747
LC,1431.39,0.002446505234772995,0.002446505234772995
LC,1433.32,0.014380574166023903,0.014380574166023903
LC,1435.25,0.029537048144729405,0.029537048144729405
LC,1437.17,0.017732963242643174,0.017732963242643174
LC,1439.1,-0.0045293801593415915,0.0045293801593415915
LC,1441.03,0.010625816163978872,0.010625816163978872
LC,1442.96,0.004098418452831333,0.004098418452831333
LC,1444.89,0.0017181063298524473,0.0017181063298524473
LC,1446.81,-0.004270231224597194,0.004270231224597194
LC,1448.74,0.0020082999427386834,0.0020082999427386834
LC,1450.67,0.004900798056319979,0.004900798056319979
LC,1452.6,-0.011331895706293279,0.011331895706293279
LC,1454.52,-0.018798445150111885,0.018798445150111885
LC,1456.45,0.007900370213635306,0.007900370213635306
LC,1458.38,0.03781330438896412,0.03781330438896412
LC,1460.31,-0.0012610958890064657,0.0012610958890064657
LC,1462.24,0.009174512984912992,0.009174512984912992
LC,1464.16,-0.03391665696585046,0.03391665696585046
LC,1466.09,-0.025345672581960667,0.025345672581960667
LC,1468.02,0.06270844863389545,0.06270844863389545
LC,1469.95,-0.047083679501983125,0.047083679501983125
LC,1471.88,0.09925426435836332,0.09925426435836332
LC,1473.8,0.1392520175304687,0.1392520175304687
LC,1475.73,0.03478003562883117,0.03478003562883117
LC,1477.66,0.03952504843334552,0.03952504843334552
LC,1479.59,0.02260990780925322,0.02260990780925322
LC,1481.52,-0.026458850277008433,0.026458850277008433
LC,1483.44,-0.10504411257080044,0.10504411257080044
LC,1485.37,-0.05282766967897556,0.05282766967897556
LC,1487.3,0.015191028523625423,0.015191028523625423
LC,1489.23,0.06319447880453943,0.06319447880453943
LC,1491.15,0.06245601658226761,0.06245601658226761
LC,1493.08,-0.009760351448011947,0.009760351448011947
LC,1495.01,0.009368403792513268,0.009368403792513268
LC,1496.94,-0.034716771056088155,0.034716771056088155
LC,1498.87,-0.01490993780048517,0.01490993780048517
LC,1500.79,0.0030195374290967543,0.0030195374290967543
LC,1502.72,0.023073749668801224,0.023073749668801224
LC,1504.65,0.02196818535191063,0.02196818535191063
LC,1506.58,-0.003002224963730919,0.003002224963730919
LC,1508.51,-0.007453057731976084,0.007453057731976084
LC,1510.43,0.013166200427209408,0.013166200427209408
LC,1512.36,0.031510084407912,0.031510084407912
LC,1514.29,0.005995771917990691,0.005995771917990691
LC,1516.22,0.025880995901431426,0.025880995901431426
LC,1518.15,0.0015852430802505907,0.0015852430802505907
LC,1520.07,-0.031648671446014964,0.031648671446014964
LC,1522.0,-0.01780715316584601,0.01780715316584601
LC,1523.93,0.005794269265765983,0.005794269265765983
LC,1525.86,0.03320999641960334,0.03320999641960334
LC,1527.78,-0.021837949427264018,0.021837949427264018
LC,1529.71,-0.014057909731912573,0.014057909731912573
LC,1531.64,0.06975263177378943,0.06975263177378943
LC,1533.57,0.0037052229987356855,0.0037052229987356855
LC,1535.5,-0.11292660040017723,0.11292660040017723
LC,1537.42,0.03409666708277276,0.03409666708277276
LC,1539.35,0.07852158878033695,0.07852158878033695
LC,1541.28,0.06272297484645413,0.06272297484645413
LC,1543.21,0.05563989050544122,0.05563989050544122
LC,1545.14,0.08700674955121064,0.08700674955121064
LC,1547.06,0.01167884706874624,0.01167884706874624
LC,1548.99,-0.08407759668103655,0.08407759668103655
LC,1550.92,0.0900967944292193,0.0900967944292193
LC,1552.85,0.13952353291734126,0.13952353291734126
LC,1554.78,0.03933362728641499,0.03933362728641499
LC,1556.7,0.16633048337260406,0.16633048337260406
LC,1558.63,0.05908311660273483,0.05908311660273483
LC,1560.56,-0.020492189996058993,0.020492189996058993
LC,1562.49,-0.0015132243813943806,0.0015132243813943806
LC,1564.41,0.010494986753635806,0.010494986753635806
LC,1566.34,0.014695303754150372,0.014695303754150372
LC,1568.27,0.03211524887555114,0.03211524887555114
LC,1570.2,-0.009746871330366638,0.009746871330366638
LC,1572.13,0.009963763669363718,0.009963763669363718
LC,1574.05,-0.007172820386878222,0.007172820386878222
LC,1575.98,-0.1361937251967776,0.1361937251967776
LC,1577.91,0.06090346126366817,0.06090346126366817
LC,1579.84,0.20504201403902447,0.20504201403902447
LC,1581.77,0.008771789191738677,0.008771789191738677
LC,1583.69,0.046541333154407664,0.046541333154407664
LC,1585.62,0.0749811241909024,0.0749811241909024
LC,1587.55,-0.14863152368498275,0.14863152368498275
LC,1589.48,-0.2970951678049178,0.2970951678049178
LC,1591.41,-0.15565191350863203,0.15565191350863203
LC,1593.33,0.14816395320464365,0.14816395320464365
LC,1595.26,0.20284308712277305,0.20284308712277305
LC,1597.19,0.3078786914515781,0.3078786914515781
LC,1599.12,0.10452460710240544,0.10452460710240544
LC,1601.04,-0.18802844693241963,0.18802844693241963
LC,1602.97,-0.023427861312170978,0.023427861312170978
LC,1604.9,0.04881468726025852,0.04881468726025852
LC,1606.83,-0.08941751786959873,0.08941751786959873
LC,1608.76,-0.04346102745395407,0.04346102745395407
LC,1610.68,0.04805625620049439,0.04805625620049439
LC,1612.61,0.20521333916069068,0.20521333916069068
LC,1614.54,0.1369049424573667,0.1369049424573667
LC,1616.47,0.025312639905237508,0.025312639905237508
LC,1618.4,-0.029891283536570147,0.029891283536570147
LC,1620.32,-0.010377656699794043,0.010377656699794043
LC,1622.25,0.004829619881122182,0.004829619881122182
LC,1624.18,-0.0008979313047582507,0.0008979313047582507
LC,1626.11,0.0019617473655438008,0.0019617473655438008
LC,1628.04,0.0026012407070978225,0.0026012407070978225
LC,1629.96,0.0077987443686937455,0.0077987443686937455
LC,1631.89,0.01230195500657033,0.01230195500657033
LC,1633.82,-0.009490436289476984,0.009490436289476984
LC,1635.75,-0.06267660301016638,0.06267660301016638
LC,1637.68,-0.055719634599778016,0.055719634599778016
LC,1639.6,0.04002348105735026,0.04002348105735026
LC,1641.53,0.04472079225988779,0.04472079225988779
LC,1643.46,0.02379951297868957,0.02379951297868957
LC,1645.39,0.014209005720289597,0.014209005720289597
LC,1647.31,0.001100431856911062,0.001100431856911062
LC,1649.24,-0.0032450721263638884,0.0032450721263638884
LC,1651.17,-0.0011917156974447618,0.0011917156974447618
LC,1653.1,0.0005179196350979642,0.0005179196350979642
LC,1655.03,-0.004082396022240488,0.004082396022240488
LC,1656.95,-0.00020704906931346057,0.00020704906931346057
LC,1658.88,0.00410895814721197,0.00410895814721197
LC,1660.81,0.005043970441383996,0.005043970441383996
LC,1662.74,-0.0028828948306534362,0.0028828948306534362
LC,1664.67,-7.90475902078997e-05,7.90475902078997e-05
LC,1666.59,0.002578599533915976,0.002578599533915976
LC,1668.52,0.00021880461179194283,0.00021880461179194283
LC,1670.45,-0.0019197011292486548,0.0019197011292486548
LC,1672.38,0.0005183942598273569,0.0005183942598273569
LC,1674.31,-0.005230220239573363,0.005230220239573363
LC,1676.23,-0.003971294376808597,0.003971294376808597
LC,1678.16,-0.006507201372473521,0.006507201372473521
LC,1680.09,-0.005463082141912431,0.005463082141912431
LC,1682.02,0.013972993419129177,0.013972993419129177
LC,1683.94,-0.0018538142596079238,0.0018538142596079238
LC,1685.87,-0.0025331452482160338,0.0025331452482160338
LC,1687.8,7.403432811905415e-05,7.403432811905415e-05
LC,1689.73,-0.0045625556978337554,0.0045625556978337554
LC,1691.66,-0.0073638322793215935,0.0073638322793215935
LC,1693.58,-0.011690675749457667,0.011690675749457667
LC,1695.51,0.000767640994997754,0.000767640994997754
LC,1697.44,0.0811127083833408,0.0811127083833408
LC,1699.37,0.08456432063989784,0.08456432063989784
LC,1701.3,-0.011565809781641281,0.011565809781641281
LC,1703.22,-0.03297037261664836,0.03297037261664836
LC,1705.15,-0.04212038277570496,0.04212038277570496
LC,1707.08,-0.054551470009997355,0.054551470009997355
LC,1709.01,-0.04741864494377892,0.04741864494377892
LC,1710.94,0.013423731992057012,0.013423731992057012
LC,1712.86,0.038664109363047365,0.038664109363047365
LC,1714.79,0.06374778266731705,0.06374778266731705
LC,1716.72,0.08391252796682623,0.08391252796682623
LC,1718.65,-0.022914601431510608,0.022914601431510608
LC,1720.57,-0.011294479445357747,0.011294479445357747
LC,1722.5,-0.05780994386226892,0.05780994386226892
LC,1724.43,-0.065949428996209,0.065949428996209
LC,1726.36,0.001593011659655285,0.001593011659655285
LC,1728.29,0.005827633534314934,0.005827633534314934
LC,1730.21,0.04227121014657781,0.04227121014657781
LC,1732.14,0.022191845323241904,0.022191845323241904
LC,1734.07,-0.08894106750362665,0.08894106750362665
LC,1736.0,-0.035445549254410756,0.035445549254410756
LC,1737.93,-0.03117219673407165,0.03117219673407165
LC,1739.85,0.019566011170889533,0.019566011170889533
LC,1741.78,0.008312847694861398,0.008312847694861398
LC,1743.71,-0.0030478513686990295,0.0030478513686990295
LC,1745.64,-0.0017744642267575224,0.0017744642267575224
LC,1747.57,0.0057918172753407835,0.0057918172753407835
LC,1749.49,0.017321499016883093,0.017321499016883093
LC,1751.42,0.002392066761967252,0.002392066761967252
LC,1753.35,-0.008014773470740193,0.008014773470740193
LC,1755.28,-0.0009934934637493642,0.0009934934637493642
LC,1757.2,-0.012702109570229193,0.012702109570229193
LC,1759.13,-0.007520572716120024,0.007520572716120024
LC,1761.06,0.04447711893230455,0.04447711893230455
LC,1762.99,0.0131863210919005,0.0131863210919005
LC,1764.92,-0.018407801576436587,0.018407801576436587
LC,1766.84,-0.007142433540308109,0.007142433540308109
LC,1768.77,-0.02557515535486775,0.02557515535486775
LC,1770.7,0.02784922423202697,0.02784922423202697
LC,1772.63,0.0005462754710204614,0.0005462754710204614
LC,1774.56,-0.013741039842397815,0.013741039842397815
LC,1776.48,-0.018703014260072242,0.018703014260072242
LC,1778.41,0.03890629140979337,0.03890629140979337
LC,1780.34,-0.003360541312559546,0.003360541312559546
LC,1782.27,1.006358870906558e-05,1.006358870906558e-05
LC,1784.2,-0.04620802024486233,0.04620802024486233
LC,1786.12,0.05731341846365626,0.05731341846365626
LC,1788.05,0.06536084273011994,0.06536084273011994
LC,1789.98,-0.028555042147520644,0.028555042147520644
LC,1791.91,-0.04046080368146832,0.04046080368146832
LC,1793.83,-0.0006245341303849936,0.0006245341303849936
LC,1795.76,0.01016995751153816,0.01016995751153816
LC,1797.69,-0.036730938122886254,0.036730938122886254
LC,1799.62,-0.002320959179066812,0.002320959179066812
LC,1801.55,0.02837265940640431,0.02837265940640431
LC,1803.47,-0.001997893759665784,0.001997893759665784
LC,1805.4,-0.010998137625520087,0.010998137625520087
LC,1807.33,0.002471481414447868,0.002471481414447868
LC,1809.26,0.016846729852777985,0.016846729852777985
LC,1811.19,-0.044004645714833285,0.044004645714833285
LC,1813.11,0.05559970823051845,0.05559970823051845
LC,1815.04,0.004967389046432715,0.004967389046432715
LC,1816.97,-0.1038904878392301,0.1038904878392301
LC,1818.9,-0.026518226884684783,0.026518226884684783
LC,1820.83,0.0059106632896200745,0.0059106632896200745
LC,1822.75,0.036519684070186686,0.036519684070186686
LC,1824.68,0.02521463869976074,0.02521463869976074
LC,1826.61,0.05400617995325283,0.05400617995325283
LC,1828.54,-0.011698749808097653,0.011698749808097653
LC,1830.47,-0.11678942874031588,0.11678942874031588
LC,1832.39,-0.007874280802977113,0.007874280802977113
LC,1834.32,0.1381339223590418,0.1381339223590418
LC,1836.25,-0.06731909458867151,0.06731909458867151
LC,1838.18,0.055114732086420315,0.055114732086420315
LC,1840.1,0.09521700084846492,0.09521700084846492
LC,1842.03,-0.0785925576395887,0.0785925576395887
LC,1843.96,-0.046773111702306934,0.046773111702306934
LC,1845.89,0.04354779689317877,0.04354779689317877
LC,1847.82,0.0010526705523947921,0.0010526705523947921
LC,1849.74,0.037218221025058076,0.037218221025058076
LC,1851.67,-0.008509326750210407,0.008509326750210407
LC,1853.6,0.008862734307980931,0.008862734307980931
LC,1855.53,-0.04200364019010012,0.04200364019010012
LC,1857.46,0.007470410433822326,0.007470410433822326
LC,1859.38,0.05938431392969718,0.05938431392969718
LC,1861.31,-0.04823020535673892,0.04823020535673892
LC,1863.24,-0.024902921382096585,0.024902921382096585
LC,1865.17,0.04260134147085986,0.04260134147085986
LC,1867.1,0.021167261132434927,0.021167261132434927
LC,1869.02,0.007233940593227002,0.007233940593227002
LC,1870.95,-0.03243638499146486,0.03243638499146486
LC,1872.88,-0.04229498452265211,0.04229498452265211
LC,1874.81,0.014566381112032938,0.014566381112032938
LC,1876.73,-0.030494969359644918,0.030494969359644918
LC,1878.66,-0.011917585205350049,0.011917585205350049
LC,1880.59,0.03712420670701564,0.03712420670701564
LC,1882.52,0.02180225138151655,0.02180225138151655
LC,1884.45,-0.004704397486100452,0.004704397486100452
LC,1886.37,-0.011848265348605103,0.011848265348605103
LC,1888.3,-0.002791054493997781,0.002791054493997781
LC,1890.23,0.0034494550549945017,0.0034494550549945017
LC,1892.16,0.020707251411624588,0.020707251411624588
LC,1894.09,-0.08290196123443638,0.08290196123443638
LC,1896.01,-0.007851480028328804,0.007851480028328804
LC,1897.94,0.0643162174391984,0.0643162174391984
LC,1899.87,0.004035040507342617,0.004035040507342617
LC,1901.8,0.0006717887185645972,0.0006717887185645972
LC,1903.73,-0.0007432109853133918,0.0007432109853133918
LC,1905.65,-0.003170034543802102,0.003170034543802102
LC,1907.58,0.01722416559711648,0.01722416559711648
LC,1909.51,-0.0016255398388035074,0.0016255398388035074
LC,1911.44,0.000756019662192596,0.000756019662192596
LC,1913.36,-0.004309824822397252,0.004309824822397252
LC,1915.29,-0.024122223300955,0.024122223300955
LC,1917.22,0.004205501416692677,0.004205501416692677
LC,1919.15,0.043039699289557545,0.043039699289557545
LC,1921.08,0.037986033645584324,0.037986033645584324
LC,1923.0,0.041461587413299326,0.041461587413299326
LC,1924.93,-0.033793929855906304,0.033793929855906304
LC,1926.86,-0.02044209922916754,0.02044209922916754
LC,1928.79,0.008133565464597736,0.008133565464597736
LC,1930.72,0.008556370660296535,0.008556370660296535
LC,1932.64,-0.020788828937866027,0.020788828937866027
LC,1934.57,0.030656963894336104,0.030656963894336104
LC,1936.5,0.044702161428727696,0.044702161428727696
LC,1938.43,-0.030355650362162014,0.030355650362162014
LC,1940.36,0.017251080809871488,0.017251080809871488
LC,1942.28,-0.018501712957866887,0.018501712957866887
LC,1944.21,-0.034458752581388044,0.034458752581388044
LC,1946.14,0.05188024420528963,0.05188024420528963
LC,1948.07,-0.008626081027028398,0.008626081027028398
LC,1949.99,-0.03959696575425095,0.03959696575425095
LC,1951.92,0.008312393259179356,0.008312393259179356
LC,1953.85,0.017202734410040416,0.017202734410040416
LC,1955.78,-0.022768551482806293,0.022768551482806293
LC,1957.71,-0.022958649954444334,0.022958649954444334
LC,1959.63,0.020866997809392333,0.020866997809392333
LC,1961.56,0.03613796477780708,0.03613796477780708
LC,1963.49,-0.027857982073048505,0.027857982073048505
LC,1965.42,0.019209895639318082,0.019209895639318082
LC,1967.35,-0.019514673179560366,0.019514673179560366
LC,1969.27,-0.001103911617057106,0.001103911617057106
LC,1971.2,-0.0006080379549837082,0.0006080379549837082
LC,1973.13,0.0008282488040991353,0.0008282488040991353
LC,1975.06,-0.0006587779577337067,0.0006587779577337067
LC,1976.99,0.004088694388347231,0.004088694388347231
LC,1978.91,0.021757298583928636,0.021757298583928636
LC,1980.84,-0.006890861129231572,0.006890861129231572
LC,1982.77,-0.0016583291579568692,0.0016583291579568692
LC,1984.7,-0.0017906024594864778,0.0017906024594864778
LC,1986.62,-0.0016923081570385686,0.0016923081570385686
LC,1988.55,0.07208340421733911,0.07208340421733911
LC,1990.48,-0.08991803356629521,0.08991803356629521
LC,1992.41,-0.02218598230723434,0.02218598230723434
LC,1994.34,0.08195442113554707,0.08195442113554707
LC,1996.26,-0.009772721710587896,0.009772721710587896
LC,1998.19,-0.0035419751314529893,0.0035419751314529893
LC,2000.12,-0.0006528562064991466,0.0006528562064991466
LC,2002.05,0.009061049835487386,0.009061049835487386
LC,2003.98,-0.0005627956412080745,0.0005627956412080745
LC,2005.9,-0.005043791942697147,0.005043791942697147
LC,2007.83,-0.0030605454992213214,0.0030605454992213214
LC,2009.76,0.014910789313963635,0.014910789313963635
LC,2011.69,0.004864590860000183,0.004864590860000183
LC,2013.62,-0.04711879287130459,0.04711879287130459
LC,2015.54,0.0247435334587541,0.0247435334587541
LC,2017.47,-0.005259471264797179,0.005259471264797179
LC,2019.4,0.0028225785115225236,0.0028225785115225236
LC,2021.33,-0.0034523271227582786,0.0034523271227582786
LC,2023.26,0.005001830159944868,0.005001830159944868
LC,2025.18,0.022197592553049317,0.022197592553049317
LC,2027.11,-0.01681693732177504,0.01681693732177504
LC,2029.04,-0.03164865510382957,0.03164865510382957
LC,2030.97,0.03206453723721269,0.03206453723721269
LC,2032.89,0.015363115681820376,0.015363115681820376
LC,2034.82,-0.009688319678362806,0.009688319678362806
LC,2036.75,-0.0003259795910678566,0.0003259795910678566
LC,2038.68,-0.010582947894687786,0.010582947894687786
LC,2040.61,0.025724648869934856,0.025724648869934856
LC,2042.53,0.019514500687030867,0.019514500687030867
LC,2044.46,0.002492381338537661,0.002492381338537661
LC,2046.39,0.000401084996887769,0.000401084996887769
LC,2048.32,-0.01042918833226642,0.01042918833226642
LC,2050.25,-0.0003093220036879041,0.0003093220036879041
LC,2052.17,-0.005702377580516743,0.005702377580516743
LC,2054.1,0.03107903606839873,0.03107903606839873
LC,2056.03,0.021634534304160322,0.021634534304160322
LC,2057.96,-0.0013738183323609857,0.0013738183323609857
LC,2059.89,0.006701306399332286,0.006701306399332286
LC,2061.81,0.019424084422518015,0.019424084422518015
LC,2063.74,0.02613580934345051,0.02613580934345051
LC,2065.67,0.009849318999758718,0.009849318999758718
LC,2067.6,0.011155496717191161,0.011155496717191161
LC,2069.52,0.0023240732749881567,0.0023240732749881567
LC,2071.45,-0.007814964035540887,0.007814964035540887
LC,2073.38,-0.018546884077767865,0.018546884077767865
LC,2075.31,-0.015345497229097234,0.015345497229097234
LC,2077.24,0.016539883925939962,0.016539883925939962
LC,2079.16,0.05718972944879386,0.05718972944879386
LC,2081.09,0.08382740525445279,0.08382740525445279
LC,2083.02,0.08730946552154158,0.08730946552154158
LC,2084.95,0.04886097439006571,0.04886097439006571
LC,2086.88,0.07229271256310581,0.07229271256310581
LC,2088.8,-0.02719255848481556,0.02719255848481556
LC,2090.73,-0.05481497989902359,0.05481497989902359
LC,2092.66,-0.08325112021960415,0.08325112021960415
LC,2094.59,-0.07383151799773334,0.07383151799773334
LC,2096.52,-0.045893394288295114,0.045893394288295114
LC,2098.44,-0.036146351920342296,0.036146351920342296
LC,2100.37,-0.0623582689845677,0.0623582689845677
LC,2102.3,-0.04181191611091277,0.04181191611091277
LC,2104.23,-0.014156846349359351,0.014156846349359351
LC,2106.15,0.08455220935171227,0.08455220935171227
LC,2108.08,-0.010801854524918978,0.010801854524918978
LC,2110.01,-0.0688217316162478,0.0688217316162478
LC,2111.94,-0.03779876442629343,0.03779876442629343
LC,2113.87,0.059983591872085594,0.059983591872085594
LC,2115.79,0.02813629008560436,0.02813629008560436
LC,2117.72,-0.019971488116440683,0.019971488116440683
LC,2119.65,-0.009528115281925887,0.009528115281925887
LC,2121.58,0.07430640858074417,0.07430640858074417
LC,2123.51,0.05326665967652834,0.05326665967652834
LC,2125.43,0.06791774179097197,0.06791774179097197
LC,2127.36,-0.006639831904642301,0.006639831904642301
LC,2129.29,-0.012234309930972881,0.012234309930972881
LC,2131.22,0.03622948214766121,0.03622948214766121
LC,2133.15,0.024768086633002583,0.024768086633002583
LC,2135.07,-0.0008962405632532089,0.0008962405632532089
LC,2137.0,0.017310963871603052,0.017310963871603052
LC,2138.93,0.012964858046365041,0.012964858046365041
LC,2140.86,-0.0031598240263122383,0.0031598240263122383
LC,2142.78,0.015567337876080754,0.015567337876080754
LC,2144.71,0.003973831443659021,0.003973831443659021
LC,2146.64,0.042572510060942856,0.042572510060942856
LC,2148.57,-0.04482682381567307,0.04482682381567307
LC,2150.5,-0.029017784108059597,0.029017784108059597
LC,2152.42,0.0058039851699787275,0.0058039851699787275
LC,2154.35,0.05570052276337271,0.05570052276337271
LC,2156.28,0.004472876564563305,0.004472876564563305
LC,2158.21,-0.005950795133948509,0.005950795133948509
LC,2160.14,-0.004707163818681232,0.004707163818681232
LC,2162.06,0.0028971612762412405,0.0028971612762412405
LC,2163.99,0.008718350000724157,0.008718350000724157
LC,2165.92,0.00768834195330353,0.00768834195330353
LC,2167.85,-0.01744395798735684,0.01744395798735684
LC,2169.78,-0.0386538301685223,0.0386538301685223
LC,2171.7,-0.06566050030094123,0.06566050030094123
LC,2173.63,0.061159885743325204,0.061159885743325204
LC,2175.56,0.0822960279420106,0.0822960279420106
LC,2177.49,0.027253146564302364,0.027253146564302364
LC,2179.41,-0.037953479661315764,0.037953479661315764
LC,2181.34,-0.003468127688065705,0.003468127688065705
LC,2183.27,-0.00932224352241072,0.00932224352241072
LC,2185.2,-0.019633636895316983,0.019633636895316983
LC,2187.13,0.027894844551145277,0.027894844551145277
LC,2189.05,0.01339941492389803,0.01339941492389803
LC,2190.98,0.000252037024331942,0.000252037024331942
LC,2192.91,0.0010205158710230823,0.0010205158710230823
LC,2194.84,0.008026509958922004,0.008026509958922004
LC,2196.77,0.005574553531821068,0.005574553531821068
LC,2198.69,-0.003179374495833185,0.003179374495833185
PAC,401.89,0.007634436009517488,0.007634436009517488
PAC,403.82,-0.019135894625370162,0.019135894625370162
PAC,405.75,-0.02313096588047826,0.02313096588047826
PAC,407.67,-0.0019040403390067837,0.0019040403390067837
PAC,409.6,0.0001419594168060986,0.0001419594168060986
PAC,411.53,-0.024671952374626042,0.024671952374626042
PAC,413.46,-0.008737296706966949,0.008737296706966949
PAC,415.39,0.08570050852970654,0.08570050852970654
PAC,417.31,0.01892125348060715,0.01892125348060715
PAC,419.24,-0.023117810294925552,0.023117810294925552
PAC,421.17,0.03427593956976559,0.03427593956976559
PAC,423.1,-0.011714989286224541,0.011714989286224541
PAC,425.03,0.00013525833168167458,0.00013525833168167458
PAC,426.95,0.04866801527948771,0.04866801527948771
PAC,428.88,0.033810089539652664,0.033810089539652664
PAC,430.81,-0.02845432373224307,0.02845432373224307
PAC,432.74,-0.010847412597201813,0.010847412597201813
PAC,434.67,0.05722043833874187,0.05722043833874187
PAC,436.59,-0.010171729982947896,0.010171729982947896
PAC,438.52,-0.07183534870059498,0.07183534870059498
PAC,440.45,-0.01915645192590885,0.01915645192590885
PAC,442.38,-0.012032199500474627,0.012032199500474627
PAC,444.3,-0.01059255109777885,0.01059255109777885
PAC,446.23,0.0037354518156783394,0.0037354518156783394
PAC,448.16,-0.006929783745049367,0.006929783745049367
PAC,450.09,0.022348776978803938,0.022348776978803938
PAC,452.02,0.012071765440958188,0.012071765440958188
PAC,453.94,-0.04706786327627708,0.04706786327627708
PAC,455.87,0.020285991606202466,0.020285991606202466
PAC,457.8,0.08717751403577943,0.08717751403577943
PAC,459.73,0.011030398254414951,0.011030398254414951
PAC,461.66,-0.00651915077701364,0.00651915077701364
PAC,463.58,0.01713821534696746,0.01713821534696746
PAC,465.51,0.05283587220514255,0.05283587220514255
PAC,467.44,-0.007431711367452285,0.007431711367452285
PAC,469.37,-0.06288567673964764,0.06288567673964764
PAC,471.3,-0.026066669880088263,0.026066669880088263
PAC,473.22,0.011389649914861254,0.011389649914861254
PAC,475.15,0.018696862177771712,0.018696862177771712
PAC,477.08,0.026965733457355763,0.026965733457355763
PAC,479.01,0.01120655685652348,0.01120655685652348
PAC,480.93,-0.015786010096455517,0.015786010096455517
PAC,482.86,-0.008028343446823662,0.008028343446823662
PAC,484.79,-0.0012129686093785156,0.0012129686093785156
PAC,486.72,-0.0001896784175947946,0.0001896784175947946
PAC,488.65,0.0023525776431945126,0.0023525776431945126
PAC,490.57,-0.0004406080336711907,0.0004406080336711907
PAC,492.5,0.0008616999593048846,0.0008616999593048846
PAC,494.43,0.0021747497960688286,0.0021747497960688286
PAC,496.36,-0.01481351286705495,0.01481351286705495
PAC,498.29,-0.038106823539358015,0.038106823539358015
PAC,500.21,0.013504954895167745,0.013504954895167745
PAC,502.14,0.03336168174477042,0.03336168174477042
PAC,504.07,0.04274432101634771,0.04274432101634771
PAC,506.0,0.01506647332387693,0.01506647332387693
PAC,507.93,-0.03894841715031781,0.03894841715031781
PAC,509.85,0.0011351204907335665,0.0011351204907335665
PAC,511.78,-0.00933497896825509,0.00933497896825509
PAC,513.71,-0.0019954678510306564,0.0019954678510306564
PAC,515.64,0.0006169059286216858,0.0006169059286216858
PAC,517.57,0.001716371357790675,0.001716371357790675
PAC,519.49,-0.00041033338044601457,0.00041033338044601457
PAC,521.42,0.0003514656103726698,0.0003514656103726698
PAC,523.35,0.002275272218630717,0.002275272218630717
PAC,525.28,-0.00616714232942234,0.00616714232942234
PAC,527.2,0.004631768594248265,0.004631768594248265
PAC,529.13,0.004418393427712252,0.004418393427712252
PAC,531.06,-0.018804842802135627,0.018804842802135627
PAC,532.99,-0.041005377716704504,0.041005377716704504
PAC,534.92,0.006561806000234849,0.006561806000234849
PAC,536.84,0.038239524726559816,0.038239524726559816
PAC,538.77,0.004478001348376719,0.004478001348376719
PAC,540.7,-0.0038826567734192674,0.0038826567734192674
PAC,542.63,0.003682781011928207,0.003682781011928207
PAC,544.56,0.008029000880895532,0.008029000880895532
PAC,546.48,0.008311892773344435,0.008311892773344435
PAC,548.41,-0.004020326051464675,0.004020326051464675
PAC,550.34,0.0008216761659563366,0.0008216761659563366
PAC,552.27,0.009857455435533319,0.009857455435533319
PAC,554.2,-0.005585274507675561,0.005585274507675561
PAC,556.12,-0.024992641238845197,0.024992641238845197
PAC,558.05,0.004309040495428099,0.004309040495428099
PAC,559.98,0.036582202996880184,0.036582202996880184
PAC,561.91,-0.006030204975119176,0.006030204975119176
PAC,563.83,-0.01360283960252552,0.01360283960252552
PAC,565.76,-0.013346898984723594,0.013346898984723594
PAC,567.69,0.008427899893143196,0.008427899893143196
PAC,569.62,0.011862817355793103,0.011862817355793103
PAC,571.55,0.004862517569365578,0.004862517569365578
PAC,573.47,-0.0014824891243466354,0.0014824891243466354
PAC,575.4,0.003057755497889537,0.003057755497889537
PAC,577.33,-0.0005152629503513882,0.0005152629503513882
PAC,579.26,-0.006406841619422261,0.006406841619422261
PAC,581.19,0.011098385632148294,0.011098385632148294
PAC,583.11,0.012566462198088152,0.012566462198088152
PAC,585.04,-0.00015653599196490038,0.00015653599196490038
PAC,586.97,-0.013571195166787205,0.013571195166787205
PAC,588.9,0.0003754021970682893,0.0003754021970682893
PAC,590.83,0.011872569711154054,0.011872569711154054
PAC,592.75,0.0016245200130169364,0.0016245200130169364
PAC,594.68,-0.010430054070872717,0.010430054070872717
PAC,596.61,-0.0038868379440056117,0.0038868379440056117
PAC,598.54,-0.034408000122331264,0.034408000122331264
PAC,600.46,0.02485657793919669,0.02485657793919669
PAC,602.39,0.046685371501827895,0.046685371501827895
PAC,604.32,-0.030857317238534913,0.030857317238534913
PAC,606.25,-0.01608488521383772,0.01608488521383772
PAC,608.18,0.005718600575126452,0.005718600575126452
PAC,610.1,0.006155375353332961,0.006155375353332961
PAC,612.03,-0.0014103271596314021,0.0014103271596314021
PAC,613.96,-0.00886281373421392,0.00886281373421392
PAC,615.89,-0.0029303511707749557,0.0029303511707749557
PAC,617.82,-0.002767620669435407,0.002767620669435407
PAC,619.74,0.02265254447428878,0.02265254447428878
PAC,621.67,0.017435786905923345,0.017435786905923345
PAC,623.6,-0.008873916698160669,0.008873916698160669
PAC,625.53,0.0036142115745949944,0.0036142115745949944
PAC,627.46,0.009499894214213546,0.009499894214213546
PAC,629.38,0.001941434505059813,0.001941434505059813
PAC,631.31,-0.0018521929374511283,0.0018521929374511283
PAC,633.24,-0.003135030995996453,0.003135030995996453
PAC,635.17,-0.0021925147302938462,0.0021925147302938462
PAC,637.09,0.006708706325643033,0.006708706325643033
PAC,639.02,0.013013189644479244,0.013013189644479244
PAC,640.95,0.017898426257993844,0.017898426257993844
PAC,642.88,0.017679860083422854,0.017679860083422854
PAC,644.81,0.01709970951338689,0.01709970951338689
PAC,646.73,-0.03192895814360387,0.03192895814360387
PAC,648.66,-0.05000898473924467,0.05000898473924467
PAC,650.59,0.04679477043188428,0.04679477043188428
PAC,652.52,0.09208220766104981,0.09208220766104981
PAC,654.45,-0.026221116469097926,0.026221116469097926
PAC,656.37,-0.05838584892906117,0.05838584892906117
PAC,658.3,0.026847814562029122,0.026847814562029122
PAC,660.23,0.01706349051435431,0.01706349051435431
PAC,662.16,-0.006643953213706526,0.006643953213706526
PAC,664.09,0.007687451392689262,0.007687451392689262
PAC,666.01,0.0029481117182329764,0.0029481117182329764
PAC,667.94,-0.0207759755874641,0.0207759755874641
PAC,669.87,0.014606666550688504,0.014606666550688504
PAC,671.8,0.003932540467200696,0.003932540467200696
PAC,673.72,-0.0032653107528534727,0.0032653107528534727
PAC,675.65,-0.003650299935288645,0.003650299935288645
PAC,677.58,0.0041556803959868875,0.0041556803959868875
PAC,679.51,-0.012270131334901565,0.012270131334901565
PAC,681.44,-0.013802269451624683,0.013802269451624683
PAC,683.36,0.018877062249227076,0.018877062249227076
PAC,685.29,0.06418087692802067,0.06418087692802067
PAC,687.22,0.06451897781082892,0.06451897781082892
PAC,689.15,-0.03492238733705575,0.03492238733705575
PAC,691.08,-0.09845699457852784,0.09845699457852784
PAC,693.0,-0.041115488140354824,0.041115488140354824
PAC,694.93,-0.008071073756204796,0.008071073756204796
PAC,696.86,-0.013465369157645414,0.013465369157645414
PAC,698.79,-0.0042150086202521215,0.0042150086202521215
PAC,700.72,0.0018813946148196804,0.0018813946148196804
PAC,702.64,0.03544911049121414,0.03544911049121414
PAC,704.57,0.006362030635070146,0.006362030635070146
PAC,706.5,-0.0011444280986772672,0.0011444280986772672
PAC,708.43,-0.00045263104850125184,0.00045263104850125184
PAC,710.36,-0.017278370474352225,0.017278370474352225
PAC,712.28,-0.02494820385122463,0.02494820385122463
PAC,714.21,-0.025358330873581303,0.025358330873581303
PAC,716.14,-0.0028269101896483493,0.0028269101896483493
PAC,718.07,0.09703952538072304,0.09703952538072304
PAC,719.99,0.10792754185706045,0.10792754185706045
PAC,721.92,0.27524136147523254,0.27524136147523254
PAC,723.85,0.30737078266021006,0.30737078266021006
PAC,725.78,0.3288290843876017,0.3288290843876017
PAC,727.71,0.3145391060602169,0.3145391060602169
PAC,729.63,0.3047933184543571,0.3047933184543571
PAC,731.56,0.168875469281334,0.168875469281334
PAC,733.49,-0.12264366150138627,0.12264366150138627
PAC,735.42,-0.16838750286740978,0.16838750286740978
PAC,737.35,-0.044985428336591415,0.044985428336591415
PAC,739.27,0.06319731873291985,0.06319731873291985
PAC,741.2,0.08581551908682508,0.08581551908682508
PAC,743.13,0.04166649488256467,0.04166649488256467
PAC,745.06,-0.015730159141136086,0.015730159141136086
PAC,746.99,-0.0013090806275554466,0.0013090806275554466
PAC,748.91,0.04662301049849997,0.04662301049849997
PAC,750.84,0.0017126979506017351,0.0017126979506017351
PAC,752.77,-0.03180086799713001,0.03180086799713001
PAC,754.7,-0.03226503308349955,0.03226503308349955
PAC,756.62,-0.023586752161073483,0.023586752161073483
PAC,758.55,0.04174690581124592,0.04174690581124592
PAC,760.48,0.04363782079891202,0.04363782079891202
PAC,762.41,-0.013062229630506005,0.013062229630506005
PAC,764.34,-0.0356154708064672,0.0356154708064672
PAC,766.26,-0.021969470573209075,0.021969470573209075
PAC,768.19,0.011748095245125257,0.011748095245125257
PAC,770.12,0.006749777980627301,0.006749777980627301
PAC,772.05,-0.0005067470023083824,0.0005067470023083824
PAC,773.98,0.009287974465867354,0.009287974465867354
PAC,775.9,0.014385993386696558,0.014385993386696558
PAC,777.83,-0.0029639283457878543,0.0029639283457878543
PAC,779.76,0.031715797870175026,0.031715797870175026
PAC,781.69,0.010971819849277215,0.010971819849277215
PAC,783.62,-0.038573306734104154,0.038573306734104154
PAC,785.54,-0.03802884269352379,0.03802884269352379
PAC,787.47,0.02256707329373587,0.02256707329373587
PAC,789.4,0.09612607485771596,0.09612607485771596
PAC,791.33,0.09005060188760378,0.09005060188760378
PAC,793.25,-0.03766005729500398,0.03766005729500398
PAC,795.18,-0.04904435371751393,0.04904435371751393
PAC,797.11,0.0021305509780733924,0.0021305509780733924
PAC,799.04,0.01205166326099206,0.01205166326099206
PAC,800.97,-0.013030636971583203,0.013030636971583203
PAC,802.89,0.02787213298118716,0.02787213298118716
PAC,804.82,0.010534393515813633,0.010534393515813633
PAC,806.75,0.026416440143509298,0.026416440143509298
PAC,808.68,0.03300716588159916,0.03300716588159916
PAC,810.61,-0.02882942025295989,0.02882942025295989
PAC,812.53,-0.11930242052536487,0.11930242052536487
PAC,814.46,0.11428912818935294,0.11428912818935294
PAC,816.39,0.030344069649393485,0.030344069649393485
PAC,818.32,-0.039069373767278016,0.039069373767278016
PAC,820.25,-0.019450736361672966,0.019450736361672966
PAC,822.17,-0.0012273542842048003,0.0012273542842048003
PAC,824.1,-0.12985414747415552,0.12985414747415552
PAC,826.03,-0.07347494926814903,0.07347494926814903
PAC,827.96,0.007514376293848163,0.007514376293848163
PAC,829.88,0.07461805171087904,0.07461805171087904
PAC,831.81,0.05403665456807745,0.05403665456807745
PAC,833.74,-0.04015701125410994,0.04015701125410994
PAC,835.67,-0.14379852192504938,0.14379852192504938
PAC,837.6,0.000843734884731751,0.000843734884731751
PAC,839.52,0.10599338394299562,0.10599338394299562
PAC,841.45,0.040819309354218604,0.040819309354218604
PAC,843.38,-0.03767220393278564,0.03767220393278564
PAC,845.31,-0.03936860529326211,0.03936860529326211
PAC,847.24,-0.00041345445596250544,0.00041345445596250544
PAC,849.16,0.03635106538899994,0.03635106538899994
PAC,851.09,-0.0033383399546616952,0.0033383399546616952
PAC,853.02,-0.031244961339479724,0.031244961339479724
PAC,854.95,-0.0073713120435595116,0.0073713120435595116
PAC,856.88,0.021763099852071744,0.021763099852071744
PAC,858.8,0.028523059691590327,0.028523059691590327
PAC,860.73,0.0177741881494921,0.0177741881494921
PAC,862.66,0.010290386261708,0.010290386261708
PAC,864.59,-0.031412642862434094,0.031412642862434094
PAC,866.51,0.004093889707531781,0.004093889707531781
PAC,868.44,0.019763713629372473,0.019763713629372473
PAC,870.37,-0.008043111900971973,0.008043111900971973
PAC,872.3,-0.00028881746147361667,0.00028881746147361667
PAC,874.23,-0.017246343670145364,0.017246343670145364
PAC,876.15,0.002154332034686305,0.002154332034686305
PAC,878.08,0.010624027952431196,0.010624027952431196
PAC,880.01,-0.006154670758433963,0.006154670758433963
PAC,881.94,-0.002327126858431164,0.002327126858431164
PAC,883.87,0.004707935327427942,0.004707935327427942
PAC,885.79,-0.0013875133246693272,0.0013875133246693272
PAC,887.72,-0.004277196932829243,0.004277196932829243
PAC,889.65,-0.006691351524015431,0.006691351524015431
PAC,891.58,-0.025159280566783224,0.025159280566783224
PAC,893.51,0.004106535663960783,0.004106535663960783
PAC,895.43,0.006181098835584987,0.006181098835584987
PAC,897.36,0.02542497482092281,0.02542497482092281
PAC,899.29,0.06148098859175694,0.06148098859175694
PAC,901.22,0.05571569991416558,0.05571569991416558
PAC,903.15,0.046096838976899736,0.046096838976899736
PAC,905.07,-0.03533156759081333,0.03533156759081333
PAC,907.0,-0.01585829555113255,0.01585829555113255
PAC,908.93,-0.025931133674934617,0.025931133674934617
PAC,910.86,0.04607194677443392,0.04607194677443392
PAC,912.78,0.06238504003396584,0.06238504003396584
PAC,914.71,-0.03417656824116334,0.03417656824116334
PAC,916.64,-0.008389987616051645,0.008389987616051645
PAC,918.57,0.014997310953533207,0.014997310953533207
PAC,920.5,0.002074231635168336,0.002074231635168336
PAC,922.42,0.00033642025234580883,0.00033642025234580883
PAC,924.35,-0.0005189448411008215,0.0005189448411008215
PAC,926.28,0.0015305103537253976,0.0015305103537253976
PAC,928.21,0.010678094451268638,0.010678094451268638
PAC,930.14,0.0024552707987018267,0.0024552707987018267
PAC,932.06,-0.003614821782023361,0.003614821782023361
PAC,933.99,-0.009846201012621972,0.009846201012621972
PAC,935.92,0.0028887890407214055,0.0028887890407214055
PAC,937.85,0.023514391222370257,0.023514391222370257
PAC,939.78,0.04282080108414975,0.04282080108414975
PAC,941.7,0.03267934021840762,0.03267934021840762
PAC,943.63,0.00472265598448856,0.00472265598448856
PAC,945.56,0.011528250077006523,0.011528250077006523
PAC,947.49,0.024732735973596282,0.024732735973596282
PAC,949.41,-0.015704086320423034,0.015704086320423034
PAC,951.34,-0.040310599670329565,0.040310599670329565
PAC,953.27,0.00863356670961967,0.00863356670961967
PAC,955.2,0.032639936553790334,0.032639936553790334
PAC,957.13,0.001397720365943739,0.001397720365943739
PAC,959.05,-0.0052333527147943966,0.0052333527147943966
PAC,960.98,0.0017265560116146363,0.0017265560116146363
PAC,962.91,-0.003603414524724652,0.003603414524724652
PAC,964.84,-0.00017484534029813258,0.00017484534029813258
PAC,966.77,-7.798294249212605e-05,7.798294249212605e-05
PAC,968.69,0.00026943273497172726,0.00026943273497172726
PAC,970.62,0.0014684156167374743,0.0014684156167374743
PAC,972.55,-3.0283287902566084e-05,3.0283287902566084e-05
PAC,974.48,2.685285686622725e-05,2.685285686622725e-05
PAC,976.41,-0.0023704493711725312,0.0023704493711725312
PAC,978.33,-0.003320141912346521,0.003320141912346521
PAC,980.26,-0.00047720363702059566,0.00047720363702059566
PAC,982.19,0.006614270133945367,0.006614270133945367
PAC,984.12,-0.0020683644426856655,0.0020683644426856655
PAC,986.04,-0.02048285316561035,0.02048285316561035
PAC,987.97,-0.046444497874465786,0.046444497874465786
PAC,989.9,-0.11954853119497823,0.11954853119497823
PAC,991.83,-0.1812532695120097,0.1812532695120097
PAC,993.76,-0.007851826065381326,0.007851826065381326
PAC,995.68,0.18520594558431516,0.18520594558431516
PAC,997.61,0.30161727921151193,0.30161727921151193
PAC,999.54,0.39309752803137255,0.39309752803137255
PAC,1001.47,0.4102192325027546,0.4102192325027546
PAC,1003.4,0.4396818306751651,0.4396818306751651
PAC,1005.32,0.4964958216644442,0.4964958216644442
PAC,1007.25,0.17227914048067075,0.17227914048067075
PAC,1009.18,-0.24095390791053561,0.24095390791053561
PAC,1011.11,-0.246601064334637,0.246601064334637
PAC,1013.04,0.1287392664068921,0.1287392664068921
PAC,1014.96,0.13929063439358558,0.13929063439358558
PAC,1016.89,0.04540370361335343,0.04540370361335343
PAC,1018.82,-0.03750511870816469,0.03750511870816469
PAC,1020.75,-0.06230502683047115,0.06230502683047115
PAC,1022.67,-0.033538879339490534,0.033538879339490534
PAC,1024.6,-0.001021621055301263,0.001021621055301263
PAC,1026.53,-0.0007239379381648325,0.0007239379381648325
PAC,1028.46,0.000734145995381326,0.000734145995381326
PAC,1030.39,0.0017720431521675043,0.0017720431521675043
PAC,1032.31,0.0015929248941068577,0.0015929248941068577
PAC,1034.24,-0.0011365200044695482,0.0011365200044695482
PAC,1036.17,0.00023679484636350808,0.00023679484636350808
PAC,1038.1,0.00033783599576365765,0.00033783599576365765
PAC,1040.03,-0.0032059023513646683,0.0032059023513646683
PAC,1041.95,-0.001103959547421717,0.001103959547421717
PAC,1043.88,-0.0015856982059624,0.0015856982059624
PAC,1045.81,-0.005869770504017233,0.005869770504017233
PAC,1047.74,0.00016592572108028008,0.00016592572108028008
PAC,1049.67,-0.0034491107032530834,0.0034491107032530834
PAC,1051.59,-0.002969819803339054,0.002969819803339054
PAC,1053.52,0.010132986105927331,0.010132986105927331
PAC,1055.45,0.0004693868352616766,0.0004693868352616766
PAC,1057.38,0.009362995965061802,0.009362995965061802
PAC,1059.3,0.0012168055918877,0.0012168055918877
PAC,1061.23,-0.004693204544352705,0.004693204544352705
PAC,1063.16,0.004794796670908876,0.004794796670908876
PAC,1065.09,-0.010869464640455108,0.010869464640455108
PAC,1067.02,-0.005838244614814388,0.005838244614814388
PAC,1068.94,0.004586758284274106,0.004586758284274106
PAC,1070.87,0.002550975714216194,0.002550975714216194
PAC,1072.8,-0.059493149748484096,0.059493149748484096
PAC,1074.73,-0.025295861179440333,0.025295861179440333
PAC,1076.66,0.07919274826737402,0.07919274826737402
PAC,1078.58,0.03715009768308081,0.03715009768308081
PAC,1080.51,0.03381416715143395,0.03381416715143395
PAC,1082.44,-0.0615589606372554,0.0615589606372554
PAC,1084.37,-0.05797609796865407,0.05797609796865407
PAC,1086.3,-0.006237174556950315,0.006237174556950315
PAC,1088.22,-0.09685444973264258,0.09685444973264258
PAC,1090.15,0.039027187186616796,0.039027187186616796
PAC,1092.08,0.049073730014831986,0.049073730014831986
PAC,1094.01,-0.006076526491003469,0.006076526491003469
PAC,1095.94,-0.001133182216099933,0.001133182216099933
PAC,1097.86,-0.03902094225047041,0.03902094225047041
PAC,1099.79,0.04576028998184259,0.04576028998184259
PAC,1101.72,-0.031680524584508776,0.031680524584508776
PAC,1103.65,-0.0022234230229305064,0.0022234230229305064
PAC,1105.57,0.04212180328449853,0.04212180328449853
PAC,1107.5,-0.06428866242095935,0.06428866242095935
PAC,1109.43,-0.07350496595842088,0.07350496595842088
PAC,1111.36,0.06180319168031705,0.06180319168031705
PAC,1113.29,0.03569516758126743,0.03569516758126743
PAC,1115.21,0.004973706058730029,0.004973706058730029
PAC,1117.14,-0.06011347858257965,0.06011347858257965
PAC,1119.07,-0.00596222115039264,0.00596222115039264
PAC,1121.0,0.01311951347339163,0.01311951347339163
PAC,1122.93,0.004875476688323847,0.004875476688323847
PAC,1124.85,0.019707813860041303,0.019707813860041303
PAC,1126.78,-9.953179139587346e-05,9.953179139587346e-05
PAC,1128.71,0.004302565111404186,0.004302565111404186
PAC,1130.64,0.0016255519986308714,0.0016255519986308714
PAC,1132.57,0.009208301382908983,0.009208301382908983
PAC,1134.49,-0.00414615333481707,0.00414615333481707
PAC,1136.42,-0.0012517949276392693,0.0012517949276392693
PAC,1138.35,0.0014428704497545014,0.0014428704497545014
PAC,1140.28,0.004521337019191788,0.004521337019191788
PAC,1142.2,-0.0026186542494795115,0.0026186542494795115
PAC,1144.13,0.0007015064793956217,0.0007015064793956217
PAC,1146.06,-0.019991121403234263,0.019991121403234263
PAC,1147.99,-0.008134263244167779,0.008134263244167779
PAC,1149.92,0.00945942060578009,0.00945942060578009
PAC,1151.84,-0.00420624531556136,0.00420624531556136
PAC,1153.77,-0.0025654115106158145,0.0025654115106158145
PAC,1155.7,0.04242974408224491,0.04242974408224491
PAC,1157.63,0.041285971789554135,0.041285971789554135
PAC,1159.56,-0.03802799680016564,0.03802799680016564
PAC,1161.48,-0.054309158128415844,0.054309158128415844
PAC,1163.41,-0.03714066258363505,0.03714066258363505
PAC,1165.34,0.008644544996356045,0.008644544996356045
PAC,1167.27,0.009179839495785394,0.009179839495785394
PAC,1169.2,0.014663458806697931,0.014663458806697931
PAC,1171.12,-0.00011453866387978546,0.00011453866387978546
PAC,1173.05,-0.011215123299848102,0.011215123299848102
PAC,1174.98,0.01478155092132333,0.01478155092132333
PAC,1176.91,-0.028522278795656553,0.028522278795656553
PAC,1178.83,-0.04387537210625576,0.04387537210625576
PAC,1180.76,0.0073981654189764524,0.0073981654189764524
PAC,1182.69,0.014081515273542993,0.014081515273542993
PAC,1184.62,0.008815515844575742,0.008815515844575742
PAC,1186.55,-0.055960414551849254,0.055960414551849254
PAC,1188.47,-0.023543774391284265,0.023543774391284265
PAC,1190.4,0.045007273569792096,0.045007273569792096
PAC,1192.33,0.0653372605772069,0.0653372605772069
PAC,1194.26,-2.5534751437535114e-05,2.5534751437535114e-05
PAC,1196.19,-0.03322495943894454,0.03322495943894454
PAC,1198.11,0.016793684045937767,0.016793684045937767
PAC,1200.04,0.01940652724995393,0.01940652724995393
PAC,1201.97,0.025099063374724506,0.025099063374724506
PAC,1203.9,-0.0013528503178873285,0.0013528503178873285
PAC,1205.83,-0.052245311330988364,0.052245311330988364
PAC,1207.75,-0.022323667023118075,0.022323667023118075
PAC,1209.68,0.05012013270571338,0.05012013270571338
PAC,1211.61,0.016218504516593023,0.016218504516593023
PAC,1213.54,-0.013626195982651818,0.013626195982651818
PAC,1215.46,-0.010810890302577569,0.010810890302577569
PAC,1217.39,-0.01629015306204385,0.01629015306204385
PAC,1219.32,-0.03778754601249388,0.03778754601249388
PAC,1221.25,0.020733419712714043,0.020733419712714043
PAC,1223.18,0.021892860419748295,0.021892860419748295
PAC,1225.1,0.007516507440352994,0.007516507440352994
PAC,1227.03,0.018664133017034297,0.018664133017034297
PAC,1228.96,-0.01001617402976102,0.01001617402976102
PAC,1230.89,-0.031446005486043684,0.031446005486043684
PAC,1232.82,0.003977933623728757,0.003977933623728757
PAC,1234.74,0.007354667605776453,0.007354667605776453
PAC,1236.67,3.166025234666917e-05,3.166025234666917e-05
PAC,1238.6,0.011474900601732535,0.011474900601732535
PAC,1240.53,0.015510044760245685,0.015510044760245685
PAC,1242.46,0.04971795168616375,0.04971795168616375
PAC,1244.38,0.02052718831117433,0.02052718831117433
PAC,1246.31,-0.036549087913796734,0.036549087913796734
PAC,1248.24,0.004381721208684999,0.004381721208684999
PAC,1250.17,0.009257169733534621,0.009257169733534621
PAC,1252.09,-0.00044668087655083406,0.00044668087655083406
PAC,1254.02,-0.0026292320606919914,0.0026292320606919914
PAC,1255.95,-0.0008408298377117395,0.0008408298377117395
PAC,1257.88,0.0012825496019799121,0.0012825496019799121
PAC,1259.81,0.008456621584919156,0.008456621584919156
PAC,1261.73,-0.021212379785693257,0.021212379785693257
PAC,1263.66,-0.03407797184430131,0.03407797184430131
PAC,1265.59,-0.030764023527183593,0.030764023527183593
PAC,1267.52,0.0398570887314724,0.0398570887314724
PAC,1269.45,0.04468889817809398,0.04468889817809398
PAC,1271.37,0.02065248179659679,0.02065248179659679
PAC,1273.3,-0.006980197957545081,0.006980197957545081
PAC,1275.23,-0.054329446776399275,0.054329446776399275
PAC,1277.16,-0.01045618110133172,0.01045618110133172
PAC,1279.09,0.1067801398597008,0.1067801398597008
PAC,1281.01,0.0042156261459335015,0.0042156261459335015
PAC,1282.94,-0.1073830499743251,0.1073830499743251
PAC,1284.87,-0.07221717098459683,0.07221717098459683
PAC,1286.8,0.30225895115493134,0.30225895115493134
PAC,1288.73,0.21223517492018779,0.21223517492018779
PAC,1290.65,0.1384073326744401,0.1384073326744401
PAC,1292.58,0.006142929639805179,0.006142929639805179
PAC,1294.51,-0.23539527793263432,0.23539527793263432
PAC,1296.44,-0.15103600752057272,0.15103600752057272
PAC,1298.36,-0.042788284429344244,0.042788284429344244
PAC,1300.29,0.052591940337269376,0.052591940337269376
PAC,1302.22,0.06975268011917848,0.06975268011917848
PAC,1304.15,-0.04557889729713944,0.04557889729713944
PAC,1306.08,-0.055523255326192004,0.055523255326192004
PAC,1308.0,-0.01880767429375434,0.01880767429375434
PAC,1309.93,0.03479722812323409,0.03479722812323409
PAC,1311.86,-0.0022842843458725725,0.0022842843458725725
PAC,1313.79,-0.04271542310092325,0.04271542310092325
PAC,1315.72,0.05900182930041486,0.05900182930041486
PAC,1317.64,0.0408923924289951,0.0408923924289951
PAC,1319.57,0.005752022031681607,0.005752022031681607
PAC,1321.5,-0.029792820998165135,0.029792820998165135
PAC,1323.43,-0.022726180370033832,0.022726180370033832
PAC,1325.36,0.019355039067905967,0.019355039067905967
PAC,1327.28,0.03173754620202933,0.03173754620202933
PAC,1329.21,0.0626047250701123,0.0626047250701123
PAC,1331.14,-0.009387237962790939,0.009387237962790939
PAC,1333.07,-0.0038896906183061215,0.0038896906183061215
PAC,1334.99,0.006241965826425342,0.006241965826425342
PAC,1336.92,-0.18087380410532095,0.18087380410532095
PAC,1338.85,-0.25098900328023904,0.25098900328023904
PAC,1340.78,-0.11995979400710377,0.11995979400710377
PAC,1342.71,0.0700619473444898,0.0700619473444898
PAC,1344.63,0.08404595477943982,0.08404595477943982
PAC,1346.56,-0.024281766574175183,0.024281766574175183
PAC,1348.49,0.03427507376258559,0.03427507376258559
PAC,1350.42,0.016980322726109682,0.016980322726109682
PAC,1352.35,0.10619834885886242,0.10619834885886242
PAC,1354.27,0.048600508993784756,0.048600508993784756
PAC,1356.2,-0.17349057057382936,0.17349057057382936
PAC,1358.13,-0.16541815761598444,0.16541815761598444
PAC,1360.06,-0.12098277415725757,0.12098277415725757
PAC,1361.99,0.07543039892971126,0.07543039892971126
PAC,1363.91,0.12943948059486574,0.12943948059486574
PAC,1365.84,0.11705492507839296,0.11705492507839296
PAC,1367.77,0.22779689080515672,0.22779689080515672
PAC,1369.7,0.09098789087603147,0.09098789087603147
PAC,1371.62,-0.17802505492754514,0.17802505492754514
PAC,1373.55,-0.11193096451283838,0.11193096451283838
PAC,1375.48,-0.07270414025501344,0.07270414025501344
PAC,1377.41,-0.013619129797689627,0.013619129797689627
PAC,1379.34,0.04254369677325292,0.04254369677325292
PAC,1381.26,0.09071473449054782,0.09071473449054782
PAC,1383.19,-0.007209872180086963,0.007209872180086963
PAC,1385.12,-0.07566717665910402,0.07566717665910402
PAC,1387.05,0.03690378659389273,0.03690378659389273
PAC,1388.98,0.10302370343050585,0.10302370343050585
PAC,1390.9,-0.07420232274044108,0.07420232274044108
PAC,1392.83,0.07121504499513483,0.07121504499513483
PAC,1394.76,-0.05872965172372245,0.05872965172372245
PAC,1396.69,-0.055991257547852974,0.055991257547852974
PAC,1398.62,0.0765279701296363,0.0765279701296363
PAC,1400.54,-0.04645661084644201,0.04645661084644201
PAC,1402.47,0.013979770713358833,0.013979770713358833
PAC,1404.4,-0.008445863377569127,0.008445863377569127
PAC,1406.33,-0.008485149493961633,0.008485149493961633
PAC,1408.25,0.011304395530667696,0.011304395530667696
PAC,1410.18,-0.00014494603201245163,0.00014494603201245163
PAC,1412.11,0.0007620773642592489,0.0007620773642592489
PAC,1414.04,0.05494195685574036,0.05494195685574036
PAC,1415.97,0.005231424867965291,0.005231424867965291
PAC,1417.89,-0.10445081547156083,0.10445081547156083
PAC,1419.82,0.049828431565372436,0.049828431565372436
PAC,1421.75,-0.07265379965149331,0.07265379965149331
PAC,1423.68,-0.02926550063797706,0.02926550063797706
PAC,1425.61,0.06977727793776353,0.06977727793776353
PAC,1427.53,0.11601176022151043,0.11601176022151043
PAC,1429.46,0.10030901008781465,0.10030901008781465
PAC,1431.39,-0.054320522621353756,0.054320522621353756
PAC,1433.32,-0.09720644708161828,0.09720644708161828
PAC,1435.25,-0.13004737620528126,0.13004737620528126
PAC,1437.17,-0.06520488817050223,0.06520488817050223
PAC,1439.1,0.016359468168263565,0.016359468168263565
PAC,1441.03,-0.03990062097933843,0.03990062097933843
PAC,1442.96,-0.020142591146067597,0.020142591146067597
PAC,1444.89,-0.007890077697666508,0.007890077697666508
PAC,1446.81,0.03813917162638,0.03813917162638
PAC,1448.74,0.11916128833543758,0.11916128833543758
PAC,1450.67,0.043331781328030713,0.043331781328030713
PAC,1452.6,-0.05193368975891989,0.05193368975891989
PAC,1454.52,-0.04967484723239056,0.04967484723239056
PAC,1456.45,0.014784868260685636,0.014784868260685636
PAC,1458.38,0.05839541865627394,0.05839541865627394
PAC,1460.31,-0.0017383697516507104,0.0017383697516507104
PAC,1462.24,0.011949366526060514,0.011949366526060514
PAC,1464.16,-0.042876190185336685,0.042876190185336685
PAC,1466.09,-0.027413714025620543,0.027413714025620543
PAC,1468.02,0.058521581902622036,0.058521581902622036
PAC,1469.95,-0.04023809230089138,0.04023809230089138
PAC,1471.88,0.07316756161028072,0.07316756161028072
PAC,1473.8,0.0866625125201539,0.0866625125201539
PAC,1475.73,0.0194343355715854,0.0194343355715854
PAC,1477.66,0.020595143650935125,0.020595143650935125
PAC,1479.59,0.01030044925208595,0.01030044925208595
PAC,1481.52,-0.0077186680236554905,0.0077186680236554905
PAC,1483.44,-0.0038648850972240836,0.0038648850972240836
PAC,1485.37,0.007661902725922661,0.007661902725922661
PAC,1487.3,-0.0009640876060489711,0.0009640876060489711
PAC,1489.23,0.010196529221681969,0.010196529221681969
PAC,1491.15,0.018932880037634256,0.018932880037634256
PAC,1493.08,-0.004111615112160447,0.004111615112160447
PAC,1495.01,0.004882717568248822,0.004882717568248822
PAC,1496.94,-0.01925565698788314,0.01925565698788314
PAC,1498.87,-0.00844803182513016,0.00844803182513016
PAC,1500.79,0.0009214381025344635,0.0009214381025344635
PAC,1502.72,-0.0027252736716752734,0.0027252736716752734
PAC,1504.65,-0.016574899384195506,0.016574899384195506
PAC,1506.58,0.007962096662870764,0.007962096662870764
PAC,1508.51,-0.019771138493532316,0.019771138493532316
PAC,1510.43,0.012319911468848532,0.012319911468848532
PAC,1512.36,0.023152638311793317,0.023152638311793317
PAC,1514.29,0.004102382410514918,0.004102382410514918
PAC,1516.22,0.016161898006452628,0.016161898006452628
PAC,1518.15,0.0009679614364482733,0.0009679614364482733
PAC,1520.07,-0.035071074909883385,0.035071074909883385
PAC,1522.0,-0.03342025207411815,0.03342025207411815
PAC,1523.93,0.016793184535552255,0.016793184535552255
PAC,1525.86,0.12091377950731956,0.12091377950731956
PAC,1527.78,-0.060677689722555495,0.060677689722555495
PAC,1529.71,-0.02563182523385848,0.02563182523385848
PAC,1531.64,0.08444994332807296,0.08444994332807296
PAC,1533.57,0.002734010259139105,0.002734010259139105
PAC,1535.5,-0.052282798092206775,0.052282798092206775
PAC,1537.42,0.011340329349683277,0.011340329349683277
PAC,1539.35,0.02137508590856849,0.02137508590856849
PAC,1541.28,0.01476919954538845,0.01476919954538845
PAC,1543.21,0.011681470617548177,0.011681470617548177
PAC,1545.14,0.018264736788757004,0.018264736788757004
PAC,1547.06,0.0026923038855176263,0.0026923038855176263
PAC,1548.99,-0.024264981394539028,0.024264981394539028
PAC,1550.92,0.033328580660655846,0.033328580660655846
PAC,1552.85,0.07038482826758898,0.07038482826758898
PAC,1554.78,0.029930024872828597,0.029930024872828597
PAC,1556.7,0.19161704785120862,0.19161704785120862
PAC,1558.63,0.11071310236323385,0.11071310236323385
PAC,1560.56,-0.08067739935326533,0.08067739935326533
PAC,1562.49,-0.03209811804530548,0.03209811804530548
PAC,1564.41,-0.09074002867902699,0.09074002867902699
PAC,1566.34,-0.058528927852733156,0.058528927852733156
PAC,1568.27,-0.09175787460411644,0.09175787460411644
PAC,1570.2,0.0240641735919805,0.0240641735919805
PAC,1572.13,-0.020193283691755434,0.020193283691755434
PAC,1574.05,0.011754008802955705,0.011754008802955705
PAC,1575.98,0.1833645025281546,0.1833645025281546
PAC,1577.91,-0.06718384988115535,0.06718384988115535
PAC,1579.84,-0.20027527602332099,0.20027527602332099
PAC,1581.77,-0.007909386975923268,0.007909386975923268
PAC,1583.69,-0.03906943975833036,0.03906943975833036
PAC,1585.62,-0.061502837027548704,0.061502837027548704
PAC,1587.55,0.10744723662090627,0.10744723662090627
PAC,1589.48,0.18278118035105095,0.18278118035105095
PAC,1591.41,0.07637707724033439,0.07637707724033439
PAC,1593.33,-0.055143687267954905,0.055143687267954905
PAC,1595.26,-0.06125812467913865,0.06125812467913865
PAC,1597.19,-0.07811847108065927,0.07811847108065927
PAC,1599.12,-0.02402132455218191,0.02402132455218191
PAC,1601.04,0.04298163979251817,0.04298163979251817
PAC,1602.97,0.005845814998958623,0.005845814998958623
PAC,1604.9,-0.014389309991101825,0.014389309991101825
PAC,1606.83,0.027334344074618808,0.027334344074618808
PAC,1608.76,0.015383782828180332,0.015383782828180332
PAC,1610.68,-0.020991713972056132,0.020991713972056132
PAC,1612.61,-0.10634887255561258,0.10634887255561258
PAC,1614.54,-0.08836018708752193,0.08836018708752193
PAC,1616.47,-0.023871745905077905,0.023871745905077905
PAC,1618.4,0.04897557384320233,0.04897557384320233
PAC,1620.32,0.03080626132527276,0.03080626132527276
PAC,1622.25,-0.02805728018587229,0.02805728018587229
PAC,1624.18,0.037258780986447276,0.037258780986447276
PAC,1626.11,0.03425215858974414,0.03425215858974414
PAC,1628.04,0.025054046670195892,0.025054046670195892
PAC,1629.96,0.05043220884208578,0.05043220884208578
PAC,1631.89,0.04549747699685717,0.04549747699685717
PAC,1633.82,-0.019307983673148434,0.019307983673148434
PAC,1635.75,-0.09806551435348863,0.09806551435348863
PAC,1637.68,-0.07511607886872673,0.07511607886872673
PAC,1639.6,0.056914047698811296,0.056914047698811296
PAC,1641.53,0.08706590152743388,0.08706590152743388
PAC,1643.46,0.06985768666448332,0.06985768666448332
PAC,1645.39,0.061237433029973566,0.061237433029973566
PAC,1647.31,0.0066646852024167275,0.0066646852024167275
PAC,1649.24,-0.021034949016147622,0.021034949016147622
PAC,1651.17,-0.0043174033663146896,0.0043174033663146896
PAC,1653.1,0.0010299791101811178,0.0010299791101811178
PAC,1655.03,-0.01550151505557034,0.01550151505557034
PAC,1656.95,-0.0013638302095478152,0.0013638302095478152
PAC,1658.88,0.011297027777589858,0.011297027777589858
PAC,1660.81,-0.00016247003251388477,0.00016247003251388477
PAC,1662.74,-0.0028457182158069015,0.0028457182158069015
PAC,1664.67,-0.00619448933748257,0.00619448933748257
PAC,1666.59,-0.01015409129295231,0.01015409129295231
PAC,1668.52,-0.0010864114765753302,0.0010864114765753302
PAC,1670.45,0.015137266253345216,0.015137266253345216
PAC,1672.38,0.008725015129374495,0.008725015129374495
PAC,1674.31,-0.008817163026427806,0.008817163026427806
PAC,1676.23,-0.0029296765841176553,0.0029296765841176553
PAC,1678.16,-0.0024331677493528636,0.0024331677493528636
PAC,1680.09,-0.001570749075422372,0.001570749075422372
PAC,1682.02,0.011249422993631587,0.011249422993631587
PAC,1683.94,-0.0031088893870942357,0.0031088893870942357
PAC,1685.87,-0.00896989886293659,0.00896989886293659
PAC,1687.8,0.00046213214515360195,0.00046213214515360195
PAC,1689.73,-0.031698581227818164,0.031698581227818164
PAC,1691.66,-0.03027054356181223,0.03027054356181223
PAC,1693.58,-0.04049484219498725,0.04049484219498725
PAC,1695.51,0.002099126605406389,0.002099126605406389
PAC,1697.44,0.17452299622446454,0.17452299622446454
PAC,1699.37,0.17208980788074427,0.17208980788074427
PAC,1701.3,-0.018629670644175436,0.018629670644175436
PAC,1703.22,-0.04290382405031587,0.04290382405031587
PAC,1705.15,-0.050930064079416,0.050930064079416
PAC,1707.08,-0.06377542992619212,0.06377542992619212
PAC,1709.01,-0.04336007731506512,0.04336007731506512
PAC,1710.94,0.009964001372975805,0.009964001372975805
PAC,1712.86,0.030799725209147664,0.030799725209147664
PAC,1714.79,0.05289645425726202,0.05289645425726202
PAC,1716.72,0.07044931077006261,0.07044931077006261
PAC,1718.65,-0.021529426116241927,0.021529426116241927
PAC,1720.57,-0.011219991100002484,0.011219991100002484
PAC,1722.5,-0.06129451611050256,0.06129451611050256
PAC,1724.43,-0.07210231351215864,0.07210231351215864
PAC,1726.36,0.001572902975863993,0.001572902975863993
PAC,1728.29,0.0044793337789418705,0.0044793337789418705
PAC,1730.21,0.0268356860304663,0.0268356860304663
PAC,1732.14,0.014080818485064418,0.014080818485064418
PAC,1734.07,-0.05481873702511714,0.05481873702511714
PAC,1736.0,-0.022180904305938498,0.022180904305938498
PAC,1737.93,-0.02462135619688977,0.02462135619688977
PAC,1739.85,0.02178172967031713,0.02178172967031713
PAC,1741.78,0.010323705622277808,0.010323705622277808
PAC,1743.71,-0.002902192216773555,0.002902192216773555
PAC,1745.64,-0.0006142997325618043,0.0006142997325618043
PAC,1747.57,-0.0021939589041232725,0.0021939589041232725
PAC,1749.49,-0.014684548935519823,0.014684548935519823
PAC,1751.42,-0.0015644286358405288,0.0015644286358405288
PAC,1753.35,0.005379561431301312,0.005379561431301312
PAC,1755.28,-0.0008190642963683562,0.0008190642963683562
PAC,1757.2,-0.009862797631759405,0.009862797631759405
PAC,1759.13,-0.005630517734255607,0.005630517734255607
PAC,1761.06,0.026084160628316422,0.026084160628316422
PAC,1762.99,0.008993619403546742,0.008993619403546742
PAC,1764.92,-0.04189048922313439,0.04189048922313439
PAC,1766.84,0.01882271301435978,0.01882271301435978
PAC,1768.77,0.025397505055916477,0.025397505055916477
PAC,1770.7,-0.021129855916684842,0.021129855916684842
PAC,1772.63,-0.0003894334874214903,0.0003894334874214903
PAC,1774.56,0.008269221045317016,0.008269221045317016
PAC,1776.48,0.009478871267190046,0.009478871267190046
PAC,1778.41,-0.013522398470204674,0.013522398470204674
PAC,1780.34,0.00024056828125509818,0.00024056828125509818
PAC,1782.27,-0.0043109504840637405,0.0043109504840637405
PAC,1784.2,0.05768322396523811,0.05768322396523811
PAC,1786.12,-0.028298702105640675,0.028298702105640675
PAC,1788.05,-0.008688737427942959,0.008688737427942959
PAC,1789.98,-0.005505896291741214,0.005505896291741214
PAC,1791.91,-0.00926564953239423,0.00926564953239423
PAC,1793.83,1.8970146413885268e-05,1.8970146413885268e-05
PAC,1795.76,-0.0030094467783132912,0.0030094467783132912
PAC,1797.69,0.022850452416043887,0.022850452416043887
PAC,1799.62,0.0021333373407770584,0.0021333373407770584
PAC,1801.55,-0.03272835285153209,0.03272835285153209
PAC,1803.47,0.0019251849865764836,0.0019251849865764836
PAC,1805.4,0.0028700644616215065,0.0028700644616215065
PAC,1807.33,0.0002713087688246732,0.0002713087688246732
PAC,1809.26,0.0033206715786717506,0.0033206715786717506
PAC,1811.19,0.002611783806193343,0.002611783806193343
PAC,1813.11,-0.008429700453702605,0.008429700453702605
PAC,1815.04,-0.0010432258935005189,0.0010432258935005189
PAC,1816.97,0.0387283033959419,0.0387283033959419
PAC,1818.9,0.00978979701968422,0.00978979701968422
PAC,1820.83,-0.0002673135422902135,0.0002673135422902135
PAC,1822.75,0.0020089286273267115,0.0020089286273267115
PAC,1824.68,-0.0027201078749896795,0.0027201078749896795
PAC,1826.61,-0.013479911901393927,0.013479911901393927
PAC,1828.54,0.0036574500788066743,0.0036574500788066743
PAC,1830.47,0.025544445525323995,0.025544445525323995
PAC,1832.39,0.001091912927275525,0.001091912927275525
PAC,1834.32,-0.029427860747011796,0.029427860747011796
PAC,1836.25,0.026278262941559858,0.026278262941559858
PAC,1838.18,-0.026645311519392166,0.026645311519392166
PAC,1840.1,-0.03710414933896231,0.03710414933896231
PAC,1842.03,0.029735814764229363,0.029735814764229363
PAC,1843.96,0.022412757637542774,0.022412757637542774
PAC,1845.89,-0.021269942496389024,0.021269942496389024
PAC,1847.82,-0.00024351702187831086,0.00024351702187831086
PAC,1849.74,0.004794510749392731,0.004794510749392731
PAC,1851.67,-0.0007139409044653017,0.0007139409044653017
PAC,1853.6,-3.886059324472714e-05,3.886059324472714e-05
PAC,1855.53,0.0036358163821395605,0.0036358163821395605
PAC,1857.46,-0.0018009685242339239,0.0018009685242339239
PAC,1859.38,-0.012320397772836009,0.012320397772836009
PAC,1861.31,0.009598134170222612,0.009598134170222612
PAC,1863.24,0.009680009476920323,0.009680009476920323
PAC,1865.17,-0.013039473582549482,0.013039473582549482
PAC,1867.1,-0.00579009241199212,0.00579009241199212
PAC,1869.02,-0.0035229025159373823,0.0035229025159373823
PAC,1870.95,0.026311724385108325,0.026311724385108325
PAC,1872.88,0.02976025789779991,0.02976025789779991
PAC,1874.81,-0.010684790965246884,0.010684790965246884
PAC,1876.73,0.02404163142455884,0.02404163142455884
PAC,1878.66,0.009364453965924635,0.009364453965924635
PAC,1880.59,-0.029681804310975578,0.029681804310975578
PAC,1882.52,-0.014076875837001788,0.014076875837001788
PAC,1884.45,0.0008056963549506372,0.0008056963549506372
PAC,1886.37,-0.007498541038133541,0.007498541038133541
PAC,1888.3,0.009738595431474168,0.009738595431474168
PAC,1890.23,-0.003699652899706467,0.003699652899706467
PAC,1892.16,-0.020714051826148747,0.020714051826148747
PAC,1894.09,0.08377191927895085,0.08377191927895085
PAC,1896.01,0.006235058699725459,0.006235058699725459
PAC,1897.94,-0.04505713901823038,0.04505713901823038
PAC,1899.87,-0.005447684255287596,0.005447684255287596
PAC,1901.8,-0.0073668788560338145,0.0073668788560338145
PAC,1903.73,0.05384222505761488,0.05384222505761488
PAC,1905.65,0.00740743608456907,0.00740743608456907
PAC,1907.58,0.0008965942035369147,0.0008965942035369147
PAC,1909.51,-0.0005074615553953842,0.0005074615553953842
PAC,1911.44,0.005615583895630331,0.005615583895630331
PAC,1913.36,-0.004103723742920605,0.004103723742920605
PAC,1915.29,-0.004179318984100988,0.004179318984100988
PAC,1917.22,0.0013549121572022278,0.0013549121572022278
PAC,1919.15,0.009159452003784091,0.009159452003784091
PAC,1921.08,-0.0018890119160333277,0.0018890119160333277
PAC,1923.0,-0.02226004371582476,0.02226004371582476
PAC,1924.93,0.037339505736573825,0.037339505736573825
PAC,1926.86,0.04151069938877871,0.04151069938877871
PAC,1928.79,-0.0272650378883677,0.0272650378883677
PAC,1930.72,-0.008664407009452407,0.008664407009452407
PAC,1932.64,0.0037156457700251626,0.0037156457700251626
PAC,1934.57,0.001680605488918987,0.001680605488918987
PAC,1936.5,0.01592774747756268,0.01592774747756268
PAC,1938.43,-0.009596686679635095,0.009596686679635095
PAC,1940.36,0.00446167558449522,0.00446167558449522
PAC,1942.28,-0.0004080301844889987,0.0004080301844889987
PAC,1944.21,-0.0032604317192127825,0.0032604317192127825
PAC,1946.14,0.002871373437511511,0.002871373437511511
PAC,1948.07,0.0016708922017962277,0.0016708922017962277
PAC,1949.99,-0.003609627916087408,0.003609627916087408
PAC,1951.92,0.0026589612382555763,0.0026589612382555763
PAC,1953.85,0.0026712410500381043,0.0026712410500381043
PAC,1955.78,-0.006312375905248857,0.006312375905248857
PAC,1957.71,-0.010918784293654732,0.010918784293654732
PAC,1959.63,0.010446427858613081,0.010446427858613081
PAC,1961.56,0.014662150285338895,0.014662150285338895
PAC,1963.49,-0.019006815246729376,0.019006815246729376
PAC,1965.42,0.02225611733874242,0.02225611733874242
PAC,1967.35,-0.06358282908177437,0.06358282908177437
PAC,1969.27,-0.016331763771640327,0.016331763771640327
PAC,1971.2,0.04365344143661869,0.04365344143661869
PAC,1973.13,0.0065052821127152905,0.0065052821127152905
PAC,1975.06,0.012413561190668701,0.012413561190668701
PAC,1976.99,-0.011165130149107572,0.011165130149107572
PAC,1978.91,-0.04913623415290935,0.04913623415290935
PAC,1980.84,0.016787841067988602,0.016787841067988602
PAC,1982.77,0.0011469377748634121,0.0011469377748634121
PAC,1984.7,0.0015773575743099418,0.0015773575743099418
PAC,1986.62,0.0008387999036699206,0.0008387999036699206
PAC,1988.55,-0.022295368877044194,0.022295368877044194
PAC,1990.48,0.00714344593306147,0.00714344593306147
PAC,1992.41,-0.006685658910411877,0.006685658910411877
PAC,1994.34,0.07627402713115082,0.07627402713115082
PAC,1996.26,-0.042611414020636354,0.042611414020636354
PAC,1998.19,0.021811900237671024,0.021811900237671024
PAC,2000.12,0.001644417610809905,0.001644417610809905
PAC,2002.05,-0.013275453347585592,0.013275453347585592
PAC,2003.98,0.0005756850207735505,0.0005756850207735505
PAC,2005.9,0.004615411677606174,0.004615411677606174
PAC,2007.83,0.0026668366770634102,0.0026668366770634102
PAC,2009.76,-0.010557586847666767,0.010557586847666767
PAC,2011.69,-0.001671060664157899,0.001671060664157899
PAC,2013.62,0.005673925021154302,0.005673925021154302
PAC,2015.54,0.0003917058343722817,0.0003917058343722817
PAC,2017.47,-0.0030983605825962214,0.0030983605825962214
PAC,2019.4,0.006454785290844374,0.006454785290844374
PAC,2021.33,0.0017289490037999287,0.0017289490037999287
PAC,2023.26,0.004172316933283909,0.004172316933283909
PAC,2025.18,0.03255969171876168,0.03255969171876168
PAC,2027.11,-0.01869538442330512,0.01869538442330512
PAC,2029.04,-0.014397302520146774,0.014397302520146774
PAC,2030.97,-0.006623945465581308,0.006623945465581308
PAC,2032.89,-0.006425387108392734,0.006425387108392734
PAC,2034.82,0.012482972064304852,0.012482972064304852
PAC,2036.75,0.005626478050795545,0.005626478050795545
PAC,2038.68,-0.013871768213864,0.013871768213864
PAC,2040.61,0.008172810822496815,0.008172810822496815
PAC,2042.53,-0.0010341872535037469,0.0010341872535037469
PAC,2044.46,-0.0009879272729511925,0.0009879272729511925
PAC,2046.39,-0.00019384143278372207,0.00019384143278372207
PAC,2048.32,0.00970185448678854,0.00970185448678854
PAC,2050.25,-0.001183854287191934,0.001183854287191934
PAC,2052.17,-0.00491649051772265,0.00491649051772265
PAC,2054.1,0.02273209428805021,0.02273209428805021
PAC,2056.03,0.024960048163181925,0.024960048163181925
PAC,2057.96,-0.006300248235781262,0.006300248235781262
PAC,2059.89,-0.02994119396869695,0.02994119396869695
PAC,2061.81,-0.034508899175530246,0.034508899175530246
PAC,2063.74,-0.028454567621583115,0.028454567621583115
PAC,2065.67,-0.004027402224380014,0.004027402224380014
PAC,2067.6,0.004537009318323723,0.004537009318323723
PAC,2069.52,0.006847409102681274,0.006847409102681274
PAC,2071.45,-0.07382263328976159,0.07382263328976159
PAC,2073.38,-0.1630830783833049,0.1630830783833049
PAC,2075.31,-0.09731411379753889,0.09731411379753889
PAC,2077.24,0.0559838122349364,0.0559838122349364
PAC,2079.16,0.1402236577613302,0.1402236577613302
PAC,2081.09,0.1658854878928533,0.1658854878928533
PAC,2083.02,0.16907848140034795,0.16907848140034795
PAC,2084.95,0.09576477270162526,0.09576477270162526
PAC,2086.88,0.1619828609689831,0.1619828609689831
PAC,2088.8,-0.07336004979484492,0.07336004979484492
PAC,2090.73,-0.15400539706983915,0.15400539706983915
PAC,2092.66,-0.2341719459673549,0.2341719459673549
PAC,2094.59,-0.2163863852208297,0.2163863852208297
PAC,2096.52,-0.1289201710595445,0.1289201710595445
PAC,2098.44,-0.09789400810831654,0.09789400810831654
PAC,2100.37,-0.16074232532206004,0.16074232532206004
PAC,2102.3,-0.09719971289877588,0.09719971289877588
PAC,2104.23,-0.030725639115505885,0.030725639115505885
PAC,2106.15,0.17465392326922757,0.17465392326922757
PAC,2108.08,-0.021537385202376542,0.021537385202376542
PAC,2110.01,-0.13120656342268402,0.13120656342268402
PAC,2111.94,-0.06450026958837862,0.06450026958837862
PAC,2113.87,0.0955206144603631,0.0955206144603631
PAC,2115.79,0.04501082059317296,0.04501082059317296
PAC,2117.72,-0.0347336120012894,0.0347336120012894
PAC,2119.65,-0.01611126984900714,0.01611126984900714
PAC,2121.58,0.11005290683784232,0.11005290683784232
PAC,2123.51,0.08033284469569403,0.08033284469569403
PAC,2125.43,0.10406707028752286,0.10406707028752286
PAC,2127.36,-0.011126878249137447,0.011126878249137447
PAC,2129.29,-0.02157545029508053,0.02157545029508053
PAC,2131.22,0.057984487339076206,0.057984487339076206
PAC,2133.15,0.0619700788827323,0.0619700788827323
PAC,2135.07,0.003308642783990173,0.003308642783990173
PAC,2137.0,-0.02041667605821941,0.02041667605821941
PAC,2138.93,-0.0027536713174966176,0.0027536713174966176
PAC,2140.86,-0.002873691818665704,0.002873691818665704
PAC,2142.78,0.017675625597651578,0.017675625597651578
PAC,2144.71,0.004016986071784301,0.004016986071784301
PAC,2146.64,0.043137511118622456,0.043137511118622456
PAC,2148.57,-0.05611977547930332,0.05611977547930332
PAC,2150.5,-0.03200798539490695,0.03200798539490695
PAC,2152.42,0.0027515932705319684,0.0027515932705319684
PAC,2154.35,0.00877285414014552,0.00877285414014552
PAC,2156.28,0.002077581205699851,0.002077581205699851
PAC,2158.21,-0.02095731951440756,0.02095731951440756
PAC,2160.14,-0.043329234581683106,0.043329234581683106
PAC,2162.06,0.01853032365562522,0.01853032365562522
PAC,2163.99,0.061693354401745164,0.061693354401745164
PAC,2165.92,0.08689027519645383,0.08689027519645383
PAC,2167.85,-0.07969916655675456,0.07969916655675456
PAC,2169.78,-0.07167636081921087,0.07167636081921087
PAC,2171.7,-0.0523751614579202,0.0523751614579202
PAC,2173.63,0.0465778822427139,0.0465778822427139
PAC,2175.56,0.10311564590657209,0.10311564590657209
PAC,2177.49,0.045290040662523436,0.045290040662523436
PAC,2179.41,-0.05973955994910734,0.05973955994910734
PAC,2181.34,-0.004428655268687003,0.004428655268687003
PAC,2183.27,-0.016201436513431155,0.016201436513431155
PAC,2185.2,-0.05092652232649083,0.05092652232649083
PAC,2187.13,0.0544535274972442,0.0544535274972442
PAC,2189.05,0.03861395956833234,0.03861395956833234
PAC,2190.98,0.0018799258945582274,0.0018799258945582274
PAC,2192.91,-0.031435012210008044,0.031435012210008044
PAC,2194.84,-0.03988063448128786,0.03988063448128786
PAC,2196.77,-0.008252293949481099,0.008252293949481099
PAC,2198.69,-0.007762193159515065,0.007762193159515065
CRC,401.89,-0.0037302416406055786,0.0037302416406055786
CRC,403.82,0.013350563654885204,0.013350563654885204
CRC,405.75,0.02425655698975829,0.02425655698975829
CRC,407.67,0.004050214850866467,0.004050214850866467
CRC,409.6,-0.03268768439607592,0.03268768439607592
CRC,411.53,-0.06155081701664791,0.06155081701664791
CRC,413.46,-0.013761678143498626,0.013761678143498626
CRC,415.39,0.11097450615269959,0.11097450615269959
CRC,417.31,0.023530399005349818,0.023530399005349818
CRC,419.24,-0.03056424367614354,0.03056424367614354
CRC,421.17,0.05367441950152514,0.05367441950152514
CRC,423.1,-0.01980562382038336,0.01980562382038336
CRC,425.03,0.00022347599137872686,0.00022347599137872686
CRC,426.95,0.07879115394647439,0.07879115394647439
CRC,428.88,0.0564381767596479,0.0564381767596479
CRC,430.81,-0.0499121765117956,0.0499121765117956
CRC,432.74,-0.019580847282236424,0.019580847282236424
CRC,434.67,0.10280550772108808,0.10280550772108808
CRC,436.59,-0.01897911428626199,0.01897911428626199
CRC,438.52,-0.14278616369182093,0.14278616369182093
CRC,440.45,-0.045253769288728964,0.045253769288728964
CRC,442.38,-0.04224461791864404,0.04224461791864404
CRC,444.3,-0.09930682215346759,0.09930682215346759
CRC,446.23,-0.029039325671176706,0.029039325671176706
CRC,448.16,0.013710262893856497,0.013710262893856497
CRC,450.09,-0.019125216131803364,0.019125216131803364
CRC,452.02,-0.004808813976322287,0.004808813976322287
CRC,453.94,0.006465434585770511,0.006465434585770511
CRC,455.87,0.0008217787869391611,0.0008217787869391611
CRC,457.8,0.013876885117942297,0.013876885117942297
CRC,459.73,0.0026965482679486797,0.0026965482679486797
CRC,461.66,-0.0019496454108168027,0.0019496454108168027
CRC,463.58,0.005713666514020384,0.005713666514020384
CRC,465.51,0.017641070927531175,0.017641070927531175
CRC,467.44,-0.0021708280031485934,0.0021708280031485934
CRC,469.37,-0.013224411809751193,0.013224411809751193
CRC,471.3,-0.003172777144312106,0.003172777144312106
CRC,473.22,0.0010064634210229684,0.0010064634210229684
CRC,475.15,0.0016878806889356096,0.0016878806889356096
CRC,477.08,0.0031034641558006135,0.0031034641558006135
CRC,479.01,0.0023014795157946886,0.0023014795157946886
CRC,480.93,-0.004892299957197275,0.004892299957197275
CRC,482.86,-0.0017148746501300086,0.0017148746501300086
CRC,484.79,-8.650499188781953e-06,8.650499188781953e-06
CRC,486.72,0.0001692730841478962,0.0001692730841478962
CRC,488.65,-0.011827927015883392,0.011827927015883392
CRC,490.57,0.002958837641603044,0.002958837641603044
CRC,492.5,0.012153122727173329,0.012153122727173329
CRC,494.43,0.0039256370418295035,0.0039256370418295035
CRC,496.36,-0.012433376636324402,0.012433376636324402
CRC,498.29,-0.021693289437841257,0.021693289437841257
CRC,500.21,0.00669342744887423,0.00669342744887423
CRC,502.14,0.01652179499410849,0.01652179499410849
CRC,504.07,0.020142102678067802,0.020142102678067802
CRC,506.0,0.006780545386924324,0.006780545386924324
CRC,507.93,-0.0198603044092579,0.0198603044092579
CRC,509.85,0.0007109265158050624,0.0007109265158050624
CRC,511.78,-0.006683943595707746,0.006683943595707746
CRC,513.71,-0.0012976143741768227,0.0012976143741768227
CRC,515.64,5.889502038580254e-05,5.889502038580254e-05
CRC,517.57,-0.000501452184048068,0.000501452184048068
CRC,519.49,0.00041828705757665556,0.00041828705757665556
CRC,521.42,0.00494726418792921,0.00494726418792921
CRC,523.35,0.003990772007613077,0.003990772007613077
CRC,525.28,-0.006651409865220572,0.006651409865220572
CRC,527.2,0.0036741797642120813,0.0036741797642120813
CRC,529.13,0.0032553777076524495,0.0032553777076524495
CRC,531.06,-0.015224356184267845,0.015224356184267845
CRC,532.99,-0.037956242846402574,0.037956242846402574
CRC,534.92,0.007002874707249033,0.007002874707249033
CRC,536.84,0.04332913967521136,0.04332913967521136
CRC,538.77,0.005034170996878312,0.005034170996878312
CRC,540.7,-0.004455350202699565,0.004455350202699565
CRC,542.63,0.004522024568856626,0.004522024568856626
CRC,544.56,0.010794984514845712,0.010794984514845712
CRC,546.48,0.01183328834058899,0.01183328834058899
CRC,548.41,-0.006330393356455708,0.006330393356455708
CRC,550.34,-0.0032274644206053324,0.0032274644206053324
CRC,552.27,0.00448747924092049,0.00448747924092049
CRC,554.2,-0.002646073083020187,0.002646073083020187
CRC,556.12,-0.013704867313477746,0.013704867313477746
CRC,558.05,0.0024884910142463734,0.0024884910142463734
CRC,559.98,0.01743139293132521,0.01743139293132521
CRC,561.91,-0.002486990585325452,0.002486990585325452
CRC,563.83,-0.005651546987590548,0.005651546987590548
CRC,565.76,-0.006644082301016712,0.006644082301016712
CRC,567.69,0.004067519019074529,0.004067519019074529
CRC,569.62,0.0039677397902174154,0.0039677397902174154
CRC,571.55,0.0007013238711736737,0.0007013238711736737
CRC,573.47,0.0010492374857380279,0.0010492374857380279
CRC,575.4,0.004407537395898116,0.004407537395898116
CRC,577.33,-0.0006478946431016463,0.0006478946431016463
CRC,579.26,-0.0055073859006087855,0.0055073859006087855
CRC,581.19,0.0036852662036962643,0.0036852662036962643
CRC,583.11,0.002584939573955614,0.002584939573955614
CRC,585.04,-2.792501250808941e-05,2.792501250808941e-05
CRC,586.97,-0.0022114291867232805,0.0022114291867232805
CRC,588.9,-7.40500561811674e-06,7.40500561811674e-06
CRC,590.83,-0.006335091755661307,0.006335091755661307
CRC,592.75,-0.0014876271047659989,0.0014876271047659989
CRC,594.68,0.009800099029432857,0.009800099029432857
CRC,596.61,0.003002231074092695,0.003002231074092695
CRC,598.54,0.02505607480698389,0.02505607480698389
CRC,600.46,-0.020110824369515848,0.020110824369515848
CRC,602.39,-0.05034967494108894,0.05034967494108894
CRC,604.32,0.059273304021333115,0.059273304021333115
CRC,606.25,0.06791820000391191,0.06791820000391191
CRC,608.18,-0.05870710124010224,0.05870710124010224
CRC,610.1,-0.15417562645432303,0.15417562645432303
CRC,612.03,0.050684736440906,0.050684736440906
CRC,613.96,0.17074547705138213,0.17074547705138213
CRC,615.89,0.0377472897239412,0.0377472897239412
CRC,617.82,0.02601874141268253,0.02601874141268253
CRC,619.74,-0.15953455512182102,0.15953455512182102
CRC,621.67,-0.09747471857016556,0.09747471857016556
CRC,623.6,0.042929033253205344,0.042929033253205344
CRC,625.53,-0.01973664033151931,0.01973664033151931
CRC,627.46,-0.07966869792503146,0.07966869792503146
CRC,629.38,-0.07271149397632747,0.07271149397632747
CRC,631.31,-0.02782416639900437,0.02782416639900437
CRC,633.24,-0.01938532035085038,0.01938532035085038
CRC,635.17,-0.008344820354033,0.008344820354033
CRC,637.09,0.019856786647879047,0.019856786647879047
CRC,639.02,0.03221702360014428,0.03221702360014428
CRC,640.95,0.03545079780591049,0.03545079780591049
CRC,642.88,0.02743832065086069,0.02743832065086069
CRC,644.81,0.020198432421438886,0.020198432421438886
CRC,646.73,-0.029085500286794106,0.029085500286794106
CRC,648.66,-0.033084547405262205,0.033084547405262205
CRC,650.59,0.02310429462455432,0.02310429462455432
CRC,652.52,0.03277222791274386,0.03277222791274386
CRC,654.45,-0.006412898907223319,0.006412898907223319
CRC,656.37,-0.008514817618230149,0.008514817618230149
CRC,658.3,0.00228324003115166,0.00228324003115166
CRC,660.23,0.000557815037685371,0.000557815037685371
CRC,662.16,0.0001643281223479868,0.0001643281223479868
CRC,664.09,-0.0009467506649075337,0.0009467506649075337
CRC,666.01,-0.0008659137153033187,0.0008659137153033187
CRC,667.94,0.01126648800016351,0.01126648800016351
CRC,669.87,-0.015719661072570865,0.015719661072570865
CRC,671.8,-0.007683226990799346,0.007683226990799346
CRC,673.72,0.012717727287643409,0.012717727287643409
CRC,675.65,0.05570121276503147,0.05570121276503147
CRC,677.58,0.0370246356146315,0.0370246356146315
CRC,679.51,-0.056118525139786976,0.056118525139786976
CRC,681.44,-0.040554862633750285,0.040554862633750285
CRC,683.36,0.04083432516227274,0.04083432516227274
CRC,685.29,0.11228148114387229,0.11228148114387229
CRC,687.22,0.09740817483856729,0.09740817483856729
CRC,689.15,-0.05107603606592063,0.05107603606592063
CRC,691.08,-0.14863712227691278,0.14863712227691278
CRC,693.0,-0.06557058554307792,0.06557058554307792
CRC,694.93,-0.013812958337588544,0.013812958337588544
CRC,696.86,-0.026715874774801456,0.026715874774801456
CRC,698.79,-0.010919865929460652,0.010919865929460652
CRC,700.72,0.006822575686060586,0.006822575686060586
CRC,702.64,0.23028235794197474,0.23028235794197474
CRC,704.57,0.07234851889355154,0.07234851889355154
CRC,706.5,-0.026864582416650403,0.026864582416650403
CRC,708.43,-0.013665018071230156,0.013665018071230156
CRC,710.36,-0.16778582135078254,0.16778582135078254
CRC,712.28,-0.10873185859908498,0.10873185859908498
CRC,714.21,-0.06602821559507079,0.06602821559507079
CRC,716.14,-0.005212541048884059,0.005212541048884059
CRC,718.07,0.142104163595133,0.142104163595133
CRC,719.99,0.13514104198711108,0.13514104198711108
CRC,721.92,0.3177461506827265,0.3177461506827265
CRC,723.85,0.3377435810039337,0.3377435810039337
CRC,725.78,0.3566620458937043,0.3566620458937043
CRC,727.71,0.3481830414844041,0.3481830414844041
CRC,729.63,0.35370738201999413,0.35370738201999413
CRC,731.56,0.21450635462149215,0.21450635462149215
CRC,733.49,-0.17233085076631993,0.17233085076631993
CRC,735.42,-0.25019343660885474,0.25019343660885474
CRC,737.35,-0.07088997188168952,0.07088997188168952
CRC,739.27,0.10078949304038311,0.10078949304038311
CRC,741.2,0.1391042479933018,0.1391042479933018
CRC,743.13,0.06942405207045614,0.06942405207045614
CRC,745.06,-0.02656623640058201,0.02656623640058201
CRC,746.99,-0.002250980266304571,0.002250980266304571
CRC,748.91,0.0887618105600003,0.0887618105600003
CRC,750.84,0.00409445392430758,0.00409445392430758
CRC,752.77,-0.08835638154953203,0.08835638154953203
CRC,754.7,-0.08399775301679256,0.08399775301679256
CRC,756.62,-0.05825984622900157,0.05825984622900157
CRC,758.55,0.09247894989221517,0.09247894989221517
CRC,760.48,0.08754371420405296,0.08754371420405296
CRC,762.41,-0.02333611024446376,0.02333611024446376
CRC,764.34,-0.05588568348645557,0.05588568348645557
CRC,766.26,-0.024553860473993376,0.024553860473993376
CRC,768.19,0.010260064292728492,0.010260064292728492
CRC,770.12,0.004087153644887179,0.004087153644887179
CRC,772.05,-0.0018763401955581049,0.0018763401955581049
CRC,773.98,0.04194847862319818,0.04194847862319818
CRC,775.9,0.057448430718145274,0.057448430718145274
CRC,777.83,-0.007647613773816523,0.007647613773816523
CRC,779.76,0.06762521478436243,0.06762521478436243
CRC,781.69,0.02434981162739062,0.02434981162739062
CRC,783.62,-0.08697878763904494,0.08697878763904494
CRC,785.54,-0.0996996478215216,0.0996996478215216
CRC,787.47,0.07408172448579324,0.07408172448579324
CRC,789.4,0.4058378957148434,0.4058378957148434
CRC,791.33,0.47603721272582594,0.47603721272582594
CRC,793.25,-0.22080120839972756,0.22080120839972756
CRC,795.18,-0.28776842165410876,0.28776842165410876
CRC,797.11,0.012009721883188008,0.012009721883188008
CRC,799.04,0.06722112084177649,0.06722112084177649
CRC,800.97,-0.07188054624532413,0.07188054624532413
CRC,802.89,0.13321362602040174,0.13321362602040174
CRC,804.82,0.040323521733921106,0.040323521733921106
CRC,806.75,0.08850835463203635,0.08850835463203635
CRC,808.68,0.09733509474108884,0.09733509474108884
CRC,810.61,-0.06446265226875396,0.06446265226875396
CRC,812.53,-0.1764750770221828,0.1764750770221828
CRC,814.46,0.11217812550632082,0.11217812550632082
CRC,816.39,0.01961577794699513,0.01961577794699513
CRC,818.32,-0.013531394795227237,0.013531394795227237
CRC,820.25,-0.0025288373673490586,0.0025288373673490586
CRC,822.17,1.5877705041461496e-06,1.5877705041461496e-06
CRC,824.1,0.007737423526593111,0.007737423526593111
CRC,826.03,0.006250367230041933,0.006250367230041933
CRC,827.96,-0.000878573814482734,0.000878573814482734
CRC,829.88,-0.01269683358350617,0.01269683358350617
CRC,831.81,-0.011357786617097958,0.011357786617097958
CRC,833.74,0.010676778610307816,0.010676778610307816
CRC,835.67,0.04982946253310267,0.04982946253310267
CRC,837.6,-0.00036981844481936396,0.00036981844481936396
CRC,839.52,-0.06354026448614095,0.06354026448614095
CRC,841.45,-0.038953839866394266,0.038953839866394266
CRC,843.38,0.05706542632950092,0.05706542632950092
CRC,845.31,0.0959717575476103,0.0959717575476103
CRC,847.24,0.0013413859199059037,0.0013413859199059037
CRC,849.16,-0.10460016325225524,0.10460016325225524
CRC,851.09,0.0074615263101701235,0.0074615263101701235
CRC,853.02,0.05508604011544277,0.05508604011544277
CRC,854.95,0.010060507634077568,0.010060507634077568
CRC,856.88,-0.021675153371699413,0.021675153371699413
CRC,858.8,-0.021511842501341923,0.021511842501341923
CRC,860.73,-0.009777473092130642,0.009777473092130642
CRC,862.66,-0.004646049896088555,0.004646049896088555
CRC,864.59,0.014569168278683426,0.014569168278683426
CRC,866.51,-0.002383821576491145,0.002383821576491145
CRC,868.44,-0.01846574484427304,0.01846574484427304
CRC,870.37,0.018222507872690464,0.018222507872690464
CRC,872.3,-0.0051628264395697995,0.0051628264395697995
CRC,874.23,-0.06837148573402808,0.06837148573402808
CRC,876.15,0.008637823447484864,0.008637823447484864
CRC,878.08,0.04484813535834957,0.04484813535834957
CRC,880.01,-0.024637036251315067,0.024637036251315067
CRC,881.94,-0.018003233610883056,0.018003233610883056
CRC,883.87,0.05689857283647795,0.05689857283647795
CRC,885.79,-0.009008417685156993,0.009008417685156993
CRC,887.72,-0.02422286473745804,0.02422286473745804
CRC,889.65,-0.04053867688474867,0.04053867688474867
CRC,891.58,-0.08701446746288989,0.08701446746288989
CRC,893.51,0.010303945041888982,0.010303945041888982
CRC,895.43,0.011761095898122435,0.011761095898122435
CRC,897.36,0.03781331978713754,0.03781331978713754
CRC,899.29,0.07568041392025629,0.07568041392025629
CRC,901.22,0.05700733958654308,0.05700733958654308
CRC,903.15,0.036722742059543546,0.036722742059543546
CRC,905.07,-0.022427665750139433,0.022427665750139433
CRC,907.0,-0.008187912028725514,0.008187912028725514
CRC,908.93,-0.010301383825690293,0.010301383825690293
CRC,910.86,0.014707610251238918,0.014707610251238918
CRC,912.78,0.017255101767505217,0.017255101767505217
CRC,914.71,-0.006869991174625781,0.006869991174625781
CRC,916.64,-0.00147355895998033,0.00147355895998033
CRC,918.57,0.005581320902627952,0.005581320902627952
CRC,920.5,0.0017426224416508638,0.0017426224416508638
CRC,922.42,0.0007568815340691586,0.0007568815340691586
CRC,924.35,0.005613374809898026,0.005613374809898026
CRC,926.28,-0.002812607975056046,0.002812607975056046
CRC,928.21,-0.015575086693277604,0.015575086693277604
CRC,930.14,-0.008820300334759194,0.008820300334759194
CRC,932.06,-0.03310848889916803,0.03310848889916803
CRC,933.99,-0.02277044500454532,0.02277044500454532
CRC,935.92,0.004439465689180783,0.004439465689180783
CRC,937.85,0.029053269783321786,0.029053269783321786
CRC,939.78,0.04253258421405437,0.04253258421405437
CRC,941.7,0.026164129220255353,0.026164129220255353
CRC,943.63,0.0028864009509082223,0.0028864009509082223
CRC,945.56,0.0048919708464796215,0.0048919708464796215
CRC,947.49,0.0034152314369690446,0.0034152314369690446
CRC,949.41,0.003792977532879428,0.003792977532879428
CRC,951.34,0.02540461823572582,0.02540461823572582
CRC,953.27,-0.007700599604800056,0.007700599604800056
CRC,955.2,-0.03712239358017103,0.03712239358017103
CRC,957.13,-0.002414860836611932,0.002414860836611932
CRC,959.05,0.01273738992465139,0.01273738992465139
CRC,960.98,-0.005729572366086357,0.005729572366086357
CRC,962.91,0.023017438909543074,0.023017438909543074
CRC,964.84,0.004770213281225238,0.004770213281225238
CRC,966.77,-0.017471684049784417,0.017471684049784417
CRC,968.69,0.008096552684188095,0.008096552684188095
CRC,970.62,0.019895681261049656,0.019895681261049656
CRC,972.55,-0.0006381266539860827,0.0006381266539860827
CRC,974.48,0.000640741740674033,0.000640741740674033
CRC,976.41,-0.047896329639040766,0.047896329639040766
CRC,978.33,-0.07080738750091667,0.07080738750091667
CRC,980.26,-0.01273231714607125,0.01273231714607125
CRC,982.19,0.2651155024358361,0.2651155024358361
CRC,984.12,0.4600204320011858,0.4600204320011858
CRC,986.04,0.4543338240229696,0.4543338240229696
CRC,987.97,0.5160168784118973,0.5160168784118973
CRC,989.9,0.7843523793602377,0.7843523793602377
CRC,991.83,0.7343505624181756,0.7343505624181756
CRC,993.76,0.021132010884539084,0.021132010884539084
CRC,995.68,-0.33080134178186,0.33080134178186
CRC,997.61,-0.3384314613791069,0.3384314613791069
CRC,999.54,-0.24919985639400977,0.24919985639400977
CRC,1001.47,-0.11547688347146143,0.11547688347146143
CRC,1003.4,-0.014339307959919825,0.014339307959919825
CRC,1005.32,0.06421862367273015,0.06421862367273015
CRC,1007.25,0.037828311372638944,0.037828311372638944
CRC,1009.18,-0.06195299337356453,0.06195299337356453
CRC,1011.11,-0.06401494813712863,0.06401494813712863
CRC,1013.04,0.03128894664194564,0.03128894664194564
CRC,1014.96,0.029998196937124105,0.029998196937124105
CRC,1016.89,0.008478168605567517,0.008478168605567517
CRC,1018.82,-0.00683546139000325,0.00683546139000325
CRC,1020.75,-0.015003691821501328,0.015003691821501328
CRC,1022.67,-0.01376178532399355,0.01376178532399355
CRC,1024.6,-0.0007904153411847115,0.0007904153411847115
CRC,1026.53,-0.0009829086034519742,0.0009829086034519742
CRC,1028.46,0.0017210181318499185,0.0017210181318499185
CRC,1030.39,0.0070119035411453125,0.0070119035411453125
CRC,1032.31,0.020726883573499198,0.020726883573499198
CRC,1034.24,0.026765944978240194,0.026765944978240194
CRC,1036.17,-0.011026100552494984,0.011026100552494984
CRC,1038.1,-0.006303271003732056,0.006303271003732056
CRC,1040.03,0.04250871996919712,0.04250871996919712
CRC,1041.95,0.03658029501966841,0.03658029501966841
CRC,1043.88,-0.01536374394050817,0.01536374394050817
CRC,1045.81,-0.016148133567448982,0.016148133567448982
CRC,1047.74,0.00017729016881592788,0.00017729016881592788
CRC,1049.67,0.001396984238525205,0.001396984238525205
CRC,1051.59,0.00350808866084541,0.00350808866084541
CRC,1053.52,-0.02157153579019611,0.02157153579019611
CRC,1055.45,-0.011009626990548348,0.011009626990548348
CRC,1057.38,0.03399209456971702,0.03399209456971702
CRC,1059.3,0.002332152445609843,0.002332152445609843
CRC,1061.23,-0.007306132942388105,0.007306132942388105
CRC,1063.16,0.005913857881189802,0.005913857881189802
CRC,1065.09,-0.010648833082296031,0.010648833082296031
CRC,1067.02,-0.004834620045685896,0.004834620045685896
CRC,1068.94,0.0031494958756503127,0.0031494958756503127
CRC,1070.87,0.0012291624579349643,0.0012291624579349643
CRC,1072.8,-0.017445080095479203,0.017445080095479203
CRC,1074.73,-0.005225507096287351,0.005225507096287351
CRC,1076.66,0.013958969340129425,0.013958969340129425
CRC,1078.58,0.005854214222768138,0.005854214222768138
CRC,1080.51,0.0052328388066780656,0.0052328388066780656
CRC,1082.44,-0.008225252225522962,0.008225252225522962
CRC,1084.37,-0.004401748577327655,0.004401748577327655
CRC,1086.3,-0.0001536053100966919,0.0001536053100966919
CRC,1088.22,-0.0037300760990534158,0.0037300760990534158
CRC,1090.15,0.003732659586730891,0.003732659586730891
CRC,1092.08,0.0062684143514776,0.0062684143514776
CRC,1094.01,-0.0009597295144396357,0.0009597295144396357
CRC,1095.94,-0.000229697490145933,0.000229697490145933
CRC,1097.86,-0.009814367427132323,0.009814367427132323
CRC,1099.79,0.014329953185072918,0.014329953185072918
CRC,1101.72,-0.011613294852074508,0.011613294852074508
CRC,1103.65,-0.0008029818622810941,0.0008029818622810941
CRC,1105.57,0.014685985799193274,0.014685985799193274
CRC,1107.5,-0.024636744807854397,0.024636744807854397
CRC,1109.43,-0.033754093525812795,0.033754093525812795
CRC,1111.36,0.02992718946167621,0.02992718946167621
CRC,1113.29,0.018783488944327388,0.018783488944327388
CRC,1115.21,0.002829156440849294,0.002829156440849294
CRC,1117.14,-0.03607814699574432,0.03607814699574432
CRC,1119.07,-0.00366969756406535,0.00366969756406535
CRC,1121.0,0.006772928157863991,0.006772928157863991
CRC,1122.93,0.0009315242357414217,0.0009315242357414217
CRC,1124.85,-0.0029920691518524303,0.0029920691518524303
CRC,1126.78,9.807372563640819e-05,9.807372563640819e-05
CRC,1128.71,0.010188699423745604,0.010188699423745604
CRC,1130.64,0.0022227245733045767,0.0022227245733045767
CRC,1132.57,0.008671058504004066,0.008671058504004066
CRC,1134.49,-0.0027877890229935885,0.0027877890229935885
CRC,1136.42,-0.000851598666995315,0.000851598666995315
CRC,1138.35,-0.0015306300797288067,0.0015306300797288067
CRC,1140.28,-0.003603602561228324,0.003603602561228324
CRC,1142.2,0.0029064471497415277,0.0029064471497415277
CRC,1144.13,-0.01224781389960437,0.01224781389960437
CRC,1146.06,-0.03282779881501271,0.03282779881501271
CRC,1147.99,-0.01143191831479496,0.01143191831479496
CRC,1149.92,0.021631981183793027,0.021631981183793027
CRC,1151.84,0.024883505256586867,0.024883505256586867
CRC,1153.77,0.0012720612853152238,0.0012720612853152238
CRC,1155.7,-0.0026808054799058708,0.0026808054799058708
CRC,1157.63,0.0017221483526749007,0.0017221483526749007
CRC,1159.56,-0.0036415642232846567,0.0036415642232846567
CRC,1161.48,-0.0065324963520901206,0.0065324963520901206
CRC,1163.41,-0.0025782227549416264,0.0025782227549416264
CRC,1165.34,7.499175511899876e-05,7.499175511899876e-05
CRC,1167.27,-0.0002536354227265232,0.0002536354227265232
CRC,1169.2,-0.00018233762650960719,0.00018233762650960719
CRC,1171.12,-1.0141778642868328e-06,1.0141778642868328e-06
CRC,1173.05,-0.0002726560086962351,0.0002726560086962351
CRC,1174.98,0.001492422156438161,0.001492422156438161
CRC,1176.91,-0.0058248909559673835,0.0058248909559673835
CRC,1178.83,-0.013556083879778894,0.013556083879778894
CRC,1180.76,0.0029590788479700626,0.0029590788479700626
CRC,1182.69,0.00625350921087988,0.00625350921087988
CRC,1184.62,0.003638343442343789,0.003638343442343789
CRC,1186.55,-0.01966275291799319,0.01966275291799319
CRC,1188.47,-0.005478256801798975,0.005478256801798975
CRC,1190.4,0.0024856324762993318,0.0024856324762993318
CRC,1192.33,-0.0028929101618528803,0.0028929101618528803
CRC,1194.26,1.8286833904421637e-06,1.8286833904421637e-06
CRC,1196.19,0.003463223599857618,0.003463223599857618
CRC,1198.11,-0.0025109141340161527,0.0025109141340161527
CRC,1200.04,-0.0052070271384306544,0.0052070271384306544
CRC,1201.97,-0.01456973826324646,0.01456973826324646
CRC,1203.9,0.0013039334591331566,0.0013039334591331566
CRC,1205.83,0.06019607702670119,0.06019607702670119
CRC,1207.75,0.028480703815417462,0.028480703815417462
CRC,1209.68,-0.053211821438921864,0.053211821438921864
CRC,1211.61,-0.013147361323680934,0.013147361323680934
CRC,1213.54,0.009744519890506466,0.009744519890506466
CRC,1215.46,0.00710081610346092,0.00710081610346092
CRC,1217.39,0.010635765749235908,0.010635765749235908
CRC,1219.32,0.026721333381929727,0.026721333381929727
CRC,1221.25,-0.01694016688296294,0.01694016688296294
CRC,1223.18,-0.021350019746021416,0.021350019746021416
CRC,1225.1,-0.008644157760961833,0.008644157760961833
CRC,1227.03,-0.025108012240793964,0.025108012240793964
CRC,1228.96,0.014422789609897426,0.014422789609897426
CRC,1230.89,0.06183914960940591,0.06183914960940591
CRC,1232.82,-0.016961323366237905,0.016961323366237905
CRC,1234.74,-0.1281300030255099,0.1281300030255099
CRC,1236.67,0.00043742597381841373,0.00043742597381841373
CRC,1238.6,0.052757355417724944,0.052757355417724944
CRC,1240.53,0.04929943891118378,0.04929943891118378
CRC,1242.46,0.132704958285942,0.132704958285942
CRC,1244.38,0.05430333384512866,0.05430333384512866
CRC,1246.31,-0.11032593967917347,0.11032593967917347
CRC,1248.24,0.015916518840244847,0.015916518840244847
CRC,1250.17,0.04135567688286809,0.04135567688286809
CRC,1252.09,-0.002898313042017101,0.002898313042017101
CRC,1254.02,-0.07554507207641775,0.07554507207641775
CRC,1255.95,0.01650309391156481,0.01650309391156481
CRC,1257.88,-0.015180771891382118,0.015180771891382118
CRC,1259.81,-0.06020296754460228,0.06020296754460228
CRC,1261.73,0.10421540480000187,0.10421540480000187
CRC,1263.66,0.13326239065434053,0.13326239065434053
CRC,1265.59,0.10320499538545186,0.10320499538545186
CRC,1267.52,-0.1147289885759567,0.1147289885759567
CRC,1269.45,-0.1057652043897795,0.1057652043897795
CRC,1271.37,-0.038742982265848526,0.038742982265848526
CRC,1273.3,0.010150507236380502,0.010150507236380502
CRC,1275.23,0.06245377503600034,0.06245377503600034
CRC,1277.16,0.009308510702737116,0.009308510702737116
CRC,1279.09,-0.07289749061374912,0.07289749061374912
CRC,1281.01,-0.0023418698188324852,0.0023418698188324852
CRC,1282.94,0.05074263592409145,0.05074263592409145
CRC,1284.87,0.03024574902895451,0.03024574902895451
CRC,1286.8,-0.11723784667608608,0.11723784667608608
CRC,1288.73,-0.07919464712609887,0.07919464712609887
CRC,1290.65,-0.04936215978686053,0.04936215978686053
CRC,1292.58,-0.0022818383764130388,0.0022818383764130388
CRC,1294.51,0.09658440777003996,0.09658440777003996
CRC,1296.44,0.068200663107736,0.068200663107736
CRC,1298.36,0.021911837916623874,0.021911837916623874
CRC,1300.29,-0.031865135309135276,0.031865135309135276
CRC,1302.22,-0.05086759561211294,0.05086759561211294
CRC,1304.15,0.041503090670983636,0.041503090670983636
CRC,1306.08,0.06317495448140185,0.06317495448140185
CRC,1308.0,0.021499214991329566,0.021499214991329566
CRC,1309.93,-0.02674068943803256,0.02674068943803256
CRC,1311.86,0.0007121005599827606,0.0007121005599827606
CRC,1313.79,-0.004532697476212753,0.004532697476212753
CRC,1315.72,0.023039225342224322,0.023039225342224322
CRC,1317.64,0.02227338227571173,0.02227338227571173
CRC,1319.57,0.003998761893080142,0.003998761893080142
CRC,1321.5,-0.025163941212922446,0.025163941212922446
CRC,1323.43,-0.021602905057437612,0.021602905057437612
CRC,1325.36,0.019861483600097044,0.019861483600097044
CRC,1327.28,0.036534507850122654,0.036534507850122654
CRC,1329.21,0.08259917230570311,0.08259917230570311
CRC,1331.14,-0.012818110780491686,0.012818110780491686
CRC,1333.07,-0.005511449267702778,0.005511449267702778
CRC,1334.99,0.009317075690104662,0.009317075690104662
CRC,1336.92,-0.286080881551134,0.286080881551134
CRC,1338.85,-0.4188512413518861,0.4188512413518861
CRC,1340.78,-0.21297883802602438,0.21297883802602438
CRC,1342.71,0.12812451594197,0.12812451594197
CRC,1344.63,0.16003152405521026,0.16003152405521026
CRC,1346.56,-0.04857050609523906,0.04857050609523906
CRC,1348.49,0.07146263060349668,0.07146263060349668
CRC,1350.42,0.03679701553046356,0.03679701553046356
CRC,1352.35,0.23355153859927782,0.23355153859927782
CRC,1354.27,0.10106149846671335,0.10106149846671335
CRC,1356.2,-0.31694341038564455,0.31694341038564455
CRC,1358.13,-0.24343098056481588,0.24343098056481588
CRC,1360.06,-0.13655091860241758,0.13655091860241758
CRC,1361.99,0.06154203630561136,0.06154203630561136
CRC,1363.91,0.07199081969412179,0.07199081969412179
CRC,1365.84,0.0427998398403236,0.0427998398403236
CRC,1367.77,0.05138116151563738,0.05138116151563738
CRC,1369.7,0.008607104738959408,0.008607104738959408
CRC,1371.62,0.0030487288576932278,0.0030487288576932278
CRC,1373.55,0.006262087405742379,0.006262087405742379
CRC,1375.48,0.0016726169882621631,0.0016726169882621631
CRC,1377.41,-0.0005144695423462297,0.0005144695423462297
CRC,1379.34,0.0044901645587131995,0.0044901645587131995
CRC,1381.26,0.015242380408950462,0.015242380408950462
CRC,1383.19,-0.0015683242536817933,0.0015683242536817933
CRC,1385.12,-0.018083867478756167,0.018083867478756167
CRC,1387.05,0.008660993992161688,0.008660993992161688
CRC,1388.98,0.023193686647847316,0.023193686647847316
CRC,1390.9,-0.01612985502581772,0.01612985502581772
CRC,1392.83,0.0162734789646142,0.0162734789646142
CRC,1394.76,-0.012972002251092489,0.012972002251092489
CRC,1396.69,-0.010653727537505526,0.010653727537505526
CRC,1398.62,0.013630610942778272,0.013630610942778272
CRC,1400.54,-0.00414142190386026,0.00414142190386026
CRC,1402.47,-0.00019641983016531372,0.00019641983016531372
CRC,1404.4,0.001536769963475518,0.001536769963475518
CRC,1406.33,0.003929372044986611,0.003929372044986611
CRC,1408.25,-0.014229659485373905,0.014229659485373905
CRC,1410.18,0.010745968058428663,0.010745968058428663
CRC,1412.11,0.002782063105501019,0.002782063105501019
CRC,1414.04,0.12216019485003589,0.12216019485003589
CRC,1415.97,0.009132857196115366,0.009132857196115366
CRC,1417.89,-0.17025200134657636,0.17025200134657636
CRC,1419.82,0.08736694759794701,0.08736694759794701
CRC,1421.75,-0.1369520987154034,0.1369520987154034
CRC,1423.68,-0.055988910191528865,0.055988910191528865
CRC,1425.61,0.13245039911562834,0.13245039911562834
CRC,1427.53,0.2133998633490271,0.2133998633490271
CRC,1429.46,0.1852040005989887,0.1852040005989887
CRC,1431.39,-0.10803973705490588,0.10803973705490588
CRC,1433.32,-0.20288684651869276,0.20288684651869276
CRC,1435.25,-0.28255660577671177,0.28255660577671177
CRC,1437.17,-0.17010805697823864,0.17010805697823864
CRC,1439.1,0.05424347654560338,0.05424347654560338
CRC,1441.03,-0.17215671318365836,0.17215671318365836
CRC,1442.96,-0.0923728515548436,0.0923728515548436
CRC,1444.89,-0.027132261119330016,0.027132261119330016
CRC,1446.81,0.09710357721354414,0.09710357721354414
CRC,1448.74,0.2349189604134679,0.2349189604134679
CRC,1450.67,0.07020961353851955,0.07020961353851955
CRC,1452.6,-0.07129480575008851,0.07129480575008851
CRC,1454.52,-0.06094850139379461,0.06094850139379461
CRC,1456.45,0.017653305604435638,0.017653305604435638
CRC,1458.38,0.06622332003861767,0.06622332003861767
CRC,1460.31,-0.0018303348937456958,0.0018303348937456958
CRC,1462.24,0.012284721594550834,0.012284721594550834
CRC,1464.16,-0.04423008159417352,0.04423008159417352
CRC,1466.09,-0.028991950481379508,0.028991950481379508
CRC,1468.02,0.056862888195100124,0.056862888195100124
CRC,1469.95,-0.033646861189925804,0.033646861189925804
CRC,1471.88,0.05527794942260068,0.05527794942260068
CRC,1473.8,0.06398989867650233,0.06398989867650233
CRC,1475.73,0.014649034811981697,0.014649034811981697
CRC,1477.66,0.015372260244337318,0.015372260244337318
CRC,1479.59,0.008736433021259822,0.008736433021259822
CRC,1481.52,-0.01252776260445262,0.01252776260445262
CRC,1483.44,-0.05819194128778925,0.05819194128778925
CRC,1485.37,-0.03187853502529783,0.03187853502529783
CRC,1487.3,0.009281407102378935,0.009281407102378935
CRC,1489.23,0.03984966414181474,0.03984966414181474
CRC,1491.15,0.04214770476508464,0.04214770476508464
CRC,1493.08,-0.007286191261065872,0.007286191261065872
CRC,1495.01,0.007692054400371129,0.007692054400371129
CRC,1496.94,-0.02983612922667788,0.02983612922667788
CRC,1498.87,-0.013172194530677594,0.013172194530677594
CRC,1500.79,0.0026244048210887394,0.0026244048210887394
CRC,1502.72,0.018139752240426306,0.018139752240426306
CRC,1504.65,0.018703850977067754,0.018703850977067754
CRC,1506.58,-0.004191671167849257,0.004191671167849257
CRC,1508.51,0.00467683165845706,0.00467683165845706
CRC,1510.43,-0.00043335285904289587,0.00043335285904289587
CRC,1512.36,0.002231036051332713,0.002231036051332713
CRC,1514.29,0.0011060729336097451,0.0011060729336097451
CRC,1516.22,0.00753065036455199,0.00753065036455199
CRC,1518.15,0.000724856745170179,0.000724856745170179
CRC,1520.07,-0.02686929133146523,0.02686929133146523
CRC,1522.0,-0.024240013399183708,0.024240013399183708
CRC,1523.93,0.011575366514799998,0.011575366514799998
CRC,1525.86,0.0804169616223271,0.0804169616223271
CRC,1527.78,-0.037048459109564044,0.037048459109564044
CRC,1529.71,-0.011761571909238766,0.011761571909238766
CRC,1531.64,0.028936519637407267,0.028936519637407267
CRC,1533.57,0.000541867763582672,0.000541867763582672
CRC,1535.5,0.003597633814555982,0.003597633814555982
CRC,1537.42,-0.004600655624480449,0.004600655624480449
CRC,1539.35,-0.015492662649996118,0.015492662649996118
CRC,1541.28,-0.014646478581408485,0.014646478581408485
CRC,1543.21,-0.0144385125665337,0.0144385125665337
CRC,1545.14,-0.024600924858058554,0.024600924858058554
CRC,1547.06,-0.0036420724614643534,0.0036420724614643534
CRC,1548.99,0.02801806064366124,0.02801806064366124
CRC,1550.92,-0.03055075525358876,0.03055075525358876
CRC,1552.85,-0.048442795653249146,0.048442795653249146
CRC,1554.78,-0.014396037220466012,0.014396037220466012
CRC,1556.7,-0.06402350253593218,0.06402350253593218
CRC,1558.63,-0.02939589945062289,0.02939589945062289
CRC,1560.56,0.01868076601827515,0.01868076601827515
CRC,1562.49,0.007075505312984413,0.007075505312984413
CRC,1564.41,0.019685404085365985,0.019685404085365985
CRC,1566.34,0.012477722131742405,0.012477722131742405
CRC,1568.27,0.021770898685765323,0.021770898685765323
CRC,1570.2,-0.006932714306672137,0.006932714306672137
CRC,1572.13,0.006676839378995176,0.006676839378995176
CRC,1574.05,-0.004508710659560286,0.004508710659560286
CRC,1575.98,-0.08513786445513617,0.08513786445513617
CRC,1577.91,0.03917137154282957,0.03917137154282957
CRC,1579.84,0.1402740984266833,0.1402740984266833
CRC,1581.77,0.006179122811554513,0.006179122811554513
CRC,1583.69,0.03245382757665704,0.03245382757665704
CRC,1585.62,0.051116642845934694,0.051116642845934694
CRC,1587.55,-0.10202170383363826,0.10202170383363826
CRC,1589.48,-0.21224866723710104,0.21224866723710104
CRC,1591.41,-0.11173241315352393,0.11173241315352393
CRC,1593.33,0.10897529004443222,0.10897529004443222
CRC,1595.26,0.1498802376136162,0.1498802376136162
CRC,1597.19,0.23158451700705268,0.23158451700705268
CRC,1599.12,0.08366411119409549,0.08366411119409549
CRC,1601.04,-0.15626131355247502,0.15626131355247502
CRC,1602.97,-0.019426333234783568,0.019426333234783568
CRC,1604.9,0.04031565164701372,0.04031565164701372
CRC,1606.83,-0.07325458976177202,0.07325458976177202
CRC,1608.76,-0.034915252380887406,0.034915252380887406
CRC,1610.68,0.03948032941242271,0.03948032941242271
CRC,1612.61,0.18100589189422678,0.18100589189422678
CRC,1614.54,0.14087437962029778,0.14087437962029778
CRC,1616.47,0.03769165682216517,0.03769165682216517
CRC,1618.4,-0.07547430732698472,0.07547430732698472
CRC,1620.32,-0.046299845271030864,0.046299845271030864
CRC,1622.25,0.04059884380144726,0.04059884380144726
CRC,1624.18,-0.04860745076556887,0.04860745076556887
CRC,1626.11,-0.041317707883246596,0.041317707883246596
CRC,1628.04,-0.031626600070206165,0.031626600070206165
CRC,1629.96,-0.07166782337325056,0.07166782337325056
CRC,1631.89,-0.07800905724535552,0.07800905724535552
CRC,1633.82,0.042056946299367896,0.042056946299367896
CRC,1635.75,0.2559537504498901,0.2559537504498901
CRC,1637.68,0.2283177351233693,0.2283177351233693
CRC,1639.6,-0.1907764489988903,0.1907764489988903
CRC,1641.53,-0.27954263050856887,0.27954263050856887
CRC,1643.46,-0.1982231909621396,0.1982231909621396
CRC,1645.39,-0.18281014715225039,0.18281014715225039
CRC,1647.31,-0.024629075051038625,0.024629075051038625
CRC,1649.24,0.10356755034347924,0.10356755034347924
CRC,1651.17,0.03210743031230775,0.03210743031230775
CRC,1653.1,-0.012844497830594083,0.012844497830594083
CRC,1655.03,0.2111524147639837,0.2111524147639837
CRC,1656.95,0.018613658691693968,0.018613658691693968
CRC,1658.88,-0.3152963032569449,0.3152963032569449
CRC,1660.81,-0.18324838255663387,0.18324838255663387
CRC,1662.74,0.10422980454193044,0.10422980454193044
CRC,1664.67,0.0865515595293758,0.0865515595293758
CRC,1666.59,0.11580432129932908,0.11580432129932908
CRC,1668.52,0.013826586909745038,0.013826586909745038
CRC,1670.45,-0.2298845757695481,0.2298845757695481
CRC,1672.38,-0.11163087292199064,0.11163087292199064
CRC,1674.31,0.09019753487161997,0.09019753487161997
CRC,1676.23,0.03715851519551707,0.03715851519551707
CRC,1678.16,0.05229500038177559,0.05229500038177559
CRC,1680.09,0.04571409923599183,0.04571409923599183
CRC,1682.02,-0.14070656580196156,0.14070656580196156
CRC,1683.94,0.03233809261793664,0.03233809261793664
CRC,1685.87,0.22920584019575366,0.22920584019575366
CRC,1687.8,0.008171840694576202,0.008171840694576202
CRC,1689.73,-0.21418541285510523,0.21418541285510523
CRC,1691.66,-0.1296225390172592,0.1296225390172592
CRC,1693.58,-0.11060970704067345,0.11060970704067345
CRC,1695.51,0.004248273506798323,0.004248273506798323
CRC,1697.44,0.32752838303029563,0.32752838303029563
CRC,1699.37,0.29001044359668926,0.29001044359668926
CRC,1701.3,-0.0321433534337124,0.0321433534337124
CRC,1703.22,-0.07445215782908066,0.07445215782908066
CRC,1705.15,-0.08746739638917676,0.08746739638917676
CRC,1707.08,-0.10865258174354994,0.10865258174354994
CRC,1709.01,-0.07834253569314402,0.07834253569314402
CRC,1710.94,0.017530455113693565,0.017530455113693565
CRC,1712.86,0.04184463402760208,0.04184463402760208
CRC,1714.79,0.059768878592661306,0.059768878592661306
CRC,1716.72,0.07399865212687871,0.07399865212687871
CRC,1718.65,-0.020049670222987686,0.020049670222987686
CRC,1720.57,-0.009576438778371221,0.009576438778371221
CRC,1722.5,-0.04719179870463239,0.04719179870463239
CRC,1724.43,-0.05419458638029911,0.05419458638029911
CRC,1726.36,0.001256844963885564,0.001256844963885564
CRC,1728.29,0.00406322797150373,0.00406322797150373
CRC,1730.21,0.026572649366742633,0.026572649366742633
CRC,1732.14,0.01221089267235449,0.01221089267235449
CRC,1734.07,-0.04098255859461203,0.04098255859461203
CRC,1736.0,-0.017726496588511765,0.017726496588511765
CRC,1737.93,-0.020500083207898756,0.020500083207898756
CRC,1739.85,0.01602880287798567,0.01602880287798567
CRC,1741.78,0.0063164698564620305,0.0063164698564620305
CRC,1743.71,-0.0012271087413495499,0.0012271087413495499
CRC,1745.64,-2.998560778540524e-05,2.998560778540524e-05
CRC,1747.57,-0.0014187279998608027,0.0014187279998608027
CRC,1749.49,-0.01266522433490756,0.01266522433490756
CRC,1751.42,-0.0034146207659508598,0.0034146207659508598
CRC,1753.35,0.02440839531427321,0.02440839531427321
CRC,1755.28,-0.003082871436689328,0.003082871436689328
CRC,1757.2,-0.017072794675861622,0.017072794675861622
CRC,1759.13,-0.011442387099947795,0.011442387099947795
CRC,1761.06,0.045290900343168516,0.045290900343168516
CRC,1762.99,0.012007186385518188,0.012007186385518188
CRC,1764.92,-0.05406452739538716,0.05406452739538716
CRC,1766.84,0.0276218815835091,0.0276218815835091
CRC,1768.77,0.046955809919546405,0.046955809919546405
CRC,1770.7,-0.036018611332226745,0.036018611332226745
CRC,1772.63,-0.0006155275834048647,0.0006155275834048647
CRC,1774.56,0.015881572333292945,0.015881572333292945
CRC,1776.48,0.022272647209490865,0.022272647209490865
CRC,1778.41,-0.051953040264373335,0.051953040264373335
CRC,1780.34,0.007736592704033813,0.007736592704033813
CRC,1782.27,0.013563165933998509,0.013563165933998509
CRC,1784.2,-0.09426821370969693,0.09426821370969693
CRC,1786.12,0.05614106909037859,0.05614106909037859
CRC,1788.05,0.04643928660329681,0.04643928660329681
CRC,1789.98,-0.021862253760737152,0.021862253760737152
CRC,1791.91,-0.03205981130932653,0.03205981130932653
CRC,1793.83,-0.0005034056776276184,0.0005034056776276184
CRC,1795.76,0.009181202493530763,0.009181202493530763
CRC,1797.69,-0.041217295392554906,0.041217295392554906
CRC,1799.62,-0.003604955725314209,0.003604955725314209
CRC,1801.55,0.07802233880205527,0.07802233880205527
CRC,1803.47,-0.00628549786751788,0.00628549786751788
CRC,1805.4,-0.024335266938374484,0.024335266938374484
CRC,1807.33,0.004531354899966797,0.004531354899966797
CRC,1809.26,0.024716086906373246,0.024716086906373246
CRC,1811.19,-0.045048286327982655,0.045048286327982655
CRC,1813.11,0.03940876705075473,0.03940876705075473
CRC,1815.04,0.002703379242188599,0.002703379242188599
CRC,1816.97,-0.05626312664801028,0.05626312664801028
CRC,1818.9,-0.016683136322924782,0.016683136322924782
CRC,1820.83,0.004327732129480505,0.004327732129480505
CRC,1822.75,0.024983758379226964,0.024983758379226964
CRC,1824.68,0.015778167789929923,0.015778167789929923
CRC,1826.61,0.036430993898142985,0.036430993898142985
CRC,1828.54,-0.006792445770944295,0.006792445770944295
CRC,1830.47,-0.050728848609152985,0.050728848609152985
CRC,1832.39,-0.0026873801751295927,0.0026873801751295927
CRC,1834.32,0.041740175882056404,0.041740175882056404
CRC,1836.25,-0.021710789809413177,0.021710789809413177
CRC,1838.18,0.0195698653416381,0.0195698653416381
CRC,1840.1,0.03860786273578188,0.03860786273578188
CRC,1842.03,-0.038947566460846156,0.038947566460846156
CRC,1843.96,-0.02718653002746819,0.02718653002746819
CRC,1845.89,0.025874726460047456,0.025874726460047456
CRC,1847.82,0.0005837983265723801,0.0005837983265723801
CRC,1849.74,0.01900503749094734,0.01900503749094734
CRC,1851.67,-0.0040896194618858794,0.0040896194618858794
CRC,1853.6,0.004131126840132375,0.004131126840132375
CRC,1855.53,-0.02531764349538506,0.02531764349538506
CRC,1857.46,0.00511056692617245,0.00511056692617245
CRC,1859.38,0.043791020077380755,0.043791020077380755
CRC,1861.31,-0.04484766883764812,0.04484766883764812
CRC,1863.24,-0.027130456094845105,0.027130456094845105
CRC,1865.17,0.04852204070038664,0.04852204070038664
CRC,1867.1,0.02923705109660241,0.02923705109660241
CRC,1869.02,0.009179041273835406,0.009179041273835406
CRC,1870.95,-0.03017482526232884,0.03017482526232884
CRC,1872.88,-0.032019394659642396,0.032019394659642396
CRC,1874.81,0.011690606275363741,0.011690606275363741
CRC,1876.73,-0.017951850374689174,0.017951850374689174
CRC,1878.66,-0.0047065204859926225,0.0047065204859926225
CRC,1880.59,0.014442320156759255,0.014442320156759255
CRC,1882.52,0.00881727258679741,0.00881727258679741
CRC,1884.45,-0.0030770865370722865,0.0030770865370722865
CRC,1886.37,-0.028408168412833962,0.028408168412833962
CRC,1888.3,0.025936449349350625,0.025936449349350625
CRC,1890.23,-0.0077879075832251515,0.0077879075832251515
CRC,1892.16,-0.033730976621224505,0.033730976621224505
CRC,1894.09,0.1263485675616528,0.1263485675616528
CRC,1896.01,0.011627097454523935,0.011627097454523935
CRC,1897.94,-0.10628744118611527,0.10628744118611527
CRC,1899.87,-0.011891785025855016,0.011891785025855016
CRC,1901.8,-0.015533540567321737,0.015533540567321737
CRC,1903.73,0.09642298222669665,0.09642298222669665
CRC,1905.65,0.026146263847918277,0.026146263847918277
CRC,1907.58,-0.11522843424414633,0.11522843424414633
CRC,1909.51,0.011061370176806104,0.011061370176806104
CRC,1911.44,0.04903356584281515,0.04903356584281515
CRC,1913.36,-0.017319968117531347,0.017319968117531347
CRC,1915.29,-0.045946414078119766,0.045946414078119766
CRC,1917.22,0.004477260126684853,0.004477260126684853
CRC,1919.15,0.031528637389219384,0.031528637389219384
CRC,1921.08,0.02550343690225575,0.02550343690225575
CRC,1923.0,0.03313885885000842,0.03313885885000842
CRC,1924.93,-0.045705427869143625,0.045705427869143625
CRC,1926.86,-0.06815074482798529,0.06815074482798529
CRC,1928.79,0.05341287325986657,0.05341287325986657
CRC,1930.72,0.030698392346237044,0.030698392346237044
CRC,1932.64,-0.040168772677502476,0.040168772677502476
CRC,1934.57,0.04646662105221104,0.04646662105221104
CRC,1936.5,0.05392507736324075,0.05392507736324075
CRC,1938.43,-0.028671662070465103,0.028671662070465103
CRC,1940.36,0.016125934623570835,0.016125934623570835
CRC,1942.28,-0.015892648876082154,0.015892648876082154
CRC,1944.21,-0.027485646867560897,0.027485646867560897
CRC,1946.14,0.04618029515529846,0.04618029515529846
CRC,1948.07,-0.008569927370773046,0.008569927370773046
CRC,1949.99,-0.032119920360314844,0.032119920360314844
CRC,1951.92,0.006998098913174041,0.006998098913174041
CRC,1953.85,0.019436429502220413,0.019436429502220413
CRC,1955.78,-0.027315538288994648,0.027315538288994648
CRC,1957.71,-0.036324006434401625,0.036324006434401625
CRC,1959.63,0.03400648240935482,0.03400648240935482
CRC,1961.56,0.04613151116220467,0.04613151116220467
CRC,1963.49,-0.03607217691786184,0.03607217691786184
CRC,1965.42,0.0347460205750038,0.0347460205750038
CRC,1967.35,-0.07923184378953106,0.07923184378953106
CRC,1969.27,-0.01692080337199856,0.01692080337199856
CRC,1971.2,0.04721842630247847,0.04721842630247847
CRC,1973.13,0.008777113067038766,0.008777113067038766
CRC,1975.06,0.01838015553978575,0.01838015553978575
CRC,1976.99,-0.017288615981459615,0.017288615981459615
CRC,1978.91,-0.08825797088232502,0.08825797088232502
CRC,1980.84,0.04993165326436462,0.04993165326436462
CRC,1982.77,0.024734519090932952,0.024734519090932952
CRC,1984.7,-0.009211129196847164,0.009211129196847164
CRC,1986.62,-0.0024028373774980264,0.0024028373774980264
CRC,1988.55,0.050301139689410385,0.050301139689410385
CRC,1990.48,-0.04618757624215122,0.04618757624215122
CRC,1992.41,-0.01415928858845362,0.01415928858845362
CRC,1994.34,0.09462568067757078,0.09462568067757078
CRC,1996.26,-0.043858823363673693,0.043858823363673693
CRC,1998.19,0.02344033681230659,0.02344033681230659
CRC,2000.12,0.0020682873728455654,0.0020682873728455654
CRC,2002.05,-0.02300183122818519,0.02300183122818519
CRC,2003.98,0.0010833105141162958,0.0010833105141162958
CRC,2005.9,0.008367836249446758,0.008367836249446758
CRC,2007.83,0.005094871843746565,0.005094871843746565
CRC,2009.76,-0.022484210830343545,0.022484210830343545
CRC,2011.69,-0.006838709245312252,0.006838709245312252
CRC,2013.62,0.07725600041980266,0.07725600041980266
CRC,2015.54,-0.04572821253014886,0.04572821253014886
CRC,2017.47,0.016190918340388636,0.016190918340388636
CRC,2019.4,-0.027347079391062006,0.027347079391062006
CRC,2021.33,-0.029002262800037624,0.029002262800037624
CRC,2023.26,0.019926465217355166,0.019926465217355166
CRC,2025.18,0.07260319837746336,0.07260319837746336
CRC,2027.11,-0.039986643034241175,0.039986643034241175
CRC,2029.04,-0.06121142527000084,0.06121142527000084
CRC,2030.97,0.07468372338612003,0.07468372338612003
CRC,2032.89,0.06790009157910458,0.06790009157910458
CRC,2034.82,-0.08968583320864175,0.08968583320864175
CRC,2036.75,-0.028990687032063613,0.028990687032063613
CRC,2038.68,0.09262809043258169,0.09262809043258169
CRC,2040.61,-0.13083894687857497,0.13083894687857497
CRC,2042.53,-0.0907480285529821,0.0907480285529821
CRC,2044.46,-0.01214315918972238,0.01214315918972238
CRC,2046.39,-0.0026596925267070954,0.0026596925267070954
CRC,2048.32,0.1784425343725261,0.1784425343725261
CRC,2050.25,-0.06348189691098814,0.06348189691098814
CRC,2052.17,-0.11646662987967149,0.11646662987967149
CRC,2054.1,0.3734337264629779,0.3734337264629779
CRC,2056.03,0.3287489488017339,0.3287489488017339
CRC,2057.96,-0.07765356581856864,0.07765356581856864
CRC,2059.89,-0.3063728909434395,0.3063728909434395
CRC,2061.81,-0.28904747107193607,0.28904747107193607
CRC,2063.74,-0.2893816293703637,0.2893816293703637
CRC,2065.67,-0.10633183862962334,0.10633183862962334
CRC,2067.6,-0.14615222833929675,0.14615222833929675
CRC,2069.52,-0.05549638600809716,0.05549638600809716
CRC,2071.45,0.43514691402213496,0.43514691402213496
CRC,2073.38,0.7717323481260436,0.7717323481260436
CRC,2075.31,0.36125287732483324,0.36125287732483324
CRC,2077.24,-0.16992959605948002,0.16992959605948002
CRC,2079.16,-0.3555697427428841,0.3555697427428841
CRC,2081.09,-0.3333813560019395,0.3333813560019395
CRC,2083.02,-0.26627156562775295,0.26627156562775295
CRC,2084.95,-0.120729924629049,0.120729924629049
CRC,2086.88,-0.14744962913132267,0.14744962913132267
CRC,2088.8,0.047696930609846096,0.047696930609846096
CRC,2090.73,0.07143839485916635,0.07143839485916635
CRC,2092.66,0.07680951694503328,0.07680951694503328
CRC,2094.59,0.044595514355072766,0.044595514355072766
CRC,2096.52,0.014503436454540851,0.014503436454540851
CRC,2098.44,0.004021660352230502,0.004021660352230502
CRC,2100.37,-0.002444241324248626,0.002444241324248626
CRC,2102.3,-0.006458775912202829,0.006458775912202829
CRC,2104.23,-0.0028173084694142715,0.0028173084694142715
CRC,2106.15,0.01785921770056151,0.01785921770056151
CRC,2108.08,-0.0027262526938166215,0.0027262526938166215
CRC,2110.01,-0.01976885822006578,0.01976885822006578
CRC,2111.94,-0.013172382905578822,0.013172382905578822
CRC,2113.87,0.025459350607083618,0.025459350607083618
CRC,2115.79,0.014643510504767396,0.014643510504767396
CRC,2117.72,-0.012977598181105263,0.012977598181105263
CRC,2119.65,-0.007456601189548195,0.007456601189548195
CRC,2121.58,0.06009443237469778,0.06009443237469778
CRC,2123.51,0.040916119703679504,0.040916119703679504
CRC,2125.43,0.04833743362011773,0.04833743362011773
CRC,2127.36,-0.0036408543148506297,0.0036408543148506297
CRC,2129.29,-0.003042677826552694,0.003042677826552694
CRC,2131.22,-0.005173081605278621,0.005173081605278621
CRC,2133.15,-0.022965649144268983,0.022965649144268983
CRC,2135.07,-0.002274669800073956,0.002274669800073956
CRC,2137.0,0.026922524819629496,0.026922524819629496
CRC,2138.93,0.02412433072673872,0.02412433072673872
CRC,2140.86,-0.0055281902097956805,0.0055281902097956805
CRC,2142.78,0.02763179199591638,0.02763179199591638
CRC,2144.71,0.007553109594407123,0.007553109594407123
CRC,2146.64,0.09043907846987459,0.09043907846987459
CRC,2148.57,-0.1042192684089697,0.1042192684089697
CRC,2150.5,-0.0623917953745683,0.0623917953745683
CRC,2152.42,0.007907240798189235,0.007907240798189235
CRC,2154.35,0.06266869800338307,0.06266869800338307
CRC,2156.28,0.008263807431212356,0.008263807431212356
CRC,2158.21,-0.033730355466408984,0.033730355466408984
CRC,2160.14,-0.05296417584931801,0.05296417584931801
CRC,2162.06,0.02445925751602591,0.02445925751602591
CRC,2163.99,0.07687579112158623,0.07687579112158623
CRC,2165.92,0.0723769989438391,0.0723769989438391
CRC,2167.85,-0.04731017824446397,0.04731017824446397
CRC,2169.78,-0.04906592550454451,0.04906592550454451
CRC,2171.7,-0.05734502923419573,0.05734502923419573
CRC,2173.63,0.05902590155814696,0.05902590155814696
CRC,2175.56,0.10915389697842494,0.10915389697842494
CRC,2177.49,0.05225857628157221,0.05225857628157221
CRC,2179.41,-0.08258135032819025,0.08258135032819025
CRC,2181.34,-0.006073054800619895,0.006073054800619895
CRC,2183.27,-0.018447520682488595,0.018447520682488595
CRC,2185.2,-0.044985845444335565,0.044985845444335565
CRC,2187.13,0.04479685731653281,0.04479685731653281
CRC,2189.05,0.028453589425863676,0.028453589425863676
CRC,2190.98,0.0012204281796660773,0.0012204281796660773
CRC,2192.91,-0.020314760693097744,0.020314760693097744
CRC,2194.84,-0.03197143472006611,0.03197143472006611
CRC,2196.77,-0.016193051926770348,0.016193051926770348
CRC,2198.69,0.009893865345981025,0.009893865345981025
