date_root,date_label,material,reference_file,expected_cm,observed_cm,shift_cm,status
/Users/ian/Downloads/data/organized_data/03_sers_date_lot_balanced_acquisition/thermo/임상데이터/20260416_Urine test,20260416_Urine test,PS,/Users/ian/Downloads/data/organized_data/03_sers_date_lot_balanced_acquisition/thermo/임상데이터/20260416_Urine test/0. Reference/PS 1_1.CSV,620.9,621.7094,0.8093999999999824,ok
/Users/ian/Downloads/data/organized_data/03_sers_date_lot_balanced_acquisition/thermo/임상데이터/20260416_Urine test,20260416_Urine test,PS,/Users/ian/Downloads/data/organized_data/03_sers_date_lot_balanced_acquisition/thermo/임상데이터/20260416_Urine test/0. Reference/PS 1_1.CSV,795.8,795.2714,-0.5285999999999831,ok
/Users/ian/Downloads/data/organized_data/03_sers_date_lot_balanced_acquisition/thermo/임상데이터/20260416_Urine test,20260416_Urine test,PS,/Users/ian/Downloads/data/organized_data/03_sers_date_lot_balanced_acquisition/thermo/임상데이터/20260416_Urine test/0. Reference/PS 1_1.CSV,1001.4,1001.617,0.21699999999998454,ok
/Users/ian/Downloads/data/organized_data/03_sers_date_lot_balanced_acquisition/thermo/임상데이터/20260416_Urine test,20260416_Urine test,PS,/Users/ian/Downloads/data/organized_data/03_sers_date_lot_balanced_acquisition/thermo/임상데이터/20260416_Urine test/0. Reference/PS 1_1.CSV,1031.8,1032.473,0.6730000000000018,ok
/Users/ian/Downloads/data/organized_data/03_sers_date_lot_balanced_acquisition/thermo/임상데이터/20260416_Urine test,20260416_Urine test,PS,/Users/ian/Downloads/data/organized_data/03_sers_date_lot_balanced_acquisition/thermo/임상데이터/20260416_Urine test/0. Reference/PS 1_1.CSV,1155.3,1155.895,0.5950000000000273,ok
/Users/ian/Downloads/data/organized_data/03_sers_date_lot_balanced_acquisition/thermo/임상데이터/20260416_Urine test,20260416_Urine test,PS,/Users/ian/Downloads/data/organized_data/03_sers_date_lot_balanced_acquisition/thermo/임상데이터/20260416_Urine test/0. Reference/PS 1_1.CSV,1602.3,1601.37,-0.9300000000000637,ok
/Users/ian/Downloads/data/organized_data/03_sers_date_lot_balanced_acquisition/thermo/임상데이터/20260416_Urine test,20260416_Urine test,PS,/Users/ian/Downloads/data/organized_data/03_sers_date_lot_balanced_acquisition/thermo/임상데이터/20260416_Urine test/0. Reference/PS 1_2.CSV,620.9,621.7094,0.8093999999999824,ok
/Users/ian/Downloads/data/organized_data/03_sers_date_lot_balanced_acquisition/thermo/임상데이터/20260416_Urine test,20260416_Urine test,PS,/Users/ian/Downloads/data/organized_data/03_sers_date_lot_balanced_acquisition/thermo/임상데이터/20260416_Urine test/0. Reference/PS 1_2.CSV,795.8,795.2714,-0.5285999999999831,ok
/Users/ian/Downloads/data/organized_data/03_sers_date_lot_balanced_acquisition/thermo/임상데이터/20260416_Urine test,20260416_Urine test,PS,/Users/ian/Downloads/data/organized_data/03_sers_date_lot_balanced_acquisition/thermo/임상데이터/20260416_Urine test/0. Reference/PS 1_2.CSV,1001.4,1001.617,0.21699999999998454,ok
/Users/ian/Downloads/data/organized_data/03_sers_date_lot_balanced_acquisition/thermo/임상데이터/20260416_Urine test,20260416_Urine test,PS,/Users/ian/Downloads/data/organized_data/03_sers_date_lot_balanced_acquisition/thermo/임상데이터/20260416_Urine test/0. Reference/PS 1_2.CSV,1031.8,1032.473,0.6730000000000018,ok
/Users/ian/Downloads/data/organized_data/03_sers_date_lot_balanced_acquisition/thermo/임상데이터/20260416_Urine test,20260416_Urine test,PS,/Users/ian/Downloads/data/organized_data/03_sers_date_lot_balanced_acquisition/thermo/임상데이터/20260416_Urine test/0. Reference/PS 1_2.CSV,1155.3,1155.895,0.5950000000000273,ok
/Users/ian/Downloads/data/organized_data/03_sers_date_lot_balanced_acquisition/thermo/임상데이터/20260416_Urine test,20260416_Urine test,PS,/Users/ian/Downloads/data/organized_data/03_sers_date_lot_balanced_acquisition/thermo/임상데이터/20260416_Urine test/0. Reference/PS 1_2.CSV,1602.3,1603.299,0.9990000000000236,ok
/Users/ian/Downloads/data/organized_data/03_sers_date_lot_balanced_acquisition/thermo/임상데이터/20260416_Urine test,20260416_Urine test,PS,/Users/ian/Downloads/data/organized_data/03_sers_date_lot_balanced_acquisition/thermo/임상데이터/20260416_Urine test/0. Reference/PS 1_3.CSV,620.9,621.7094,0.8093999999999824,ok
/Users/ian/Downloads/data/organized_data/03_sers_date_lot_balanced_acquisition/thermo/임상데이터/20260416_Urine test,20260416_Urine test,PS,/Users/ian/Downloads/data/organized_data/03_sers_date_lot_balanced_acquisition/thermo/임상데이터/20260416_Urine test/0. Reference/PS 1_3.CSV,795.8,795.2714,-0.5285999999999831,ok
/Users/ian/Downloads/data/organized_data/03_sers_date_lot_balanced_acquisition/thermo/임상데이터/20260416_Urine test,20260416_Urine test,PS,/Users/ian/Downloads/data/organized_data/03_sers_date_lot_balanced_acquisition/thermo/임상데이터/20260416_Urine test/0. Reference/PS 1_3.CSV,1001.4,1001.617,0.21699999999998454,ok
/Users/ian/Downloads/data/organized_data/03_sers_date_lot_balanced_acquisition/thermo/임상데이터/20260416_Urine test,20260416_Urine test,PS,/Users/ian/Downloads/data/organized_data/03_sers_date_lot_balanced_acquisition/thermo/임상데이터/20260416_Urine test/0. Reference/PS 1_3.CSV,1031.8,1032.473,0.6730000000000018,ok
/Users/ian/Downloads/data/organized_data/03_sers_date_lot_balanced_acquisition/thermo/임상데이터/20260416_Urine test,20260416_Urine test,PS,/Users/ian/Downloads/data/organized_data/03_sers_date_lot_balanced_acquisition/thermo/임상데이터/20260416_Urine test/0. Reference/PS 1_3.CSV,1155.3,1155.895,0.5950000000000273,ok
/Users/ian/Downloads/data/organized_data/03_sers_date_lot_balanced_acquisition/thermo/임상데이터/20260416_Urine test,20260416_Urine test,PS,/Users/ian/Downloads/data/organized_data/03_sers_date_lot_balanced_acquisition/thermo/임상데이터/20260416_Urine test/0. Reference/PS 1_3.CSV,1602.3,1601.37,-0.9300000000000637,ok
/Users/ian/Downloads/data/organized_data/03_sers_date_lot_balanced_acquisition/thermo/임상데이터/20260416_Urine test,20260416_Urine test,PS,/Users/ian/Downloads/data/organized_data/03_sers_date_lot_balanced_acquisition/thermo/임상데이터/20260416_Urine test/0. Reference/PS 1_4.CSV,620.9,621.7094,0.8093999999999824,ok
/Users/ian/Downloads/data/organized_data/03_sers_date_lot_balanced_acquisition/thermo/임상데이터/20260416_Urine test,20260416_Urine test,PS,/Users/ian/Downloads/data/organized_data/03_sers_date_lot_balanced_acquisition/thermo/임상데이터/20260416_Urine test/0. Reference/PS 1_4.CSV,795.8,795.2714,-0.5285999999999831,ok
/Users/ian/Downloads/data/organized_data/03_sers_date_lot_balanced_acquisition/thermo/임상데이터/20260416_Urine test,20260416_Urine test,PS,/Users/ian/Downloads/data/organized_data/03_sers_date_lot_balanced_acquisition/thermo/임상데이터/20260416_Urine test/0. Reference/PS 1_4.CSV,1001.4,1001.617,0.21699999999998454,ok
/Users/ian/Downloads/data/organized_data/03_sers_date_lot_balanced_acquisition/thermo/임상데이터/20260416_Urine test,20260416_Urine test,PS,/Users/ian/Downloads/data/organized_data/03_sers_date_lot_balanced_acquisition/thermo/임상데이터/20260416_Urine test/0. Reference/PS 1_4.CSV,1031.8,1032.473,0.6730000000000018,ok
/Users/ian/Downloads/data/organized_data/03_sers_date_lot_balanced_acquisition/thermo/임상데이터/20260416_Urine test,20260416_Urine test,PS,/Users/ian/Downloads/data/organized_data/03_sers_date_lot_balanced_acquisition/thermo/임상데이터/20260416_Urine test/0. Reference/PS 1_4.CSV,1155.3,1155.895,0.5950000000000273,ok
/Users/ian/Downloads/data/organized_data/03_sers_date_lot_balanced_acquisition/thermo/임상데이터/20260416_Urine test,20260416_Urine test,PS,/Users/ian/Downloads/data/organized_data/03_sers_date_lot_balanced_acquisition/thermo/임상데이터/20260416_Urine test/0. Reference/PS 1_4.CSV,1602.3,1601.37,-0.9300000000000637,ok
/Users/ian/Downloads/data/organized_data/03_sers_date_lot_balanced_acquisition/thermo/임상데이터/20260416_Urine test,20260416_Urine test,PS,/Users/ian/Downloads/data/organized_data/03_sers_date_lot_balanced_acquisition/thermo/임상데이터/20260416_Urine test/0. Reference/PS 1_5.CSV,620.9,621.7094,0.8093999999999824,ok
/Users/ian/Downloads/data/organized_data/03_sers_date_lot_balanced_acquisition/thermo/임상데이터/20260416_Urine test,20260416_Urine test,PS,/Users/ian/Downloads/data/organized_data/03_sers_date_lot_balanced_acquisition/thermo/임상데이터/20260416_Urine test/0. Reference/PS 1_5.CSV,795.8,795.2714,-0.5285999999999831,ok
/Users/ian/Downloads/data/organized_data/03_sers_date_lot_balanced_acquisition/thermo/임상데이터/20260416_Urine test,20260416_Urine test,PS,/Users/ian/Downloads/data/organized_data/03_sers_date_lot_balanced_acquisition/thermo/임상데이터/20260416_Urine test/0. Reference/PS 1_5.CSV,1001.4,1001.617,0.21699999999998454,ok
/Users/ian/Downloads/data/organized_data/03_sers_date_lot_balanced_acquisition/thermo/임상데이터/20260416_Urine test,20260416_Urine test,PS,/Users/ian/Downloads/data/organized_data/03_sers_date_lot_balanced_acquisition/thermo/임상데이터/20260416_Urine test/0. Reference/PS 1_5.CSV,1031.8,1032.473,0.6730000000000018,ok
/Users/ian/Downloads/data/organized_data/03_sers_date_lot_balanced_acquisition/thermo/임상데이터/20260416_Urine test,20260416_Urine test,PS,/Users/ian/Downloads/data/organized_data/03_sers_date_lot_balanced_acquisition/thermo/임상데이터/20260416_Urine test/0. Reference/PS 1_5.CSV,1155.3,1155.895,0.5950000000000273,ok
/Users/ian/Downloads/data/organized_data/03_sers_date_lot_balanced_acquisition/thermo/임상데이터/20260416_Urine test,20260416_Urine test,PS,/Users/ian/Downloads/data/organized_data/03_sers_date_lot_balanced_acquisition/thermo/임상데이터/20260416_Urine test/0. Reference/PS 1_5.CSV,1602.3,1601.37,-0.9300000000000637,ok
/Users/ian/Downloads/data/organized_data/03_sers_date_lot_balanced_acquisition/thermo/임상데이터/20260416_Urine test,20260416_Urine test,SI,/Users/ian/Downloads/data/organized_data/03_sers_date_lot_balanced_acquisition/thermo/임상데이터/20260416_Urine test/0. Reference/Si 1_1.CSV,520.7,519.5006,-1.1994000000000824,ok
/Users/ian/Downloads/data/organized_data/03_sers_date_lot_balanced_acquisition/thermo/임상데이터/20260416_Urine test,20260416_Urine test,SI,/Users/ian/Downloads/data/organized_data/03_sers_date_lot_balanced_acquisition/thermo/임상데이터/20260416_Urine test/0. Reference/Si 1_2.CSV,520.7,519.5006,-1.1994000000000824,ok
/Users/ian/Downloads/data/organized_data/03_sers_date_lot_balanced_acquisition/thermo/임상데이터/20260416_Urine test,20260416_Urine test,SI,/Users/ian/Downloads/data/organized_data/03_sers_date_lot_balanced_acquisition/thermo/임상데이터/20260416_Urine test/0. Reference/Si 1_3.CSV,520.7,519.5006,-1.1994000000000824,ok
/Users/ian/Downloads/data/organized_data/03_sers_date_lot_balanced_acquisition/thermo/임상데이터/20260416_Urine test,20260416_Urine test,SI,/Users/ian/Downloads/data/organized_data/03_sers_date_lot_balanced_acquisition/thermo/임상데이터/20260416_Urine test/0. Reference/Si 1_4.CSV,520.7,519.5006,-1.1994000000000824,ok
/Users/ian/Downloads/data/organized_data/03_sers_date_lot_balanced_acquisition/thermo/임상데이터/20260416_Urine test,20260416_Urine test,SI,/Users/ian/Downloads/data/organized_data/03_sers_date_lot_balanced_acquisition/thermo/임상데이터/20260416_Urine test/0. Reference/Si 1_5.CSV,520.7,519.5006,-1.1994000000000824,ok
/Users/ian/Downloads/data/organized_data/03_sers_date_lot_balanced_acquisition/thermo/임상데이터/20260420_Urine test,20260420_Urine test,PS,/Users/ian/Downloads/data/organized_data/03_sers_date_lot_balanced_acquisition/thermo/임상데이터/20260420_Urine test/0. Reference/PS 1_1.CSV,620.9,622.942,2.04200000000003,ok
/Users/ian/Downloads/data/organized_data/03_sers_date_lot_balanced_acquisition/thermo/임상데이터/20260420_Urine test,20260420_Urine test,PS,/Users/ian/Downloads/data/organized_data/03_sers_date_lot_balanced_acquisition/thermo/임상데이터/20260420_Urine test/0. Reference/PS 1_1.CSV,795.8,796.504,0.7040000000000646,ok
/Users/ian/Downloads/data/organized_data/03_sers_date_lot_balanced_acquisition/thermo/임상데이터/20260420_Urine test,20260420_Urine test,PS,/Users/ian/Downloads/data/organized_data/03_sers_date_lot_balanced_acquisition/thermo/임상데이터/20260420_Urine test/0. Reference/PS 1_1.CSV,1001.4,1002.85,1.4500000000000455,ok
/Users/ian/Downloads/data/organized_data/03_sers_date_lot_balanced_acquisition/thermo/임상데이터/20260420_Urine test,20260420_Urine test,PS,/Users/ian/Downloads/data/organized_data/03_sers_date_lot_balanced_acquisition/thermo/임상데이터/20260420_Urine test/0. Reference/PS 1_1.CSV,1031.8,1033.705,1.9049999999999727,ok
/Users/ian/Downloads/data/organized_data/03_sers_date_lot_balanced_acquisition/thermo/임상데이터/20260420_Urine test,20260420_Urine test,PS,/Users/ian/Downloads/data/organized_data/03_sers_date_lot_balanced_acquisition/thermo/임상데이터/20260420_Urine test/0. Reference/PS 1_1.CSV,1155.3,1159.056,3.7560000000000855,ok
/Users/ian/Downloads/data/organized_data/03_sers_date_lot_balanced_acquisition/thermo/임상데이터/20260420_Urine test,20260420_Urine test,PS,/Users/ian/Downloads/data/organized_data/03_sers_date_lot_balanced_acquisition/thermo/임상데이터/20260420_Urine test/0. Reference/PS 1_1.CSV,1602.3,1604.532,2.231999999999971,ok
/Users/ian/Downloads/data/organized_data/03_sers_date_lot_balanced_acquisition/thermo/임상데이터/20260420_Urine test,20260420_Urine test,PS,/Users/ian/Downloads/data/organized_data/03_sers_date_lot_balanced_acquisition/thermo/임상데이터/20260420_Urine test/0. Reference/PS 1_2.CSV,620.9,622.942,2.04200000000003,ok
/Users/ian/Downloads/data/organized_data/03_sers_date_lot_balanced_acquisition/thermo/임상데이터/20260420_Urine test,20260420_Urine test,PS,/Users/ian/Downloads/data/organized_data/03_sers_date_lot_balanced_acquisition/thermo/임상데이터/20260420_Urine test/0. Reference/PS 1_2.CSV,795.8,798.4325,2.63250000000005,ok
/Users/ian/Downloads/data/organized_data/03_sers_date_lot_balanced_acquisition/thermo/임상데이터/20260420_Urine test,20260420_Urine test,PS,/Users/ian/Downloads/data/organized_data/03_sers_date_lot_balanced_acquisition/thermo/임상데이터/20260420_Urine test/0. Reference/PS 1_2.CSV,1001.4,1002.85,1.4500000000000455,ok
/Users/ian/Downloads/data/organized_data/03_sers_date_lot_balanced_acquisition/thermo/임상데이터/20260420_Urine test,20260420_Urine test,PS,/Users/ian/Downloads/data/organized_data/03_sers_date_lot_balanced_acquisition/thermo/임상데이터/20260420_Urine test/0. Reference/PS 1_2.CSV,1031.8,1033.705,1.9049999999999727,ok
/Users/ian/Downloads/data/organized_data/03_sers_date_lot_balanced_acquisition/thermo/임상데이터/20260420_Urine test,20260420_Urine test,PS,/Users/ian/Downloads/data/organized_data/03_sers_date_lot_balanced_acquisition/thermo/임상데이터/20260420_Urine test/0. Reference/PS 1_2.CSV,1155.3,1157.127,1.8269999999999982,ok
/Users/ian/Downloads/data/organized_data/03_sers_date_lot_balanced_acquisition/thermo/임상데이터/20260420_Urine test,20260420_Urine test,PS,/Users/ian/Downloads/data/organized_data/03_sers_date_lot_balanced_acquisition/thermo/임상데이터/20260420_Urine test/0. Reference/PS 1_2.CSV,1602.3,1604.532,2.231999999999971,ok
/Users/ian/Downloads/data/organized_data/03_sers_date_lot_balanced_acquisition/thermo/임상데이터/20260420_Urine test,20260420_Urine test,PS,/Users/ian/Downloads/data/organized_data/03_sers_date_lot_balanced_acquisition/thermo/임상데이터/20260420_Urine test/0. Reference/PS 1_3.CSV,620.9,622.942,2.04200000000003,ok
/Users/ian/Downloads/data/organized_data/03_sers_date_lot_balanced_acquisition/thermo/임상데이터/20260420_Urine test,20260420_Urine test,PS,/Users/ian/Downloads/data/organized_data/03_sers_date_lot_balanced_acquisition/thermo/임상데이터/20260420_Urine test/0. Reference/PS 1_3.CSV,795.8,796.504,0.7040000000000646,ok
/Users/ian/Downloads/data/organized_data/03_sers_date_lot_balanced_acquisition/thermo/임상데이터/20260420_Urine test,20260420_Urine test,PS,/Users/ian/Downloads/data/organized_data/03_sers_date_lot_balanced_acquisition/thermo/임상데이터/20260420_Urine test/0. Reference/PS 1_3.CSV,1001.4,1002.85,1.4500000000000455,ok
/Users/ian/Downloads/data/organized_data/03_sers_date_lot_balanced_acquisition/thermo/임상데이터/20260420_Urine test,20260420_Urine test,PS,/Users/ian/Downloads/data/organized_data/03_sers_date_lot_balanced_acquisition/thermo/임상데이터/20260420_Urine test/0. Reference/PS 1_3.CSV,1031.8,1033.705,1.9049999999999727,ok
/Users/ian/Downloads/data/organized_data/03_sers_date_lot_balanced_acquisition/thermo/임상데이터/20260420_Urine test,20260420_Urine test,PS,/Users/ian/Downloads/data/organized_data/03_sers_date_lot_balanced_acquisition/thermo/임상데이터/20260420_Urine test/0. Reference/PS 1_3.CSV,1155.3,1157.127,1.8269999999999982,ok
/Users/ian/Downloads/data/organized_data/03_sers_date_lot_balanced_acquisition/thermo/임상데이터/20260420_Urine test,20260420_Urine test,PS,/Users/ian/Downloads/data/organized_data/03_sers_date_lot_balanced_acquisition/thermo/임상데이터/20260420_Urine test/0. Reference/PS 1_3.CSV,1602.3,1604.532,2.231999999999971,ok
/Users/ian/Downloads/data/organized_data/03_sers_date_lot_balanced_acquisition/thermo/임상데이터/20260420_Urine test,20260420_Urine test,PS,/Users/ian/Downloads/data/organized_data/03_sers_date_lot_balanced_acquisition/thermo/임상데이터/20260420_Urine test/0. Reference/PS 1_4.CSV,620.9,622.942,2.04200000000003,ok
/Users/ian/Downloads/data/organized_data/03_sers_date_lot_balanced_acquisition/thermo/임상데이터/20260420_Urine test,20260420_Urine test,PS,/Users/ian/Downloads/data/organized_data/03_sers_date_lot_balanced_acquisition/thermo/임상데이터/20260420_Urine test/0. Reference/PS 1_4.CSV,795.8,796.504,0.7040000000000646,ok
/Users/ian/Downloads/data/organized_data/03_sers_date_lot_balanced_acquisition/thermo/임상데이터/20260420_Urine test,20260420_Urine test,PS,/Users/ian/Downloads/data/organized_data/03_sers_date_lot_balanced_acquisition/thermo/임상데이터/20260420_Urine test/0. Reference/PS 1_4.CSV,1001.4,1002.85,1.4500000000000455,ok
/Users/ian/Downloads/data/organized_data/03_sers_date_lot_balanced_acquisition/thermo/임상데이터/20260420_Urine test,20260420_Urine test,PS,/Users/ian/Downloads/data/organized_data/03_sers_date_lot_balanced_acquisition/thermo/임상데이터/20260420_Urine test/0. Reference/PS 1_4.CSV,1031.8,1033.705,1.9049999999999727,ok
/Users/ian/Downloads/data/organized_data/03_sers_date_lot_balanced_acquisition/thermo/임상데이터/20260420_Urine test,20260420_Urine test,PS,/Users/ian/Downloads/data/organized_data/03_sers_date_lot_balanced_acquisition/thermo/임상데이터/20260420_Urine test/0. Reference/PS 1_4.CSV,1155.3,1157.127,1.8269999999999982,ok
/Users/ian/Downloads/data/organized_data/03_sers_date_lot_balanced_acquisition/thermo/임상데이터/20260420_Urine test,20260420_Urine test,PS,/Users/ian/Downloads/data/organized_data/03_sers_date_lot_balanced_acquisition/thermo/임상데이터/20260420_Urine test/0. Reference/PS 1_4.CSV,1602.3,1604.532,2.231999999999971,ok
/Users/ian/Downloads/data/organized_data/03_sers_date_lot_balanced_acquisition/thermo/임상데이터/20260420_Urine test,20260420_Urine test,PS,/Users/ian/Downloads/data/organized_data/03_sers_date_lot_balanced_acquisition/thermo/임상데이터/20260420_Urine test/0. Reference/PS 1_5.CSV,620.9,622.942,2.04200000000003,ok
/Users/ian/Downloads/data/organized_data/03_sers_date_lot_balanced_acquisition/thermo/임상데이터/20260420_Urine test,20260420_Urine test,PS,/Users/ian/Downloads/data/organized_data/03_sers_date_lot_balanced_acquisition/thermo/임상데이터/20260420_Urine test/0. Reference/PS 1_5.CSV,795.8,796.504,0.7040000000000646,ok
/Users/ian/Downloads/data/organized_data/03_sers_date_lot_balanced_acquisition/thermo/임상데이터/20260420_Urine test,20260420_Urine test,PS,/Users/ian/Downloads/data/organized_data/03_sers_date_lot_balanced_acquisition/thermo/임상데이터/20260420_Urine test/0. Reference/PS 1_5.CSV,1001.4,1002.85,1.4500000000000455,ok
/Users/ian/Downloads/data/organized_data/03_sers_date_lot_balanced_acquisition/thermo/임상데이터/20260420_Urine test,20260420_Urine test,PS,/Users/ian/Downloads/data/organized_data/03_sers_date_lot_balanced_acquisition/thermo/임상데이터/20260420_Urine test/0. Reference/PS 1_5.CSV,1031.8,1033.705,1.9049999999999727,ok
/Users/ian/Downloads/data/organized_data/03_sers_date_lot_balanced_acquisition/thermo/임상데이터/20260420_Urine test,20260420_Urine test,PS,/Users/ian/Downloads/data/organized_data/03_sers_date_lot_balanced_acquisition/thermo/임상데이터/20260420_Urine test/0. Reference/PS 1_5.CSV,1155.3,1157.127,1.8269999999999982,ok
/Users/ian/Downloads/data/organized_data/03_sers_date_lot_balanced_acquisition/thermo/임상데이터/20260420_Urine test,20260420_Urine test,PS,/Users/ian/Downloads/data/organized_data/03_sers_date_lot_balanced_acquisition/thermo/임상데이터/20260420_Urine test/0. Reference/PS 1_5.CSV,1602.3,1604.532,2.231999999999971,ok
/Users/ian/Downloads/data/organized_data/03_sers_date_lot_balanced_acquisition/thermo/임상데이터/20260420_Urine test,20260420_Urine test,SI,/Users/ian/Downloads/data/organized_data/03_sers_date_lot_balanced_acquisition/thermo/임상데이터/20260420_Urine test/0. Reference/Si 1_1.CSV,520.7,522.6617,1.9616999999999507,ok
/Users/ian/Downloads/data/organized_data/03_sers_date_lot_balanced_acquisition/thermo/임상데이터/20260420_Urine test,20260420_Urine test,SI,/Users/ian/Downloads/data/organized_data/03_sers_date_lot_balanced_acquisition/thermo/임상데이터/20260420_Urine test/0. Reference/Si 1_2.CSV,520.7,522.6617,1.9616999999999507,ok
/Users/ian/Downloads/data/organized_data/03_sers_date_lot_balanced_acquisition/thermo/임상데이터/20260420_Urine test,20260420_Urine test,SI,/Users/ian/Downloads/data/organized_data/03_sers_date_lot_balanced_acquisition/thermo/임상데이터/20260420_Urine test/0. Reference/Si 1_3.CSV,520.7,522.6617,1.9616999999999507,ok
/Users/ian/Downloads/data/organized_data/03_sers_date_lot_balanced_acquisition/thermo/임상데이터/20260420_Urine test,20260420_Urine test,SI,/Users/ian/Downloads/data/organized_data/03_sers_date_lot_balanced_acquisition/thermo/임상데이터/20260420_Urine test/0. Reference/Si 1_4.CSV,520.7,522.6617,1.9616999999999507,ok
/Users/ian/Downloads/data/organized_data/03_sers_date_lot_balanced_acquisition/thermo/임상데이터/20260420_Urine test,20260420_Urine test,SI,/Users/ian/Downloads/data/organized_data/03_sers_date_lot_balanced_acquisition/thermo/임상데이터/20260420_Urine test/0. Reference/Si 1_5.CSV,520.7,522.6617,1.9616999999999507,ok
/Users/ian/Downloads/data/organized_data/03_sers_date_lot_balanced_acquisition/thermo/임상데이터/20260421_Urine test,20260421_Urine test,PS,/Users/ian/Downloads/data/organized_data/03_sers_date_lot_balanced_acquisition/thermo/임상데이터/20260421_Urine test/0. Reference/PS 1_1.CSV,620.9,621.3593,0.4592999999999847,ok
/Users/ian/Downloads/data/organized_data/03_sers_date_lot_balanced_acquisition/thermo/임상데이터/20260421_Urine test,20260421_Urine test,PS,/Users/ian/Downloads/data/organized_data/03_sers_date_lot_balanced_acquisition/thermo/임상데이터/20260421_Urine test/0. Reference/PS 1_1.CSV,795.8,794.9213,-0.8786999999999807,ok
/Users/ian/Downloads/data/organized_data/03_sers_date_lot_balanced_acquisition/thermo/임상데이터/20260421_Urine test,20260421_Urine test,PS,/Users/ian/Downloads/data/organized_data/03_sers_date_lot_balanced_acquisition/thermo/임상데이터/20260421_Urine test/0. Reference/PS 1_1.CSV,1001.4,1001.267,-0.1329999999999245,ok
/Users/ian/Downloads/data/organized_data/03_sers_date_lot_balanced_acquisition/thermo/임상데이터/20260421_Urine test,20260421_Urine test,PS,/Users/ian/Downloads/data/organized_data/03_sers_date_lot_balanced_acquisition/thermo/임상데이터/20260421_Urine test/0. Reference/PS 1_1.CSV,1031.8,1032.123,0.32300000000009277,ok
/Users/ian/Downloads/data/organized_data/03_sers_date_lot_balanced_acquisition/thermo/임상데이터/20260421_Urine test,20260421_Urine test,PS,/Users/ian/Downloads/data/organized_data/03_sers_date_lot_balanced_acquisition/thermo/임상데이터/20260421_Urine test/0. Reference/PS 1_1.CSV,1155.3,1155.545,0.24500000000011823,ok
/Users/ian/Downloads/data/organized_data/03_sers_date_lot_balanced_acquisition/thermo/임상데이터/20260421_Urine test,20260421_Urine test,PS,/Users/ian/Downloads/data/organized_data/03_sers_date_lot_balanced_acquisition/thermo/임상데이터/20260421_Urine test/0. Reference/PS 1_1.CSV,1602.3,1602.949,0.6490000000001146,ok
/Users/ian/Downloads/data/organized_data/03_sers_date_lot_balanced_acquisition/thermo/임상데이터/20260421_Urine test,20260421_Urine test,PS,/Users/ian/Downloads/data/organized_data/03_sers_date_lot_balanced_acquisition/thermo/임상데이터/20260421_Urine test/0. Reference/PS 1_2.CSV,620.9,621.3593,0.4592999999999847,ok
/Users/ian/Downloads/data/organized_data/03_sers_date_lot_balanced_acquisition/thermo/임상데이터/20260421_Urine test,20260421_Urine test,PS,/Users/ian/Downloads/data/organized_data/03_sers_date_lot_balanced_acquisition/thermo/임상데이터/20260421_Urine test/0. Reference/PS 1_2.CSV,795.8,796.8498,1.0498000000000047,ok
/Users/ian/Downloads/data/organized_data/03_sers_date_lot_balanced_acquisition/thermo/임상데이터/20260421_Urine test,20260421_Urine test,PS,/Users/ian/Downloads/data/organized_data/03_sers_date_lot_balanced_acquisition/thermo/임상데이터/20260421_Urine test/0. Reference/PS 1_2.CSV,1001.4,1001.267,-0.1329999999999245,ok
/Users/ian/Downloads/data/organized_data/03_sers_date_lot_balanced_acquisition/thermo/임상데이터/20260421_Urine test,20260421_Urine test,PS,/Users/ian/Downloads/data/organized_data/03_sers_date_lot_balanced_acquisition/thermo/임상데이터/20260421_Urine test/0. Reference/PS 1_2.CSV,1031.8,1032.123,0.32300000000009277,ok
/Users/ian/Downloads/data/organized_data/03_sers_date_lot_balanced_acquisition/thermo/임상데이터/20260421_Urine test,20260421_Urine test,PS,/Users/ian/Downloads/data/organized_data/03_sers_date_lot_balanced_acquisition/thermo/임상데이터/20260421_Urine test/0. Reference/PS 1_2.CSV,1155.3,1155.545,0.24500000000011823,ok
/Users/ian/Downloads/data/organized_data/03_sers_date_lot_balanced_acquisition/thermo/임상데이터/20260421_Urine test,20260421_Urine test,PS,/Users/ian/Downloads/data/organized_data/03_sers_date_lot_balanced_acquisition/thermo/임상데이터/20260421_Urine test/0. Reference/PS 1_2.CSV,1602.3,1602.949,0.6490000000001146,ok
/Users/ian/Downloads/data/organized_data/03_sers_date_lot_balanced_acquisition/thermo/임상데이터/20260421_Urine test,20260421_Urine test,PS,/Users/ian/Downloads/data/organized_data/03_sers_date_lot_balanced_acquisition/thermo/임상데이터/20260421_Urine test/0. Reference/PS 1_3.CSV,620.9,621.3593,0.4592999999999847,ok
/Users/ian/Downloads/data/organized_data/03_sers_date_lot_balanced_acquisition/thermo/임상데이터/20260421_Urine test,20260421_Urine test,PS,/Users/ian/Downloads/data/organized_data/03_sers_date_lot_balanced_acquisition/thermo/임상데이터/20260421_Urine test/0. Reference/PS 1_3.CSV,795.8,794.9213,-0.8786999999999807,ok
/Users/ian/Downloads/data/organized_data/03_sers_date_lot_balanced_acquisition/thermo/임상데이터/20260421_Urine test,20260421_Urine test,PS,/Users/ian/Downloads/data/organized_data/03_sers_date_lot_balanced_acquisition/thermo/임상데이터/20260421_Urine test/0. Reference/PS 1_3.CSV,1001.4,1001.267,-0.1329999999999245,ok
/Users/ian/Downloads/data/organized_data/03_sers_date_lot_balanced_acquisition/thermo/임상데이터/20260421_Urine test,20260421_Urine test,PS,/Users/ian/Downloads/data/organized_data/03_sers_date_lot_balanced_acquisition/thermo/임상데이터/20260421_Urine test/0. Reference/PS 1_3.CSV,1031.8,1032.123,0.32300000000009277,ok
/Users/ian/Downloads/data/organized_data/03_sers_date_lot_balanced_acquisition/thermo/임상데이터/20260421_Urine test,20260421_Urine test,PS,/Users/ian/Downloads/data/organized_data/03_sers_date_lot_balanced_acquisition/thermo/임상데이터/20260421_Urine test/0. Reference/PS 1_3.CSV,1155.3,1155.545,0.24500000000011823,ok
/Users/ian/Downloads/data/organized_data/03_sers_date_lot_balanced_acquisition/thermo/임상데이터/20260421_Urine test,20260421_Urine test,PS,/Users/ian/Downloads/data/organized_data/03_sers_date_lot_balanced_acquisition/thermo/임상데이터/20260421_Urine test/0. Reference/PS 1_3.CSV,1602.3,1602.949,0.6490000000001146,ok
/Users/ian/Downloads/data/organized_data/03_sers_date_lot_balanced_acquisition/thermo/임상데이터/20260421_Urine test,20260421_Urine test,PS,/Users/ian/Downloads/data/organized_data/03_sers_date_lot_balanced_acquisition/thermo/임상데이터/20260421_Urine test/0. Reference/PS 1_4.CSV,620.9,621.3593,0.4592999999999847,ok
/Users/ian/Downloads/data/organized_data/03_sers_date_lot_balanced_acquisition/thermo/임상데이터/20260421_Urine test,20260421_Urine test,PS,/Users/ian/Downloads/data/organized_data/03_sers_date_lot_balanced_acquisition/thermo/임상데이터/20260421_Urine test/0. Reference/PS 1_4.CSV,795.8,796.8498,1.0498000000000047,ok
/Users/ian/Downloads/data/organized_data/03_sers_date_lot_balanced_acquisition/thermo/임상데이터/20260421_Urine test,20260421_Urine test,PS,/Users/ian/Downloads/data/organized_data/03_sers_date_lot_balanced_acquisition/thermo/임상데이터/20260421_Urine test/0. Reference/PS 1_4.CSV,1001.4,1001.267,-0.1329999999999245,ok
/Users/ian/Downloads/data/organized_data/03_sers_date_lot_balanced_acquisition/thermo/임상데이터/20260421_Urine test,20260421_Urine test,PS,/Users/ian/Downloads/data/organized_data/03_sers_date_lot_balanced_acquisition/thermo/임상데이터/20260421_Urine test/0. Reference/PS 1_4.CSV,1031.8,1032.123,0.32300000000009277,ok
/Users/ian/Downloads/data/organized_data/03_sers_date_lot_balanced_acquisition/thermo/임상데이터/20260421_Urine test,20260421_Urine test,PS,/Users/ian/Downloads/data/organized_data/03_sers_date_lot_balanced_acquisition/thermo/임상데이터/20260421_Urine test/0. Reference/PS 1_4.CSV,1155.3,1155.545,0.24500000000011823,ok
/Users/ian/Downloads/data/organized_data/03_sers_date_lot_balanced_acquisition/thermo/임상데이터/20260421_Urine test,20260421_Urine test,PS,/Users/ian/Downloads/data/organized_data/03_sers_date_lot_balanced_acquisition/thermo/임상데이터/20260421_Urine test/0. Reference/PS 1_4.CSV,1602.3,1602.949,0.6490000000001146,ok
/Users/ian/Downloads/data/organized_data/03_sers_date_lot_balanced_acquisition/thermo/임상데이터/20260421_Urine test,20260421_Urine test,PS,/Users/ian/Downloads/data/organized_data/03_sers_date_lot_balanced_acquisition/thermo/임상데이터/20260421_Urine test/0. Reference/PS 1_5.CSV,620.9,621.3593,0.4592999999999847,ok
/Users/ian/Downloads/data/organized_data/03_sers_date_lot_balanced_acquisition/thermo/임상데이터/20260421_Urine test,20260421_Urine test,PS,/Users/ian/Downloads/data/organized_data/03_sers_date_lot_balanced_acquisition/thermo/임상데이터/20260421_Urine test/0. Reference/PS 1_5.CSV,795.8,796.8498,1.0498000000000047,ok
/Users/ian/Downloads/data/organized_data/03_sers_date_lot_balanced_acquisition/thermo/임상데이터/20260421_Urine test,20260421_Urine test,PS,/Users/ian/Downloads/data/organized_data/03_sers_date_lot_balanced_acquisition/thermo/임상데이터/20260421_Urine test/0. Reference/PS 1_5.CSV,1001.4,1001.267,-0.1329999999999245,ok
/Users/ian/Downloads/data/organized_data/03_sers_date_lot_balanced_acquisition/thermo/임상데이터/20260421_Urine test,20260421_Urine test,PS,/Users/ian/Downloads/data/organized_data/03_sers_date_lot_balanced_acquisition/thermo/임상데이터/20260421_Urine test/0. Reference/PS 1_5.CSV,1031.8,1032.123,0.32300000000009277,ok
/Users/ian/Downloads/data/organized_data/03_sers_date_lot_balanced_acquisition/thermo/임상데이터/20260421_Urine test,20260421_Urine test,PS,/Users/ian/Downloads/data/organized_data/03_sers_date_lot_balanced_acquisition/thermo/임상데이터/20260421_Urine test/0. Reference/PS 1_5.CSV,1155.3,1155.545,0.24500000000011823,ok
/Users/ian/Downloads/data/organized_data/03_sers_date_lot_balanced_acquisition/thermo/임상데이터/20260421_Urine test,20260421_Urine test,PS,/Users/ian/Downloads/data/organized_data/03_sers_date_lot_balanced_acquisition/thermo/임상데이터/20260421_Urine test/0. Reference/PS 1_5.CSV,1602.3,1602.949,0.6490000000001146,ok
/Users/ian/Downloads/data/organized_data/03_sers_date_lot_balanced_acquisition/thermo/임상데이터/20260421_Urine test,20260421_Urine test,SI,/Users/ian/Downloads/data/organized_data/03_sers_date_lot_balanced_acquisition/thermo/임상데이터/20260421_Urine test/0. Reference/Si 1_1.CSV,520.7,521.079,0.3789999999999054,ok
/Users/ian/Downloads/data/organized_data/03_sers_date_lot_balanced_acquisition/thermo/임상데이터/20260421_Urine test,20260421_Urine test,SI,/Users/ian/Downloads/data/organized_data/03_sers_date_lot_balanced_acquisition/thermo/임상데이터/20260421_Urine test/0. Reference/Si 1_2.CSV,520.7,521.079,0.3789999999999054,ok
/Users/ian/Downloads/data/organized_data/03_sers_date_lot_balanced_acquisition/thermo/임상데이터/20260421_Urine test,20260421_Urine test,SI,/Users/ian/Downloads/data/organized_data/03_sers_date_lot_balanced_acquisition/thermo/임상데이터/20260421_Urine test/0. Reference/Si 1_3.CSV,520.7,521.079,0.3789999999999054,ok
/Users/ian/Downloads/data/organized_data/03_sers_date_lot_balanced_acquisition/thermo/임상데이터/20260421_Urine test,20260421_Urine test,SI,/Users/ian/Downloads/data/organized_data/03_sers_date_lot_balanced_acquisition/thermo/임상데이터/20260421_Urine test/0. Reference/Si 1_4.CSV,520.7,521.079,0.3789999999999054,ok
/Users/ian/Downloads/data/organized_data/03_sers_date_lot_balanced_acquisition/thermo/임상데이터/20260421_Urine test,20260421_Urine test,SI,/Users/ian/Downloads/data/organized_data/03_sers_date_lot_balanced_acquisition/thermo/임상데이터/20260421_Urine test/0. Reference/Si 1_5.CSV,520.7,521.079,0.3789999999999054,ok
/Users/ian/Downloads/data/organized_data/03_sers_date_lot_balanced_acquisition/thermo/임상데이터/20260422_Urine test,20260422_Urine test,PS,/Users/ian/Downloads/data/organized_data/03_sers_date_lot_balanced_acquisition/thermo/임상데이터/20260422_Urine test/0. Reference/PS 1_1.CSV,620.9,621.4993,0.5992999999999711,ok
/Users/ian/Downloads/data/organized_data/03_sers_date_lot_balanced_acquisition/thermo/임상데이터/20260422_Urine test,20260422_Urine test,PS,/Users/ian/Downloads/data/organized_data/03_sers_date_lot_balanced_acquisition/thermo/임상데이터/20260422_Urine test/0. Reference/PS 1_1.CSV,795.8,795.0613,-0.7386999999999944,ok
/Users/ian/Downloads/data/organized_data/03_sers_date_lot_balanced_acquisition/thermo/임상데이터/20260422_Urine test,20260422_Urine test,PS,/Users/ian/Downloads/data/organized_data/03_sers_date_lot_balanced_acquisition/thermo/임상데이터/20260422_Urine test/0. Reference/PS 1_1.CSV,1001.4,1001.407,0.007000000000061846,ok
/Users/ian/Downloads/data/organized_data/03_sers_date_lot_balanced_acquisition/thermo/임상데이터/20260422_Urine test,20260422_Urine test,PS,/Users/ian/Downloads/data/organized_data/03_sers_date_lot_balanced_acquisition/thermo/임상데이터/20260422_Urine test/0. Reference/PS 1_1.CSV,1031.8,1032.263,0.46299999999996544,ok
/Users/ian/Downloads/data/organized_data/03_sers_date_lot_balanced_acquisition/thermo/임상데이터/20260422_Urine test,20260422_Urine test,PS,/Users/ian/Downloads/data/organized_data/03_sers_date_lot_balanced_acquisition/thermo/임상데이터/20260422_Urine test/0. Reference/PS 1_1.CSV,1155.3,1157.613,2.313000000000102,ok
/Users/ian/Downloads/data/organized_data/03_sers_date_lot_balanced_acquisition/thermo/임상데이터/20260422_Urine test,20260422_Urine test,PS,/Users/ian/Downloads/data/organized_data/03_sers_date_lot_balanced_acquisition/thermo/임상데이터/20260422_Urine test/0. Reference/PS 1_1.CSV,1602.3,1603.089,0.7889999999999873,ok
/Users/ian/Downloads/data/organized_data/03_sers_date_lot_balanced_acquisition/thermo/임상데이터/20260422_Urine test,20260422_Urine test,PS,/Users/ian/Downloads/data/organized_data/03_sers_date_lot_balanced_acquisition/thermo/임상데이터/20260422_Urine test/0. Reference/PS 1_2.CSV,620.9,621.4993,0.5992999999999711,ok
/Users/ian/Downloads/data/organized_data/03_sers_date_lot_balanced_acquisition/thermo/임상데이터/20260422_Urine test,20260422_Urine test,PS,/Users/ian/Downloads/data/organized_data/03_sers_date_lot_balanced_acquisition/thermo/임상데이터/20260422_Urine test/0. Reference/PS 1_2.CSV,795.8,795.0613,-0.7386999999999944,ok
/Users/ian/Downloads/data/organized_data/03_sers_date_lot_balanced_acquisition/thermo/임상데이터/20260422_Urine test,20260422_Urine test,PS,/Users/ian/Downloads/data/organized_data/03_sers_date_lot_balanced_acquisition/thermo/임상데이터/20260422_Urine test/0. Reference/PS 1_2.CSV,1001.4,1001.407,0.007000000000061846,ok
/Users/ian/Downloads/data/organized_data/03_sers_date_lot_balanced_acquisition/thermo/임상데이터/20260422_Urine test,20260422_Urine test,PS,/Users/ian/Downloads/data/organized_data/03_sers_date_lot_balanced_acquisition/thermo/임상데이터/20260422_Urine test/0. Reference/PS 1_2.CSV,1031.8,1032.263,0.46299999999996544,ok
/Users/ian/Downloads/data/organized_data/03_sers_date_lot_balanced_acquisition/thermo/임상데이터/20260422_Urine test,20260422_Urine test,PS,/Users/ian/Downloads/data/organized_data/03_sers_date_lot_balanced_acquisition/thermo/임상데이터/20260422_Urine test/0. Reference/PS 1_2.CSV,1155.3,1155.685,0.3849999999999909,ok
/Users/ian/Downloads/data/organized_data/03_sers_date_lot_balanced_acquisition/thermo/임상데이터/20260422_Urine test,20260422_Urine test,PS,/Users/ian/Downloads/data/organized_data/03_sers_date_lot_balanced_acquisition/thermo/임상데이터/20260422_Urine test/0. Reference/PS 1_2.CSV,1602.3,1603.089,0.7889999999999873,ok
/Users/ian/Downloads/data/organized_data/03_sers_date_lot_balanced_acquisition/thermo/임상데이터/20260422_Urine test,20260422_Urine test,PS,/Users/ian/Downloads/data/organized_data/03_sers_date_lot_balanced_acquisition/thermo/임상데이터/20260422_Urine test/0. Reference/PS 1_3.CSV,620.9,621.4993,0.5992999999999711,ok
/Users/ian/Downloads/data/organized_data/03_sers_date_lot_balanced_acquisition/thermo/임상데이터/20260422_Urine test,20260422_Urine test,PS,/Users/ian/Downloads/data/organized_data/03_sers_date_lot_balanced_acquisition/thermo/임상데이터/20260422_Urine test/0. Reference/PS 1_3.CSV,795.8,795.0613,-0.7386999999999944,ok
/Users/ian/Downloads/data/organized_data/03_sers_date_lot_balanced_acquisition/thermo/임상데이터/20260422_Urine test,20260422_Urine test,PS,/Users/ian/Downloads/data/organized_data/03_sers_date_lot_balanced_acquisition/thermo/임상데이터/20260422_Urine test/0. Reference/PS 1_3.CSV,1001.4,1001.407,0.007000000000061846,ok
/Users/ian/Downloads/data/organized_data/03_sers_date_lot_balanced_acquisition/thermo/임상데이터/20260422_Urine test,20260422_Urine test,PS,/Users/ian/Downloads/data/organized_data/03_sers_date_lot_balanced_acquisition/thermo/임상데이터/20260422_Urine test/0. Reference/PS 1_3.CSV,1031.8,1032.263,0.46299999999996544,ok
/Users/ian/Downloads/data/organized_data/03_sers_date_lot_balanced_acquisition/thermo/임상데이터/20260422_Urine test,20260422_Urine test,PS,/Users/ian/Downloads/data/organized_data/03_sers_date_lot_balanced_acquisition/thermo/임상데이터/20260422_Urine test/0. Reference/PS 1_3.CSV,1155.3,1155.685,0.3849999999999909,ok
/Users/ian/Downloads/data/organized_data/03_sers_date_lot_balanced_acquisition/thermo/임상데이터/20260422_Urine test,20260422_Urine test,PS,/Users/ian/Downloads/data/organized_data/03_sers_date_lot_balanced_acquisition/thermo/임상데이터/20260422_Urine test/0. Reference/PS 1_3.CSV,1602.3,1603.089,0.7889999999999873,ok
/Users/ian/Downloads/data/organized_data/03_sers_date_lot_balanced_acquisition/thermo/임상데이터/20260422_Urine test,20260422_Urine test,PS,/Users/ian/Downloads/data/organized_data/03_sers_date_lot_balanced_acquisition/thermo/임상데이터/20260422_Urine test/0. Reference/PS 1_4.CSV,620.9,621.4993,0.5992999999999711,ok
/Users/ian/Downloads/data/organized_data/03_sers_date_lot_balanced_acquisition/thermo/임상데이터/20260422_Urine test,20260422_Urine test,PS,/Users/ian/Downloads/data/organized_data/03_sers_date_lot_balanced_acquisition/thermo/임상데이터/20260422_Urine test/0. Reference/PS 1_4.CSV,795.8,795.0613,-0.7386999999999944,ok
/Users/ian/Downloads/data/organized_data/03_sers_date_lot_balanced_acquisition/thermo/임상데이터/20260422_Urine test,20260422_Urine test,PS,/Users/ian/Downloads/data/organized_data/03_sers_date_lot_balanced_acquisition/thermo/임상데이터/20260422_Urine test/0. Reference/PS 1_4.CSV,1001.4,1001.407,0.007000000000061846,ok
/Users/ian/Downloads/data/organized_data/03_sers_date_lot_balanced_acquisition/thermo/임상데이터/20260422_Urine test,20260422_Urine test,PS,/Users/ian/Downloads/data/organized_data/03_sers_date_lot_balanced_acquisition/thermo/임상데이터/20260422_Urine test/0. Reference/PS 1_4.CSV,1031.8,1032.263,0.46299999999996544,ok
/Users/ian/Downloads/data/organized_data/03_sers_date_lot_balanced_acquisition/thermo/임상데이터/20260422_Urine test,20260422_Urine test,PS,/Users/ian/Downloads/data/organized_data/03_sers_date_lot_balanced_acquisition/thermo/임상데이터/20260422_Urine test/0. Reference/PS 1_4.CSV,1155.3,1155.685,0.3849999999999909,ok
/Users/ian/Downloads/data/organized_data/03_sers_date_lot_balanced_acquisition/thermo/임상데이터/20260422_Urine test,20260422_Urine test,PS,/Users/ian/Downloads/data/organized_data/03_sers_date_lot_balanced_acquisition/thermo/임상데이터/20260422_Urine test/0. Reference/PS 1_4.CSV,1602.3,1603.089,0.7889999999999873,ok
/Users/ian/Downloads/data/organized_data/03_sers_date_lot_balanced_acquisition/thermo/임상데이터/20260422_Urine test,20260422_Urine test,PS,/Users/ian/Downloads/data/organized_data/03_sers_date_lot_balanced_acquisition/thermo/임상데이터/20260422_Urine test/0. Reference/PS 1_5.CSV,620.9,621.4993,0.5992999999999711,ok
/Users/ian/Downloads/data/organized_data/03_sers_date_lot_balanced_acquisition/thermo/임상데이터/20260422_Urine test,20260422_Urine test,PS,/Users/ian/Downloads/data/organized_data/03_sers_date_lot_balanced_acquisition/thermo/임상데이터/20260422_Urine test/0. Reference/PS 1_5.CSV,795.8,795.0613,-0.7386999999999944,ok
/Users/ian/Downloads/data/organized_data/03_sers_date_lot_balanced_acquisition/thermo/임상데이터/20260422_Urine test,20260422_Urine test,PS,/Users/ian/Downloads/data/organized_data/03_sers_date_lot_balanced_acquisition/thermo/임상데이터/20260422_Urine test/0. Reference/PS 1_5.CSV,1001.4,1001.407,0.007000000000061846,ok
/Users/ian/Downloads/data/organized_data/03_sers_date_lot_balanced_acquisition/thermo/임상데이터/20260422_Urine test,20260422_Urine test,PS,/Users/ian/Downloads/data/organized_data/03_sers_date_lot_balanced_acquisition/thermo/임상데이터/20260422_Urine test/0. Reference/PS 1_5.CSV,1031.8,1032.263,0.46299999999996544,ok
/Users/ian/Downloads/data/organized_data/03_sers_date_lot_balanced_acquisition/thermo/임상데이터/20260422_Urine test,20260422_Urine test,PS,/Users/ian/Downloads/data/organized_data/03_sers_date_lot_balanced_acquisition/thermo/임상데이터/20260422_Urine test/0. Reference/PS 1_5.CSV,1155.3,1155.685,0.3849999999999909,ok
/Users/ian/Downloads/data/organized_data/03_sers_date_lot_balanced_acquisition/thermo/임상데이터/20260422_Urine test,20260422_Urine test,PS,/Users/ian/Downloads/data/organized_data/03_sers_date_lot_balanced_acquisition/thermo/임상데이터/20260422_Urine test/0. Reference/PS 1_5.CSV,1602.3,1603.089,0.7889999999999873,ok
/Users/ian/Downloads/data/organized_data/03_sers_date_lot_balanced_acquisition/thermo/임상데이터/20260422_Urine test,20260422_Urine test,SI,/Users/ian/Downloads/data/organized_data/03_sers_date_lot_balanced_acquisition/thermo/임상데이터/20260422_Urine test/0. Reference/Si 1_1.CSV,520.7,521.2191,0.5190999999999804,ok
/Users/ian/Downloads/data/organized_data/03_sers_date_lot_balanced_acquisition/thermo/임상데이터/20260422_Urine test,20260422_Urine test,SI,/Users/ian/Downloads/data/organized_data/03_sers_date_lot_balanced_acquisition/thermo/임상데이터/20260422_Urine test/0. Reference/Si 1_2.CSV,520.7,521.2191,0.5190999999999804,ok
/Users/ian/Downloads/data/organized_data/03_sers_date_lot_balanced_acquisition/thermo/임상데이터/20260422_Urine test,20260422_Urine test,SI,/Users/ian/Downloads/data/organized_data/03_sers_date_lot_balanced_acquisition/thermo/임상데이터/20260422_Urine test/0. Reference/Si 1_3.CSV,520.7,521.2191,0.5190999999999804,ok
/Users/ian/Downloads/data/organized_data/03_sers_date_lot_balanced_acquisition/thermo/임상데이터/20260422_Urine test,20260422_Urine test,SI,/Users/ian/Downloads/data/organized_data/03_sers_date_lot_balanced_acquisition/thermo/임상데이터/20260422_Urine test/0. Reference/Si 1_4.CSV,520.7,521.2191,0.5190999999999804,ok
/Users/ian/Downloads/data/organized_data/03_sers_date_lot_balanced_acquisition/thermo/임상데이터/20260422_Urine test,20260422_Urine test,SI,/Users/ian/Downloads/data/organized_data/03_sers_date_lot_balanced_acquisition/thermo/임상데이터/20260422_Urine test/0. Reference/Si 1_5.CSV,520.7,521.2191,0.5190999999999804,ok
/Users/ian/Downloads/data/organized_data/03_sers_date_lot_balanced_acquisition/thermo/임상데이터/20260424_Urine test,20260424_Urine test,PS,/Users/ian/Downloads/data/organized_data/03_sers_date_lot_balanced_acquisition/thermo/임상데이터/20260424_Urine test/0. Reference/PS 1_1.CSV,620.9,621.6293,0.7292999999999665,ok
/Users/ian/Downloads/data/organized_data/03_sers_date_lot_balanced_acquisition/thermo/임상데이터/20260424_Urine test,20260424_Urine test,PS,/Users/ian/Downloads/data/organized_data/03_sers_date_lot_balanced_acquisition/thermo/임상데이터/20260424_Urine test/0. Reference/PS 1_1.CSV,795.8,795.1913,-0.6086999999999989,ok
/Users/ian/Downloads/data/organized_data/03_sers_date_lot_balanced_acquisition/thermo/임상데이터/20260424_Urine test,20260424_Urine test,PS,/Users/ian/Downloads/data/organized_data/03_sers_date_lot_balanced_acquisition/thermo/임상데이터/20260424_Urine test/0. Reference/PS 1_1.CSV,1001.4,1001.537,0.1370000000000573,ok
/Users/ian/Downloads/data/organized_data/03_sers_date_lot_balanced_acquisition/thermo/임상데이터/20260424_Urine test,20260424_Urine test,PS,/Users/ian/Downloads/data/organized_data/03_sers_date_lot_balanced_acquisition/thermo/임상데이터/20260424_Urine test/0. Reference/PS 1_1.CSV,1031.8,1030.464,-1.3360000000000127,ok
/Users/ian/Downloads/data/organized_data/03_sers_date_lot_balanced_acquisition/thermo/임상데이터/20260424_Urine test,20260424_Urine test,PS,/Users/ian/Downloads/data/organized_data/03_sers_date_lot_balanced_acquisition/thermo/임상데이터/20260424_Urine test/0. Reference/PS 1_1.CSV,1155.3,1155.815,0.5150000000001,ok
/Users/ian/Downloads/data/organized_data/03_sers_date_lot_balanced_acquisition/thermo/임상데이터/20260424_Urine test,20260424_Urine test,PS,/Users/ian/Downloads/data/organized_data/03_sers_date_lot_balanced_acquisition/thermo/임상데이터/20260424_Urine test/0. Reference/PS 1_1.CSV,1602.3,1601.29,-1.009999999999991,ok
/Users/ian/Downloads/data/organized_data/03_sers_date_lot_balanced_acquisition/thermo/임상데이터/20260424_Urine test,20260424_Urine test,PS,/Users/ian/Downloads/data/organized_data/03_sers_date_lot_balanced_acquisition/thermo/임상데이터/20260424_Urine test/0. Reference/PS 1_2.CSV,620.9,619.7009,-1.1990999999999303,ok
/Users/ian/Downloads/data/organized_data/03_sers_date_lot_balanced_acquisition/thermo/임상데이터/20260424_Urine test,20260424_Urine test,PS,/Users/ian/Downloads/data/organized_data/03_sers_date_lot_balanced_acquisition/thermo/임상데이터/20260424_Urine test/0. Reference/PS 1_2.CSV,795.8,795.1913,-0.6086999999999989,ok
/Users/ian/Downloads/data/organized_data/03_sers_date_lot_balanced_acquisition/thermo/임상데이터/20260424_Urine test,20260424_Urine test,PS,/Users/ian/Downloads/data/organized_data/03_sers_date_lot_balanced_acquisition/thermo/임상데이터/20260424_Urine test/0. Reference/PS 1_2.CSV,1001.4,1001.537,0.1370000000000573,ok
/Users/ian/Downloads/data/organized_data/03_sers_date_lot_balanced_acquisition/thermo/임상데이터/20260424_Urine test,20260424_Urine test,PS,/Users/ian/Downloads/data/organized_data/03_sers_date_lot_balanced_acquisition/thermo/임상데이터/20260424_Urine test/0. Reference/PS 1_2.CSV,1031.8,1030.464,-1.3360000000000127,ok
/Users/ian/Downloads/data/organized_data/03_sers_date_lot_balanced_acquisition/thermo/임상데이터/20260424_Urine test,20260424_Urine test,PS,/Users/ian/Downloads/data/organized_data/03_sers_date_lot_balanced_acquisition/thermo/임상데이터/20260424_Urine test/0. Reference/PS 1_2.CSV,1155.3,1157.743,2.4429999999999836,ok
/Users/ian/Downloads/data/organized_data/03_sers_date_lot_balanced_acquisition/thermo/임상데이터/20260424_Urine test,20260424_Urine test,PS,/Users/ian/Downloads/data/organized_data/03_sers_date_lot_balanced_acquisition/thermo/임상데이터/20260424_Urine test/0. Reference/PS 1_2.CSV,1602.3,1601.29,-1.009999999999991,ok
/Users/ian/Downloads/data/organized_data/03_sers_date_lot_balanced_acquisition/thermo/임상데이터/20260424_Urine test,20260424_Urine test,PS,/Users/ian/Downloads/data/organized_data/03_sers_date_lot_balanced_acquisition/thermo/임상데이터/20260424_Urine test/0. Reference/PS 1_3.CSV,620.9,621.6293,0.7292999999999665,ok
/Users/ian/Downloads/data/organized_data/03_sers_date_lot_balanced_acquisition/thermo/임상데이터/20260424_Urine test,20260424_Urine test,PS,/Users/ian/Downloads/data/organized_data/03_sers_date_lot_balanced_acquisition/thermo/임상데이터/20260424_Urine test/0. Reference/PS 1_3.CSV,795.8,795.1913,-0.6086999999999989,ok
/Users/ian/Downloads/data/organized_data/03_sers_date_lot_balanced_acquisition/thermo/임상데이터/20260424_Urine test,20260424_Urine test,PS,/Users/ian/Downloads/data/organized_data/03_sers_date_lot_balanced_acquisition/thermo/임상데이터/20260424_Urine test/0. Reference/PS 1_3.CSV,1001.4,1001.537,0.1370000000000573,ok
/Users/ian/Downloads/data/organized_data/03_sers_date_lot_balanced_acquisition/thermo/임상데이터/20260424_Urine test,20260424_Urine test,PS,/Users/ian/Downloads/data/organized_data/03_sers_date_lot_balanced_acquisition/thermo/임상데이터/20260424_Urine test/0. Reference/PS 1_3.CSV,1031.8,1030.464,-1.3360000000000127,ok
/Users/ian/Downloads/data/organized_data/03_sers_date_lot_balanced_acquisition/thermo/임상데이터/20260424_Urine test,20260424_Urine test,PS,/Users/ian/Downloads/data/organized_data/03_sers_date_lot_balanced_acquisition/thermo/임상데이터/20260424_Urine test/0. Reference/PS 1_3.CSV,1155.3,1157.743,2.4429999999999836,ok
/Users/ian/Downloads/data/organized_data/03_sers_date_lot_balanced_acquisition/thermo/임상데이터/20260424_Urine test,20260424_Urine test,PS,/Users/ian/Downloads/data/organized_data/03_sers_date_lot_balanced_acquisition/thermo/임상데이터/20260424_Urine test/0. Reference/PS 1_3.CSV,1602.3,1601.29,-1.009999999999991,ok
/Users/ian/Downloads/data/organized_data/03_sers_date_lot_balanced_acquisition/thermo/임상데이터/20260424_Urine test,20260424_Urine test,PS,/Users/ian/Downloads/data/organized_data/03_sers_date_lot_balanced_acquisition/thermo/임상데이터/20260424_Urine test/0. Reference/PS 1_4.CSV,620.9,621.6293,0.7292999999999665,ok
/Users/ian/Downloads/data/organized_data/03_sers_date_lot_balanced_acquisition/thermo/임상데이터/20260424_Urine test,20260424_Urine test,PS,/Users/ian/Downloads/data/organized_data/03_sers_date_lot_balanced_acquisition/thermo/임상데이터/20260424_Urine test/0. Reference/PS 1_4.CSV,795.8,795.1913,-0.6086999999999989,ok
/Users/ian/Downloads/data/organized_data/03_sers_date_lot_balanced_acquisition/thermo/임상데이터/20260424_Urine test,20260424_Urine test,PS,/Users/ian/Downloads/data/organized_data/03_sers_date_lot_balanced_acquisition/thermo/임상데이터/20260424_Urine test/0. Reference/PS 1_4.CSV,1001.4,1001.537,0.1370000000000573,ok
/Users/ian/Downloads/data/organized_data/03_sers_date_lot_balanced_acquisition/thermo/임상데이터/20260424_Urine test,20260424_Urine test,PS,/Users/ian/Downloads/data/organized_data/03_sers_date_lot_balanced_acquisition/thermo/임상데이터/20260424_Urine test/0. Reference/PS 1_4.CSV,1031.8,1030.464,-1.3360000000000127,ok
/Users/ian/Downloads/data/organized_data/03_sers_date_lot_balanced_acquisition/thermo/임상데이터/20260424_Urine test,20260424_Urine test,PS,/Users/ian/Downloads/data/organized_data/03_sers_date_lot_balanced_acquisition/thermo/임상데이터/20260424_Urine test/0. Reference/PS 1_4.CSV,1155.3,1155.815,0.5150000000001,ok
/Users/ian/Downloads/data/organized_data/03_sers_date_lot_balanced_acquisition/thermo/임상데이터/20260424_Urine test,20260424_Urine test,PS,/Users/ian/Downloads/data/organized_data/03_sers_date_lot_balanced_acquisition/thermo/임상데이터/20260424_Urine test/0. Reference/PS 1_4.CSV,1602.3,1601.29,-1.009999999999991,ok
/Users/ian/Downloads/data/organized_data/03_sers_date_lot_balanced_acquisition/thermo/임상데이터/20260424_Urine test,20260424_Urine test,PS,/Users/ian/Downloads/data/organized_data/03_sers_date_lot_balanced_acquisition/thermo/임상데이터/20260424_Urine test/0. Reference/PS 1_5.CSV,620.9,621.6293,0.7292999999999665,ok
/Users/ian/Downloads/data/organized_data/03_sers_date_lot_balanced_acquisition/thermo/임상데이터/20260424_Urine test,20260424_Urine test,PS,/Users/ian/Downloads/data/organized_data/03_sers_date_lot_balanced_acquisition/thermo/임상데이터/20260424_Urine test/0. Reference/PS 1_5.CSV,795.8,797.1198,1.3198000000001002,ok
/Users/ian/Downloads/data/organized_data/03_sers_date_lot_balanced_acquisition/thermo/임상데이터/20260424_Urine test,20260424_Urine test,PS,/Users/ian/Downloads/data/organized_data/03_sers_date_lot_balanced_acquisition/thermo/임상데이터/20260424_Urine test/0. Reference/PS 1_5.CSV,1001.4,1001.537,0.1370000000000573,ok
/Users/ian/Downloads/data/organized_data/03_sers_date_lot_balanced_acquisition/thermo/임상데이터/20260424_Urine test,20260424_Urine test,PS,/Users/ian/Downloads/data/organized_data/03_sers_date_lot_balanced_acquisition/thermo/임상데이터/20260424_Urine test/0. Reference/PS 1_5.CSV,1031.8,1030.464,-1.3360000000000127,ok
/Users/ian/Downloads/data/organized_data/03_sers_date_lot_balanced_acquisition/thermo/임상데이터/20260424_Urine test,20260424_Urine test,PS,/Users/ian/Downloads/data/organized_data/03_sers_date_lot_balanced_acquisition/thermo/임상데이터/20260424_Urine test/0. Reference/PS 1_5.CSV,1155.3,1155.815,0.5150000000001,ok
/Users/ian/Downloads/data/organized_data/03_sers_date_lot_balanced_acquisition/thermo/임상데이터/20260424_Urine test,20260424_Urine test,PS,/Users/ian/Downloads/data/organized_data/03_sers_date_lot_balanced_acquisition/thermo/임상데이터/20260424_Urine test/0. Reference/PS 1_5.CSV,1602.3,1601.29,-1.009999999999991,ok
/Users/ian/Downloads/data/organized_data/03_sers_date_lot_balanced_acquisition/thermo/임상데이터/20260424_Urine test,20260424_Urine test,SI,/Users/ian/Downloads/data/organized_data/03_sers_date_lot_balanced_acquisition/thermo/임상데이터/20260424_Urine test/0. Reference/Si 1_1.CSV,520.7,521.3491,0.6490999999999758,ok
/Users/ian/Downloads/data/organized_data/03_sers_date_lot_balanced_acquisition/thermo/임상데이터/20260424_Urine test,20260424_Urine test,SI,/Users/ian/Downloads/data/organized_data/03_sers_date_lot_balanced_acquisition/thermo/임상데이터/20260424_Urine test/0. Reference/Si 1_2.CSV,520.7,521.3491,0.6490999999999758,ok
/Users/ian/Downloads/data/organized_data/03_sers_date_lot_balanced_acquisition/thermo/임상데이터/20260424_Urine test,20260424_Urine test,SI,/Users/ian/Downloads/data/organized_data/03_sers_date_lot_balanced_acquisition/thermo/임상데이터/20260424_Urine test/0. Reference/Si 1_3.CSV,520.7,521.3491,0.6490999999999758,ok
/Users/ian/Downloads/data/organized_data/03_sers_date_lot_balanced_acquisition/thermo/임상데이터/20260424_Urine test,20260424_Urine test,SI,/Users/ian/Downloads/data/organized_data/03_sers_date_lot_balanced_acquisition/thermo/임상데이터/20260424_Urine test/0. Reference/Si 1_4.CSV,520.7,521.3491,0.6490999999999758,ok
/Users/ian/Downloads/data/organized_data/03_sers_date_lot_balanced_acquisition/thermo/임상데이터/20260424_Urine test,20260424_Urine test,SI,/Users/ian/Downloads/data/organized_data/03_sers_date_lot_balanced_acquisition/thermo/임상데이터/20260424_Urine test/0. Reference/Si 1_5.CSV,520.7,521.3491,0.6490999999999758,ok
/Users/ian/Downloads/data/organized_data/03_sers_date_lot_balanced_acquisition/thermo/임상데이터/20260512_Urine test,20260512_Urine test,PS,/Users/ian/Downloads/data/organized_data/03_sers_date_lot_balanced_acquisition/thermo/임상데이터/20260512_Urine test/0. Reference/PS 1_1.CSV,620.9,621.3994,0.4994000000000369,ok
/Users/ian/Downloads/data/organized_data/03_sers_date_lot_balanced_acquisition/thermo/임상데이터/20260512_Urine test,20260512_Urine test,PS,/Users/ian/Downloads/data/organized_data/03_sers_date_lot_balanced_acquisition/thermo/임상데이터/20260512_Urine test/0. Reference/PS 1_1.CSV,795.8,796.8898,1.089800000000082,ok
/Users/ian/Downloads/data/organized_data/03_sers_date_lot_balanced_acquisition/thermo/임상데이터/20260512_Urine test,20260512_Urine test,PS,/Users/ian/Downloads/data/organized_data/03_sers_date_lot_balanced_acquisition/thermo/임상데이터/20260512_Urine test/0. Reference/PS 1_1.CSV,1001.4,1001.307,-0.09299999999996089,ok
/Users/ian/Downloads/data/organized_data/03_sers_date_lot_balanced_acquisition/thermo/임상데이터/20260512_Urine test,20260512_Urine test,PS,/Users/ian/Downloads/data/organized_data/03_sers_date_lot_balanced_acquisition/thermo/임상데이터/20260512_Urine test/0. Reference/PS 1_1.CSV,1031.8,1032.163,0.3630000000000564,ok
/Users/ian/Downloads/data/organized_data/03_sers_date_lot_balanced_acquisition/thermo/임상데이터/20260512_Urine test,20260512_Urine test,PS,/Users/ian/Downloads/data/organized_data/03_sers_date_lot_balanced_acquisition/thermo/임상데이터/20260512_Urine test/0. Reference/PS 1_1.CSV,1155.3,1155.585,0.28500000000008185,ok
/Users/ian/Downloads/data/organized_data/03_sers_date_lot_balanced_acquisition/thermo/임상데이터/20260512_Urine test,20260512_Urine test,PS,/Users/ian/Downloads/data/organized_data/03_sers_date_lot_balanced_acquisition/thermo/임상데이터/20260512_Urine test/0. Reference/PS 1_1.CSV,1602.3,1601.06,-1.240000000000009,ok
/Users/ian/Downloads/data/organized_data/03_sers_date_lot_balanced_acquisition/thermo/임상데이터/20260512_Urine test,20260512_Urine test,PS,/Users/ian/Downloads/data/organized_data/03_sers_date_lot_balanced_acquisition/thermo/임상데이터/20260512_Urine test/0. Reference/PS 1_2.CSV,620.9,621.3994,0.4994000000000369,ok
/Users/ian/Downloads/data/organized_data/03_sers_date_lot_balanced_acquisition/thermo/임상데이터/20260512_Urine test,20260512_Urine test,PS,/Users/ian/Downloads/data/organized_data/03_sers_date_lot_balanced_acquisition/thermo/임상데이터/20260512_Urine test/0. Reference/PS 1_2.CSV,795.8,794.9614,-0.8385999999999285,ok
/Users/ian/Downloads/data/organized_data/03_sers_date_lot_balanced_acquisition/thermo/임상데이터/20260512_Urine test,20260512_Urine test,PS,/Users/ian/Downloads/data/organized_data/03_sers_date_lot_balanced_acquisition/thermo/임상데이터/20260512_Urine test/0. Reference/PS 1_2.CSV,1001.4,1001.307,-0.09299999999996089,ok
/Users/ian/Downloads/data/organized_data/03_sers_date_lot_balanced_acquisition/thermo/임상데이터/20260512_Urine test,20260512_Urine test,PS,/Users/ian/Downloads/data/organized_data/03_sers_date_lot_balanced_acquisition/thermo/임상데이터/20260512_Urine test/0. Reference/PS 1_2.CSV,1031.8,1032.163,0.3630000000000564,ok
/Users/ian/Downloads/data/organized_data/03_sers_date_lot_balanced_acquisition/thermo/임상데이터/20260512_Urine test,20260512_Urine test,PS,/Users/ian/Downloads/data/organized_data/03_sers_date_lot_balanced_acquisition/thermo/임상데이터/20260512_Urine test/0. Reference/PS 1_2.CSV,1155.3,1155.585,0.28500000000008185,ok
/Users/ian/Downloads/data/organized_data/03_sers_date_lot_balanced_acquisition/thermo/임상데이터/20260512_Urine test,20260512_Urine test,PS,/Users/ian/Downloads/data/organized_data/03_sers_date_lot_balanced_acquisition/thermo/임상데이터/20260512_Urine test/0. Reference/PS 1_2.CSV,1602.3,1602.989,0.6890000000000782,ok
/Users/ian/Downloads/data/organized_data/03_sers_date_lot_balanced_acquisition/thermo/임상데이터/20260512_Urine test,20260512_Urine test,PS,/Users/ian/Downloads/data/organized_data/03_sers_date_lot_balanced_acquisition/thermo/임상데이터/20260512_Urine test/0. Reference/PS 1_3.CSV,620.9,621.3994,0.4994000000000369,ok
/Users/ian/Downloads/data/organized_data/03_sers_date_lot_balanced_acquisition/thermo/임상데이터/20260512_Urine test,20260512_Urine test,PS,/Users/ian/Downloads/data/organized_data/03_sers_date_lot_balanced_acquisition/thermo/임상데이터/20260512_Urine test/0. Reference/PS 1_3.CSV,795.8,796.8898,1.089800000000082,ok
/Users/ian/Downloads/data/organized_data/03_sers_date_lot_balanced_acquisition/thermo/임상데이터/20260512_Urine test,20260512_Urine test,PS,/Users/ian/Downloads/data/organized_data/03_sers_date_lot_balanced_acquisition/thermo/임상데이터/20260512_Urine test/0. Reference/PS 1_3.CSV,1001.4,1001.307,-0.09299999999996089,ok
/Users/ian/Downloads/data/organized_data/03_sers_date_lot_balanced_acquisition/thermo/임상데이터/20260512_Urine test,20260512_Urine test,PS,/Users/ian/Downloads/data/organized_data/03_sers_date_lot_balanced_acquisition/thermo/임상데이터/20260512_Urine test/0. Reference/PS 1_3.CSV,1031.8,1032.163,0.3630000000000564,ok
/Users/ian/Downloads/data/organized_data/03_sers_date_lot_balanced_acquisition/thermo/임상데이터/20260512_Urine test,20260512_Urine test,PS,/Users/ian/Downloads/data/organized_data/03_sers_date_lot_balanced_acquisition/thermo/임상데이터/20260512_Urine test/0. Reference/PS 1_3.CSV,1155.3,1153.656,-1.6440000000000055,ok
/Users/ian/Downloads/data/organized_data/03_sers_date_lot_balanced_acquisition/thermo/임상데이터/20260512_Urine test,20260512_Urine test,PS,/Users/ian/Downloads/data/organized_data/03_sers_date_lot_balanced_acquisition/thermo/임상데이터/20260512_Urine test/0. Reference/PS 1_3.CSV,1602.3,1602.989,0.6890000000000782,ok
/Users/ian/Downloads/data/organized_data/03_sers_date_lot_balanced_acquisition/thermo/임상데이터/20260512_Urine test,20260512_Urine test,PS,/Users/ian/Downloads/data/organized_data/03_sers_date_lot_balanced_acquisition/thermo/임상데이터/20260512_Urine test/0. Reference/PS 1_4.CSV,620.9,621.3994,0.4994000000000369,ok
/Users/ian/Downloads/data/organized_data/03_sers_date_lot_balanced_acquisition/thermo/임상데이터/20260512_Urine test,20260512_Urine test,PS,/Users/ian/Downloads/data/organized_data/03_sers_date_lot_balanced_acquisition/thermo/임상데이터/20260512_Urine test/0. Reference/PS 1_4.CSV,795.8,796.8898,1.089800000000082,ok
/Users/ian/Downloads/data/organized_data/03_sers_date_lot_balanced_acquisition/thermo/임상데이터/20260512_Urine test,20260512_Urine test,PS,/Users/ian/Downloads/data/organized_data/03_sers_date_lot_balanced_acquisition/thermo/임상데이터/20260512_Urine test/0. Reference/PS 1_4.CSV,1001.4,1001.307,-0.09299999999996089,ok
/Users/ian/Downloads/data/organized_data/03_sers_date_lot_balanced_acquisition/thermo/임상데이터/20260512_Urine test,20260512_Urine test,PS,/Users/ian/Downloads/data/organized_data/03_sers_date_lot_balanced_acquisition/thermo/임상데이터/20260512_Urine test/0. Reference/PS 1_4.CSV,1031.8,1032.163,0.3630000000000564,ok
/Users/ian/Downloads/data/organized_data/03_sers_date_lot_balanced_acquisition/thermo/임상데이터/20260512_Urine test,20260512_Urine test,PS,/Users/ian/Downloads/data/organized_data/03_sers_date_lot_balanced_acquisition/thermo/임상데이터/20260512_Urine test/0. Reference/PS 1_4.CSV,1155.3,1155.585,0.28500000000008185,ok
/Users/ian/Downloads/data/organized_data/03_sers_date_lot_balanced_acquisition/thermo/임상데이터/20260512_Urine test,20260512_Urine test,PS,/Users/ian/Downloads/data/organized_data/03_sers_date_lot_balanced_acquisition/thermo/임상데이터/20260512_Urine test/0. Reference/PS 1_4.CSV,1602.3,1602.989,0.6890000000000782,ok
/Users/ian/Downloads/data/organized_data/03_sers_date_lot_balanced_acquisition/thermo/임상데이터/20260512_Urine test,20260512_Urine test,PS,/Users/ian/Downloads/data/organized_data/03_sers_date_lot_balanced_acquisition/thermo/임상데이터/20260512_Urine test/0. Reference/PS 1_5.CSV,620.9,621.3994,0.4994000000000369,ok
/Users/ian/Downloads/data/organized_data/03_sers_date_lot_balanced_acquisition/thermo/임상데이터/20260512_Urine test,20260512_Urine test,PS,/Users/ian/Downloads/data/organized_data/03_sers_date_lot_balanced_acquisition/thermo/임상데이터/20260512_Urine test/0. Reference/PS 1_5.CSV,795.8,796.8898,1.089800000000082,ok
/Users/ian/Downloads/data/organized_data/03_sers_date_lot_balanced_acquisition/thermo/임상데이터/20260512_Urine test,20260512_Urine test,PS,/Users/ian/Downloads/data/organized_data/03_sers_date_lot_balanced_acquisition/thermo/임상데이터/20260512_Urine test/0. Reference/PS 1_5.CSV,1001.4,1001.307,-0.09299999999996089,ok
/Users/ian/Downloads/data/organized_data/03_sers_date_lot_balanced_acquisition/thermo/임상데이터/20260512_Urine test,20260512_Urine test,PS,/Users/ian/Downloads/data/organized_data/03_sers_date_lot_balanced_acquisition/thermo/임상데이터/20260512_Urine test/0. Reference/PS 1_5.CSV,1031.8,1032.163,0.3630000000000564,ok
/Users/ian/Downloads/data/organized_data/03_sers_date_lot_balanced_acquisition/thermo/임상데이터/20260512_Urine test,20260512_Urine test,PS,/Users/ian/Downloads/data/organized_data/03_sers_date_lot_balanced_acquisition/thermo/임상데이터/20260512_Urine test/0. Reference/PS 1_5.CSV,1155.3,1155.585,0.28500000000008185,ok
/Users/ian/Downloads/data/organized_data/03_sers_date_lot_balanced_acquisition/thermo/임상데이터/20260512_Urine test,20260512_Urine test,PS,/Users/ian/Downloads/data/organized_data/03_sers_date_lot_balanced_acquisition/thermo/임상데이터/20260512_Urine test/0. Reference/PS 1_5.CSV,1602.3,1602.989,0.6890000000000782,ok
/Users/ian/Downloads/data/organized_data/03_sers_date_lot_balanced_acquisition/thermo/임상데이터/20260512_Urine test,20260512_Urine test,SI,/Users/ian/Downloads/data/organized_data/03_sers_date_lot_balanced_acquisition/thermo/임상데이터/20260512_Urine test/0. Reference/Si 1_1.CSV,520.7,521.1191,0.4190999999999576,ok
/Users/ian/Downloads/data/organized_data/03_sers_date_lot_balanced_acquisition/thermo/임상데이터/20260512_Urine test,20260512_Urine test,SI,/Users/ian/Downloads/data/organized_data/03_sers_date_lot_balanced_acquisition/thermo/임상데이터/20260512_Urine test/0. Reference/Si 1_2.CSV,520.7,521.1191,0.4190999999999576,ok
/Users/ian/Downloads/data/organized_data/03_sers_date_lot_balanced_acquisition/thermo/임상데이터/20260512_Urine test,20260512_Urine test,SI,/Users/ian/Downloads/data/organized_data/03_sers_date_lot_balanced_acquisition/thermo/임상데이터/20260512_Urine test/0. Reference/Si 1_3.CSV,520.7,521.1191,0.4190999999999576,ok
/Users/ian/Downloads/data/organized_data/03_sers_date_lot_balanced_acquisition/thermo/임상데이터/20260512_Urine test,20260512_Urine test,SI,/Users/ian/Downloads/data/organized_data/03_sers_date_lot_balanced_acquisition/thermo/임상데이터/20260512_Urine test/0. Reference/Si 1_4.CSV,520.7,521.1191,0.4190999999999576,ok
/Users/ian/Downloads/data/organized_data/03_sers_date_lot_balanced_acquisition/thermo/임상데이터/20260512_Urine test,20260512_Urine test,SI,/Users/ian/Downloads/data/organized_data/03_sers_date_lot_balanced_acquisition/thermo/임상데이터/20260512_Urine test/0. Reference/Si 1_5.CSV,520.7,521.1191,0.4190999999999576,ok
/Users/ian/Downloads/data/organized_data/03_sers_date_lot_balanced_acquisition/thermo/임상데이터/20260518_Urine test,20260518_Urine test,PS,/Users/ian/Downloads/data/organized_data/03_sers_date_lot_balanced_acquisition/thermo/임상데이터/20260518_Urine test/0. Reference/PS 1_1.CSV,620.9,621.4093,0.5093000000000529,ok
/Users/ian/Downloads/data/organized_data/03_sers_date_lot_balanced_acquisition/thermo/임상데이터/20260518_Urine test,20260518_Urine test,PS,/Users/ian/Downloads/data/organized_data/03_sers_date_lot_balanced_acquisition/thermo/임상데이터/20260518_Urine test/0. Reference/PS 1_1.CSV,795.8,794.9713,-0.8286999999999125,ok
/Users/ian/Downloads/data/organized_data/03_sers_date_lot_balanced_acquisition/thermo/임상데이터/20260518_Urine test,20260518_Urine test,PS,/Users/ian/Downloads/data/organized_data/03_sers_date_lot_balanced_acquisition/thermo/임상데이터/20260518_Urine test/0. Reference/PS 1_1.CSV,1001.4,1001.317,-0.08299999999996999,ok
/Users/ian/Downloads/data/organized_data/03_sers_date_lot_balanced_acquisition/thermo/임상데이터/20260518_Urine test,20260518_Urine test,PS,/Users/ian/Downloads/data/organized_data/03_sers_date_lot_balanced_acquisition/thermo/임상데이터/20260518_Urine test/0. Reference/PS 1_1.CSV,1031.8,1032.173,0.3730000000000473,ok
/Users/ian/Downloads/data/organized_data/03_sers_date_lot_balanced_acquisition/thermo/임상데이터/20260518_Urine test,20260518_Urine test,PS,/Users/ian/Downloads/data/organized_data/03_sers_date_lot_balanced_acquisition/thermo/임상데이터/20260518_Urine test/0. Reference/PS 1_1.CSV,1155.3,1155.595,0.29500000000007276,ok
/Users/ian/Downloads/data/organized_data/03_sers_date_lot_balanced_acquisition/thermo/임상데이터/20260518_Urine test,20260518_Urine test,PS,/Users/ian/Downloads/data/organized_data/03_sers_date_lot_balanced_acquisition/thermo/임상데이터/20260518_Urine test/0. Reference/PS 1_1.CSV,1602.3,1602.999,0.6990000000000691,ok
/Users/ian/Downloads/data/organized_data/03_sers_date_lot_balanced_acquisition/thermo/임상데이터/20260518_Urine test,20260518_Urine test,PS,/Users/ian/Downloads/data/organized_data/03_sers_date_lot_balanced_acquisition/thermo/임상데이터/20260518_Urine test/0. Reference/PS 1_2.CSV,620.9,621.4093,0.5093000000000529,ok
/Users/ian/Downloads/data/organized_data/03_sers_date_lot_balanced_acquisition/thermo/임상데이터/20260518_Urine test,20260518_Urine test,PS,/Users/ian/Downloads/data/organized_data/03_sers_date_lot_balanced_acquisition/thermo/임상데이터/20260518_Urine test/0. Reference/PS 1_2.CSV,795.8,796.8998,1.099800000000073,ok
/Users/ian/Downloads/data/organized_data/03_sers_date_lot_balanced_acquisition/thermo/임상데이터/20260518_Urine test,20260518_Urine test,PS,/Users/ian/Downloads/data/organized_data/03_sers_date_lot_balanced_acquisition/thermo/임상데이터/20260518_Urine test/0. Reference/PS 1_2.CSV,1001.4,1001.317,-0.08299999999996999,ok
/Users/ian/Downloads/data/organized_data/03_sers_date_lot_balanced_acquisition/thermo/임상데이터/20260518_Urine test,20260518_Urine test,PS,/Users/ian/Downloads/data/organized_data/03_sers_date_lot_balanced_acquisition/thermo/임상데이터/20260518_Urine test/0. Reference/PS 1_2.CSV,1031.8,1032.173,0.3730000000000473,ok
/Users/ian/Downloads/data/organized_data/03_sers_date_lot_balanced_acquisition/thermo/임상데이터/20260518_Urine test,20260518_Urine test,PS,/Users/ian/Downloads/data/organized_data/03_sers_date_lot_balanced_acquisition/thermo/임상데이터/20260518_Urine test/0. Reference/PS 1_2.CSV,1155.3,1155.595,0.29500000000007276,ok
/Users/ian/Downloads/data/organized_data/03_sers_date_lot_balanced_acquisition/thermo/임상데이터/20260518_Urine test,20260518_Urine test,PS,/Users/ian/Downloads/data/organized_data/03_sers_date_lot_balanced_acquisition/thermo/임상데이터/20260518_Urine test/0. Reference/PS 1_2.CSV,1602.3,1602.999,0.6990000000000691,ok
/Users/ian/Downloads/data/organized_data/03_sers_date_lot_balanced_acquisition/thermo/임상데이터/20260518_Urine test,20260518_Urine test,PS,/Users/ian/Downloads/data/organized_data/03_sers_date_lot_balanced_acquisition/thermo/임상데이터/20260518_Urine test/0. Reference/PS 1_3.CSV,620.9,621.4093,0.5093000000000529,ok
/Users/ian/Downloads/data/organized_data/03_sers_date_lot_balanced_acquisition/thermo/임상데이터/20260518_Urine test,20260518_Urine test,PS,/Users/ian/Downloads/data/organized_data/03_sers_date_lot_balanced_acquisition/thermo/임상데이터/20260518_Urine test/0. Reference/PS 1_3.CSV,795.8,794.9713,-0.8286999999999125,ok
/Users/ian/Downloads/data/organized_data/03_sers_date_lot_balanced_acquisition/thermo/임상데이터/20260518_Urine test,20260518_Urine test,PS,/Users/ian/Downloads/data/organized_data/03_sers_date_lot_balanced_acquisition/thermo/임상데이터/20260518_Urine test/0. Reference/PS 1_3.CSV,1001.4,1001.317,-0.08299999999996999,ok
/Users/ian/Downloads/data/organized_data/03_sers_date_lot_balanced_acquisition/thermo/임상데이터/20260518_Urine test,20260518_Urine test,PS,/Users/ian/Downloads/data/organized_data/03_sers_date_lot_balanced_acquisition/thermo/임상데이터/20260518_Urine test/0. Reference/PS 1_3.CSV,1031.8,1032.173,0.3730000000000473,ok
/Users/ian/Downloads/data/organized_data/03_sers_date_lot_balanced_acquisition/thermo/임상데이터/20260518_Urine test,20260518_Urine test,PS,/Users/ian/Downloads/data/organized_data/03_sers_date_lot_balanced_acquisition/thermo/임상데이터/20260518_Urine test/0. Reference/PS 1_3.CSV,1155.3,1155.595,0.29500000000007276,ok
/Users/ian/Downloads/data/organized_data/03_sers_date_lot_balanced_acquisition/thermo/임상데이터/20260518_Urine test,20260518_Urine test,PS,/Users/ian/Downloads/data/organized_data/03_sers_date_lot_balanced_acquisition/thermo/임상데이터/20260518_Urine test/0. Reference/PS 1_3.CSV,1602.3,1602.999,0.6990000000000691,ok
/Users/ian/Downloads/data/organized_data/03_sers_date_lot_balanced_acquisition/thermo/임상데이터/20260518_Urine test,20260518_Urine test,PS,/Users/ian/Downloads/data/organized_data/03_sers_date_lot_balanced_acquisition/thermo/임상데이터/20260518_Urine test/0. Reference/PS 1_4.CSV,620.9,621.4093,0.5093000000000529,ok
/Users/ian/Downloads/data/organized_data/03_sers_date_lot_balanced_acquisition/thermo/임상데이터/20260518_Urine test,20260518_Urine test,PS,/Users/ian/Downloads/data/organized_data/03_sers_date_lot_balanced_acquisition/thermo/임상데이터/20260518_Urine test/0. Reference/PS 1_4.CSV,795.8,794.9713,-0.8286999999999125,ok
/Users/ian/Downloads/data/organized_data/03_sers_date_lot_balanced_acquisition/thermo/임상데이터/20260518_Urine test,20260518_Urine test,PS,/Users/ian/Downloads/data/organized_data/03_sers_date_lot_balanced_acquisition/thermo/임상데이터/20260518_Urine test/0. Reference/PS 1_4.CSV,1001.4,1001.317,-0.08299999999996999,ok
/Users/ian/Downloads/data/organized_data/03_sers_date_lot_balanced_acquisition/thermo/임상데이터/20260518_Urine test,20260518_Urine test,PS,/Users/ian/Downloads/data/organized_data/03_sers_date_lot_balanced_acquisition/thermo/임상데이터/20260518_Urine test/0. Reference/PS 1_4.CSV,1031.8,1032.173,0.3730000000000473,ok
/Users/ian/Downloads/data/organized_data/03_sers_date_lot_balanced_acquisition/thermo/임상데이터/20260518_Urine test,20260518_Urine test,PS,/Users/ian/Downloads/data/organized_data/03_sers_date_lot_balanced_acquisition/thermo/임상데이터/20260518_Urine test/0. Reference/PS 1_4.CSV,1155.3,1155.595,0.29500000000007276,ok
/Users/ian/Downloads/data/organized_data/03_sers_date_lot_balanced_acquisition/thermo/임상데이터/20260518_Urine test,20260518_Urine test,PS,/Users/ian/Downloads/data/organized_data/03_sers_date_lot_balanced_acquisition/thermo/임상데이터/20260518_Urine test/0. Reference/PS 1_4.CSV,1602.3,1602.999,0.6990000000000691,ok
/Users/ian/Downloads/data/organized_data/03_sers_date_lot_balanced_acquisition/thermo/임상데이터/20260518_Urine test,20260518_Urine test,PS,/Users/ian/Downloads/data/organized_data/03_sers_date_lot_balanced_acquisition/thermo/임상데이터/20260518_Urine test/0. Reference/PS 1_5.CSV,620.9,621.4093,0.5093000000000529,ok
/Users/ian/Downloads/data/organized_data/03_sers_date_lot_balanced_acquisition/thermo/임상데이터/20260518_Urine test,20260518_Urine test,PS,/Users/ian/Downloads/data/organized_data/03_sers_date_lot_balanced_acquisition/thermo/임상데이터/20260518_Urine test/0. Reference/PS 1_5.CSV,795.8,794.9713,-0.8286999999999125,ok
/Users/ian/Downloads/data/organized_data/03_sers_date_lot_balanced_acquisition/thermo/임상데이터/20260518_Urine test,20260518_Urine test,PS,/Users/ian/Downloads/data/organized_data/03_sers_date_lot_balanced_acquisition/thermo/임상데이터/20260518_Urine test/0. Reference/PS 1_5.CSV,1001.4,1001.317,-0.08299999999996999,ok
/Users/ian/Downloads/data/organized_data/03_sers_date_lot_balanced_acquisition/thermo/임상데이터/20260518_Urine test,20260518_Urine test,PS,/Users/ian/Downloads/data/organized_data/03_sers_date_lot_balanced_acquisition/thermo/임상데이터/20260518_Urine test/0. Reference/PS 1_5.CSV,1031.8,1032.173,0.3730000000000473,ok
/Users/ian/Downloads/data/organized_data/03_sers_date_lot_balanced_acquisition/thermo/임상데이터/20260518_Urine test,20260518_Urine test,PS,/Users/ian/Downloads/data/organized_data/03_sers_date_lot_balanced_acquisition/thermo/임상데이터/20260518_Urine test/0. Reference/PS 1_5.CSV,1155.3,1155.595,0.29500000000007276,ok
/Users/ian/Downloads/data/organized_data/03_sers_date_lot_balanced_acquisition/thermo/임상데이터/20260518_Urine test,20260518_Urine test,PS,/Users/ian/Downloads/data/organized_data/03_sers_date_lot_balanced_acquisition/thermo/임상데이터/20260518_Urine test/0. Reference/PS 1_5.CSV,1602.3,1602.999,0.6990000000000691,ok
/Users/ian/Downloads/data/organized_data/03_sers_date_lot_balanced_acquisition/thermo/임상데이터/20260518_Urine test,20260518_Urine test,SI,/Users/ian/Downloads/data/organized_data/03_sers_date_lot_balanced_acquisition/thermo/임상데이터/20260518_Urine test/0. Reference/Si 1_1.CSV,520.7,521.129,0.4289999999999736,ok
/Users/ian/Downloads/data/organized_data/03_sers_date_lot_balanced_acquisition/thermo/임상데이터/20260518_Urine test,20260518_Urine test,SI,/Users/ian/Downloads/data/organized_data/03_sers_date_lot_balanced_acquisition/thermo/임상데이터/20260518_Urine test/0. Reference/Si 1_2.CSV,520.7,521.129,0.4289999999999736,ok
/Users/ian/Downloads/data/organized_data/03_sers_date_lot_balanced_acquisition/thermo/임상데이터/20260518_Urine test,20260518_Urine test,SI,/Users/ian/Downloads/data/organized_data/03_sers_date_lot_balanced_acquisition/thermo/임상데이터/20260518_Urine test/0. Reference/Si 1_3.CSV,520.7,521.129,0.4289999999999736,ok
/Users/ian/Downloads/data/organized_data/03_sers_date_lot_balanced_acquisition/thermo/임상데이터/20260518_Urine test,20260518_Urine test,SI,/Users/ian/Downloads/data/organized_data/03_sers_date_lot_balanced_acquisition/thermo/임상데이터/20260518_Urine test/0. Reference/Si 1_4.CSV,520.7,521.129,0.4289999999999736,ok
/Users/ian/Downloads/data/organized_data/03_sers_date_lot_balanced_acquisition/thermo/임상데이터/20260518_Urine test,20260518_Urine test,SI,/Users/ian/Downloads/data/organized_data/03_sers_date_lot_balanced_acquisition/thermo/임상데이터/20260518_Urine test/0. Reference/Si 1_5.CSV,520.7,521.129,0.4289999999999736,ok
/Users/ian/Downloads/data/organized_data/03_sers_date_lot_balanced_acquisition/handheld/Handheld/20260416,20260416,PS,/Users/ian/Downloads/data/organized_data/03_sers_date_lot_balanced_acquisition/handheld/Handheld/20260416/0. Ref_PS/PS 1_1(2)_Sample_26_04_17_13_08_09_043.csv,620.9,620.0,-0.8999999999999773,ok
/Users/ian/Downloads/data/organized_data/03_sers_date_lot_balanced_acquisition/handheld/Handheld/20260416,20260416,PS,/Users/ian/Downloads/data/organized_data/03_sers_date_lot_balanced_acquisition/handheld/Handheld/20260416/0. Ref_PS/PS 1_1(2)_Sample_26_04_17_13_08_09_043.csv,795.8,792.0,-3.7999999999999545,ok
/Users/ian/Downloads/data/organized_data/03_sers_date_lot_balanced_acquisition/handheld/Handheld/20260416,20260416,PS,/Users/ian/Downloads/data/organized_data/03_sers_date_lot_balanced_acquisition/handheld/Handheld/20260416/0. Ref_PS/PS 1_1(2)_Sample_26_04_17_13_08_09_043.csv,1001.4,1001.0,-0.39999999999997726,ok
/Users/ian/Downloads/data/organized_data/03_sers_date_lot_balanced_acquisition/handheld/Handheld/20260416,20260416,PS,/Users/ian/Downloads/data/organized_data/03_sers_date_lot_balanced_acquisition/handheld/Handheld/20260416/0. Ref_PS/PS 1_1(2)_Sample_26_04_17_13_08_09_043.csv,1031.8,1031.0,-0.7999999999999545,ok
/Users/ian/Downloads/data/organized_data/03_sers_date_lot_balanced_acquisition/handheld/Handheld/20260416,20260416,PS,/Users/ian/Downloads/data/organized_data/03_sers_date_lot_balanced_acquisition/handheld/Handheld/20260416/0. Ref_PS/PS 1_1(2)_Sample_26_04_17_13_08_09_043.csv,1155.3,1156.0,0.7000000000000455,ok
/Users/ian/Downloads/data/organized_data/03_sers_date_lot_balanced_acquisition/handheld/Handheld/20260416,20260416,PS,/Users/ian/Downloads/data/organized_data/03_sers_date_lot_balanced_acquisition/handheld/Handheld/20260416/0. Ref_PS/PS 1_1(2)_Sample_26_04_17_13_08_09_043.csv,1602.3,1603.0,0.7000000000000455,ok
/Users/ian/Downloads/data/organized_data/03_sers_date_lot_balanced_acquisition/handheld/Handheld/20260416,20260416,PS,/Users/ian/Downloads/data/organized_data/03_sers_date_lot_balanced_acquisition/handheld/Handheld/20260416/0. Ref_PS/PS 1_2(2)_Sample_26_04_17_13_08_09_040.csv,620.9,620.0,-0.8999999999999773,ok
/Users/ian/Downloads/data/organized_data/03_sers_date_lot_balanced_acquisition/handheld/Handheld/20260416,20260416,PS,/Users/ian/Downloads/data/organized_data/03_sers_date_lot_balanced_acquisition/handheld/Handheld/20260416/0. Ref_PS/PS 1_2(2)_Sample_26_04_17_13_08_09_040.csv,795.8,794.0,-1.7999999999999545,ok
/Users/ian/Downloads/data/organized_data/03_sers_date_lot_balanced_acquisition/handheld/Handheld/20260416,20260416,PS,/Users/ian/Downloads/data/organized_data/03_sers_date_lot_balanced_acquisition/handheld/Handheld/20260416/0. Ref_PS/PS 1_2(2)_Sample_26_04_17_13_08_09_040.csv,1001.4,1001.0,-0.39999999999997726,ok
/Users/ian/Downloads/data/organized_data/03_sers_date_lot_balanced_acquisition/handheld/Handheld/20260416,20260416,PS,/Users/ian/Downloads/data/organized_data/03_sers_date_lot_balanced_acquisition/handheld/Handheld/20260416/0. Ref_PS/PS 1_2(2)_Sample_26_04_17_13_08_09_040.csv,1031.8,1031.0,-0.7999999999999545,ok
/Users/ian/Downloads/data/organized_data/03_sers_date_lot_balanced_acquisition/handheld/Handheld/20260416,20260416,PS,/Users/ian/Downloads/data/organized_data/03_sers_date_lot_balanced_acquisition/handheld/Handheld/20260416/0. Ref_PS/PS 1_2(2)_Sample_26_04_17_13_08_09_040.csv,1155.3,1155.0,-0.2999999999999545,ok
/Users/ian/Downloads/data/organized_data/03_sers_date_lot_balanced_acquisition/handheld/Handheld/20260416,20260416,PS,/Users/ian/Downloads/data/organized_data/03_sers_date_lot_balanced_acquisition/handheld/Handheld/20260416/0. Ref_PS/PS 1_2(2)_Sample_26_04_17_13_08_09_040.csv,1602.3,1603.0,0.7000000000000455,ok
/Users/ian/Downloads/data/organized_data/03_sers_date_lot_balanced_acquisition/handheld/Handheld/20260416,20260416,PS,/Users/ian/Downloads/data/organized_data/03_sers_date_lot_balanced_acquisition/handheld/Handheld/20260416/0. Ref_PS/PS 1_3(2)_Sample_26_04_17_13_08_09_040.csv,620.9,620.0,-0.8999999999999773,ok
/Users/ian/Downloads/data/organized_data/03_sers_date_lot_balanced_acquisition/handheld/Handheld/20260416,20260416,PS,/Users/ian/Downloads/data/organized_data/03_sers_date_lot_balanced_acquisition/handheld/Handheld/20260416/0. Ref_PS/PS 1_3(2)_Sample_26_04_17_13_08_09_040.csv,795.8,794.0,-1.7999999999999545,ok
/Users/ian/Downloads/data/organized_data/03_sers_date_lot_balanced_acquisition/handheld/Handheld/20260416,20260416,PS,/Users/ian/Downloads/data/organized_data/03_sers_date_lot_balanced_acquisition/handheld/Handheld/20260416/0. Ref_PS/PS 1_3(2)_Sample_26_04_17_13_08_09_040.csv,1001.4,1001.0,-0.39999999999997726,ok
/Users/ian/Downloads/data/organized_data/03_sers_date_lot_balanced_acquisition/handheld/Handheld/20260416,20260416,PS,/Users/ian/Downloads/data/organized_data/03_sers_date_lot_balanced_acquisition/handheld/Handheld/20260416/0. Ref_PS/PS 1_3(2)_Sample_26_04_17_13_08_09_040.csv,1031.8,1031.0,-0.7999999999999545,ok
/Users/ian/Downloads/data/organized_data/03_sers_date_lot_balanced_acquisition/handheld/Handheld/20260416,20260416,PS,/Users/ian/Downloads/data/organized_data/03_sers_date_lot_balanced_acquisition/handheld/Handheld/20260416/0. Ref_PS/PS 1_3(2)_Sample_26_04_17_13_08_09_040.csv,1155.3,1156.0,0.7000000000000455,ok
/Users/ian/Downloads/data/organized_data/03_sers_date_lot_balanced_acquisition/handheld/Handheld/20260416,20260416,PS,/Users/ian/Downloads/data/organized_data/03_sers_date_lot_balanced_acquisition/handheld/Handheld/20260416/0. Ref_PS/PS 1_3(2)_Sample_26_04_17_13_08_09_040.csv,1602.3,1603.0,0.7000000000000455,ok
/Users/ian/Downloads/data/organized_data/03_sers_date_lot_balanced_acquisition/handheld/Handheld/20260416,20260416,PS,/Users/ian/Downloads/data/organized_data/03_sers_date_lot_balanced_acquisition/handheld/Handheld/20260416/0. Ref_PS/PS 1_4(2)_Sample_26_04_17_13_08_09_039.csv,620.9,620.0,-0.8999999999999773,ok
/Users/ian/Downloads/data/organized_data/03_sers_date_lot_balanced_acquisition/handheld/Handheld/20260416,20260416,PS,/Users/ian/Downloads/data/organized_data/03_sers_date_lot_balanced_acquisition/handheld/Handheld/20260416/0. Ref_PS/PS 1_4(2)_Sample_26_04_17_13_08_09_039.csv,795.8,794.0,-1.7999999999999545,ok
/Users/ian/Downloads/data/organized_data/03_sers_date_lot_balanced_acquisition/handheld/Handheld/20260416,20260416,PS,/Users/ian/Downloads/data/organized_data/03_sers_date_lot_balanced_acquisition/handheld/Handheld/20260416/0. Ref_PS/PS 1_4(2)_Sample_26_04_17_13_08_09_039.csv,1001.4,1001.0,-0.39999999999997726,ok
/Users/ian/Downloads/data/organized_data/03_sers_date_lot_balanced_acquisition/handheld/Handheld/20260416,20260416,PS,/Users/ian/Downloads/data/organized_data/03_sers_date_lot_balanced_acquisition/handheld/Handheld/20260416/0. Ref_PS/PS 1_4(2)_Sample_26_04_17_13_08_09_039.csv,1031.8,1031.0,-0.7999999999999545,ok
/Users/ian/Downloads/data/organized_data/03_sers_date_lot_balanced_acquisition/handheld/Handheld/20260416,20260416,PS,/Users/ian/Downloads/data/organized_data/03_sers_date_lot_balanced_acquisition/handheld/Handheld/20260416/0. Ref_PS/PS 1_4(2)_Sample_26_04_17_13_08_09_039.csv,1155.3,1156.0,0.7000000000000455,ok
/Users/ian/Downloads/data/organized_data/03_sers_date_lot_balanced_acquisition/handheld/Handheld/20260416,20260416,PS,/Users/ian/Downloads/data/organized_data/03_sers_date_lot_balanced_acquisition/handheld/Handheld/20260416/0. Ref_PS/PS 1_4(2)_Sample_26_04_17_13_08_09_039.csv,1602.3,1603.0,0.7000000000000455,ok
/Users/ian/Downloads/data/organized_data/03_sers_date_lot_balanced_acquisition/handheld/Handheld/20260416,20260416,PS,/Users/ian/Downloads/data/organized_data/03_sers_date_lot_balanced_acquisition/handheld/Handheld/20260416/0. Ref_PS/PS 1_5(2)_Sample_26_04_17_13_08_09_038.csv,620.9,620.0,-0.8999999999999773,ok
/Users/ian/Downloads/data/organized_data/03_sers_date_lot_balanced_acquisition/handheld/Handheld/20260416,20260416,PS,/Users/ian/Downloads/data/organized_data/03_sers_date_lot_balanced_acquisition/handheld/Handheld/20260416/0. Ref_PS/PS 1_5(2)_Sample_26_04_17_13_08_09_038.csv,795.8,793.0,-2.7999999999999545,ok
/Users/ian/Downloads/data/organized_data/03_sers_date_lot_balanced_acquisition/handheld/Handheld/20260416,20260416,PS,/Users/ian/Downloads/data/organized_data/03_sers_date_lot_balanced_acquisition/handheld/Handheld/20260416/0. Ref_PS/PS 1_5(2)_Sample_26_04_17_13_08_09_038.csv,1001.4,1001.0,-0.39999999999997726,ok
/Users/ian/Downloads/data/organized_data/03_sers_date_lot_balanced_acquisition/handheld/Handheld/20260416,20260416,PS,/Users/ian/Downloads/data/organized_data/03_sers_date_lot_balanced_acquisition/handheld/Handheld/20260416/0. Ref_PS/PS 1_5(2)_Sample_26_04_17_13_08_09_038.csv,1031.8,1031.0,-0.7999999999999545,ok
/Users/ian/Downloads/data/organized_data/03_sers_date_lot_balanced_acquisition/handheld/Handheld/20260416,20260416,PS,/Users/ian/Downloads/data/organized_data/03_sers_date_lot_balanced_acquisition/handheld/Handheld/20260416/0. Ref_PS/PS 1_5(2)_Sample_26_04_17_13_08_09_038.csv,1155.3,1156.0,0.7000000000000455,ok
/Users/ian/Downloads/data/organized_data/03_sers_date_lot_balanced_acquisition/handheld/Handheld/20260416,20260416,PS,/Users/ian/Downloads/data/organized_data/03_sers_date_lot_balanced_acquisition/handheld/Handheld/20260416/0. Ref_PS/PS 1_5(2)_Sample_26_04_17_13_08_09_038.csv,1602.3,1603.0,0.7000000000000455,ok
/Users/ian/Downloads/data/organized_data/03_sers_date_lot_balanced_acquisition/handheld/Handheld/20260416,20260416,SI,/Users/ian/Downloads/data/organized_data/03_sers_date_lot_balanced_acquisition/handheld/Handheld/20260416/0. Ref_Si/Si 1_1(2)_Sample_26_04_17_13_07_27_139.csv,520.7,520.0,-0.7000000000000455,ok
/Users/ian/Downloads/data/organized_data/03_sers_date_lot_balanced_acquisition/handheld/Handheld/20260416,20260416,SI,/Users/ian/Downloads/data/organized_data/03_sers_date_lot_balanced_acquisition/handheld/Handheld/20260416/0. Ref_Si/Si 1_2(2)_Sample_26_04_17_13_07_27_139.csv,520.7,520.0,-0.7000000000000455,ok
/Users/ian/Downloads/data/organized_data/03_sers_date_lot_balanced_acquisition/handheld/Handheld/20260416,20260416,SI,/Users/ian/Downloads/data/organized_data/03_sers_date_lot_balanced_acquisition/handheld/Handheld/20260416/0. Ref_Si/Si 1_3(2)_Sample_26_04_17_13_07_27_138.csv,520.7,520.0,-0.7000000000000455,ok
/Users/ian/Downloads/data/organized_data/03_sers_date_lot_balanced_acquisition/handheld/Handheld/20260416,20260416,SI,/Users/ian/Downloads/data/organized_data/03_sers_date_lot_balanced_acquisition/handheld/Handheld/20260416/0. Ref_Si/Si 1_4(2)_Sample_26_04_17_13_07_27_138.csv,520.7,520.0,-0.7000000000000455,ok
/Users/ian/Downloads/data/organized_data/03_sers_date_lot_balanced_acquisition/handheld/Handheld/20260416,20260416,SI,/Users/ian/Downloads/data/organized_data/03_sers_date_lot_balanced_acquisition/handheld/Handheld/20260416/0. Ref_Si/Si 1_5(2)_Sample_26_04_17_13_07_27_137.csv,520.7,520.0,-0.7000000000000455,ok
/Users/ian/Downloads/data/organized_data/03_sers_date_lot_balanced_acquisition/handheld/Handheld/20260420,20260420,PS,/Users/ian/Downloads/data/organized_data/03_sers_date_lot_balanced_acquisition/handheld/Handheld/20260420/0. Ref_PS/PS 1_1(1)_Sample_26_04_20_09_02_45_267.csv,620.9,620.0,-0.8999999999999773,ok
/Users/ian/Downloads/data/organized_data/03_sers_date_lot_balanced_acquisition/handheld/Handheld/20260420,20260420,PS,/Users/ian/Downloads/data/organized_data/03_sers_date_lot_balanced_acquisition/handheld/Handheld/20260420/0. Ref_PS/PS 1_1(1)_Sample_26_04_20_09_02_45_267.csv,795.8,795.0,-0.7999999999999545,ok
/Users/ian/Downloads/data/organized_data/03_sers_date_lot_balanced_acquisition/handheld/Handheld/20260420,20260420,PS,/Users/ian/Downloads/data/organized_data/03_sers_date_lot_balanced_acquisition/handheld/Handheld/20260420/0. Ref_PS/PS 1_1(1)_Sample_26_04_20_09_02_45_267.csv,1001.4,1001.0,-0.39999999999997726,ok
/Users/ian/Downloads/data/organized_data/03_sers_date_lot_balanced_acquisition/handheld/Handheld/20260420,20260420,PS,/Users/ian/Downloads/data/organized_data/03_sers_date_lot_balanced_acquisition/handheld/Handheld/20260420/0. Ref_PS/PS 1_1(1)_Sample_26_04_20_09_02_45_267.csv,1031.8,1032.0,0.20000000000004547,ok
/Users/ian/Downloads/data/organized_data/03_sers_date_lot_balanced_acquisition/handheld/Handheld/20260420,20260420,PS,/Users/ian/Downloads/data/organized_data/03_sers_date_lot_balanced_acquisition/handheld/Handheld/20260420/0. Ref_PS/PS 1_1(1)_Sample_26_04_20_09_02_45_267.csv,1155.3,1156.0,0.7000000000000455,ok
/Users/ian/Downloads/data/organized_data/03_sers_date_lot_balanced_acquisition/handheld/Handheld/20260420,20260420,PS,/Users/ian/Downloads/data/organized_data/03_sers_date_lot_balanced_acquisition/handheld/Handheld/20260420/0. Ref_PS/PS 1_1(1)_Sample_26_04_20_09_02_45_267.csv,1602.3,1604.0,1.7000000000000455,ok
/Users/ian/Downloads/data/organized_data/03_sers_date_lot_balanced_acquisition/handheld/Handheld/20260420,20260420,PS,/Users/ian/Downloads/data/organized_data/03_sers_date_lot_balanced_acquisition/handheld/Handheld/20260420/0. Ref_PS/PS 1_2(1)_Sample_26_04_20_09_02_45_268.csv,620.9,620.0,-0.8999999999999773,ok
/Users/ian/Downloads/data/organized_data/03_sers_date_lot_balanced_acquisition/handheld/Handheld/20260420,20260420,PS,/Users/ian/Downloads/data/organized_data/03_sers_date_lot_balanced_acquisition/handheld/Handheld/20260420/0. Ref_PS/PS 1_2(1)_Sample_26_04_20_09_02_45_268.csv,795.8,794.0,-1.7999999999999545,ok
/Users/ian/Downloads/data/organized_data/03_sers_date_lot_balanced_acquisition/handheld/Handheld/20260420,20260420,PS,/Users/ian/Downloads/data/organized_data/03_sers_date_lot_balanced_acquisition/handheld/Handheld/20260420/0. Ref_PS/PS 1_2(1)_Sample_26_04_20_09_02_45_268.csv,1001.4,1001.0,-0.39999999999997726,ok
/Users/ian/Downloads/data/organized_data/03_sers_date_lot_balanced_acquisition/handheld/Handheld/20260420,20260420,PS,/Users/ian/Downloads/data/organized_data/03_sers_date_lot_balanced_acquisition/handheld/Handheld/20260420/0. Ref_PS/PS 1_2(1)_Sample_26_04_20_09_02_45_268.csv,1031.8,1032.0,0.20000000000004547,ok
/Users/ian/Downloads/data/organized_data/03_sers_date_lot_balanced_acquisition/handheld/Handheld/20260420,20260420,PS,/Users/ian/Downloads/data/organized_data/03_sers_date_lot_balanced_acquisition/handheld/Handheld/20260420/0. Ref_PS/PS 1_2(1)_Sample_26_04_20_09_02_45_268.csv,1155.3,1156.0,0.7000000000000455,ok
/Users/ian/Downloads/data/organized_data/03_sers_date_lot_balanced_acquisition/handheld/Handheld/20260420,20260420,PS,/Users/ian/Downloads/data/organized_data/03_sers_date_lot_balanced_acquisition/handheld/Handheld/20260420/0. Ref_PS/PS 1_2(1)_Sample_26_04_20_09_02_45_268.csv,1602.3,1604.0,1.7000000000000455,ok
/Users/ian/Downloads/data/organized_data/03_sers_date_lot_balanced_acquisition/handheld/Handheld/20260420,20260420,PS,/Users/ian/Downloads/data/organized_data/03_sers_date_lot_balanced_acquisition/handheld/Handheld/20260420/0. Ref_PS/PS 1_3(1)_Sample_26_04_20_09_02_45_269.csv,620.9,620.0,-0.8999999999999773,ok
/Users/ian/Downloads/data/organized_data/03_sers_date_lot_balanced_acquisition/handheld/Handheld/20260420,20260420,PS,/Users/ian/Downloads/data/organized_data/03_sers_date_lot_balanced_acquisition/handheld/Handheld/20260420/0. Ref_PS/PS 1_3(1)_Sample_26_04_20_09_02_45_269.csv,795.8,795.0,-0.7999999999999545,ok
/Users/ian/Downloads/data/organized_data/03_sers_date_lot_balanced_acquisition/handheld/Handheld/20260420,20260420,PS,/Users/ian/Downloads/data/organized_data/03_sers_date_lot_balanced_acquisition/handheld/Handheld/20260420/0. Ref_PS/PS 1_3(1)_Sample_26_04_20_09_02_45_269.csv,1001.4,1001.0,-0.39999999999997726,ok
/Users/ian/Downloads/data/organized_data/03_sers_date_lot_balanced_acquisition/handheld/Handheld/20260420,20260420,PS,/Users/ian/Downloads/data/organized_data/03_sers_date_lot_balanced_acquisition/handheld/Handheld/20260420/0. Ref_PS/PS 1_3(1)_Sample_26_04_20_09_02_45_269.csv,1031.8,1031.0,-0.7999999999999545,ok
/Users/ian/Downloads/data/organized_data/03_sers_date_lot_balanced_acquisition/handheld/Handheld/20260420,20260420,PS,/Users/ian/Downloads/data/organized_data/03_sers_date_lot_balanced_acquisition/handheld/Handheld/20260420/0. Ref_PS/PS 1_3(1)_Sample_26_04_20_09_02_45_269.csv,1155.3,1156.0,0.7000000000000455,ok
/Users/ian/Downloads/data/organized_data/03_sers_date_lot_balanced_acquisition/handheld/Handheld/20260420,20260420,PS,/Users/ian/Downloads/data/organized_data/03_sers_date_lot_balanced_acquisition/handheld/Handheld/20260420/0. Ref_PS/PS 1_3(1)_Sample_26_04_20_09_02_45_269.csv,1602.3,1604.0,1.7000000000000455,ok
/Users/ian/Downloads/data/organized_data/03_sers_date_lot_balanced_acquisition/handheld/Handheld/20260420,20260420,PS,/Users/ian/Downloads/data/organized_data/03_sers_date_lot_balanced_acquisition/handheld/Handheld/20260420/0. Ref_PS/PS 1_4(1)_Sample_26_04_20_09_02_45_270.csv,620.9,620.0,-0.8999999999999773,ok
/Users/ian/Downloads/data/organized_data/03_sers_date_lot_balanced_acquisition/handheld/Handheld/20260420,20260420,PS,/Users/ian/Downloads/data/organized_data/03_sers_date_lot_balanced_acquisition/handheld/Handheld/20260420/0. Ref_PS/PS 1_4(1)_Sample_26_04_20_09_02_45_270.csv,795.8,794.0,-1.7999999999999545,ok
/Users/ian/Downloads/data/organized_data/03_sers_date_lot_balanced_acquisition/handheld/Handheld/20260420,20260420,PS,/Users/ian/Downloads/data/organized_data/03_sers_date_lot_balanced_acquisition/handheld/Handheld/20260420/0. Ref_PS/PS 1_4(1)_Sample_26_04_20_09_02_45_270.csv,1001.4,1001.0,-0.39999999999997726,ok
/Users/ian/Downloads/data/organized_data/03_sers_date_lot_balanced_acquisition/handheld/Handheld/20260420,20260420,PS,/Users/ian/Downloads/data/organized_data/03_sers_date_lot_balanced_acquisition/handheld/Handheld/20260420/0. Ref_PS/PS 1_4(1)_Sample_26_04_20_09_02_45_270.csv,1031.8,1031.0,-0.7999999999999545,ok
/Users/ian/Downloads/data/organized_data/03_sers_date_lot_balanced_acquisition/handheld/Handheld/20260420,20260420,PS,/Users/ian/Downloads/data/organized_data/03_sers_date_lot_balanced_acquisition/handheld/Handheld/20260420/0. Ref_PS/PS 1_4(1)_Sample_26_04_20_09_02_45_270.csv,1155.3,1156.0,0.7000000000000455,ok
/Users/ian/Downloads/data/organized_data/03_sers_date_lot_balanced_acquisition/handheld/Handheld/20260420,20260420,PS,/Users/ian/Downloads/data/organized_data/03_sers_date_lot_balanced_acquisition/handheld/Handheld/20260420/0. Ref_PS/PS 1_4(1)_Sample_26_04_20_09_02_45_270.csv,1602.3,1604.0,1.7000000000000455,ok
/Users/ian/Downloads/data/organized_data/03_sers_date_lot_balanced_acquisition/handheld/Handheld/20260420,20260420,PS,/Users/ian/Downloads/data/organized_data/03_sers_date_lot_balanced_acquisition/handheld/Handheld/20260420/0. Ref_PS/PS 1_5(1)_Sample_26_04_20_09_02_45_271.csv,620.9,621.0,0.10000000000002274,ok
/Users/ian/Downloads/data/organized_data/03_sers_date_lot_balanced_acquisition/handheld/Handheld/20260420,20260420,PS,/Users/ian/Downloads/data/organized_data/03_sers_date_lot_balanced_acquisition/handheld/Handheld/20260420/0. Ref_PS/PS 1_5(1)_Sample_26_04_20_09_02_45_271.csv,795.8,795.0,-0.7999999999999545,ok
/Users/ian/Downloads/data/organized_data/03_sers_date_lot_balanced_acquisition/handheld/Handheld/20260420,20260420,PS,/Users/ian/Downloads/data/organized_data/03_sers_date_lot_balanced_acquisition/handheld/Handheld/20260420/0. Ref_PS/PS 1_5(1)_Sample_26_04_20_09_02_45_271.csv,1001.4,1001.0,-0.39999999999997726,ok
/Users/ian/Downloads/data/organized_data/03_sers_date_lot_balanced_acquisition/handheld/Handheld/20260420,20260420,PS,/Users/ian/Downloads/data/organized_data/03_sers_date_lot_balanced_acquisition/handheld/Handheld/20260420/0. Ref_PS/PS 1_5(1)_Sample_26_04_20_09_02_45_271.csv,1031.8,1032.0,0.20000000000004547,ok
/Users/ian/Downloads/data/organized_data/03_sers_date_lot_balanced_acquisition/handheld/Handheld/20260420,20260420,PS,/Users/ian/Downloads/data/organized_data/03_sers_date_lot_balanced_acquisition/handheld/Handheld/20260420/0. Ref_PS/PS 1_5(1)_Sample_26_04_20_09_02_45_271.csv,1155.3,1156.0,0.7000000000000455,ok
/Users/ian/Downloads/data/organized_data/03_sers_date_lot_balanced_acquisition/handheld/Handheld/20260420,20260420,PS,/Users/ian/Downloads/data/organized_data/03_sers_date_lot_balanced_acquisition/handheld/Handheld/20260420/0. Ref_PS/PS 1_5(1)_Sample_26_04_20_09_02_45_271.csv,1602.3,1604.0,1.7000000000000455,ok
/Users/ian/Downloads/data/organized_data/03_sers_date_lot_balanced_acquisition/handheld/Handheld/20260420,20260420,SI,/Users/ian/Downloads/data/organized_data/03_sers_date_lot_balanced_acquisition/handheld/Handheld/20260420/0. Ref_Si/Si 1_1(1)_Sample_26_04_20_09_01_25_188.csv,520.7,520.0,-0.7000000000000455,ok
/Users/ian/Downloads/data/organized_data/03_sers_date_lot_balanced_acquisition/handheld/Handheld/20260420,20260420,SI,/Users/ian/Downloads/data/organized_data/03_sers_date_lot_balanced_acquisition/handheld/Handheld/20260420/0. Ref_Si/Si 1_2(1)_Sample_26_04_20_09_01_25_198.csv,520.7,520.0,-0.7000000000000455,ok
/Users/ian/Downloads/data/organized_data/03_sers_date_lot_balanced_acquisition/handheld/Handheld/20260420,20260420,SI,/Users/ian/Downloads/data/organized_data/03_sers_date_lot_balanced_acquisition/handheld/Handheld/20260420/0. Ref_Si/Si 1_3(2)_Sample_26_04_20_09_01_25_199.csv,520.7,520.0,-0.7000000000000455,ok
/Users/ian/Downloads/data/organized_data/03_sers_date_lot_balanced_acquisition/handheld/Handheld/20260420,20260420,SI,/Users/ian/Downloads/data/organized_data/03_sers_date_lot_balanced_acquisition/handheld/Handheld/20260420/0. Ref_Si/Si 1_4(1)_Sample_26_04_20_09_01_25_199.csv,520.7,520.0,-0.7000000000000455,ok
/Users/ian/Downloads/data/organized_data/03_sers_date_lot_balanced_acquisition/handheld/Handheld/20260420,20260420,SI,/Users/ian/Downloads/data/organized_data/03_sers_date_lot_balanced_acquisition/handheld/Handheld/20260420/0. Ref_Si/Si 1_5(1)_Sample_26_04_20_09_01_25_200.csv,520.7,520.0,-0.7000000000000455,ok
/Users/ian/Downloads/data/organized_data/03_sers_date_lot_balanced_acquisition/handheld/Handheld/20260422,20260422,PS,/Users/ian/Downloads/data/organized_data/03_sers_date_lot_balanced_acquisition/handheld/Handheld/20260422/0. Ref_PS/PS 1_1(1)_Sample_26_04_22_13_12_26_455.csv,620.9,621.0,0.10000000000002274,ok
/Users/ian/Downloads/data/organized_data/03_sers_date_lot_balanced_acquisition/handheld/Handheld/20260422,20260422,PS,/Users/ian/Downloads/data/organized_data/03_sers_date_lot_balanced_acquisition/handheld/Handheld/20260422/0. Ref_PS/PS 1_1(1)_Sample_26_04_22_13_12_26_455.csv,795.8,794.0,-1.7999999999999545,ok
/Users/ian/Downloads/data/organized_data/03_sers_date_lot_balanced_acquisition/handheld/Handheld/20260422,20260422,PS,/Users/ian/Downloads/data/organized_data/03_sers_date_lot_balanced_acquisition/handheld/Handheld/20260422/0. Ref_PS/PS 1_1(1)_Sample_26_04_22_13_12_26_455.csv,1001.4,1001.0,-0.39999999999997726,ok
/Users/ian/Downloads/data/organized_data/03_sers_date_lot_balanced_acquisition/handheld/Handheld/20260422,20260422,PS,/Users/ian/Downloads/data/organized_data/03_sers_date_lot_balanced_acquisition/handheld/Handheld/20260422/0. Ref_PS/PS 1_1(1)_Sample_26_04_22_13_12_26_455.csv,1031.8,1032.0,0.20000000000004547,ok
/Users/ian/Downloads/data/organized_data/03_sers_date_lot_balanced_acquisition/handheld/Handheld/20260422,20260422,PS,/Users/ian/Downloads/data/organized_data/03_sers_date_lot_balanced_acquisition/handheld/Handheld/20260422/0. Ref_PS/PS 1_1(1)_Sample_26_04_22_13_12_26_455.csv,1155.3,1156.0,0.7000000000000455,ok
/Users/ian/Downloads/data/organized_data/03_sers_date_lot_balanced_acquisition/handheld/Handheld/20260422,20260422,PS,/Users/ian/Downloads/data/organized_data/03_sers_date_lot_balanced_acquisition/handheld/Handheld/20260422/0. Ref_PS/PS 1_1(1)_Sample_26_04_22_13_12_26_455.csv,1602.3,1604.0,1.7000000000000455,ok
/Users/ian/Downloads/data/organized_data/03_sers_date_lot_balanced_acquisition/handheld/Handheld/20260422,20260422,PS,/Users/ian/Downloads/data/organized_data/03_sers_date_lot_balanced_acquisition/handheld/Handheld/20260422/0. Ref_PS/PS 1_2(2)_Sample_26_04_22_13_12_26_454.csv,620.9,620.0,-0.8999999999999773,ok
/Users/ian/Downloads/data/organized_data/03_sers_date_lot_balanced_acquisition/handheld/Handheld/20260422,20260422,PS,/Users/ian/Downloads/data/organized_data/03_sers_date_lot_balanced_acquisition/handheld/Handheld/20260422/0. Ref_PS/PS 1_2(2)_Sample_26_04_22_13_12_26_454.csv,795.8,794.0,-1.7999999999999545,ok
/Users/ian/Downloads/data/organized_data/03_sers_date_lot_balanced_acquisition/handheld/Handheld/20260422,20260422,PS,/Users/ian/Downloads/data/organized_data/03_sers_date_lot_balanced_acquisition/handheld/Handheld/20260422/0. Ref_PS/PS 1_2(2)_Sample_26_04_22_13_12_26_454.csv,1001.4,1001.0,-0.39999999999997726,ok
/Users/ian/Downloads/data/organized_data/03_sers_date_lot_balanced_acquisition/handheld/Handheld/20260422,20260422,PS,/Users/ian/Downloads/data/organized_data/03_sers_date_lot_balanced_acquisition/handheld/Handheld/20260422/0. Ref_PS/PS 1_2(2)_Sample_26_04_22_13_12_26_454.csv,1031.8,1032.0,0.20000000000004547,ok
/Users/ian/Downloads/data/organized_data/03_sers_date_lot_balanced_acquisition/handheld/Handheld/20260422,20260422,PS,/Users/ian/Downloads/data/organized_data/03_sers_date_lot_balanced_acquisition/handheld/Handheld/20260422/0. Ref_PS/PS 1_2(2)_Sample_26_04_22_13_12_26_454.csv,1155.3,1156.0,0.7000000000000455,ok
/Users/ian/Downloads/data/organized_data/03_sers_date_lot_balanced_acquisition/handheld/Handheld/20260422,20260422,PS,/Users/ian/Downloads/data/organized_data/03_sers_date_lot_balanced_acquisition/handheld/Handheld/20260422/0. Ref_PS/PS 1_2(2)_Sample_26_04_22_13_12_26_454.csv,1602.3,1604.0,1.7000000000000455,ok
/Users/ian/Downloads/data/organized_data/03_sers_date_lot_balanced_acquisition/handheld/Handheld/20260422,20260422,PS,/Users/ian/Downloads/data/organized_data/03_sers_date_lot_balanced_acquisition/handheld/Handheld/20260422/0. Ref_PS/PS 1_3(2)_Sample_26_04_22_13_12_26_454.csv,620.9,620.0,-0.8999999999999773,ok
/Users/ian/Downloads/data/organized_data/03_sers_date_lot_balanced_acquisition/handheld/Handheld/20260422,20260422,PS,/Users/ian/Downloads/data/organized_data/03_sers_date_lot_balanced_acquisition/handheld/Handheld/20260422/0. Ref_PS/PS 1_3(2)_Sample_26_04_22_13_12_26_454.csv,795.8,793.0,-2.7999999999999545,ok
/Users/ian/Downloads/data/organized_data/03_sers_date_lot_balanced_acquisition/handheld/Handheld/20260422,20260422,PS,/Users/ian/Downloads/data/organized_data/03_sers_date_lot_balanced_acquisition/handheld/Handheld/20260422/0. Ref_PS/PS 1_3(2)_Sample_26_04_22_13_12_26_454.csv,1001.4,1001.0,-0.39999999999997726,ok
/Users/ian/Downloads/data/organized_data/03_sers_date_lot_balanced_acquisition/handheld/Handheld/20260422,20260422,PS,/Users/ian/Downloads/data/organized_data/03_sers_date_lot_balanced_acquisition/handheld/Handheld/20260422/0. Ref_PS/PS 1_3(2)_Sample_26_04_22_13_12_26_454.csv,1031.8,1031.0,-0.7999999999999545,ok
/Users/ian/Downloads/data/organized_data/03_sers_date_lot_balanced_acquisition/handheld/Handheld/20260422,20260422,PS,/Users/ian/Downloads/data/organized_data/03_sers_date_lot_balanced_acquisition/handheld/Handheld/20260422/0. Ref_PS/PS 1_3(2)_Sample_26_04_22_13_12_26_454.csv,1155.3,1156.0,0.7000000000000455,ok
/Users/ian/Downloads/data/organized_data/03_sers_date_lot_balanced_acquisition/handheld/Handheld/20260422,20260422,PS,/Users/ian/Downloads/data/organized_data/03_sers_date_lot_balanced_acquisition/handheld/Handheld/20260422/0. Ref_PS/PS 1_3(2)_Sample_26_04_22_13_12_26_454.csv,1602.3,1604.0,1.7000000000000455,ok
/Users/ian/Downloads/data/organized_data/03_sers_date_lot_balanced_acquisition/handheld/Handheld/20260422,20260422,PS,/Users/ian/Downloads/data/organized_data/03_sers_date_lot_balanced_acquisition/handheld/Handheld/20260422/0. Ref_PS/PS 1_4(2)_Sample_26_04_22_13_12_26_453.csv,620.9,620.0,-0.8999999999999773,ok
/Users/ian/Downloads/data/organized_data/03_sers_date_lot_balanced_acquisition/handheld/Handheld/20260422,20260422,PS,/Users/ian/Downloads/data/organized_data/03_sers_date_lot_balanced_acquisition/handheld/Handheld/20260422/0. Ref_PS/PS 1_4(2)_Sample_26_04_22_13_12_26_453.csv,795.8,795.0,-0.7999999999999545,ok
/Users/ian/Downloads/data/organized_data/03_sers_date_lot_balanced_acquisition/handheld/Handheld/20260422,20260422,PS,/Users/ian/Downloads/data/organized_data/03_sers_date_lot_balanced_acquisition/handheld/Handheld/20260422/0. Ref_PS/PS 1_4(2)_Sample_26_04_22_13_12_26_453.csv,1001.4,1001.0,-0.39999999999997726,ok
/Users/ian/Downloads/data/organized_data/03_sers_date_lot_balanced_acquisition/handheld/Handheld/20260422,20260422,PS,/Users/ian/Downloads/data/organized_data/03_sers_date_lot_balanced_acquisition/handheld/Handheld/20260422/0. Ref_PS/PS 1_4(2)_Sample_26_04_22_13_12_26_453.csv,1031.8,1031.0,-0.7999999999999545,ok
/Users/ian/Downloads/data/organized_data/03_sers_date_lot_balanced_acquisition/handheld/Handheld/20260422,20260422,PS,/Users/ian/Downloads/data/organized_data/03_sers_date_lot_balanced_acquisition/handheld/Handheld/20260422/0. Ref_PS/PS 1_4(2)_Sample_26_04_22_13_12_26_453.csv,1155.3,1157.0,1.7000000000000455,ok
/Users/ian/Downloads/data/organized_data/03_sers_date_lot_balanced_acquisition/handheld/Handheld/20260422,20260422,PS,/Users/ian/Downloads/data/organized_data/03_sers_date_lot_balanced_acquisition/handheld/Handheld/20260422/0. Ref_PS/PS 1_4(2)_Sample_26_04_22_13_12_26_453.csv,1602.3,1604.0,1.7000000000000455,ok
/Users/ian/Downloads/data/organized_data/03_sers_date_lot_balanced_acquisition/handheld/Handheld/20260422,20260422,PS,/Users/ian/Downloads/data/organized_data/03_sers_date_lot_balanced_acquisition/handheld/Handheld/20260422/0. Ref_PS/PS 1_5(2)_Sample_26_04_22_13_12_26_452.csv,620.9,621.0,0.10000000000002274,ok
/Users/ian/Downloads/data/organized_data/03_sers_date_lot_balanced_acquisition/handheld/Handheld/20260422,20260422,PS,/Users/ian/Downloads/data/organized_data/03_sers_date_lot_balanced_acquisition/handheld/Handheld/20260422/0. Ref_PS/PS 1_5(2)_Sample_26_04_22_13_12_26_452.csv,795.8,794.0,-1.7999999999999545,ok
/Users/ian/Downloads/data/organized_data/03_sers_date_lot_balanced_acquisition/handheld/Handheld/20260422,20260422,PS,/Users/ian/Downloads/data/organized_data/03_sers_date_lot_balanced_acquisition/handheld/Handheld/20260422/0. Ref_PS/PS 1_5(2)_Sample_26_04_22_13_12_26_452.csv,1001.4,1001.0,-0.39999999999997726,ok
/Users/ian/Downloads/data/organized_data/03_sers_date_lot_balanced_acquisition/handheld/Handheld/20260422,20260422,PS,/Users/ian/Downloads/data/organized_data/03_sers_date_lot_balanced_acquisition/handheld/Handheld/20260422/0. Ref_PS/PS 1_5(2)_Sample_26_04_22_13_12_26_452.csv,1031.8,1032.0,0.20000000000004547,ok
/Users/ian/Downloads/data/organized_data/03_sers_date_lot_balanced_acquisition/handheld/Handheld/20260422,20260422,PS,/Users/ian/Downloads/data/organized_data/03_sers_date_lot_balanced_acquisition/handheld/Handheld/20260422/0. Ref_PS/PS 1_5(2)_Sample_26_04_22_13_12_26_452.csv,1155.3,1156.0,0.7000000000000455,ok
/Users/ian/Downloads/data/organized_data/03_sers_date_lot_balanced_acquisition/handheld/Handheld/20260422,20260422,PS,/Users/ian/Downloads/data/organized_data/03_sers_date_lot_balanced_acquisition/handheld/Handheld/20260422/0. Ref_PS/PS 1_5(2)_Sample_26_04_22_13_12_26_452.csv,1602.3,1604.0,1.7000000000000455,ok
/Users/ian/Downloads/data/organized_data/03_sers_date_lot_balanced_acquisition/handheld/Handheld/20260422,20260422,SI,/Users/ian/Downloads/data/organized_data/03_sers_date_lot_balanced_acquisition/handheld/Handheld/20260422/0. Ref_Si/Si 1_1(1)_Sample_26_04_22_13_15_54_267.csv,520.7,520.0,-0.7000000000000455,ok
/Users/ian/Downloads/data/organized_data/03_sers_date_lot_balanced_acquisition/handheld/Handheld/20260422,20260422,SI,/Users/ian/Downloads/data/organized_data/03_sers_date_lot_balanced_acquisition/handheld/Handheld/20260422/0. Ref_Si/Si 1_2(1)_Sample_26_04_22_13_15_54_267.csv,520.7,520.0,-0.7000000000000455,ok
/Users/ian/Downloads/data/organized_data/03_sers_date_lot_balanced_acquisition/handheld/Handheld/20260422,20260422,SI,/Users/ian/Downloads/data/organized_data/03_sers_date_lot_balanced_acquisition/handheld/Handheld/20260422/0. Ref_Si/Si 1_3(1)_Sample_26_04_22_13_15_54_266.csv,520.7,520.0,-0.7000000000000455,ok
/Users/ian/Downloads/data/organized_data/03_sers_date_lot_balanced_acquisition/handheld/Handheld/20260422,20260422,SI,/Users/ian/Downloads/data/organized_data/03_sers_date_lot_balanced_acquisition/handheld/Handheld/20260422/0. Ref_Si/Si 1_4(1)_Sample_26_04_22_13_15_54_265.csv,520.7,520.0,-0.7000000000000455,ok
/Users/ian/Downloads/data/organized_data/03_sers_date_lot_balanced_acquisition/handheld/Handheld/20260422,20260422,SI,/Users/ian/Downloads/data/organized_data/03_sers_date_lot_balanced_acquisition/handheld/Handheld/20260422/0. Ref_Si/Si 1_5(1)_Sample_26_04_22_13_15_54_264.csv,520.7,520.0,-0.7000000000000455,ok
/Users/ian/Downloads/data/organized_data/03_sers_date_lot_balanced_acquisition/handheld/Handheld/20260423,20260423,PS,/Users/ian/Downloads/data/organized_data/03_sers_date_lot_balanced_acquisition/handheld/Handheld/20260423/0. Ref_PS/PS 1_1(1)_Sample_26_04_23_13_55_09_455.csv,620.9,620.0,-0.8999999999999773,ok
/Users/ian/Downloads/data/organized_data/03_sers_date_lot_balanced_acquisition/handheld/Handheld/20260423,20260423,PS,/Users/ian/Downloads/data/organized_data/03_sers_date_lot_balanced_acquisition/handheld/Handheld/20260423/0. Ref_PS/PS 1_1(1)_Sample_26_04_23_13_55_09_455.csv,795.8,795.0,-0.7999999999999545,ok
/Users/ian/Downloads/data/organized_data/03_sers_date_lot_balanced_acquisition/handheld/Handheld/20260423,20260423,PS,/Users/ian/Downloads/data/organized_data/03_sers_date_lot_balanced_acquisition/handheld/Handheld/20260423/0. Ref_PS/PS 1_1(1)_Sample_26_04_23_13_55_09_455.csv,1001.4,1001.0,-0.39999999999997726,ok
/Users/ian/Downloads/data/organized_data/03_sers_date_lot_balanced_acquisition/handheld/Handheld/20260423,20260423,PS,/Users/ian/Downloads/data/organized_data/03_sers_date_lot_balanced_acquisition/handheld/Handheld/20260423/0. Ref_PS/PS 1_1(1)_Sample_26_04_23_13_55_09_455.csv,1031.8,1031.0,-0.7999999999999545,ok
/Users/ian/Downloads/data/organized_data/03_sers_date_lot_balanced_acquisition/handheld/Handheld/20260423,20260423,PS,/Users/ian/Downloads/data/organized_data/03_sers_date_lot_balanced_acquisition/handheld/Handheld/20260423/0. Ref_PS/PS 1_1(1)_Sample_26_04_23_13_55_09_455.csv,1155.3,1156.0,0.7000000000000455,ok
/Users/ian/Downloads/data/organized_data/03_sers_date_lot_balanced_acquisition/handheld/Handheld/20260423,20260423,PS,/Users/ian/Downloads/data/organized_data/03_sers_date_lot_balanced_acquisition/handheld/Handheld/20260423/0. Ref_PS/PS 1_1(1)_Sample_26_04_23_13_55_09_455.csv,1602.3,1604.0,1.7000000000000455,ok
/Users/ian/Downloads/data/organized_data/03_sers_date_lot_balanced_acquisition/handheld/Handheld/20260423,20260423,PS,/Users/ian/Downloads/data/organized_data/03_sers_date_lot_balanced_acquisition/handheld/Handheld/20260423/0. Ref_PS/PS 1_2(1)_Sample_26_04_23_13_55_09_455.csv,620.9,620.0,-0.8999999999999773,ok
/Users/ian/Downloads/data/organized_data/03_sers_date_lot_balanced_acquisition/handheld/Handheld/20260423,20260423,PS,/Users/ian/Downloads/data/organized_data/03_sers_date_lot_balanced_acquisition/handheld/Handheld/20260423/0. Ref_PS/PS 1_2(1)_Sample_26_04_23_13_55_09_455.csv,795.8,794.0,-1.7999999999999545,ok
/Users/ian/Downloads/data/organized_data/03_sers_date_lot_balanced_acquisition/handheld/Handheld/20260423,20260423,PS,/Users/ian/Downloads/data/organized_data/03_sers_date_lot_balanced_acquisition/handheld/Handheld/20260423/0. Ref_PS/PS 1_2(1)_Sample_26_04_23_13_55_09_455.csv,1001.4,1001.0,-0.39999999999997726,ok
/Users/ian/Downloads/data/organized_data/03_sers_date_lot_balanced_acquisition/handheld/Handheld/20260423,20260423,PS,/Users/ian/Downloads/data/organized_data/03_sers_date_lot_balanced_acquisition/handheld/Handheld/20260423/0. Ref_PS/PS 1_2(1)_Sample_26_04_23_13_55_09_455.csv,1031.8,1031.0,-0.7999999999999545,ok
/Users/ian/Downloads/data/organized_data/03_sers_date_lot_balanced_acquisition/handheld/Handheld/20260423,20260423,PS,/Users/ian/Downloads/data/organized_data/03_sers_date_lot_balanced_acquisition/handheld/Handheld/20260423/0. Ref_PS/PS 1_2(1)_Sample_26_04_23_13_55_09_455.csv,1155.3,1156.0,0.7000000000000455,ok
/Users/ian/Downloads/data/organized_data/03_sers_date_lot_balanced_acquisition/handheld/Handheld/20260423,20260423,PS,/Users/ian/Downloads/data/organized_data/03_sers_date_lot_balanced_acquisition/handheld/Handheld/20260423/0. Ref_PS/PS 1_2(1)_Sample_26_04_23_13_55_09_455.csv,1602.3,1603.0,0.7000000000000455,ok
/Users/ian/Downloads/data/organized_data/03_sers_date_lot_balanced_acquisition/handheld/Handheld/20260423,20260423,PS,/Users/ian/Downloads/data/organized_data/03_sers_date_lot_balanced_acquisition/handheld/Handheld/20260423/0. Ref_PS/PS 1_3(1)_Sample_26_04_23_13_55_09_454.csv,620.9,620.0,-0.8999999999999773,ok
/Users/ian/Downloads/data/organized_data/03_sers_date_lot_balanced_acquisition/handheld/Handheld/20260423,20260423,PS,/Users/ian/Downloads/data/organized_data/03_sers_date_lot_balanced_acquisition/handheld/Handheld/20260423/0. Ref_PS/PS 1_3(1)_Sample_26_04_23_13_55_09_454.csv,795.8,795.0,-0.7999999999999545,ok
/Users/ian/Downloads/data/organized_data/03_sers_date_lot_balanced_acquisition/handheld/Handheld/20260423,20260423,PS,/Users/ian/Downloads/data/organized_data/03_sers_date_lot_balanced_acquisition/handheld/Handheld/20260423/0. Ref_PS/PS 1_3(1)_Sample_26_04_23_13_55_09_454.csv,1001.4,1001.0,-0.39999999999997726,ok
/Users/ian/Downloads/data/organized_data/03_sers_date_lot_balanced_acquisition/handheld/Handheld/20260423,20260423,PS,/Users/ian/Downloads/data/organized_data/03_sers_date_lot_balanced_acquisition/handheld/Handheld/20260423/0. Ref_PS/PS 1_3(1)_Sample_26_04_23_13_55_09_454.csv,1031.8,1032.0,0.20000000000004547,ok
/Users/ian/Downloads/data/organized_data/03_sers_date_lot_balanced_acquisition/handheld/Handheld/20260423,20260423,PS,/Users/ian/Downloads/data/organized_data/03_sers_date_lot_balanced_acquisition/handheld/Handheld/20260423/0. Ref_PS/PS 1_3(1)_Sample_26_04_23_13_55_09_454.csv,1155.3,1156.0,0.7000000000000455,ok
/Users/ian/Downloads/data/organized_data/03_sers_date_lot_balanced_acquisition/handheld/Handheld/20260423,20260423,PS,/Users/ian/Downloads/data/organized_data/03_sers_date_lot_balanced_acquisition/handheld/Handheld/20260423/0. Ref_PS/PS 1_3(1)_Sample_26_04_23_13_55_09_454.csv,1602.3,1604.0,1.7000000000000455,ok
/Users/ian/Downloads/data/organized_data/03_sers_date_lot_balanced_acquisition/handheld/Handheld/20260423,20260423,PS,/Users/ian/Downloads/data/organized_data/03_sers_date_lot_balanced_acquisition/handheld/Handheld/20260423/0. Ref_PS/PS 1_4(1)_Sample_26_04_23_13_55_09_453.csv,620.9,621.0,0.10000000000002274,ok
/Users/ian/Downloads/data/organized_data/03_sers_date_lot_balanced_acquisition/handheld/Handheld/20260423,20260423,PS,/Users/ian/Downloads/data/organized_data/03_sers_date_lot_balanced_acquisition/handheld/Handheld/20260423/0. Ref_PS/PS 1_4(1)_Sample_26_04_23_13_55_09_453.csv,795.8,795.0,-0.7999999999999545,ok
/Users/ian/Downloads/data/organized_data/03_sers_date_lot_balanced_acquisition/handheld/Handheld/20260423,20260423,PS,/Users/ian/Downloads/data/organized_data/03_sers_date_lot_balanced_acquisition/handheld/Handheld/20260423/0. Ref_PS/PS 1_4(1)_Sample_26_04_23_13_55_09_453.csv,1001.4,1001.0,-0.39999999999997726,ok
/Users/ian/Downloads/data/organized_data/03_sers_date_lot_balanced_acquisition/handheld/Handheld/20260423,20260423,PS,/Users/ian/Downloads/data/organized_data/03_sers_date_lot_balanced_acquisition/handheld/Handheld/20260423/0. Ref_PS/PS 1_4(1)_Sample_26_04_23_13_55_09_453.csv,1031.8,1031.0,-0.7999999999999545,ok
/Users/ian/Downloads/data/organized_data/03_sers_date_lot_balanced_acquisition/handheld/Handheld/20260423,20260423,PS,/Users/ian/Downloads/data/organized_data/03_sers_date_lot_balanced_acquisition/handheld/Handheld/20260423/0. Ref_PS/PS 1_4(1)_Sample_26_04_23_13_55_09_453.csv,1155.3,1156.0,0.7000000000000455,ok
/Users/ian/Downloads/data/organized_data/03_sers_date_lot_balanced_acquisition/handheld/Handheld/20260423,20260423,PS,/Users/ian/Downloads/data/organized_data/03_sers_date_lot_balanced_acquisition/handheld/Handheld/20260423/0. Ref_PS/PS 1_4(1)_Sample_26_04_23_13_55_09_453.csv,1602.3,1604.0,1.7000000000000455,ok
/Users/ian/Downloads/data/organized_data/03_sers_date_lot_balanced_acquisition/handheld/Handheld/20260423,20260423,PS,/Users/ian/Downloads/data/organized_data/03_sers_date_lot_balanced_acquisition/handheld/Handheld/20260423/0. Ref_PS/PS 1_5(1)_Sample_26_04_23_13_55_09_453.csv,620.9,621.0,0.10000000000002274,ok
/Users/ian/Downloads/data/organized_data/03_sers_date_lot_balanced_acquisition/handheld/Handheld/20260423,20260423,PS,/Users/ian/Downloads/data/organized_data/03_sers_date_lot_balanced_acquisition/handheld/Handheld/20260423/0. Ref_PS/PS 1_5(1)_Sample_26_04_23_13_55_09_453.csv,795.8,793.0,-2.7999999999999545,ok
/Users/ian/Downloads/data/organized_data/03_sers_date_lot_balanced_acquisition/handheld/Handheld/20260423,20260423,PS,/Users/ian/Downloads/data/organized_data/03_sers_date_lot_balanced_acquisition/handheld/Handheld/20260423/0. Ref_PS/PS 1_5(1)_Sample_26_04_23_13_55_09_453.csv,1001.4,1001.0,-0.39999999999997726,ok
/Users/ian/Downloads/data/organized_data/03_sers_date_lot_balanced_acquisition/handheld/Handheld/20260423,20260423,PS,/Users/ian/Downloads/data/organized_data/03_sers_date_lot_balanced_acquisition/handheld/Handheld/20260423/0. Ref_PS/PS 1_5(1)_Sample_26_04_23_13_55_09_453.csv,1031.8,1031.0,-0.7999999999999545,ok
/Users/ian/Downloads/data/organized_data/03_sers_date_lot_balanced_acquisition/handheld/Handheld/20260423,20260423,PS,/Users/ian/Downloads/data/organized_data/03_sers_date_lot_balanced_acquisition/handheld/Handheld/20260423/0. Ref_PS/PS 1_5(1)_Sample_26_04_23_13_55_09_453.csv,1155.3,1156.0,0.7000000000000455,ok
/Users/ian/Downloads/data/organized_data/03_sers_date_lot_balanced_acquisition/handheld/Handheld/20260423,20260423,PS,/Users/ian/Downloads/data/organized_data/03_sers_date_lot_balanced_acquisition/handheld/Handheld/20260423/0. Ref_PS/PS 1_5(1)_Sample_26_04_23_13_55_09_453.csv,1602.3,1604.0,1.7000000000000455,ok
/Users/ian/Downloads/data/organized_data/03_sers_date_lot_balanced_acquisition/handheld/Handheld/20260423,20260423,SI,/Users/ian/Downloads/data/organized_data/03_sers_date_lot_balanced_acquisition/handheld/Handheld/20260423/0. Ref_Si/Si 1_1(1)_Sample_26_04_23_13_57_25_439.csv,520.7,520.0,-0.7000000000000455,ok
/Users/ian/Downloads/data/organized_data/03_sers_date_lot_balanced_acquisition/handheld/Handheld/20260423,20260423,SI,/Users/ian/Downloads/data/organized_data/03_sers_date_lot_balanced_acquisition/handheld/Handheld/20260423/0. Ref_Si/Si 1_2(1)_Sample_26_04_23_13_57_25_438.csv,520.7,520.0,-0.7000000000000455,ok
/Users/ian/Downloads/data/organized_data/03_sers_date_lot_balanced_acquisition/handheld/Handheld/20260423,20260423,SI,/Users/ian/Downloads/data/organized_data/03_sers_date_lot_balanced_acquisition/handheld/Handheld/20260423/0. Ref_Si/Si 1_3(1)_Sample_26_04_23_13_57_25_437.csv,520.7,520.0,-0.7000000000000455,ok
/Users/ian/Downloads/data/organized_data/03_sers_date_lot_balanced_acquisition/handheld/Handheld/20260423,20260423,SI,/Users/ian/Downloads/data/organized_data/03_sers_date_lot_balanced_acquisition/handheld/Handheld/20260423/0. Ref_Si/Si 1_4(1)_Sample_26_04_23_13_57_25_437.csv,520.7,520.0,-0.7000000000000455,ok
/Users/ian/Downloads/data/organized_data/03_sers_date_lot_balanced_acquisition/handheld/Handheld/20260423,20260423,SI,/Users/ian/Downloads/data/organized_data/03_sers_date_lot_balanced_acquisition/handheld/Handheld/20260423/0. Ref_Si/Si 1_5(1)_Sample_26_04_23_13_57_25_436.csv,520.7,520.0,-0.7000000000000455,ok
/Users/ian/Downloads/data/organized_data/03_sers_date_lot_balanced_acquisition/handheld/Handheld/20260427,20260427,PS,/Users/ian/Downloads/data/organized_data/03_sers_date_lot_balanced_acquisition/handheld/Handheld/20260427/0. Ref_PS/PS 1_1(1)_Sample_26_04_27_10_26_22_131.csv,620.9,619.0,-1.8999999999999773,ok
/Users/ian/Downloads/data/organized_data/03_sers_date_lot_balanced_acquisition/handheld/Handheld/20260427,20260427,PS,/Users/ian/Downloads/data/organized_data/03_sers_date_lot_balanced_acquisition/handheld/Handheld/20260427/0. Ref_PS/PS 1_1(1)_Sample_26_04_27_10_26_22_131.csv,795.8,794.0,-1.7999999999999545,ok
/Users/ian/Downloads/data/organized_data/03_sers_date_lot_balanced_acquisition/handheld/Handheld/20260427,20260427,PS,/Users/ian/Downloads/data/organized_data/03_sers_date_lot_balanced_acquisition/handheld/Handheld/20260427/0. Ref_PS/PS 1_1(1)_Sample_26_04_27_10_26_22_131.csv,1001.4,1001.0,-0.39999999999997726,ok
/Users/ian/Downloads/data/organized_data/03_sers_date_lot_balanced_acquisition/handheld/Handheld/20260427,20260427,PS,/Users/ian/Downloads/data/organized_data/03_sers_date_lot_balanced_acquisition/handheld/Handheld/20260427/0. Ref_PS/PS 1_1(1)_Sample_26_04_27_10_26_22_131.csv,1031.8,1031.0,-0.7999999999999545,ok
/Users/ian/Downloads/data/organized_data/03_sers_date_lot_balanced_acquisition/handheld/Handheld/20260427,20260427,PS,/Users/ian/Downloads/data/organized_data/03_sers_date_lot_balanced_acquisition/handheld/Handheld/20260427/0. Ref_PS/PS 1_1(1)_Sample_26_04_27_10_26_22_131.csv,1155.3,1155.0,-0.2999999999999545,ok
/Users/ian/Downloads/data/organized_data/03_sers_date_lot_balanced_acquisition/handheld/Handheld/20260427,20260427,PS,/Users/ian/Downloads/data/organized_data/03_sers_date_lot_balanced_acquisition/handheld/Handheld/20260427/0. Ref_PS/PS 1_1(1)_Sample_26_04_27_10_26_22_131.csv,1602.3,1603.0,0.7000000000000455,ok
/Users/ian/Downloads/data/organized_data/03_sers_date_lot_balanced_acquisition/handheld/Handheld/20260427,20260427,PS,/Users/ian/Downloads/data/organized_data/03_sers_date_lot_balanced_acquisition/handheld/Handheld/20260427/0. Ref_PS/PS 1_2(2)_Sample_26_04_27_10_26_22_126.csv,620.9,620.0,-0.8999999999999773,ok
/Users/ian/Downloads/data/organized_data/03_sers_date_lot_balanced_acquisition/handheld/Handheld/20260427,20260427,PS,/Users/ian/Downloads/data/organized_data/03_sers_date_lot_balanced_acquisition/handheld/Handheld/20260427/0. Ref_PS/PS 1_2(2)_Sample_26_04_27_10_26_22_126.csv,795.8,795.0,-0.7999999999999545,ok
/Users/ian/Downloads/data/organized_data/03_sers_date_lot_balanced_acquisition/handheld/Handheld/20260427,20260427,PS,/Users/ian/Downloads/data/organized_data/03_sers_date_lot_balanced_acquisition/handheld/Handheld/20260427/0. Ref_PS/PS 1_2(2)_Sample_26_04_27_10_26_22_126.csv,1001.4,1001.0,-0.39999999999997726,ok
/Users/ian/Downloads/data/organized_data/03_sers_date_lot_balanced_acquisition/handheld/Handheld/20260427,20260427,PS,/Users/ian/Downloads/data/organized_data/03_sers_date_lot_balanced_acquisition/handheld/Handheld/20260427/0. Ref_PS/PS 1_2(2)_Sample_26_04_27_10_26_22_126.csv,1031.8,1031.0,-0.7999999999999545,ok
/Users/ian/Downloads/data/organized_data/03_sers_date_lot_balanced_acquisition/handheld/Handheld/20260427,20260427,PS,/Users/ian/Downloads/data/organized_data/03_sers_date_lot_balanced_acquisition/handheld/Handheld/20260427/0. Ref_PS/PS 1_2(2)_Sample_26_04_27_10_26_22_126.csv,1155.3,1156.0,0.7000000000000455,ok
/Users/ian/Downloads/data/organized_data/03_sers_date_lot_balanced_acquisition/handheld/Handheld/20260427,20260427,PS,/Users/ian/Downloads/data/organized_data/03_sers_date_lot_balanced_acquisition/handheld/Handheld/20260427/0. Ref_PS/PS 1_2(2)_Sample_26_04_27_10_26_22_126.csv,1602.3,1603.0,0.7000000000000455,ok
/Users/ian/Downloads/data/organized_data/03_sers_date_lot_balanced_acquisition/handheld/Handheld/20260427,20260427,PS,/Users/ian/Downloads/data/organized_data/03_sers_date_lot_balanced_acquisition/handheld/Handheld/20260427/0. Ref_PS/PS 1_3(1)_Sample_26_04_27_10_26_22_129.csv,620.9,620.0,-0.8999999999999773,ok
/Users/ian/Downloads/data/organized_data/03_sers_date_lot_balanced_acquisition/handheld/Handheld/20260427,20260427,PS,/Users/ian/Downloads/data/organized_data/03_sers_date_lot_balanced_acquisition/handheld/Handheld/20260427/0. Ref_PS/PS 1_3(1)_Sample_26_04_27_10_26_22_129.csv,795.8,793.0,-2.7999999999999545,ok
/Users/ian/Downloads/data/organized_data/03_sers_date_lot_balanced_acquisition/handheld/Handheld/20260427,20260427,PS,/Users/ian/Downloads/data/organized_data/03_sers_date_lot_balanced_acquisition/handheld/Handheld/20260427/0. Ref_PS/PS 1_3(1)_Sample_26_04_27_10_26_22_129.csv,1001.4,1001.0,-0.39999999999997726,ok
/Users/ian/Downloads/data/organized_data/03_sers_date_lot_balanced_acquisition/handheld/Handheld/20260427,20260427,PS,/Users/ian/Downloads/data/organized_data/03_sers_date_lot_balanced_acquisition/handheld/Handheld/20260427/0. Ref_PS/PS 1_3(1)_Sample_26_04_27_10_26_22_129.csv,1031.8,1030.0,-1.7999999999999545,ok
/Users/ian/Downloads/data/organized_data/03_sers_date_lot_balanced_acquisition/handheld/Handheld/20260427,20260427,PS,/Users/ian/Downloads/data/organized_data/03_sers_date_lot_balanced_acquisition/handheld/Handheld/20260427/0. Ref_PS/PS 1_3(1)_Sample_26_04_27_10_26_22_129.csv,1155.3,1155.0,-0.2999999999999545,ok
/Users/ian/Downloads/data/organized_data/03_sers_date_lot_balanced_acquisition/handheld/Handheld/20260427,20260427,PS,/Users/ian/Downloads/data/organized_data/03_sers_date_lot_balanced_acquisition/handheld/Handheld/20260427/0. Ref_PS/PS 1_3(1)_Sample_26_04_27_10_26_22_129.csv,1602.3,1603.0,0.7000000000000455,ok
/Users/ian/Downloads/data/organized_data/03_sers_date_lot_balanced_acquisition/handheld/Handheld/20260427,20260427,PS,/Users/ian/Downloads/data/organized_data/03_sers_date_lot_balanced_acquisition/handheld/Handheld/20260427/0. Ref_PS/PS 1_4(1)_Sample_26_04_27_10_26_22_129.csv,620.9,620.0,-0.8999999999999773,ok
/Users/ian/Downloads/data/organized_data/03_sers_date_lot_balanced_acquisition/handheld/Handheld/20260427,20260427,PS,/Users/ian/Downloads/data/organized_data/03_sers_date_lot_balanced_acquisition/handheld/Handheld/20260427/0. Ref_PS/PS 1_4(1)_Sample_26_04_27_10_26_22_129.csv,795.8,793.0,-2.7999999999999545,ok
/Users/ian/Downloads/data/organized_data/03_sers_date_lot_balanced_acquisition/handheld/Handheld/20260427,20260427,PS,/Users/ian/Downloads/data/organized_data/03_sers_date_lot_balanced_acquisition/handheld/Handheld/20260427/0. Ref_PS/PS 1_4(1)_Sample_26_04_27_10_26_22_129.csv,1001.4,1001.0,-0.39999999999997726,ok
/Users/ian/Downloads/data/organized_data/03_sers_date_lot_balanced_acquisition/handheld/Handheld/20260427,20260427,PS,/Users/ian/Downloads/data/organized_data/03_sers_date_lot_balanced_acquisition/handheld/Handheld/20260427/0. Ref_PS/PS 1_4(1)_Sample_26_04_27_10_26_22_129.csv,1031.8,1030.0,-1.7999999999999545,ok
/Users/ian/Downloads/data/organized_data/03_sers_date_lot_balanced_acquisition/handheld/Handheld/20260427,20260427,PS,/Users/ian/Downloads/data/organized_data/03_sers_date_lot_balanced_acquisition/handheld/Handheld/20260427/0. Ref_PS/PS 1_4(1)_Sample_26_04_27_10_26_22_129.csv,1155.3,1155.0,-0.2999999999999545,ok
/Users/ian/Downloads/data/organized_data/03_sers_date_lot_balanced_acquisition/handheld/Handheld/20260427,20260427,PS,/Users/ian/Downloads/data/organized_data/03_sers_date_lot_balanced_acquisition/handheld/Handheld/20260427/0. Ref_PS/PS 1_4(1)_Sample_26_04_27_10_26_22_129.csv,1602.3,1603.0,0.7000000000000455,ok
/Users/ian/Downloads/data/organized_data/03_sers_date_lot_balanced_acquisition/handheld/Handheld/20260427,20260427,PS,/Users/ian/Downloads/data/organized_data/03_sers_date_lot_balanced_acquisition/handheld/Handheld/20260427/0. Ref_PS/PS 1_5(1)_Sample_26_04_27_10_26_22_128.csv,620.9,619.0,-1.8999999999999773,ok
/Users/ian/Downloads/data/organized_data/03_sers_date_lot_balanced_acquisition/handheld/Handheld/20260427,20260427,PS,/Users/ian/Downloads/data/organized_data/03_sers_date_lot_balanced_acquisition/handheld/Handheld/20260427/0. Ref_PS/PS 1_5(1)_Sample_26_04_27_10_26_22_128.csv,795.8,793.0,-2.7999999999999545,ok
/Users/ian/Downloads/data/organized_data/03_sers_date_lot_balanced_acquisition/handheld/Handheld/20260427,20260427,PS,/Users/ian/Downloads/data/organized_data/03_sers_date_lot_balanced_acquisition/handheld/Handheld/20260427/0. Ref_PS/PS 1_5(1)_Sample_26_04_27_10_26_22_128.csv,1001.4,1001.0,-0.39999999999997726,ok
/Users/ian/Downloads/data/organized_data/03_sers_date_lot_balanced_acquisition/handheld/Handheld/20260427,20260427,PS,/Users/ian/Downloads/data/organized_data/03_sers_date_lot_balanced_acquisition/handheld/Handheld/20260427/0. Ref_PS/PS 1_5(1)_Sample_26_04_27_10_26_22_128.csv,1031.8,1030.0,-1.7999999999999545,ok
/Users/ian/Downloads/data/organized_data/03_sers_date_lot_balanced_acquisition/handheld/Handheld/20260427,20260427,PS,/Users/ian/Downloads/data/organized_data/03_sers_date_lot_balanced_acquisition/handheld/Handheld/20260427/0. Ref_PS/PS 1_5(1)_Sample_26_04_27_10_26_22_128.csv,1155.3,1155.0,-0.2999999999999545,ok
/Users/ian/Downloads/data/organized_data/03_sers_date_lot_balanced_acquisition/handheld/Handheld/20260427,20260427,PS,/Users/ian/Downloads/data/organized_data/03_sers_date_lot_balanced_acquisition/handheld/Handheld/20260427/0. Ref_PS/PS 1_5(1)_Sample_26_04_27_10_26_22_128.csv,1602.3,1603.0,0.7000000000000455,ok
/Users/ian/Downloads/data/organized_data/03_sers_date_lot_balanced_acquisition/handheld/Handheld/20260427,20260427,SI,/Users/ian/Downloads/data/organized_data/03_sers_date_lot_balanced_acquisition/handheld/Handheld/20260427/0. Ref_Si/Si 1_1(1)_Sample_26_04_27_13_19_30_643.csv,520.7,520.0,-0.7000000000000455,ok
/Users/ian/Downloads/data/organized_data/03_sers_date_lot_balanced_acquisition/handheld/Handheld/20260427,20260427,SI,/Users/ian/Downloads/data/organized_data/03_sers_date_lot_balanced_acquisition/handheld/Handheld/20260427/0. Ref_Si/Si 1_2(1)_Sample_26_04_27_13_19_30_641.csv,520.7,520.0,-0.7000000000000455,ok
/Users/ian/Downloads/data/organized_data/03_sers_date_lot_balanced_acquisition/handheld/Handheld/20260427,20260427,SI,/Users/ian/Downloads/data/organized_data/03_sers_date_lot_balanced_acquisition/handheld/Handheld/20260427/0. Ref_Si/Si 1_3(1)_Sample_26_04_27_13_19_30_641.csv,520.7,519.0,-1.7000000000000455,ok
/Users/ian/Downloads/data/organized_data/03_sers_date_lot_balanced_acquisition/handheld/Handheld/20260427,20260427,SI,/Users/ian/Downloads/data/organized_data/03_sers_date_lot_balanced_acquisition/handheld/Handheld/20260427/0. Ref_Si/Si 1_4(1)_Sample_26_04_27_13_19_30_640.csv,520.7,520.0,-0.7000000000000455,ok
/Users/ian/Downloads/data/organized_data/03_sers_date_lot_balanced_acquisition/handheld/Handheld/20260427,20260427,SI,/Users/ian/Downloads/data/organized_data/03_sers_date_lot_balanced_acquisition/handheld/Handheld/20260427/0. Ref_Si/Si 1_5(1)_Sample_26_04_27_13_19_30_640.csv,520.7,520.0,-0.7000000000000455,ok
/Users/ian/Downloads/data/organized_data/03_sers_date_lot_balanced_acquisition/handheld/Handheld/20260429,20260429,PS,/Users/ian/Downloads/data/organized_data/03_sers_date_lot_balanced_acquisition/handheld/Handheld/20260429/0. Ref_PS/PS 1_1(1)_Sample_26_04_29_18_21_10_942.csv,620.9,620.0,-0.8999999999999773,ok
/Users/ian/Downloads/data/organized_data/03_sers_date_lot_balanced_acquisition/handheld/Handheld/20260429,20260429,PS,/Users/ian/Downloads/data/organized_data/03_sers_date_lot_balanced_acquisition/handheld/Handheld/20260429/0. Ref_PS/PS 1_1(1)_Sample_26_04_29_18_21_10_942.csv,795.8,795.0,-0.7999999999999545,ok
/Users/ian/Downloads/data/organized_data/03_sers_date_lot_balanced_acquisition/handheld/Handheld/20260429,20260429,PS,/Users/ian/Downloads/data/organized_data/03_sers_date_lot_balanced_acquisition/handheld/Handheld/20260429/0. Ref_PS/PS 1_1(1)_Sample_26_04_29_18_21_10_942.csv,1001.4,1001.0,-0.39999999999997726,ok
/Users/ian/Downloads/data/organized_data/03_sers_date_lot_balanced_acquisition/handheld/Handheld/20260429,20260429,PS,/Users/ian/Downloads/data/organized_data/03_sers_date_lot_balanced_acquisition/handheld/Handheld/20260429/0. Ref_PS/PS 1_1(1)_Sample_26_04_29_18_21_10_942.csv,1031.8,1032.0,0.20000000000004547,ok
/Users/ian/Downloads/data/organized_data/03_sers_date_lot_balanced_acquisition/handheld/Handheld/20260429,20260429,PS,/Users/ian/Downloads/data/organized_data/03_sers_date_lot_balanced_acquisition/handheld/Handheld/20260429/0. Ref_PS/PS 1_1(1)_Sample_26_04_29_18_21_10_942.csv,1155.3,1156.0,0.7000000000000455,ok
/Users/ian/Downloads/data/organized_data/03_sers_date_lot_balanced_acquisition/handheld/Handheld/20260429,20260429,PS,/Users/ian/Downloads/data/organized_data/03_sers_date_lot_balanced_acquisition/handheld/Handheld/20260429/0. Ref_PS/PS 1_1(1)_Sample_26_04_29_18_21_10_942.csv,1602.3,1604.0,1.7000000000000455,ok
/Users/ian/Downloads/data/organized_data/03_sers_date_lot_balanced_acquisition/handheld/Handheld/20260429,20260429,PS,/Users/ian/Downloads/data/organized_data/03_sers_date_lot_balanced_acquisition/handheld/Handheld/20260429/0. Ref_PS/PS 1_2(1)_Sample_26_04_29_18_21_10_941.csv,620.9,620.0,-0.8999999999999773,ok
/Users/ian/Downloads/data/organized_data/03_sers_date_lot_balanced_acquisition/handheld/Handheld/20260429,20260429,PS,/Users/ian/Downloads/data/organized_data/03_sers_date_lot_balanced_acquisition/handheld/Handheld/20260429/0. Ref_PS/PS 1_2(1)_Sample_26_04_29_18_21_10_941.csv,795.8,795.0,-0.7999999999999545,ok
/Users/ian/Downloads/data/organized_data/03_sers_date_lot_balanced_acquisition/handheld/Handheld/20260429,20260429,PS,/Users/ian/Downloads/data/organized_data/03_sers_date_lot_balanced_acquisition/handheld/Handheld/20260429/0. Ref_PS/PS 1_2(1)_Sample_26_04_29_18_21_10_941.csv,1001.4,1001.0,-0.39999999999997726,ok
/Users/ian/Downloads/data/organized_data/03_sers_date_lot_balanced_acquisition/handheld/Handheld/20260429,20260429,PS,/Users/ian/Downloads/data/organized_data/03_sers_date_lot_balanced_acquisition/handheld/Handheld/20260429/0. Ref_PS/PS 1_2(1)_Sample_26_04_29_18_21_10_941.csv,1031.8,1031.0,-0.7999999999999545,ok
/Users/ian/Downloads/data/organized_data/03_sers_date_lot_balanced_acquisition/handheld/Handheld/20260429,20260429,PS,/Users/ian/Downloads/data/organized_data/03_sers_date_lot_balanced_acquisition/handheld/Handheld/20260429/0. Ref_PS/PS 1_2(1)_Sample_26_04_29_18_21_10_941.csv,1155.3,1156.0,0.7000000000000455,ok
/Users/ian/Downloads/data/organized_data/03_sers_date_lot_balanced_acquisition/handheld/Handheld/20260429,20260429,PS,/Users/ian/Downloads/data/organized_data/03_sers_date_lot_balanced_acquisition/handheld/Handheld/20260429/0. Ref_PS/PS 1_2(1)_Sample_26_04_29_18_21_10_941.csv,1602.3,1604.0,1.7000000000000455,ok
/Users/ian/Downloads/data/organized_data/03_sers_date_lot_balanced_acquisition/handheld/Handheld/20260429,20260429,PS,/Users/ian/Downloads/data/organized_data/03_sers_date_lot_balanced_acquisition/handheld/Handheld/20260429/0. Ref_PS/PS 1_3(1)_Sample_26_04_29_18_21_10_940.csv,620.9,620.0,-0.8999999999999773,ok
/Users/ian/Downloads/data/organized_data/03_sers_date_lot_balanced_acquisition/handheld/Handheld/20260429,20260429,PS,/Users/ian/Downloads/data/organized_data/03_sers_date_lot_balanced_acquisition/handheld/Handheld/20260429/0. Ref_PS/PS 1_3(1)_Sample_26_04_29_18_21_10_940.csv,795.8,794.0,-1.7999999999999545,ok
/Users/ian/Downloads/data/organized_data/03_sers_date_lot_balanced_acquisition/handheld/Handheld/20260429,20260429,PS,/Users/ian/Downloads/data/organized_data/03_sers_date_lot_balanced_acquisition/handheld/Handheld/20260429/0. Ref_PS/PS 1_3(1)_Sample_26_04_29_18_21_10_940.csv,1001.4,1001.0,-0.39999999999997726,ok
/Users/ian/Downloads/data/organized_data/03_sers_date_lot_balanced_acquisition/handheld/Handheld/20260429,20260429,PS,/Users/ian/Downloads/data/organized_data/03_sers_date_lot_balanced_acquisition/handheld/Handheld/20260429/0. Ref_PS/PS 1_3(1)_Sample_26_04_29_18_21_10_940.csv,1031.8,1031.0,-0.7999999999999545,ok
/Users/ian/Downloads/data/organized_data/03_sers_date_lot_balanced_acquisition/handheld/Handheld/20260429,20260429,PS,/Users/ian/Downloads/data/organized_data/03_sers_date_lot_balanced_acquisition/handheld/Handheld/20260429/0. Ref_PS/PS 1_3(1)_Sample_26_04_29_18_21_10_940.csv,1155.3,1156.0,0.7000000000000455,ok
/Users/ian/Downloads/data/organized_data/03_sers_date_lot_balanced_acquisition/handheld/Handheld/20260429,20260429,PS,/Users/ian/Downloads/data/organized_data/03_sers_date_lot_balanced_acquisition/handheld/Handheld/20260429/0. Ref_PS/PS 1_3(1)_Sample_26_04_29_18_21_10_940.csv,1602.3,1604.0,1.7000000000000455,ok
/Users/ian/Downloads/data/organized_data/03_sers_date_lot_balanced_acquisition/handheld/Handheld/20260429,20260429,PS,/Users/ian/Downloads/data/organized_data/03_sers_date_lot_balanced_acquisition/handheld/Handheld/20260429/0. Ref_PS/PS 1_4(1)_Sample_26_04_29_18_21_10_939.csv,620.9,620.0,-0.8999999999999773,ok
/Users/ian/Downloads/data/organized_data/03_sers_date_lot_balanced_acquisition/handheld/Handheld/20260429,20260429,PS,/Users/ian/Downloads/data/organized_data/03_sers_date_lot_balanced_acquisition/handheld/Handheld/20260429/0. Ref_PS/PS 1_4(1)_Sample_26_04_29_18_21_10_939.csv,795.8,795.0,-0.7999999999999545,ok
/Users/ian/Downloads/data/organized_data/03_sers_date_lot_balanced_acquisition/handheld/Handheld/20260429,20260429,PS,/Users/ian/Downloads/data/organized_data/03_sers_date_lot_balanced_acquisition/handheld/Handheld/20260429/0. Ref_PS/PS 1_4(1)_Sample_26_04_29_18_21_10_939.csv,1001.4,1001.0,-0.39999999999997726,ok
/Users/ian/Downloads/data/organized_data/03_sers_date_lot_balanced_acquisition/handheld/Handheld/20260429,20260429,PS,/Users/ian/Downloads/data/organized_data/03_sers_date_lot_balanced_acquisition/handheld/Handheld/20260429/0. Ref_PS/PS 1_4(1)_Sample_26_04_29_18_21_10_939.csv,1031.8,1032.0,0.20000000000004547,ok
/Users/ian/Downloads/data/organized_data/03_sers_date_lot_balanced_acquisition/handheld/Handheld/20260429,20260429,PS,/Users/ian/Downloads/data/organized_data/03_sers_date_lot_balanced_acquisition/handheld/Handheld/20260429/0. Ref_PS/PS 1_4(1)_Sample_26_04_29_18_21_10_939.csv,1155.3,1155.0,-0.2999999999999545,ok
/Users/ian/Downloads/data/organized_data/03_sers_date_lot_balanced_acquisition/handheld/Handheld/20260429,20260429,PS,/Users/ian/Downloads/data/organized_data/03_sers_date_lot_balanced_acquisition/handheld/Handheld/20260429/0. Ref_PS/PS 1_4(1)_Sample_26_04_29_18_21_10_939.csv,1602.3,1604.0,1.7000000000000455,ok
/Users/ian/Downloads/data/organized_data/03_sers_date_lot_balanced_acquisition/handheld/Handheld/20260429,20260429,PS,/Users/ian/Downloads/data/organized_data/03_sers_date_lot_balanced_acquisition/handheld/Handheld/20260429/0. Ref_PS/PS 1_5(1)_Sample_26_04_29_18_21_10_937.csv,620.9,620.0,-0.8999999999999773,ok
/Users/ian/Downloads/data/organized_data/03_sers_date_lot_balanced_acquisition/handheld/Handheld/20260429,20260429,PS,/Users/ian/Downloads/data/organized_data/03_sers_date_lot_balanced_acquisition/handheld/Handheld/20260429/0. Ref_PS/PS 1_5(1)_Sample_26_04_29_18_21_10_937.csv,795.8,793.0,-2.7999999999999545,ok
/Users/ian/Downloads/data/organized_data/03_sers_date_lot_balanced_acquisition/handheld/Handheld/20260429,20260429,PS,/Users/ian/Downloads/data/organized_data/03_sers_date_lot_balanced_acquisition/handheld/Handheld/20260429/0. Ref_PS/PS 1_5(1)_Sample_26_04_29_18_21_10_937.csv,1001.4,1001.0,-0.39999999999997726,ok
/Users/ian/Downloads/data/organized_data/03_sers_date_lot_balanced_acquisition/handheld/Handheld/20260429,20260429,PS,/Users/ian/Downloads/data/organized_data/03_sers_date_lot_balanced_acquisition/handheld/Handheld/20260429/0. Ref_PS/PS 1_5(1)_Sample_26_04_29_18_21_10_937.csv,1031.8,1031.0,-0.7999999999999545,ok
/Users/ian/Downloads/data/organized_data/03_sers_date_lot_balanced_acquisition/handheld/Handheld/20260429,20260429,PS,/Users/ian/Downloads/data/organized_data/03_sers_date_lot_balanced_acquisition/handheld/Handheld/20260429/0. Ref_PS/PS 1_5(1)_Sample_26_04_29_18_21_10_937.csv,1155.3,1156.0,0.7000000000000455,ok
/Users/ian/Downloads/data/organized_data/03_sers_date_lot_balanced_acquisition/handheld/Handheld/20260429,20260429,PS,/Users/ian/Downloads/data/organized_data/03_sers_date_lot_balanced_acquisition/handheld/Handheld/20260429/0. Ref_PS/PS 1_5(1)_Sample_26_04_29_18_21_10_937.csv,1602.3,1604.0,1.7000000000000455,ok
/Users/ian/Downloads/data/organized_data/03_sers_date_lot_balanced_acquisition/handheld/Handheld/20260429,20260429,SI,/Users/ian/Downloads/data/organized_data/03_sers_date_lot_balanced_acquisition/handheld/Handheld/20260429/0. Ref_Si/Si 1_1(1)_Sample_26_04_29_18_19_27_826.csv,520.7,520.0,-0.7000000000000455,ok
/Users/ian/Downloads/data/organized_data/03_sers_date_lot_balanced_acquisition/handheld/Handheld/20260429,20260429,SI,/Users/ian/Downloads/data/organized_data/03_sers_date_lot_balanced_acquisition/handheld/Handheld/20260429/0. Ref_Si/Si 1_2(1)_Sample_26_04_29_18_19_27_826.csv,520.7,520.0,-0.7000000000000455,ok
/Users/ian/Downloads/data/organized_data/03_sers_date_lot_balanced_acquisition/handheld/Handheld/20260429,20260429,SI,/Users/ian/Downloads/data/organized_data/03_sers_date_lot_balanced_acquisition/handheld/Handheld/20260429/0. Ref_Si/Si 1_3(1)_Sample_26_04_29_18_19_27_825.csv,520.7,520.0,-0.7000000000000455,ok
/Users/ian/Downloads/data/organized_data/03_sers_date_lot_balanced_acquisition/handheld/Handheld/20260429,20260429,SI,/Users/ian/Downloads/data/organized_data/03_sers_date_lot_balanced_acquisition/handheld/Handheld/20260429/0. Ref_Si/Si 1_4(1)_Sample_26_04_29_18_19_27_823.csv,520.7,520.0,-0.7000000000000455,ok
/Users/ian/Downloads/data/organized_data/03_sers_date_lot_balanced_acquisition/handheld/Handheld/20260429,20260429,SI,/Users/ian/Downloads/data/organized_data/03_sers_date_lot_balanced_acquisition/handheld/Handheld/20260429/0. Ref_Si/Si 1_5(1)_Sample_26_04_29_18_19_27_822.csv,520.7,520.0,-0.7000000000000455,ok
/Users/ian/Downloads/data/organized_data/03_sers_date_lot_balanced_acquisition/handheld/Handheld/20260517,20260517,PS,/Users/ian/Downloads/data/organized_data/03_sers_date_lot_balanced_acquisition/handheld/Handheld/20260517/0. Ref_PS/PS 1_1(1)_Sample_26_05_17_14_55_25_283.csv,620.9,620.0,-0.8999999999999773,ok
/Users/ian/Downloads/data/organized_data/03_sers_date_lot_balanced_acquisition/handheld/Handheld/20260517,20260517,PS,/Users/ian/Downloads/data/organized_data/03_sers_date_lot_balanced_acquisition/handheld/Handheld/20260517/0. Ref_PS/PS 1_1(1)_Sample_26_05_17_14_55_25_283.csv,795.8,794.0,-1.7999999999999545,ok
/Users/ian/Downloads/data/organized_data/03_sers_date_lot_balanced_acquisition/handheld/Handheld/20260517,20260517,PS,/Users/ian/Downloads/data/organized_data/03_sers_date_lot_balanced_acquisition/handheld/Handheld/20260517/0. Ref_PS/PS 1_1(1)_Sample_26_05_17_14_55_25_283.csv,1001.4,1001.0,-0.39999999999997726,ok
/Users/ian/Downloads/data/organized_data/03_sers_date_lot_balanced_acquisition/handheld/Handheld/20260517,20260517,PS,/Users/ian/Downloads/data/organized_data/03_sers_date_lot_balanced_acquisition/handheld/Handheld/20260517/0. Ref_PS/PS 1_1(1)_Sample_26_05_17_14_55_25_283.csv,1031.8,1031.0,-0.7999999999999545,ok
/Users/ian/Downloads/data/organized_data/03_sers_date_lot_balanced_acquisition/handheld/Handheld/20260517,20260517,PS,/Users/ian/Downloads/data/organized_data/03_sers_date_lot_balanced_acquisition/handheld/Handheld/20260517/0. Ref_PS/PS 1_1(1)_Sample_26_05_17_14_55_25_283.csv,1155.3,1156.0,0.7000000000000455,ok
/Users/ian/Downloads/data/organized_data/03_sers_date_lot_balanced_acquisition/handheld/Handheld/20260517,20260517,PS,/Users/ian/Downloads/data/organized_data/03_sers_date_lot_balanced_acquisition/handheld/Handheld/20260517/0. Ref_PS/PS 1_1(1)_Sample_26_05_17_14_55_25_283.csv,1602.3,1604.0,1.7000000000000455,ok
/Users/ian/Downloads/data/organized_data/03_sers_date_lot_balanced_acquisition/handheld/Handheld/20260517,20260517,PS,/Users/ian/Downloads/data/organized_data/03_sers_date_lot_balanced_acquisition/handheld/Handheld/20260517/0. Ref_PS/PS 1_2(1)_Sample_26_05_17_14_55_25_282.csv,620.9,621.0,0.10000000000002274,ok
/Users/ian/Downloads/data/organized_data/03_sers_date_lot_balanced_acquisition/handheld/Handheld/20260517,20260517,PS,/Users/ian/Downloads/data/organized_data/03_sers_date_lot_balanced_acquisition/handheld/Handheld/20260517/0. Ref_PS/PS 1_2(1)_Sample_26_05_17_14_55_25_282.csv,795.8,794.0,-1.7999999999999545,ok
/Users/ian/Downloads/data/organized_data/03_sers_date_lot_balanced_acquisition/handheld/Handheld/20260517,20260517,PS,/Users/ian/Downloads/data/organized_data/03_sers_date_lot_balanced_acquisition/handheld/Handheld/20260517/0. Ref_PS/PS 1_2(1)_Sample_26_05_17_14_55_25_282.csv,1001.4,1001.0,-0.39999999999997726,ok
/Users/ian/Downloads/data/organized_data/03_sers_date_lot_balanced_acquisition/handheld/Handheld/20260517,20260517,PS,/Users/ian/Downloads/data/organized_data/03_sers_date_lot_balanced_acquisition/handheld/Handheld/20260517/0. Ref_PS/PS 1_2(1)_Sample_26_05_17_14_55_25_282.csv,1031.8,1032.0,0.20000000000004547,ok
/Users/ian/Downloads/data/organized_data/03_sers_date_lot_balanced_acquisition/handheld/Handheld/20260517,20260517,PS,/Users/ian/Downloads/data/organized_data/03_sers_date_lot_balanced_acquisition/handheld/Handheld/20260517/0. Ref_PS/PS 1_2(1)_Sample_26_05_17_14_55_25_282.csv,1155.3,1156.0,0.7000000000000455,ok
/Users/ian/Downloads/data/organized_data/03_sers_date_lot_balanced_acquisition/handheld/Handheld/20260517,20260517,PS,/Users/ian/Downloads/data/organized_data/03_sers_date_lot_balanced_acquisition/handheld/Handheld/20260517/0. Ref_PS/PS 1_2(1)_Sample_26_05_17_14_55_25_282.csv,1602.3,1604.0,1.7000000000000455,ok
/Users/ian/Downloads/data/organized_data/03_sers_date_lot_balanced_acquisition/handheld/Handheld/20260517,20260517,PS,/Users/ian/Downloads/data/organized_data/03_sers_date_lot_balanced_acquisition/handheld/Handheld/20260517/0. Ref_PS/PS 1_3(1)_Sample_26_05_17_14_55_25_282.csv,620.9,620.0,-0.8999999999999773,ok
/Users/ian/Downloads/data/organized_data/03_sers_date_lot_balanced_acquisition/handheld/Handheld/20260517,20260517,PS,/Users/ian/Downloads/data/organized_data/03_sers_date_lot_balanced_acquisition/handheld/Handheld/20260517/0. Ref_PS/PS 1_3(1)_Sample_26_05_17_14_55_25_282.csv,795.8,795.0,-0.7999999999999545,ok
/Users/ian/Downloads/data/organized_data/03_sers_date_lot_balanced_acquisition/handheld/Handheld/20260517,20260517,PS,/Users/ian/Downloads/data/organized_data/03_sers_date_lot_balanced_acquisition/handheld/Handheld/20260517/0. Ref_PS/PS 1_3(1)_Sample_26_05_17_14_55_25_282.csv,1001.4,1001.0,-0.39999999999997726,ok
/Users/ian/Downloads/data/organized_data/03_sers_date_lot_balanced_acquisition/handheld/Handheld/20260517,20260517,PS,/Users/ian/Downloads/data/organized_data/03_sers_date_lot_balanced_acquisition/handheld/Handheld/20260517/0. Ref_PS/PS 1_3(1)_Sample_26_05_17_14_55_25_282.csv,1031.8,1032.0,0.20000000000004547,ok
/Users/ian/Downloads/data/organized_data/03_sers_date_lot_balanced_acquisition/handheld/Handheld/20260517,20260517,PS,/Users/ian/Downloads/data/organized_data/03_sers_date_lot_balanced_acquisition/handheld/Handheld/20260517/0. Ref_PS/PS 1_3(1)_Sample_26_05_17_14_55_25_282.csv,1155.3,1157.0,1.7000000000000455,ok
/Users/ian/Downloads/data/organized_data/03_sers_date_lot_balanced_acquisition/handheld/Handheld/20260517,20260517,PS,/Users/ian/Downloads/data/organized_data/03_sers_date_lot_balanced_acquisition/handheld/Handheld/20260517/0. Ref_PS/PS 1_3(1)_Sample_26_05_17_14_55_25_282.csv,1602.3,1604.0,1.7000000000000455,ok
/Users/ian/Downloads/data/organized_data/03_sers_date_lot_balanced_acquisition/handheld/Handheld/20260517,20260517,PS,/Users/ian/Downloads/data/organized_data/03_sers_date_lot_balanced_acquisition/handheld/Handheld/20260517/0. Ref_PS/PS 1_4(1)_Sample_26_05_17_14_55_25_281.csv,620.9,620.0,-0.8999999999999773,ok
/Users/ian/Downloads/data/organized_data/03_sers_date_lot_balanced_acquisition/handheld/Handheld/20260517,20260517,PS,/Users/ian/Downloads/data/organized_data/03_sers_date_lot_balanced_acquisition/handheld/Handheld/20260517/0. Ref_PS/PS 1_4(1)_Sample_26_05_17_14_55_25_281.csv,795.8,794.0,-1.7999999999999545,ok
/Users/ian/Downloads/data/organized_data/03_sers_date_lot_balanced_acquisition/handheld/Handheld/20260517,20260517,PS,/Users/ian/Downloads/data/organized_data/03_sers_date_lot_balanced_acquisition/handheld/Handheld/20260517/0. Ref_PS/PS 1_4(1)_Sample_26_05_17_14_55_25_281.csv,1001.4,1001.0,-0.39999999999997726,ok
/Users/ian/Downloads/data/organized_data/03_sers_date_lot_balanced_acquisition/handheld/Handheld/20260517,20260517,PS,/Users/ian/Downloads/data/organized_data/03_sers_date_lot_balanced_acquisition/handheld/Handheld/20260517/0. Ref_PS/PS 1_4(1)_Sample_26_05_17_14_55_25_281.csv,1031.8,1031.0,-0.7999999999999545,ok
/Users/ian/Downloads/data/organized_data/03_sers_date_lot_balanced_acquisition/handheld/Handheld/20260517,20260517,PS,/Users/ian/Downloads/data/organized_data/03_sers_date_lot_balanced_acquisition/handheld/Handheld/20260517/0. Ref_PS/PS 1_4(1)_Sample_26_05_17_14_55_25_281.csv,1155.3,1156.0,0.7000000000000455,ok
/Users/ian/Downloads/data/organized_data/03_sers_date_lot_balanced_acquisition/handheld/Handheld/20260517,20260517,PS,/Users/ian/Downloads/data/organized_data/03_sers_date_lot_balanced_acquisition/handheld/Handheld/20260517/0. Ref_PS/PS 1_4(1)_Sample_26_05_17_14_55_25_281.csv,1602.3,1603.0,0.7000000000000455,ok
/Users/ian/Downloads/data/organized_data/03_sers_date_lot_balanced_acquisition/handheld/Handheld/20260517,20260517,PS,/Users/ian/Downloads/data/organized_data/03_sers_date_lot_balanced_acquisition/handheld/Handheld/20260517/0. Ref_PS/PS 1_5(1)_Sample_26_05_17_14_55_25_279.csv,620.9,620.0,-0.8999999999999773,ok
/Users/ian/Downloads/data/organized_data/03_sers_date_lot_balanced_acquisition/handheld/Handheld/20260517,20260517,PS,/Users/ian/Downloads/data/organized_data/03_sers_date_lot_balanced_acquisition/handheld/Handheld/20260517/0. Ref_PS/PS 1_5(1)_Sample_26_05_17_14_55_25_279.csv,795.8,795.0,-0.7999999999999545,ok
/Users/ian/Downloads/data/organized_data/03_sers_date_lot_balanced_acquisition/handheld/Handheld/20260517,20260517,PS,/Users/ian/Downloads/data/organized_data/03_sers_date_lot_balanced_acquisition/handheld/Handheld/20260517/0. Ref_PS/PS 1_5(1)_Sample_26_05_17_14_55_25_279.csv,1001.4,1001.0,-0.39999999999997726,ok
/Users/ian/Downloads/data/organized_data/03_sers_date_lot_balanced_acquisition/handheld/Handheld/20260517,20260517,PS,/Users/ian/Downloads/data/organized_data/03_sers_date_lot_balanced_acquisition/handheld/Handheld/20260517/0. Ref_PS/PS 1_5(1)_Sample_26_05_17_14_55_25_279.csv,1031.8,1031.0,-0.7999999999999545,ok
/Users/ian/Downloads/data/organized_data/03_sers_date_lot_balanced_acquisition/handheld/Handheld/20260517,20260517,PS,/Users/ian/Downloads/data/organized_data/03_sers_date_lot_balanced_acquisition/handheld/Handheld/20260517/0. Ref_PS/PS 1_5(1)_Sample_26_05_17_14_55_25_279.csv,1155.3,1156.0,0.7000000000000455,ok
/Users/ian/Downloads/data/organized_data/03_sers_date_lot_balanced_acquisition/handheld/Handheld/20260517,20260517,PS,/Users/ian/Downloads/data/organized_data/03_sers_date_lot_balanced_acquisition/handheld/Handheld/20260517/0. Ref_PS/PS 1_5(1)_Sample_26_05_17_14_55_25_279.csv,1602.3,1604.0,1.7000000000000455,ok
/Users/ian/Downloads/data/organized_data/03_sers_date_lot_balanced_acquisition/handheld/Handheld/20260517,20260517,SI,/Users/ian/Downloads/data/organized_data/03_sers_date_lot_balanced_acquisition/handheld/Handheld/20260517/0. Ref_Si/Si 1_1(1)_Sample_26_05_17_14_53_58_364.csv,520.7,520.0,-0.7000000000000455,ok
/Users/ian/Downloads/data/organized_data/03_sers_date_lot_balanced_acquisition/handheld/Handheld/20260517,20260517,SI,/Users/ian/Downloads/data/organized_data/03_sers_date_lot_balanced_acquisition/handheld/Handheld/20260517/0. Ref_Si/Si 1_2(1)_Sample_26_05_17_14_53_58_363.csv,520.7,520.0,-0.7000000000000455,ok
/Users/ian/Downloads/data/organized_data/03_sers_date_lot_balanced_acquisition/handheld/Handheld/20260517,20260517,SI,/Users/ian/Downloads/data/organized_data/03_sers_date_lot_balanced_acquisition/handheld/Handheld/20260517/0. Ref_Si/Si 1_3(1)_Sample_26_05_17_14_53_58_362.csv,520.7,520.0,-0.7000000000000455,ok
/Users/ian/Downloads/data/organized_data/03_sers_date_lot_balanced_acquisition/handheld/Handheld/20260517,20260517,SI,/Users/ian/Downloads/data/organized_data/03_sers_date_lot_balanced_acquisition/handheld/Handheld/20260517/0. Ref_Si/Si 1_4(1)_Sample_26_05_17_14_53_58_362.csv,520.7,520.0,-0.7000000000000455,ok
/Users/ian/Downloads/data/organized_data/03_sers_date_lot_balanced_acquisition/handheld/Handheld/20260517,20260517,SI,/Users/ian/Downloads/data/organized_data/03_sers_date_lot_balanced_acquisition/handheld/Handheld/20260517/0. Ref_Si/Si 1_5(1)_Sample_26_05_17_14_53_58_360.csv,520.7,520.0,-0.7000000000000455,ok
/Users/ian/Downloads/data/organized_data/03_sers_date_lot_balanced_acquisition/handheld/Handheld/20260519,20260519,PS,/Users/ian/Downloads/data/organized_data/03_sers_date_lot_balanced_acquisition/handheld/Handheld/20260519/0. Ref_PS/PS 1_1(1)_Sample_26_05_19_14_35_28_424.csv,620.9,620.0,-0.8999999999999773,ok
/Users/ian/Downloads/data/organized_data/03_sers_date_lot_balanced_acquisition/handheld/Handheld/20260519,20260519,PS,/Users/ian/Downloads/data/organized_data/03_sers_date_lot_balanced_acquisition/handheld/Handheld/20260519/0. Ref_PS/PS 1_1(1)_Sample_26_05_19_14_35_28_424.csv,795.8,796.0,0.20000000000004547,ok
/Users/ian/Downloads/data/organized_data/03_sers_date_lot_balanced_acquisition/handheld/Handheld/20260519,20260519,PS,/Users/ian/Downloads/data/organized_data/03_sers_date_lot_balanced_acquisition/handheld/Handheld/20260519/0. Ref_PS/PS 1_1(1)_Sample_26_05_19_14_35_28_424.csv,1001.4,1001.0,-0.39999999999997726,ok
/Users/ian/Downloads/data/organized_data/03_sers_date_lot_balanced_acquisition/handheld/Handheld/20260519,20260519,PS,/Users/ian/Downloads/data/organized_data/03_sers_date_lot_balanced_acquisition/handheld/Handheld/20260519/0. Ref_PS/PS 1_1(1)_Sample_26_05_19_14_35_28_424.csv,1031.8,1032.0,0.20000000000004547,ok
/Users/ian/Downloads/data/organized_data/03_sers_date_lot_balanced_acquisition/handheld/Handheld/20260519,20260519,PS,/Users/ian/Downloads/data/organized_data/03_sers_date_lot_balanced_acquisition/handheld/Handheld/20260519/0. Ref_PS/PS 1_1(1)_Sample_26_05_19_14_35_28_424.csv,1155.3,1157.0,1.7000000000000455,ok
/Users/ian/Downloads/data/organized_data/03_sers_date_lot_balanced_acquisition/handheld/Handheld/20260519,20260519,PS,/Users/ian/Downloads/data/organized_data/03_sers_date_lot_balanced_acquisition/handheld/Handheld/20260519/0. Ref_PS/PS 1_1(1)_Sample_26_05_19_14_35_28_424.csv,1602.3,1604.0,1.7000000000000455,ok
/Users/ian/Downloads/data/organized_data/03_sers_date_lot_balanced_acquisition/handheld/Handheld/20260519,20260519,PS,/Users/ian/Downloads/data/organized_data/03_sers_date_lot_balanced_acquisition/handheld/Handheld/20260519/0. Ref_PS/PS 1_2(1)_Sample_26_05_19_14_35_28_432.csv,620.9,621.0,0.10000000000002274,ok
/Users/ian/Downloads/data/organized_data/03_sers_date_lot_balanced_acquisition/handheld/Handheld/20260519,20260519,PS,/Users/ian/Downloads/data/organized_data/03_sers_date_lot_balanced_acquisition/handheld/Handheld/20260519/0. Ref_PS/PS 1_2(1)_Sample_26_05_19_14_35_28_432.csv,795.8,795.0,-0.7999999999999545,ok
/Users/ian/Downloads/data/organized_data/03_sers_date_lot_balanced_acquisition/handheld/Handheld/20260519,20260519,PS,/Users/ian/Downloads/data/organized_data/03_sers_date_lot_balanced_acquisition/handheld/Handheld/20260519/0. Ref_PS/PS 1_2(1)_Sample_26_05_19_14_35_28_432.csv,1001.4,1001.0,-0.39999999999997726,ok
/Users/ian/Downloads/data/organized_data/03_sers_date_lot_balanced_acquisition/handheld/Handheld/20260519,20260519,PS,/Users/ian/Downloads/data/organized_data/03_sers_date_lot_balanced_acquisition/handheld/Handheld/20260519/0. Ref_PS/PS 1_2(1)_Sample_26_05_19_14_35_28_432.csv,1031.8,1032.0,0.20000000000004547,ok
/Users/ian/Downloads/data/organized_data/03_sers_date_lot_balanced_acquisition/handheld/Handheld/20260519,20260519,PS,/Users/ian/Downloads/data/organized_data/03_sers_date_lot_balanced_acquisition/handheld/Handheld/20260519/0. Ref_PS/PS 1_2(1)_Sample_26_05_19_14_35_28_432.csv,1155.3,1156.0,0.7000000000000455,ok
/Users/ian/Downloads/data/organized_data/03_sers_date_lot_balanced_acquisition/handheld/Handheld/20260519,20260519,PS,/Users/ian/Downloads/data/organized_data/03_sers_date_lot_balanced_acquisition/handheld/Handheld/20260519/0. Ref_PS/PS 1_2(1)_Sample_26_05_19_14_35_28_432.csv,1602.3,1604.0,1.7000000000000455,ok
/Users/ian/Downloads/data/organized_data/03_sers_date_lot_balanced_acquisition/handheld/Handheld/20260519,20260519,PS,/Users/ian/Downloads/data/organized_data/03_sers_date_lot_balanced_acquisition/handheld/Handheld/20260519/0. Ref_PS/PS 1_3(1)_Sample_26_05_19_14_35_28_432.csv,620.9,620.0,-0.8999999999999773,ok
/Users/ian/Downloads/data/organized_data/03_sers_date_lot_balanced_acquisition/handheld/Handheld/20260519,20260519,PS,/Users/ian/Downloads/data/organized_data/03_sers_date_lot_balanced_acquisition/handheld/Handheld/20260519/0. Ref_PS/PS 1_3(1)_Sample_26_05_19_14_35_28_432.csv,795.8,794.0,-1.7999999999999545,ok
/Users/ian/Downloads/data/organized_data/03_sers_date_lot_balanced_acquisition/handheld/Handheld/20260519,20260519,PS,/Users/ian/Downloads/data/organized_data/03_sers_date_lot_balanced_acquisition/handheld/Handheld/20260519/0. Ref_PS/PS 1_3(1)_Sample_26_05_19_14_35_28_432.csv,1001.4,1001.0,-0.39999999999997726,ok
/Users/ian/Downloads/data/organized_data/03_sers_date_lot_balanced_acquisition/handheld/Handheld/20260519,20260519,PS,/Users/ian/Downloads/data/organized_data/03_sers_date_lot_balanced_acquisition/handheld/Handheld/20260519/0. Ref_PS/PS 1_3(1)_Sample_26_05_19_14_35_28_432.csv,1031.8,1032.0,0.20000000000004547,ok
/Users/ian/Downloads/data/organized_data/03_sers_date_lot_balanced_acquisition/handheld/Handheld/20260519,20260519,PS,/Users/ian/Downloads/data/organized_data/03_sers_date_lot_balanced_acquisition/handheld/Handheld/20260519/0. Ref_PS/PS 1_3(1)_Sample_26_05_19_14_35_28_432.csv,1155.3,1156.0,0.7000000000000455,ok
/Users/ian/Downloads/data/organized_data/03_sers_date_lot_balanced_acquisition/handheld/Handheld/20260519,20260519,PS,/Users/ian/Downloads/data/organized_data/03_sers_date_lot_balanced_acquisition/handheld/Handheld/20260519/0. Ref_PS/PS 1_3(1)_Sample_26_05_19_14_35_28_432.csv,1602.3,1604.0,1.7000000000000455,ok
/Users/ian/Downloads/data/organized_data/03_sers_date_lot_balanced_acquisition/handheld/Handheld/20260519,20260519,PS,/Users/ian/Downloads/data/organized_data/03_sers_date_lot_balanced_acquisition/handheld/Handheld/20260519/0. Ref_PS/PS 1_4(1)_Sample_26_05_19_14_35_28_433.csv,620.9,620.0,-0.8999999999999773,ok
/Users/ian/Downloads/data/organized_data/03_sers_date_lot_balanced_acquisition/handheld/Handheld/20260519,20260519,PS,/Users/ian/Downloads/data/organized_data/03_sers_date_lot_balanced_acquisition/handheld/Handheld/20260519/0. Ref_PS/PS 1_4(1)_Sample_26_05_19_14_35_28_433.csv,795.8,794.0,-1.7999999999999545,ok
/Users/ian/Downloads/data/organized_data/03_sers_date_lot_balanced_acquisition/handheld/Handheld/20260519,20260519,PS,/Users/ian/Downloads/data/organized_data/03_sers_date_lot_balanced_acquisition/handheld/Handheld/20260519/0. Ref_PS/PS 1_4(1)_Sample_26_05_19_14_35_28_433.csv,1001.4,1001.0,-0.39999999999997726,ok
/Users/ian/Downloads/data/organized_data/03_sers_date_lot_balanced_acquisition/handheld/Handheld/20260519,20260519,PS,/Users/ian/Downloads/data/organized_data/03_sers_date_lot_balanced_acquisition/handheld/Handheld/20260519/0. Ref_PS/PS 1_4(1)_Sample_26_05_19_14_35_28_433.csv,1031.8,1031.0,-0.7999999999999545,ok
/Users/ian/Downloads/data/organized_data/03_sers_date_lot_balanced_acquisition/handheld/Handheld/20260519,20260519,PS,/Users/ian/Downloads/data/organized_data/03_sers_date_lot_balanced_acquisition/handheld/Handheld/20260519/0. Ref_PS/PS 1_4(1)_Sample_26_05_19_14_35_28_433.csv,1155.3,1156.0,0.7000000000000455,ok
/Users/ian/Downloads/data/organized_data/03_sers_date_lot_balanced_acquisition/handheld/Handheld/20260519,20260519,PS,/Users/ian/Downloads/data/organized_data/03_sers_date_lot_balanced_acquisition/handheld/Handheld/20260519/0. Ref_PS/PS 1_4(1)_Sample_26_05_19_14_35_28_433.csv,1602.3,1604.0,1.7000000000000455,ok
/Users/ian/Downloads/data/organized_data/03_sers_date_lot_balanced_acquisition/handheld/Handheld/20260519,20260519,PS,/Users/ian/Downloads/data/organized_data/03_sers_date_lot_balanced_acquisition/handheld/Handheld/20260519/0. Ref_PS/PS 1_5(1)_Sample_26_05_19_14_35_28_434.csv,620.9,620.0,-0.8999999999999773,ok
/Users/ian/Downloads/data/organized_data/03_sers_date_lot_balanced_acquisition/handheld/Handheld/20260519,20260519,PS,/Users/ian/Downloads/data/organized_data/03_sers_date_lot_balanced_acquisition/handheld/Handheld/20260519/0. Ref_PS/PS 1_5(1)_Sample_26_05_19_14_35_28_434.csv,795.8,795.0,-0.7999999999999545,ok
/Users/ian/Downloads/data/organized_data/03_sers_date_lot_balanced_acquisition/handheld/Handheld/20260519,20260519,PS,/Users/ian/Downloads/data/organized_data/03_sers_date_lot_balanced_acquisition/handheld/Handheld/20260519/0. Ref_PS/PS 1_5(1)_Sample_26_05_19_14_35_28_434.csv,1001.4,1001.0,-0.39999999999997726,ok
/Users/ian/Downloads/data/organized_data/03_sers_date_lot_balanced_acquisition/handheld/Handheld/20260519,20260519,PS,/Users/ian/Downloads/data/organized_data/03_sers_date_lot_balanced_acquisition/handheld/Handheld/20260519/0. Ref_PS/PS 1_5(1)_Sample_26_05_19_14_35_28_434.csv,1031.8,1032.0,0.20000000000004547,ok
/Users/ian/Downloads/data/organized_data/03_sers_date_lot_balanced_acquisition/handheld/Handheld/20260519,20260519,PS,/Users/ian/Downloads/data/organized_data/03_sers_date_lot_balanced_acquisition/handheld/Handheld/20260519/0. Ref_PS/PS 1_5(1)_Sample_26_05_19_14_35_28_434.csv,1155.3,1156.0,0.7000000000000455,ok
/Users/ian/Downloads/data/organized_data/03_sers_date_lot_balanced_acquisition/handheld/Handheld/20260519,20260519,PS,/Users/ian/Downloads/data/organized_data/03_sers_date_lot_balanced_acquisition/handheld/Handheld/20260519/0. Ref_PS/PS 1_5(1)_Sample_26_05_19_14_35_28_434.csv,1602.3,1604.0,1.7000000000000455,ok
/Users/ian/Downloads/data/organized_data/03_sers_date_lot_balanced_acquisition/handheld/Handheld/20260519,20260519,SI,/Users/ian/Downloads/data/organized_data/03_sers_date_lot_balanced_acquisition/handheld/Handheld/20260519/0. Ref_Si/Si 1_1(1)_Sample_26_05_19_14_37_26_532.csv,520.7,520.0,-0.7000000000000455,ok
/Users/ian/Downloads/data/organized_data/03_sers_date_lot_balanced_acquisition/handheld/Handheld/20260519,20260519,SI,/Users/ian/Downloads/data/organized_data/03_sers_date_lot_balanced_acquisition/handheld/Handheld/20260519/0. Ref_Si/Si 1_2(1)_Sample_26_05_19_14_37_26_533.csv,520.7,520.0,-0.7000000000000455,ok
/Users/ian/Downloads/data/organized_data/03_sers_date_lot_balanced_acquisition/handheld/Handheld/20260519,20260519,SI,/Users/ian/Downloads/data/organized_data/03_sers_date_lot_balanced_acquisition/handheld/Handheld/20260519/0. Ref_Si/Si 1_3(1)_Sample_26_05_19_14_37_26_533.csv,520.7,520.0,-0.7000000000000455,ok
/Users/ian/Downloads/data/organized_data/03_sers_date_lot_balanced_acquisition/handheld/Handheld/20260519,20260519,SI,/Users/ian/Downloads/data/organized_data/03_sers_date_lot_balanced_acquisition/handheld/Handheld/20260519/0. Ref_Si/Si 1_4(1)_Sample_26_05_19_14_37_26_534.csv,520.7,520.0,-0.7000000000000455,ok
/Users/ian/Downloads/data/organized_data/03_sers_date_lot_balanced_acquisition/handheld/Handheld/20260519,20260519,SI,/Users/ian/Downloads/data/organized_data/03_sers_date_lot_balanced_acquisition/handheld/Handheld/20260519/0. Ref_Si/Si 1_5(1)_Sample_26_05_19_14_37_26_535.csv,520.7,520.0,-0.7000000000000455,ok
/Users/ian/Downloads/data/organized_data/03_sers_date_lot_balanced_acquisition/medical/Medical/20260417,20260417,PS,/Users/ian/Downloads/data/organized_data/03_sers_date_lot_balanced_acquisition/medical/Medical/20260417/0. PS/PS 1_1.txt,620.9,622.35,1.4500000000000455,ok
/Users/ian/Downloads/data/organized_data/03_sers_date_lot_balanced_acquisition/medical/Medical/20260417,20260417,PS,/Users/ian/Downloads/data/organized_data/03_sers_date_lot_balanced_acquisition/medical/Medical/20260417/0. PS/PS 1_1.txt,795.8,797.5,1.7000000000000455,ok
/Users/ian/Downloads/data/organized_data/03_sers_date_lot_balanced_acquisition/medical/Medical/20260417,20260417,PS,/Users/ian/Downloads/data/organized_data/03_sers_date_lot_balanced_acquisition/medical/Medical/20260417/0. PS/PS 1_1.txt,1001.4,1002.1,0.7000000000000455,ok
/Users/ian/Downloads/data/organized_data/03_sers_date_lot_balanced_acquisition/medical/Medical/20260417,20260417,PS,/Users/ian/Downloads/data/organized_data/03_sers_date_lot_balanced_acquisition/medical/Medical/20260417/0. PS/PS 1_1.txt,1031.8,1033.1,1.2999999999999545,ok
/Users/ian/Downloads/data/organized_data/03_sers_date_lot_balanced_acquisition/medical/Medical/20260417,20260417,PS,/Users/ian/Downloads/data/organized_data/03_sers_date_lot_balanced_acquisition/medical/Medical/20260417/0. PS/PS 1_1.txt,1155.3,1157.1,1.7999999999999545,ok
/Users/ian/Downloads/data/organized_data/03_sers_date_lot_balanced_acquisition/medical/Medical/20260417,20260417,PS,/Users/ian/Downloads/data/organized_data/03_sers_date_lot_balanced_acquisition/medical/Medical/20260417/0. PS/PS 1_1.txt,1602.3,1601.95,-0.34999999999990905,ok
/Users/ian/Downloads/data/organized_data/03_sers_date_lot_balanced_acquisition/medical/Medical/20260417,20260417,PS,/Users/ian/Downloads/data/organized_data/03_sers_date_lot_balanced_acquisition/medical/Medical/20260417/0. PS/PS 1_2.txt,620.9,622.35,1.4500000000000455,ok
/Users/ian/Downloads/data/organized_data/03_sers_date_lot_balanced_acquisition/medical/Medical/20260417,20260417,PS,/Users/ian/Downloads/data/organized_data/03_sers_date_lot_balanced_acquisition/medical/Medical/20260417/0. PS/PS 1_2.txt,795.8,795.95,0.15000000000009095,ok
/Users/ian/Downloads/data/organized_data/03_sers_date_lot_balanced_acquisition/medical/Medical/20260417,20260417,PS,/Users/ian/Downloads/data/organized_data/03_sers_date_lot_balanced_acquisition/medical/Medical/20260417/0. PS/PS 1_2.txt,1001.4,1002.1,0.7000000000000455,ok
/Users/ian/Downloads/data/organized_data/03_sers_date_lot_balanced_acquisition/medical/Medical/20260417,20260417,PS,/Users/ian/Downloads/data/organized_data/03_sers_date_lot_balanced_acquisition/medical/Medical/20260417/0. PS/PS 1_2.txt,1031.8,1033.1,1.2999999999999545,ok
/Users/ian/Downloads/data/organized_data/03_sers_date_lot_balanced_acquisition/medical/Medical/20260417,20260417,PS,/Users/ian/Downloads/data/organized_data/03_sers_date_lot_balanced_acquisition/medical/Medical/20260417/0. PS/PS 1_2.txt,1155.3,1157.1,1.7999999999999545,ok
/Users/ian/Downloads/data/organized_data/03_sers_date_lot_balanced_acquisition/medical/Medical/20260417,20260417,PS,/Users/ian/Downloads/data/organized_data/03_sers_date_lot_balanced_acquisition/medical/Medical/20260417/0. PS/PS 1_2.txt,1602.3,1603.5,1.2000000000000455,ok
/Users/ian/Downloads/data/organized_data/03_sers_date_lot_balanced_acquisition/medical/Medical/20260417,20260417,PS,/Users/ian/Downloads/data/organized_data/03_sers_date_lot_balanced_acquisition/medical/Medical/20260417/0. PS/PS 1_3.txt,620.9,622.35,1.4500000000000455,ok
/Users/ian/Downloads/data/organized_data/03_sers_date_lot_balanced_acquisition/medical/Medical/20260417,20260417,PS,/Users/ian/Downloads/data/organized_data/03_sers_date_lot_balanced_acquisition/medical/Medical/20260417/0. PS/PS 1_3.txt,795.8,797.5,1.7000000000000455,ok
/Users/ian/Downloads/data/organized_data/03_sers_date_lot_balanced_acquisition/medical/Medical/20260417,20260417,PS,/Users/ian/Downloads/data/organized_data/03_sers_date_lot_balanced_acquisition/medical/Medical/20260417/0. PS/PS 1_3.txt,1001.4,1002.1,0.7000000000000455,ok
/Users/ian/Downloads/data/organized_data/03_sers_date_lot_balanced_acquisition/medical/Medical/20260417,20260417,PS,/Users/ian/Downloads/data/organized_data/03_sers_date_lot_balanced_acquisition/medical/Medical/20260417/0. PS/PS 1_3.txt,1031.8,1033.1,1.2999999999999545,ok
/Users/ian/Downloads/data/organized_data/03_sers_date_lot_balanced_acquisition/medical/Medical/20260417,20260417,PS,/Users/ian/Downloads/data/organized_data/03_sers_date_lot_balanced_acquisition/medical/Medical/20260417/0. PS/PS 1_3.txt,1155.3,1157.1,1.7999999999999545,ok
/Users/ian/Downloads/data/organized_data/03_sers_date_lot_balanced_acquisition/medical/Medical/20260417,20260417,PS,/Users/ian/Downloads/data/organized_data/03_sers_date_lot_balanced_acquisition/medical/Medical/20260417/0. PS/PS 1_3.txt,1602.3,1603.5,1.2000000000000455,ok
/Users/ian/Downloads/data/organized_data/03_sers_date_lot_balanced_acquisition/medical/Medical/20260417,20260417,PS,/Users/ian/Downloads/data/organized_data/03_sers_date_lot_balanced_acquisition/medical/Medical/20260417/0. PS/PS 1_4.txt,620.9,622.35,1.4500000000000455,ok
/Users/ian/Downloads/data/organized_data/03_sers_date_lot_balanced_acquisition/medical/Medical/20260417,20260417,PS,/Users/ian/Downloads/data/organized_data/03_sers_date_lot_balanced_acquisition/medical/Medical/20260417/0. PS/PS 1_4.txt,795.8,795.95,0.15000000000009095,ok
/Users/ian/Downloads/data/organized_data/03_sers_date_lot_balanced_acquisition/medical/Medical/20260417,20260417,PS,/Users/ian/Downloads/data/organized_data/03_sers_date_lot_balanced_acquisition/medical/Medical/20260417/0. PS/PS 1_4.txt,1001.4,1002.1,0.7000000000000455,ok
/Users/ian/Downloads/data/organized_data/03_sers_date_lot_balanced_acquisition/medical/Medical/20260417,20260417,PS,/Users/ian/Downloads/data/organized_data/03_sers_date_lot_balanced_acquisition/medical/Medical/20260417/0. PS/PS 1_4.txt,1031.8,1033.1,1.2999999999999545,ok
/Users/ian/Downloads/data/organized_data/03_sers_date_lot_balanced_acquisition/medical/Medical/20260417,20260417,PS,/Users/ian/Downloads/data/organized_data/03_sers_date_lot_balanced_acquisition/medical/Medical/20260417/0. PS/PS 1_4.txt,1155.3,1157.1,1.7999999999999545,ok
/Users/ian/Downloads/data/organized_data/03_sers_date_lot_balanced_acquisition/medical/Medical/20260417,20260417,PS,/Users/ian/Downloads/data/organized_data/03_sers_date_lot_balanced_acquisition/medical/Medical/20260417/0. PS/PS 1_4.txt,1602.3,1603.5,1.2000000000000455,ok
/Users/ian/Downloads/data/organized_data/03_sers_date_lot_balanced_acquisition/medical/Medical/20260417,20260417,PS,/Users/ian/Downloads/data/organized_data/03_sers_date_lot_balanced_acquisition/medical/Medical/20260417/0. PS/PS 1_5.txt,620.9,622.35,1.4500000000000455,ok
/Users/ian/Downloads/data/organized_data/03_sers_date_lot_balanced_acquisition/medical/Medical/20260417,20260417,PS,/Users/ian/Downloads/data/organized_data/03_sers_date_lot_balanced_acquisition/medical/Medical/20260417/0. PS/PS 1_5.txt,795.8,797.5,1.7000000000000455,ok
/Users/ian/Downloads/data/organized_data/03_sers_date_lot_balanced_acquisition/medical/Medical/20260417,20260417,PS,/Users/ian/Downloads/data/organized_data/03_sers_date_lot_balanced_acquisition/medical/Medical/20260417/0. PS/PS 1_5.txt,1001.4,1003.65,2.25,ok
/Users/ian/Downloads/data/organized_data/03_sers_date_lot_balanced_acquisition/medical/Medical/20260417,20260417,PS,/Users/ian/Downloads/data/organized_data/03_sers_date_lot_balanced_acquisition/medical/Medical/20260417/0. PS/PS 1_5.txt,1031.8,1033.1,1.2999999999999545,ok
/Users/ian/Downloads/data/organized_data/03_sers_date_lot_balanced_acquisition/medical/Medical/20260417,20260417,PS,/Users/ian/Downloads/data/organized_data/03_sers_date_lot_balanced_acquisition/medical/Medical/20260417/0. PS/PS 1_5.txt,1155.3,1158.65,3.3500000000001364,ok
/Users/ian/Downloads/data/organized_data/03_sers_date_lot_balanced_acquisition/medical/Medical/20260417,20260417,PS,/Users/ian/Downloads/data/organized_data/03_sers_date_lot_balanced_acquisition/medical/Medical/20260417/0. PS/PS 1_5.txt,1602.3,1603.5,1.2000000000000455,ok
/Users/ian/Downloads/data/organized_data/03_sers_date_lot_balanced_acquisition/medical/Medical/20260417,20260417,PS,/Users/ian/Downloads/data/organized_data/03_sers_date_lot_balanced_acquisition/medical/Medical/20260417/0. PS/PS 1_6.txt,620.9,623.9,3.0,ok
/Users/ian/Downloads/data/organized_data/03_sers_date_lot_balanced_acquisition/medical/Medical/20260417,20260417,PS,/Users/ian/Downloads/data/organized_data/03_sers_date_lot_balanced_acquisition/medical/Medical/20260417/0. PS/PS 1_6.txt,795.8,797.5,1.7000000000000455,ok
/Users/ian/Downloads/data/organized_data/03_sers_date_lot_balanced_acquisition/medical/Medical/20260417,20260417,PS,/Users/ian/Downloads/data/organized_data/03_sers_date_lot_balanced_acquisition/medical/Medical/20260417/0. PS/PS 1_6.txt,1001.4,1002.1,0.7000000000000455,ok
/Users/ian/Downloads/data/organized_data/03_sers_date_lot_balanced_acquisition/medical/Medical/20260417,20260417,PS,/Users/ian/Downloads/data/organized_data/03_sers_date_lot_balanced_acquisition/medical/Medical/20260417/0. PS/PS 1_6.txt,1031.8,1033.1,1.2999999999999545,ok
/Users/ian/Downloads/data/organized_data/03_sers_date_lot_balanced_acquisition/medical/Medical/20260417,20260417,PS,/Users/ian/Downloads/data/organized_data/03_sers_date_lot_balanced_acquisition/medical/Medical/20260417/0. PS/PS 1_6.txt,1155.3,1157.1,1.7999999999999545,ok
/Users/ian/Downloads/data/organized_data/03_sers_date_lot_balanced_acquisition/medical/Medical/20260417,20260417,PS,/Users/ian/Downloads/data/organized_data/03_sers_date_lot_balanced_acquisition/medical/Medical/20260417/0. PS/PS 1_6.txt,1602.3,1601.95,-0.34999999999990905,ok
/Users/ian/Downloads/data/organized_data/03_sers_date_lot_balanced_acquisition/medical/Medical/20260417,20260417,SI,/Users/ian/Downloads/data/organized_data/03_sers_date_lot_balanced_acquisition/medical/Medical/20260417/0. Si/Si wafer 1_1.txt,520.7,523.15,2.449999999999932,ok
/Users/ian/Downloads/data/organized_data/03_sers_date_lot_balanced_acquisition/medical/Medical/20260417,20260417,SI,/Users/ian/Downloads/data/organized_data/03_sers_date_lot_balanced_acquisition/medical/Medical/20260417/0. Si/Si wafer 1_2.txt,520.7,523.15,2.449999999999932,ok
/Users/ian/Downloads/data/organized_data/03_sers_date_lot_balanced_acquisition/medical/Medical/20260417,20260417,SI,/Users/ian/Downloads/data/organized_data/03_sers_date_lot_balanced_acquisition/medical/Medical/20260417/0. Si/Si wafer 1_3.txt,520.7,523.15,2.449999999999932,ok
/Users/ian/Downloads/data/organized_data/03_sers_date_lot_balanced_acquisition/medical/Medical/20260417,20260417,SI,/Users/ian/Downloads/data/organized_data/03_sers_date_lot_balanced_acquisition/medical/Medical/20260417/0. Si/Si wafer 1_4.txt,520.7,523.15,2.449999999999932,ok
/Users/ian/Downloads/data/organized_data/03_sers_date_lot_balanced_acquisition/medical/Medical/20260417,20260417,SI,/Users/ian/Downloads/data/organized_data/03_sers_date_lot_balanced_acquisition/medical/Medical/20260417/0. Si/Si wafer 1_5.txt,520.7,523.15,2.449999999999932,ok
/Users/ian/Downloads/data/organized_data/03_sers_date_lot_balanced_acquisition/medical/Medical/20260417,20260417,SI,/Users/ian/Downloads/data/organized_data/03_sers_date_lot_balanced_acquisition/medical/Medical/20260417/0. Si/Si wafer 1_6.txt,520.7,521.6,0.8999999999999773,ok
/Users/ian/Downloads/data/organized_data/03_sers_date_lot_balanced_acquisition/medical/Medical/20260421,20260421,PS,/Users/ian/Downloads/data/organized_data/03_sers_date_lot_balanced_acquisition/medical/Medical/20260421/0. PS/PS 1_1.txt,620.9,622.35,1.4500000000000455,ok
/Users/ian/Downloads/data/organized_data/03_sers_date_lot_balanced_acquisition/medical/Medical/20260421,20260421,PS,/Users/ian/Downloads/data/organized_data/03_sers_date_lot_balanced_acquisition/medical/Medical/20260421/0. PS/PS 1_1.txt,795.8,795.95,0.15000000000009095,ok
/Users/ian/Downloads/data/organized_data/03_sers_date_lot_balanced_acquisition/medical/Medical/20260421,20260421,PS,/Users/ian/Downloads/data/organized_data/03_sers_date_lot_balanced_acquisition/medical/Medical/20260421/0. PS/PS 1_1.txt,1001.4,1002.1,0.7000000000000455,ok
/Users/ian/Downloads/data/organized_data/03_sers_date_lot_balanced_acquisition/medical/Medical/20260421,20260421,PS,/Users/ian/Downloads/data/organized_data/03_sers_date_lot_balanced_acquisition/medical/Medical/20260421/0. PS/PS 1_1.txt,1031.8,1033.1,1.2999999999999545,ok
/Users/ian/Downloads/data/organized_data/03_sers_date_lot_balanced_acquisition/medical/Medical/20260421,20260421,PS,/Users/ian/Downloads/data/organized_data/03_sers_date_lot_balanced_acquisition/medical/Medical/20260421/0. PS/PS 1_1.txt,1155.3,1157.1,1.7999999999999545,ok
/Users/ian/Downloads/data/organized_data/03_sers_date_lot_balanced_acquisition/medical/Medical/20260421,20260421,PS,/Users/ian/Downloads/data/organized_data/03_sers_date_lot_balanced_acquisition/medical/Medical/20260421/0. PS/PS 1_1.txt,1602.3,1603.5,1.2000000000000455,ok
/Users/ian/Downloads/data/organized_data/03_sers_date_lot_balanced_acquisition/medical/Medical/20260421,20260421,PS,/Users/ian/Downloads/data/organized_data/03_sers_date_lot_balanced_acquisition/medical/Medical/20260421/0. PS/PS 1_2.txt,620.9,622.35,1.4500000000000455,ok
/Users/ian/Downloads/data/organized_data/03_sers_date_lot_balanced_acquisition/medical/Medical/20260421,20260421,PS,/Users/ian/Downloads/data/organized_data/03_sers_date_lot_balanced_acquisition/medical/Medical/20260421/0. PS/PS 1_2.txt,795.8,795.95,0.15000000000009095,ok
/Users/ian/Downloads/data/organized_data/03_sers_date_lot_balanced_acquisition/medical/Medical/20260421,20260421,PS,/Users/ian/Downloads/data/organized_data/03_sers_date_lot_balanced_acquisition/medical/Medical/20260421/0. PS/PS 1_2.txt,1001.4,1002.1,0.7000000000000455,ok
/Users/ian/Downloads/data/organized_data/03_sers_date_lot_balanced_acquisition/medical/Medical/20260421,20260421,PS,/Users/ian/Downloads/data/organized_data/03_sers_date_lot_balanced_acquisition/medical/Medical/20260421/0. PS/PS 1_2.txt,1031.8,1033.1,1.2999999999999545,ok
/Users/ian/Downloads/data/organized_data/03_sers_date_lot_balanced_acquisition/medical/Medical/20260421,20260421,PS,/Users/ian/Downloads/data/organized_data/03_sers_date_lot_balanced_acquisition/medical/Medical/20260421/0. PS/PS 1_2.txt,1155.3,1155.55,0.25,ok
/Users/ian/Downloads/data/organized_data/03_sers_date_lot_balanced_acquisition/medical/Medical/20260421,20260421,PS,/Users/ian/Downloads/data/organized_data/03_sers_date_lot_balanced_acquisition/medical/Medical/20260421/0. PS/PS 1_2.txt,1602.3,1601.95,-0.34999999999990905,ok
/Users/ian/Downloads/data/organized_data/03_sers_date_lot_balanced_acquisition/medical/Medical/20260421,20260421,PS,/Users/ian/Downloads/data/organized_data/03_sers_date_lot_balanced_acquisition/medical/Medical/20260421/0. PS/PS 1_3.txt,620.9,622.35,1.4500000000000455,ok
/Users/ian/Downloads/data/organized_data/03_sers_date_lot_balanced_acquisition/medical/Medical/20260421,20260421,PS,/Users/ian/Downloads/data/organized_data/03_sers_date_lot_balanced_acquisition/medical/Medical/20260421/0. PS/PS 1_3.txt,795.8,795.95,0.15000000000009095,ok
/Users/ian/Downloads/data/organized_data/03_sers_date_lot_balanced_acquisition/medical/Medical/20260421,20260421,PS,/Users/ian/Downloads/data/organized_data/03_sers_date_lot_balanced_acquisition/medical/Medical/20260421/0. PS/PS 1_3.txt,1001.4,1002.1,0.7000000000000455,ok
/Users/ian/Downloads/data/organized_data/03_sers_date_lot_balanced_acquisition/medical/Medical/20260421,20260421,PS,/Users/ian/Downloads/data/organized_data/03_sers_date_lot_balanced_acquisition/medical/Medical/20260421/0. PS/PS 1_3.txt,1031.8,1031.55,-0.25,ok
/Users/ian/Downloads/data/organized_data/03_sers_date_lot_balanced_acquisition/medical/Medical/20260421,20260421,PS,/Users/ian/Downloads/data/organized_data/03_sers_date_lot_balanced_acquisition/medical/Medical/20260421/0. PS/PS 1_3.txt,1155.3,1155.55,0.25,ok
/Users/ian/Downloads/data/organized_data/03_sers_date_lot_balanced_acquisition/medical/Medical/20260421,20260421,PS,/Users/ian/Downloads/data/organized_data/03_sers_date_lot_balanced_acquisition/medical/Medical/20260421/0. PS/PS 1_3.txt,1602.3,1603.5,1.2000000000000455,ok
/Users/ian/Downloads/data/organized_data/03_sers_date_lot_balanced_acquisition/medical/Medical/20260421,20260421,PS,/Users/ian/Downloads/data/organized_data/03_sers_date_lot_balanced_acquisition/medical/Medical/20260421/0. PS/PS 1_4.txt,620.9,622.35,1.4500000000000455,ok
/Users/ian/Downloads/data/organized_data/03_sers_date_lot_balanced_acquisition/medical/Medical/20260421,20260421,PS,/Users/ian/Downloads/data/organized_data/03_sers_date_lot_balanced_acquisition/medical/Medical/20260421/0. PS/PS 1_4.txt,795.8,795.95,0.15000000000009095,ok
/Users/ian/Downloads/data/organized_data/03_sers_date_lot_balanced_acquisition/medical/Medical/20260421,20260421,PS,/Users/ian/Downloads/data/organized_data/03_sers_date_lot_balanced_acquisition/medical/Medical/20260421/0. PS/PS 1_4.txt,1001.4,1003.65,2.25,ok
/Users/ian/Downloads/data/organized_data/03_sers_date_lot_balanced_acquisition/medical/Medical/20260421,20260421,PS,/Users/ian/Downloads/data/organized_data/03_sers_date_lot_balanced_acquisition/medical/Medical/20260421/0. PS/PS 1_4.txt,1031.8,1033.1,1.2999999999999545,ok
/Users/ian/Downloads/data/organized_data/03_sers_date_lot_balanced_acquisition/medical/Medical/20260421,20260421,PS,/Users/ian/Downloads/data/organized_data/03_sers_date_lot_balanced_acquisition/medical/Medical/20260421/0. PS/PS 1_4.txt,1155.3,1157.1,1.7999999999999545,ok
/Users/ian/Downloads/data/organized_data/03_sers_date_lot_balanced_acquisition/medical/Medical/20260421,20260421,PS,/Users/ian/Downloads/data/organized_data/03_sers_date_lot_balanced_acquisition/medical/Medical/20260421/0. PS/PS 1_4.txt,1602.3,1603.5,1.2000000000000455,ok
/Users/ian/Downloads/data/organized_data/03_sers_date_lot_balanced_acquisition/medical/Medical/20260421,20260421,PS,/Users/ian/Downloads/data/organized_data/03_sers_date_lot_balanced_acquisition/medical/Medical/20260421/0. PS/PS 1_5.txt,620.9,622.35,1.4500000000000455,ok
/Users/ian/Downloads/data/organized_data/03_sers_date_lot_balanced_acquisition/medical/Medical/20260421,20260421,PS,/Users/ian/Downloads/data/organized_data/03_sers_date_lot_balanced_acquisition/medical/Medical/20260421/0. PS/PS 1_5.txt,795.8,797.5,1.7000000000000455,ok
/Users/ian/Downloads/data/organized_data/03_sers_date_lot_balanced_acquisition/medical/Medical/20260421,20260421,PS,/Users/ian/Downloads/data/organized_data/03_sers_date_lot_balanced_acquisition/medical/Medical/20260421/0. PS/PS 1_5.txt,1001.4,1003.65,2.25,ok
/Users/ian/Downloads/data/organized_data/03_sers_date_lot_balanced_acquisition/medical/Medical/20260421,20260421,PS,/Users/ian/Downloads/data/organized_data/03_sers_date_lot_balanced_acquisition/medical/Medical/20260421/0. PS/PS 1_5.txt,1031.8,1033.1,1.2999999999999545,ok
/Users/ian/Downloads/data/organized_data/03_sers_date_lot_balanced_acquisition/medical/Medical/20260421,20260421,PS,/Users/ian/Downloads/data/organized_data/03_sers_date_lot_balanced_acquisition/medical/Medical/20260421/0. PS/PS 1_5.txt,1155.3,1157.1,1.7999999999999545,ok
/Users/ian/Downloads/data/organized_data/03_sers_date_lot_balanced_acquisition/medical/Medical/20260421,20260421,PS,/Users/ian/Downloads/data/organized_data/03_sers_date_lot_balanced_acquisition/medical/Medical/20260421/0. PS/PS 1_5.txt,1602.3,1603.5,1.2000000000000455,ok
/Users/ian/Downloads/data/organized_data/03_sers_date_lot_balanced_acquisition/medical/Medical/20260421,20260421,PS,/Users/ian/Downloads/data/organized_data/03_sers_date_lot_balanced_acquisition/medical/Medical/20260421/0. PS/PS 1_6.txt,620.9,630.1,9.200000000000045,ok
/Users/ian/Downloads/data/organized_data/03_sers_date_lot_balanced_acquisition/medical/Medical/20260421,20260421,PS,/Users/ian/Downloads/data/organized_data/03_sers_date_lot_balanced_acquisition/medical/Medical/20260421/0. PS/PS 1_6.txt,795.8,802.15,6.350000000000023,ok
/Users/ian/Downloads/data/organized_data/03_sers_date_lot_balanced_acquisition/medical/Medical/20260421,20260421,PS,/Users/ian/Downloads/data/organized_data/03_sers_date_lot_balanced_acquisition/medical/Medical/20260421/0. PS/PS 1_6.txt,1001.4,1008.3,6.899999999999977,ok
/Users/ian/Downloads/data/organized_data/03_sers_date_lot_balanced_acquisition/medical/Medical/20260421,20260421,PS,/Users/ian/Downloads/data/organized_data/03_sers_date_lot_balanced_acquisition/medical/Medical/20260421/0. PS/PS 1_6.txt,1031.8,1039.3,7.5,ok
/Users/ian/Downloads/data/organized_data/03_sers_date_lot_balanced_acquisition/medical/Medical/20260421,20260421,PS,/Users/ian/Downloads/data/organized_data/03_sers_date_lot_balanced_acquisition/medical/Medical/20260421/0. PS/PS 1_6.txt,1155.3,1166.4,11.100000000000136,ok
/Users/ian/Downloads/data/organized_data/03_sers_date_lot_balanced_acquisition/medical/Medical/20260421,20260421,PS,/Users/ian/Downloads/data/organized_data/03_sers_date_lot_balanced_acquisition/medical/Medical/20260421/0. PS/PS 1_6.txt,1602.3,1609.7,7.400000000000091,ok
/Users/ian/Downloads/data/organized_data/03_sers_date_lot_balanced_acquisition/medical/Medical/20260421,20260421,SI,/Users/ian/Downloads/data/organized_data/03_sers_date_lot_balanced_acquisition/medical/Medical/20260421/0. Si/Si 1_1.txt,520.7,521.6,0.8999999999999773,ok
/Users/ian/Downloads/data/organized_data/03_sers_date_lot_balanced_acquisition/medical/Medical/20260421,20260421,SI,/Users/ian/Downloads/data/organized_data/03_sers_date_lot_balanced_acquisition/medical/Medical/20260421/0. Si/Si 1_2.txt,520.7,521.6,0.8999999999999773,ok
/Users/ian/Downloads/data/organized_data/03_sers_date_lot_balanced_acquisition/medical/Medical/20260421,20260421,SI,/Users/ian/Downloads/data/organized_data/03_sers_date_lot_balanced_acquisition/medical/Medical/20260421/0. Si/Si 1_3.txt,520.7,521.6,0.8999999999999773,ok
/Users/ian/Downloads/data/organized_data/03_sers_date_lot_balanced_acquisition/medical/Medical/20260421,20260421,SI,/Users/ian/Downloads/data/organized_data/03_sers_date_lot_balanced_acquisition/medical/Medical/20260421/0. Si/Si 1_4.txt,520.7,521.6,0.8999999999999773,ok
/Users/ian/Downloads/data/organized_data/03_sers_date_lot_balanced_acquisition/medical/Medical/20260421,20260421,SI,/Users/ian/Downloads/data/organized_data/03_sers_date_lot_balanced_acquisition/medical/Medical/20260421/0. Si/Si 1_5.txt,520.7,521.6,0.8999999999999773,ok
/Users/ian/Downloads/data/organized_data/03_sers_date_lot_balanced_acquisition/medical/Medical/20260421,20260421,SI,/Users/ian/Downloads/data/organized_data/03_sers_date_lot_balanced_acquisition/medical/Medical/20260421/0. Si/Si 1_6.txt,520.7,521.6,0.8999999999999773,ok
/Users/ian/Downloads/data/organized_data/03_sers_date_lot_balanced_acquisition/medical/Medical/20260422,20260422,PS,/Users/ian/Downloads/data/organized_data/03_sers_date_lot_balanced_acquisition/medical/Medical/20260422/0. PS/PS 1_1.txt,620.9,622.35,1.4500000000000455,ok
/Users/ian/Downloads/data/organized_data/03_sers_date_lot_balanced_acquisition/medical/Medical/20260422,20260422,PS,/Users/ian/Downloads/data/organized_data/03_sers_date_lot_balanced_acquisition/medical/Medical/20260422/0. PS/PS 1_1.txt,795.8,795.95,0.15000000000009095,ok
/Users/ian/Downloads/data/organized_data/03_sers_date_lot_balanced_acquisition/medical/Medical/20260422,20260422,PS,/Users/ian/Downloads/data/organized_data/03_sers_date_lot_balanced_acquisition/medical/Medical/20260422/0. PS/PS 1_1.txt,1001.4,1002.1,0.7000000000000455,ok
/Users/ian/Downloads/data/organized_data/03_sers_date_lot_balanced_acquisition/medical/Medical/20260422,20260422,PS,/Users/ian/Downloads/data/organized_data/03_sers_date_lot_balanced_acquisition/medical/Medical/20260422/0. PS/PS 1_1.txt,1031.8,1031.55,-0.25,ok
/Users/ian/Downloads/data/organized_data/03_sers_date_lot_balanced_acquisition/medical/Medical/20260422,20260422,PS,/Users/ian/Downloads/data/organized_data/03_sers_date_lot_balanced_acquisition/medical/Medical/20260422/0. PS/PS 1_1.txt,1155.3,1157.1,1.7999999999999545,ok
/Users/ian/Downloads/data/organized_data/03_sers_date_lot_balanced_acquisition/medical/Medical/20260422,20260422,PS,/Users/ian/Downloads/data/organized_data/03_sers_date_lot_balanced_acquisition/medical/Medical/20260422/0. PS/PS 1_1.txt,1602.3,1603.5,1.2000000000000455,ok
/Users/ian/Downloads/data/organized_data/03_sers_date_lot_balanced_acquisition/medical/Medical/20260422,20260422,PS,/Users/ian/Downloads/data/organized_data/03_sers_date_lot_balanced_acquisition/medical/Medical/20260422/0. PS/PS 1_2.txt,620.9,622.35,1.4500000000000455,ok
/Users/ian/Downloads/data/organized_data/03_sers_date_lot_balanced_acquisition/medical/Medical/20260422,20260422,PS,/Users/ian/Downloads/data/organized_data/03_sers_date_lot_balanced_acquisition/medical/Medical/20260422/0. PS/PS 1_2.txt,795.8,794.4,-1.3999999999999773,ok
/Users/ian/Downloads/data/organized_data/03_sers_date_lot_balanced_acquisition/medical/Medical/20260422,20260422,PS,/Users/ian/Downloads/data/organized_data/03_sers_date_lot_balanced_acquisition/medical/Medical/20260422/0. PS/PS 1_2.txt,1001.4,1002.1,0.7000000000000455,ok
/Users/ian/Downloads/data/organized_data/03_sers_date_lot_balanced_acquisition/medical/Medical/20260422,20260422,PS,/Users/ian/Downloads/data/organized_data/03_sers_date_lot_balanced_acquisition/medical/Medical/20260422/0. PS/PS 1_2.txt,1031.8,1031.55,-0.25,ok
/Users/ian/Downloads/data/organized_data/03_sers_date_lot_balanced_acquisition/medical/Medical/20260422,20260422,PS,/Users/ian/Downloads/data/organized_data/03_sers_date_lot_balanced_acquisition/medical/Medical/20260422/0. PS/PS 1_2.txt,1155.3,1157.1,1.7999999999999545,ok
/Users/ian/Downloads/data/organized_data/03_sers_date_lot_balanced_acquisition/medical/Medical/20260422,20260422,PS,/Users/ian/Downloads/data/organized_data/03_sers_date_lot_balanced_acquisition/medical/Medical/20260422/0. PS/PS 1_2.txt,1602.3,1601.95,-0.34999999999990905,ok
/Users/ian/Downloads/data/organized_data/03_sers_date_lot_balanced_acquisition/medical/Medical/20260422,20260422,PS,/Users/ian/Downloads/data/organized_data/03_sers_date_lot_balanced_acquisition/medical/Medical/20260422/0. PS/PS 1_3.txt,620.9,622.35,1.4500000000000455,ok
/Users/ian/Downloads/data/organized_data/03_sers_date_lot_balanced_acquisition/medical/Medical/20260422,20260422,PS,/Users/ian/Downloads/data/organized_data/03_sers_date_lot_balanced_acquisition/medical/Medical/20260422/0. PS/PS 1_3.txt,795.8,795.95,0.15000000000009095,ok
/Users/ian/Downloads/data/organized_data/03_sers_date_lot_balanced_acquisition/medical/Medical/20260422,20260422,PS,/Users/ian/Downloads/data/organized_data/03_sers_date_lot_balanced_acquisition/medical/Medical/20260422/0. PS/PS 1_3.txt,1001.4,1002.1,0.7000000000000455,ok
/Users/ian/Downloads/data/organized_data/03_sers_date_lot_balanced_acquisition/medical/Medical/20260422,20260422,PS,/Users/ian/Downloads/data/organized_data/03_sers_date_lot_balanced_acquisition/medical/Medical/20260422/0. PS/PS 1_3.txt,1031.8,1031.55,-0.25,ok
/Users/ian/Downloads/data/organized_data/03_sers_date_lot_balanced_acquisition/medical/Medical/20260422,20260422,PS,/Users/ian/Downloads/data/organized_data/03_sers_date_lot_balanced_acquisition/medical/Medical/20260422/0. PS/PS 1_3.txt,1155.3,1157.1,1.7999999999999545,ok
/Users/ian/Downloads/data/organized_data/03_sers_date_lot_balanced_acquisition/medical/Medical/20260422,20260422,PS,/Users/ian/Downloads/data/organized_data/03_sers_date_lot_balanced_acquisition/medical/Medical/20260422/0. PS/PS 1_3.txt,1602.3,1601.95,-0.34999999999990905,ok
/Users/ian/Downloads/data/organized_data/03_sers_date_lot_balanced_acquisition/medical/Medical/20260422,20260422,PS,/Users/ian/Downloads/data/organized_data/03_sers_date_lot_balanced_acquisition/medical/Medical/20260422/0. PS/PS 1_4.txt,620.9,622.35,1.4500000000000455,ok
/Users/ian/Downloads/data/organized_data/03_sers_date_lot_balanced_acquisition/medical/Medical/20260422,20260422,PS,/Users/ian/Downloads/data/organized_data/03_sers_date_lot_balanced_acquisition/medical/Medical/20260422/0. PS/PS 1_4.txt,795.8,797.5,1.7000000000000455,ok
/Users/ian/Downloads/data/organized_data/03_sers_date_lot_balanced_acquisition/medical/Medical/20260422,20260422,PS,/Users/ian/Downloads/data/organized_data/03_sers_date_lot_balanced_acquisition/medical/Medical/20260422/0. PS/PS 1_4.txt,1001.4,1002.1,0.7000000000000455,ok
/Users/ian/Downloads/data/organized_data/03_sers_date_lot_balanced_acquisition/medical/Medical/20260422,20260422,PS,/Users/ian/Downloads/data/organized_data/03_sers_date_lot_balanced_acquisition/medical/Medical/20260422/0. PS/PS 1_4.txt,1031.8,1031.55,-0.25,ok
/Users/ian/Downloads/data/organized_data/03_sers_date_lot_balanced_acquisition/medical/Medical/20260422,20260422,PS,/Users/ian/Downloads/data/organized_data/03_sers_date_lot_balanced_acquisition/medical/Medical/20260422/0. PS/PS 1_4.txt,1155.3,1155.55,0.25,ok
/Users/ian/Downloads/data/organized_data/03_sers_date_lot_balanced_acquisition/medical/Medical/20260422,20260422,PS,/Users/ian/Downloads/data/organized_data/03_sers_date_lot_balanced_acquisition/medical/Medical/20260422/0. PS/PS 1_4.txt,1602.3,1601.95,-0.34999999999990905,ok
/Users/ian/Downloads/data/organized_data/03_sers_date_lot_balanced_acquisition/medical/Medical/20260422,20260422,PS,/Users/ian/Downloads/data/organized_data/03_sers_date_lot_balanced_acquisition/medical/Medical/20260422/0. PS/PS 1_5.txt,620.9,622.35,1.4500000000000455,ok
/Users/ian/Downloads/data/organized_data/03_sers_date_lot_balanced_acquisition/medical/Medical/20260422,20260422,PS,/Users/ian/Downloads/data/organized_data/03_sers_date_lot_balanced_acquisition/medical/Medical/20260422/0. PS/PS 1_5.txt,795.8,797.5,1.7000000000000455,ok
/Users/ian/Downloads/data/organized_data/03_sers_date_lot_balanced_acquisition/medical/Medical/20260422,20260422,PS,/Users/ian/Downloads/data/organized_data/03_sers_date_lot_balanced_acquisition/medical/Medical/20260422/0. PS/PS 1_5.txt,1001.4,1002.1,0.7000000000000455,ok
/Users/ian/Downloads/data/organized_data/03_sers_date_lot_balanced_acquisition/medical/Medical/20260422,20260422,PS,/Users/ian/Downloads/data/organized_data/03_sers_date_lot_balanced_acquisition/medical/Medical/20260422/0. PS/PS 1_5.txt,1031.8,1033.1,1.2999999999999545,ok
/Users/ian/Downloads/data/organized_data/03_sers_date_lot_balanced_acquisition/medical/Medical/20260422,20260422,PS,/Users/ian/Downloads/data/organized_data/03_sers_date_lot_balanced_acquisition/medical/Medical/20260422/0. PS/PS 1_5.txt,1155.3,1157.1,1.7999999999999545,ok
/Users/ian/Downloads/data/organized_data/03_sers_date_lot_balanced_acquisition/medical/Medical/20260422,20260422,PS,/Users/ian/Downloads/data/organized_data/03_sers_date_lot_balanced_acquisition/medical/Medical/20260422/0. PS/PS 1_5.txt,1602.3,1603.5,1.2000000000000455,ok
/Users/ian/Downloads/data/organized_data/03_sers_date_lot_balanced_acquisition/medical/Medical/20260422,20260422,PS,/Users/ian/Downloads/data/organized_data/03_sers_date_lot_balanced_acquisition/medical/Medical/20260422/0. PS/PS 1_6.txt,620.9,622.35,1.4500000000000455,ok
/Users/ian/Downloads/data/organized_data/03_sers_date_lot_balanced_acquisition/medical/Medical/20260422,20260422,PS,/Users/ian/Downloads/data/organized_data/03_sers_date_lot_balanced_acquisition/medical/Medical/20260422/0. PS/PS 1_6.txt,795.8,797.5,1.7000000000000455,ok
/Users/ian/Downloads/data/organized_data/03_sers_date_lot_balanced_acquisition/medical/Medical/20260422,20260422,PS,/Users/ian/Downloads/data/organized_data/03_sers_date_lot_balanced_acquisition/medical/Medical/20260422/0. PS/PS 1_6.txt,1001.4,1002.1,0.7000000000000455,ok
/Users/ian/Downloads/data/organized_data/03_sers_date_lot_balanced_acquisition/medical/Medical/20260422,20260422,PS,/Users/ian/Downloads/data/organized_data/03_sers_date_lot_balanced_acquisition/medical/Medical/20260422/0. PS/PS 1_6.txt,1031.8,1031.55,-0.25,ok
/Users/ian/Downloads/data/organized_data/03_sers_date_lot_balanced_acquisition/medical/Medical/20260422,20260422,PS,/Users/ian/Downloads/data/organized_data/03_sers_date_lot_balanced_acquisition/medical/Medical/20260422/0. PS/PS 1_6.txt,1155.3,1155.55,0.25,ok
/Users/ian/Downloads/data/organized_data/03_sers_date_lot_balanced_acquisition/medical/Medical/20260422,20260422,PS,/Users/ian/Downloads/data/organized_data/03_sers_date_lot_balanced_acquisition/medical/Medical/20260422/0. PS/PS 1_6.txt,1602.3,1601.95,-0.34999999999990905,ok
/Users/ian/Downloads/data/organized_data/03_sers_date_lot_balanced_acquisition/medical/Medical/20260422,20260422,SI,/Users/ian/Downloads/data/organized_data/03_sers_date_lot_balanced_acquisition/medical/Medical/20260422/0. Si/Si 1_1.txt,520.7,521.6,0.8999999999999773,ok
/Users/ian/Downloads/data/organized_data/03_sers_date_lot_balanced_acquisition/medical/Medical/20260422,20260422,SI,/Users/ian/Downloads/data/organized_data/03_sers_date_lot_balanced_acquisition/medical/Medical/20260422/0. Si/Si 1_2.txt,520.7,521.6,0.8999999999999773,ok
/Users/ian/Downloads/data/organized_data/03_sers_date_lot_balanced_acquisition/medical/Medical/20260422,20260422,SI,/Users/ian/Downloads/data/organized_data/03_sers_date_lot_balanced_acquisition/medical/Medical/20260422/0. Si/Si 1_3.txt,520.7,521.6,0.8999999999999773,ok
/Users/ian/Downloads/data/organized_data/03_sers_date_lot_balanced_acquisition/medical/Medical/20260422,20260422,SI,/Users/ian/Downloads/data/organized_data/03_sers_date_lot_balanced_acquisition/medical/Medical/20260422/0. Si/Si 1_4.txt,520.7,521.6,0.8999999999999773,ok
/Users/ian/Downloads/data/organized_data/03_sers_date_lot_balanced_acquisition/medical/Medical/20260422,20260422,SI,/Users/ian/Downloads/data/organized_data/03_sers_date_lot_balanced_acquisition/medical/Medical/20260422/0. Si/Si 1_5.txt,520.7,521.6,0.8999999999999773,ok
/Users/ian/Downloads/data/organized_data/03_sers_date_lot_balanced_acquisition/medical/Medical/20260422,20260422,SI,/Users/ian/Downloads/data/organized_data/03_sers_date_lot_balanced_acquisition/medical/Medical/20260422/0. Si/Si 1_6.txt,520.7,521.6,0.8999999999999773,ok
/Users/ian/Downloads/data/organized_data/03_sers_date_lot_balanced_acquisition/medical/Medical/20260423,20260423,PS,/Users/ian/Downloads/data/organized_data/03_sers_date_lot_balanced_acquisition/medical/Medical/20260423/0. PS/PS 1_1.txt,620.9,622.35,1.4500000000000455,ok
/Users/ian/Downloads/data/organized_data/03_sers_date_lot_balanced_acquisition/medical/Medical/20260423,20260423,PS,/Users/ian/Downloads/data/organized_data/03_sers_date_lot_balanced_acquisition/medical/Medical/20260423/0. PS/PS 1_1.txt,795.8,795.95,0.15000000000009095,ok
/Users/ian/Downloads/data/organized_data/03_sers_date_lot_balanced_acquisition/medical/Medical/20260423,20260423,PS,/Users/ian/Downloads/data/organized_data/03_sers_date_lot_balanced_acquisition/medical/Medical/20260423/0. PS/PS 1_1.txt,1001.4,1002.1,0.7000000000000455,ok
/Users/ian/Downloads/data/organized_data/03_sers_date_lot_balanced_acquisition/medical/Medical/20260423,20260423,PS,/Users/ian/Downloads/data/organized_data/03_sers_date_lot_balanced_acquisition/medical/Medical/20260423/0. PS/PS 1_1.txt,1031.8,1033.1,1.2999999999999545,ok
/Users/ian/Downloads/data/organized_data/03_sers_date_lot_balanced_acquisition/medical/Medical/20260423,20260423,PS,/Users/ian/Downloads/data/organized_data/03_sers_date_lot_balanced_acquisition/medical/Medical/20260423/0. PS/PS 1_1.txt,1155.3,1157.1,1.7999999999999545,ok
/Users/ian/Downloads/data/organized_data/03_sers_date_lot_balanced_acquisition/medical/Medical/20260423,20260423,PS,/Users/ian/Downloads/data/organized_data/03_sers_date_lot_balanced_acquisition/medical/Medical/20260423/0. PS/PS 1_1.txt,1602.3,1601.95,-0.34999999999990905,ok
/Users/ian/Downloads/data/organized_data/03_sers_date_lot_balanced_acquisition/medical/Medical/20260423,20260423,PS,/Users/ian/Downloads/data/organized_data/03_sers_date_lot_balanced_acquisition/medical/Medical/20260423/0. PS/PS 1_2.txt,620.9,622.35,1.4500000000000455,ok
/Users/ian/Downloads/data/organized_data/03_sers_date_lot_balanced_acquisition/medical/Medical/20260423,20260423,PS,/Users/ian/Downloads/data/organized_data/03_sers_date_lot_balanced_acquisition/medical/Medical/20260423/0. PS/PS 1_2.txt,795.8,797.5,1.7000000000000455,ok
/Users/ian/Downloads/data/organized_data/03_sers_date_lot_balanced_acquisition/medical/Medical/20260423,20260423,PS,/Users/ian/Downloads/data/organized_data/03_sers_date_lot_balanced_acquisition/medical/Medical/20260423/0. PS/PS 1_2.txt,1001.4,1002.1,0.7000000000000455,ok
/Users/ian/Downloads/data/organized_data/03_sers_date_lot_balanced_acquisition/medical/Medical/20260423,20260423,PS,/Users/ian/Downloads/data/organized_data/03_sers_date_lot_balanced_acquisition/medical/Medical/20260423/0. PS/PS 1_2.txt,1031.8,1033.1,1.2999999999999545,ok
/Users/ian/Downloads/data/organized_data/03_sers_date_lot_balanced_acquisition/medical/Medical/20260423,20260423,PS,/Users/ian/Downloads/data/organized_data/03_sers_date_lot_balanced_acquisition/medical/Medical/20260423/0. PS/PS 1_2.txt,1155.3,1157.1,1.7999999999999545,ok
/Users/ian/Downloads/data/organized_data/03_sers_date_lot_balanced_acquisition/medical/Medical/20260423,20260423,PS,/Users/ian/Downloads/data/organized_data/03_sers_date_lot_balanced_acquisition/medical/Medical/20260423/0. PS/PS 1_2.txt,1602.3,1601.95,-0.34999999999990905,ok
/Users/ian/Downloads/data/organized_data/03_sers_date_lot_balanced_acquisition/medical/Medical/20260423,20260423,PS,/Users/ian/Downloads/data/organized_data/03_sers_date_lot_balanced_acquisition/medical/Medical/20260423/0. PS/PS 1_3.txt,620.9,622.35,1.4500000000000455,ok
/Users/ian/Downloads/data/organized_data/03_sers_date_lot_balanced_acquisition/medical/Medical/20260423,20260423,PS,/Users/ian/Downloads/data/organized_data/03_sers_date_lot_balanced_acquisition/medical/Medical/20260423/0. PS/PS 1_3.txt,795.8,795.95,0.15000000000009095,ok
/Users/ian/Downloads/data/organized_data/03_sers_date_lot_balanced_acquisition/medical/Medical/20260423,20260423,PS,/Users/ian/Downloads/data/organized_data/03_sers_date_lot_balanced_acquisition/medical/Medical/20260423/0. PS/PS 1_3.txt,1001.4,1002.1,0.7000000000000455,ok
/Users/ian/Downloads/data/organized_data/03_sers_date_lot_balanced_acquisition/medical/Medical/20260423,20260423,PS,/Users/ian/Downloads/data/organized_data/03_sers_date_lot_balanced_acquisition/medical/Medical/20260423/0. PS/PS 1_3.txt,1031.8,1033.1,1.2999999999999545,ok
/Users/ian/Downloads/data/organized_data/03_sers_date_lot_balanced_acquisition/medical/Medical/20260423,20260423,PS,/Users/ian/Downloads/data/organized_data/03_sers_date_lot_balanced_acquisition/medical/Medical/20260423/0. PS/PS 1_3.txt,1155.3,1157.1,1.7999999999999545,ok
/Users/ian/Downloads/data/organized_data/03_sers_date_lot_balanced_acquisition/medical/Medical/20260423,20260423,PS,/Users/ian/Downloads/data/organized_data/03_sers_date_lot_balanced_acquisition/medical/Medical/20260423/0. PS/PS 1_3.txt,1602.3,1601.95,-0.34999999999990905,ok
/Users/ian/Downloads/data/organized_data/03_sers_date_lot_balanced_acquisition/medical/Medical/20260423,20260423,PS,/Users/ian/Downloads/data/organized_data/03_sers_date_lot_balanced_acquisition/medical/Medical/20260423/0. PS/PS 1_4.txt,620.9,622.35,1.4500000000000455,ok
/Users/ian/Downloads/data/organized_data/03_sers_date_lot_balanced_acquisition/medical/Medical/20260423,20260423,PS,/Users/ian/Downloads/data/organized_data/03_sers_date_lot_balanced_acquisition/medical/Medical/20260423/0. PS/PS 1_4.txt,795.8,797.5,1.7000000000000455,ok
/Users/ian/Downloads/data/organized_data/03_sers_date_lot_balanced_acquisition/medical/Medical/20260423,20260423,PS,/Users/ian/Downloads/data/organized_data/03_sers_date_lot_balanced_acquisition/medical/Medical/20260423/0. PS/PS 1_4.txt,1001.4,1002.1,0.7000000000000455,ok
/Users/ian/Downloads/data/organized_data/03_sers_date_lot_balanced_acquisition/medical/Medical/20260423,20260423,PS,/Users/ian/Downloads/data/organized_data/03_sers_date_lot_balanced_acquisition/medical/Medical/20260423/0. PS/PS 1_4.txt,1031.8,1033.1,1.2999999999999545,ok
/Users/ian/Downloads/data/organized_data/03_sers_date_lot_balanced_acquisition/medical/Medical/20260423,20260423,PS,/Users/ian/Downloads/data/organized_data/03_sers_date_lot_balanced_acquisition/medical/Medical/20260423/0. PS/PS 1_4.txt,1155.3,1157.1,1.7999999999999545,ok
/Users/ian/Downloads/data/organized_data/03_sers_date_lot_balanced_acquisition/medical/Medical/20260423,20260423,PS,/Users/ian/Downloads/data/organized_data/03_sers_date_lot_balanced_acquisition/medical/Medical/20260423/0. PS/PS 1_4.txt,1602.3,1603.5,1.2000000000000455,ok
/Users/ian/Downloads/data/organized_data/03_sers_date_lot_balanced_acquisition/medical/Medical/20260423,20260423,PS,/Users/ian/Downloads/data/organized_data/03_sers_date_lot_balanced_acquisition/medical/Medical/20260423/0. PS/PS 1_5.txt,620.9,622.35,1.4500000000000455,ok
/Users/ian/Downloads/data/organized_data/03_sers_date_lot_balanced_acquisition/medical/Medical/20260423,20260423,PS,/Users/ian/Downloads/data/organized_data/03_sers_date_lot_balanced_acquisition/medical/Medical/20260423/0. PS/PS 1_5.txt,795.8,797.5,1.7000000000000455,ok
/Users/ian/Downloads/data/organized_data/03_sers_date_lot_balanced_acquisition/medical/Medical/20260423,20260423,PS,/Users/ian/Downloads/data/organized_data/03_sers_date_lot_balanced_acquisition/medical/Medical/20260423/0. PS/PS 1_5.txt,1001.4,1002.1,0.7000000000000455,ok
/Users/ian/Downloads/data/organized_data/03_sers_date_lot_balanced_acquisition/medical/Medical/20260423,20260423,PS,/Users/ian/Downloads/data/organized_data/03_sers_date_lot_balanced_acquisition/medical/Medical/20260423/0. PS/PS 1_5.txt,1031.8,1031.55,-0.25,ok
/Users/ian/Downloads/data/organized_data/03_sers_date_lot_balanced_acquisition/medical/Medical/20260423,20260423,PS,/Users/ian/Downloads/data/organized_data/03_sers_date_lot_balanced_acquisition/medical/Medical/20260423/0. PS/PS 1_5.txt,1155.3,1157.1,1.7999999999999545,ok
/Users/ian/Downloads/data/organized_data/03_sers_date_lot_balanced_acquisition/medical/Medical/20260423,20260423,PS,/Users/ian/Downloads/data/organized_data/03_sers_date_lot_balanced_acquisition/medical/Medical/20260423/0. PS/PS 1_5.txt,1602.3,1601.95,-0.34999999999990905,ok
/Users/ian/Downloads/data/organized_data/03_sers_date_lot_balanced_acquisition/medical/Medical/20260423,20260423,PS,/Users/ian/Downloads/data/organized_data/03_sers_date_lot_balanced_acquisition/medical/Medical/20260423/0. PS/PS 1_6.txt,620.9,622.35,1.4500000000000455,ok
/Users/ian/Downloads/data/organized_data/03_sers_date_lot_balanced_acquisition/medical/Medical/20260423,20260423,PS,/Users/ian/Downloads/data/organized_data/03_sers_date_lot_balanced_acquisition/medical/Medical/20260423/0. PS/PS 1_6.txt,795.8,797.5,1.7000000000000455,ok
/Users/ian/Downloads/data/organized_data/03_sers_date_lot_balanced_acquisition/medical/Medical/20260423,20260423,PS,/Users/ian/Downloads/data/organized_data/03_sers_date_lot_balanced_acquisition/medical/Medical/20260423/0. PS/PS 1_6.txt,1001.4,1002.1,0.7000000000000455,ok
/Users/ian/Downloads/data/organized_data/03_sers_date_lot_balanced_acquisition/medical/Medical/20260423,20260423,PS,/Users/ian/Downloads/data/organized_data/03_sers_date_lot_balanced_acquisition/medical/Medical/20260423/0. PS/PS 1_6.txt,1031.8,1033.1,1.2999999999999545,ok
/Users/ian/Downloads/data/organized_data/03_sers_date_lot_balanced_acquisition/medical/Medical/20260423,20260423,PS,/Users/ian/Downloads/data/organized_data/03_sers_date_lot_balanced_acquisition/medical/Medical/20260423/0. PS/PS 1_6.txt,1155.3,1157.1,1.7999999999999545,ok
/Users/ian/Downloads/data/organized_data/03_sers_date_lot_balanced_acquisition/medical/Medical/20260423,20260423,PS,/Users/ian/Downloads/data/organized_data/03_sers_date_lot_balanced_acquisition/medical/Medical/20260423/0. PS/PS 1_6.txt,1602.3,1603.5,1.2000000000000455,ok
/Users/ian/Downloads/data/organized_data/03_sers_date_lot_balanced_acquisition/medical/Medical/20260423,20260423,SI,/Users/ian/Downloads/data/organized_data/03_sers_date_lot_balanced_acquisition/medical/Medical/20260423/0. Si/Si 1_1.txt,520.7,521.6,0.8999999999999773,ok
/Users/ian/Downloads/data/organized_data/03_sers_date_lot_balanced_acquisition/medical/Medical/20260423,20260423,SI,/Users/ian/Downloads/data/organized_data/03_sers_date_lot_balanced_acquisition/medical/Medical/20260423/0. Si/Si 1_2.txt,520.7,521.6,0.8999999999999773,ok
/Users/ian/Downloads/data/organized_data/03_sers_date_lot_balanced_acquisition/medical/Medical/20260423,20260423,SI,/Users/ian/Downloads/data/organized_data/03_sers_date_lot_balanced_acquisition/medical/Medical/20260423/0. Si/Si 1_3.txt,520.7,521.6,0.8999999999999773,ok
/Users/ian/Downloads/data/organized_data/03_sers_date_lot_balanced_acquisition/medical/Medical/20260423,20260423,SI,/Users/ian/Downloads/data/organized_data/03_sers_date_lot_balanced_acquisition/medical/Medical/20260423/0. Si/Si 1_4.txt,520.7,521.6,0.8999999999999773,ok
/Users/ian/Downloads/data/organized_data/03_sers_date_lot_balanced_acquisition/medical/Medical/20260423,20260423,SI,/Users/ian/Downloads/data/organized_data/03_sers_date_lot_balanced_acquisition/medical/Medical/20260423/0. Si/Si 1_5.txt,520.7,521.6,0.8999999999999773,ok
/Users/ian/Downloads/data/organized_data/03_sers_date_lot_balanced_acquisition/medical/Medical/20260423,20260423,SI,/Users/ian/Downloads/data/organized_data/03_sers_date_lot_balanced_acquisition/medical/Medical/20260423/0. Si/Si 1_6.txt,520.7,521.6,0.8999999999999773,ok
/Users/ian/Downloads/data/organized_data/03_sers_date_lot_balanced_acquisition/medical/Medical/20260429,20260429,PS,/Users/ian/Downloads/data/organized_data/03_sers_date_lot_balanced_acquisition/medical/Medical/20260429/0. PS/PS 1_1.txt,620.9,622.35,1.4500000000000455,ok
/Users/ian/Downloads/data/organized_data/03_sers_date_lot_balanced_acquisition/medical/Medical/20260429,20260429,PS,/Users/ian/Downloads/data/organized_data/03_sers_date_lot_balanced_acquisition/medical/Medical/20260429/0. PS/PS 1_1.txt,795.8,795.95,0.15000000000009095,ok
/Users/ian/Downloads/data/organized_data/03_sers_date_lot_balanced_acquisition/medical/Medical/20260429,20260429,PS,/Users/ian/Downloads/data/organized_data/03_sers_date_lot_balanced_acquisition/medical/Medical/20260429/0. PS/PS 1_1.txt,1001.4,1002.1,0.7000000000000455,ok
/Users/ian/Downloads/data/organized_data/03_sers_date_lot_balanced_acquisition/medical/Medical/20260429,20260429,PS,/Users/ian/Downloads/data/organized_data/03_sers_date_lot_balanced_acquisition/medical/Medical/20260429/0. PS/PS 1_1.txt,1031.8,1031.55,-0.25,ok
/Users/ian/Downloads/data/organized_data/03_sers_date_lot_balanced_acquisition/medical/Medical/20260429,20260429,PS,/Users/ian/Downloads/data/organized_data/03_sers_date_lot_balanced_acquisition/medical/Medical/20260429/0. PS/PS 1_1.txt,1155.3,1155.55,0.25,ok
/Users/ian/Downloads/data/organized_data/03_sers_date_lot_balanced_acquisition/medical/Medical/20260429,20260429,PS,/Users/ian/Downloads/data/organized_data/03_sers_date_lot_balanced_acquisition/medical/Medical/20260429/0. PS/PS 1_1.txt,1602.3,1601.95,-0.34999999999990905,ok
/Users/ian/Downloads/data/organized_data/03_sers_date_lot_balanced_acquisition/medical/Medical/20260429,20260429,PS,/Users/ian/Downloads/data/organized_data/03_sers_date_lot_balanced_acquisition/medical/Medical/20260429/0. PS/PS 1_2.txt,620.9,622.35,1.4500000000000455,ok
/Users/ian/Downloads/data/organized_data/03_sers_date_lot_balanced_acquisition/medical/Medical/20260429,20260429,PS,/Users/ian/Downloads/data/organized_data/03_sers_date_lot_balanced_acquisition/medical/Medical/20260429/0. PS/PS 1_2.txt,795.8,795.95,0.15000000000009095,ok
/Users/ian/Downloads/data/organized_data/03_sers_date_lot_balanced_acquisition/medical/Medical/20260429,20260429,PS,/Users/ian/Downloads/data/organized_data/03_sers_date_lot_balanced_acquisition/medical/Medical/20260429/0. PS/PS 1_2.txt,1001.4,1002.1,0.7000000000000455,ok
/Users/ian/Downloads/data/organized_data/03_sers_date_lot_balanced_acquisition/medical/Medical/20260429,20260429,PS,/Users/ian/Downloads/data/organized_data/03_sers_date_lot_balanced_acquisition/medical/Medical/20260429/0. PS/PS 1_2.txt,1031.8,1031.55,-0.25,ok
/Users/ian/Downloads/data/organized_data/03_sers_date_lot_balanced_acquisition/medical/Medical/20260429,20260429,PS,/Users/ian/Downloads/data/organized_data/03_sers_date_lot_balanced_acquisition/medical/Medical/20260429/0. PS/PS 1_2.txt,1155.3,1155.55,0.25,ok
/Users/ian/Downloads/data/organized_data/03_sers_date_lot_balanced_acquisition/medical/Medical/20260429,20260429,PS,/Users/ian/Downloads/data/organized_data/03_sers_date_lot_balanced_acquisition/medical/Medical/20260429/0. PS/PS 1_2.txt,1602.3,1601.95,-0.34999999999990905,ok
/Users/ian/Downloads/data/organized_data/03_sers_date_lot_balanced_acquisition/medical/Medical/20260429,20260429,PS,/Users/ian/Downloads/data/organized_data/03_sers_date_lot_balanced_acquisition/medical/Medical/20260429/0. PS/PS 1_3.txt,620.9,622.35,1.4500000000000455,ok
/Users/ian/Downloads/data/organized_data/03_sers_date_lot_balanced_acquisition/medical/Medical/20260429,20260429,PS,/Users/ian/Downloads/data/organized_data/03_sers_date_lot_balanced_acquisition/medical/Medical/20260429/0. PS/PS 1_3.txt,795.8,797.5,1.7000000000000455,ok
/Users/ian/Downloads/data/organized_data/03_sers_date_lot_balanced_acquisition/medical/Medical/20260429,20260429,PS,/Users/ian/Downloads/data/organized_data/03_sers_date_lot_balanced_acquisition/medical/Medical/20260429/0. PS/PS 1_3.txt,1001.4,1002.1,0.7000000000000455,ok
/Users/ian/Downloads/data/organized_data/03_sers_date_lot_balanced_acquisition/medical/Medical/20260429,20260429,PS,/Users/ian/Downloads/data/organized_data/03_sers_date_lot_balanced_acquisition/medical/Medical/20260429/0. PS/PS 1_3.txt,1031.8,1033.1,1.2999999999999545,ok
/Users/ian/Downloads/data/organized_data/03_sers_date_lot_balanced_acquisition/medical/Medical/20260429,20260429,PS,/Users/ian/Downloads/data/organized_data/03_sers_date_lot_balanced_acquisition/medical/Medical/20260429/0. PS/PS 1_3.txt,1155.3,1157.1,1.7999999999999545,ok
/Users/ian/Downloads/data/organized_data/03_sers_date_lot_balanced_acquisition/medical/Medical/20260429,20260429,PS,/Users/ian/Downloads/data/organized_data/03_sers_date_lot_balanced_acquisition/medical/Medical/20260429/0. PS/PS 1_3.txt,1602.3,1603.5,1.2000000000000455,ok
/Users/ian/Downloads/data/organized_data/03_sers_date_lot_balanced_acquisition/medical/Medical/20260429,20260429,PS,/Users/ian/Downloads/data/organized_data/03_sers_date_lot_balanced_acquisition/medical/Medical/20260429/0. PS/PS 1_4.txt,620.9,622.35,1.4500000000000455,ok
/Users/ian/Downloads/data/organized_data/03_sers_date_lot_balanced_acquisition/medical/Medical/20260429,20260429,PS,/Users/ian/Downloads/data/organized_data/03_sers_date_lot_balanced_acquisition/medical/Medical/20260429/0. PS/PS 1_4.txt,795.8,795.95,0.15000000000009095,ok
/Users/ian/Downloads/data/organized_data/03_sers_date_lot_balanced_acquisition/medical/Medical/20260429,20260429,PS,/Users/ian/Downloads/data/organized_data/03_sers_date_lot_balanced_acquisition/medical/Medical/20260429/0. PS/PS 1_4.txt,1001.4,1002.1,0.7000000000000455,ok
/Users/ian/Downloads/data/organized_data/03_sers_date_lot_balanced_acquisition/medical/Medical/20260429,20260429,PS,/Users/ian/Downloads/data/organized_data/03_sers_date_lot_balanced_acquisition/medical/Medical/20260429/0. PS/PS 1_4.txt,1031.8,1033.1,1.2999999999999545,ok
/Users/ian/Downloads/data/organized_data/03_sers_date_lot_balanced_acquisition/medical/Medical/20260429,20260429,PS,/Users/ian/Downloads/data/organized_data/03_sers_date_lot_balanced_acquisition/medical/Medical/20260429/0. PS/PS 1_4.txt,1155.3,1157.1,1.7999999999999545,ok
/Users/ian/Downloads/data/organized_data/03_sers_date_lot_balanced_acquisition/medical/Medical/20260429,20260429,PS,/Users/ian/Downloads/data/organized_data/03_sers_date_lot_balanced_acquisition/medical/Medical/20260429/0. PS/PS 1_4.txt,1602.3,1601.95,-0.34999999999990905,ok
/Users/ian/Downloads/data/organized_data/03_sers_date_lot_balanced_acquisition/medical/Medical/20260429,20260429,PS,/Users/ian/Downloads/data/organized_data/03_sers_date_lot_balanced_acquisition/medical/Medical/20260429/0. PS/PS 1_5.txt,620.9,622.35,1.4500000000000455,ok
/Users/ian/Downloads/data/organized_data/03_sers_date_lot_balanced_acquisition/medical/Medical/20260429,20260429,PS,/Users/ian/Downloads/data/organized_data/03_sers_date_lot_balanced_acquisition/medical/Medical/20260429/0. PS/PS 1_5.txt,795.8,797.5,1.7000000000000455,ok
/Users/ian/Downloads/data/organized_data/03_sers_date_lot_balanced_acquisition/medical/Medical/20260429,20260429,PS,/Users/ian/Downloads/data/organized_data/03_sers_date_lot_balanced_acquisition/medical/Medical/20260429/0. PS/PS 1_5.txt,1001.4,1002.1,0.7000000000000455,ok
/Users/ian/Downloads/data/organized_data/03_sers_date_lot_balanced_acquisition/medical/Medical/20260429,20260429,PS,/Users/ian/Downloads/data/organized_data/03_sers_date_lot_balanced_acquisition/medical/Medical/20260429/0. PS/PS 1_5.txt,1031.8,1031.55,-0.25,ok
/Users/ian/Downloads/data/organized_data/03_sers_date_lot_balanced_acquisition/medical/Medical/20260429,20260429,PS,/Users/ian/Downloads/data/organized_data/03_sers_date_lot_balanced_acquisition/medical/Medical/20260429/0. PS/PS 1_5.txt,1155.3,1157.1,1.7999999999999545,ok
/Users/ian/Downloads/data/organized_data/03_sers_date_lot_balanced_acquisition/medical/Medical/20260429,20260429,PS,/Users/ian/Downloads/data/organized_data/03_sers_date_lot_balanced_acquisition/medical/Medical/20260429/0. PS/PS 1_5.txt,1602.3,1601.95,-0.34999999999990905,ok
/Users/ian/Downloads/data/organized_data/03_sers_date_lot_balanced_acquisition/medical/Medical/20260429,20260429,PS,/Users/ian/Downloads/data/organized_data/03_sers_date_lot_balanced_acquisition/medical/Medical/20260429/0. PS/PS 1_6.txt,620.9,622.35,1.4500000000000455,ok
/Users/ian/Downloads/data/organized_data/03_sers_date_lot_balanced_acquisition/medical/Medical/20260429,20260429,PS,/Users/ian/Downloads/data/organized_data/03_sers_date_lot_balanced_acquisition/medical/Medical/20260429/0. PS/PS 1_6.txt,795.8,795.95,0.15000000000009095,ok
/Users/ian/Downloads/data/organized_data/03_sers_date_lot_balanced_acquisition/medical/Medical/20260429,20260429,PS,/Users/ian/Downloads/data/organized_data/03_sers_date_lot_balanced_acquisition/medical/Medical/20260429/0. PS/PS 1_6.txt,1001.4,1002.1,0.7000000000000455,ok
/Users/ian/Downloads/data/organized_data/03_sers_date_lot_balanced_acquisition/medical/Medical/20260429,20260429,PS,/Users/ian/Downloads/data/organized_data/03_sers_date_lot_balanced_acquisition/medical/Medical/20260429/0. PS/PS 1_6.txt,1031.8,1033.1,1.2999999999999545,ok
/Users/ian/Downloads/data/organized_data/03_sers_date_lot_balanced_acquisition/medical/Medical/20260429,20260429,PS,/Users/ian/Downloads/data/organized_data/03_sers_date_lot_balanced_acquisition/medical/Medical/20260429/0. PS/PS 1_6.txt,1155.3,1157.1,1.7999999999999545,ok
/Users/ian/Downloads/data/organized_data/03_sers_date_lot_balanced_acquisition/medical/Medical/20260429,20260429,PS,/Users/ian/Downloads/data/organized_data/03_sers_date_lot_balanced_acquisition/medical/Medical/20260429/0. PS/PS 1_6.txt,1602.3,1601.95,-0.34999999999990905,ok
/Users/ian/Downloads/data/organized_data/03_sers_date_lot_balanced_acquisition/medical/Medical/20260429,20260429,SI,/Users/ian/Downloads/data/organized_data/03_sers_date_lot_balanced_acquisition/medical/Medical/20260429/0. Si/Si 1_1.txt,520.7,529.35,8.649999999999977,ok
/Users/ian/Downloads/data/organized_data/03_sers_date_lot_balanced_acquisition/medical/Medical/20260429,20260429,SI,/Users/ian/Downloads/data/organized_data/03_sers_date_lot_balanced_acquisition/medical/Medical/20260429/0. Si/Si 1_2.txt,520.7,521.6,0.8999999999999773,ok
/Users/ian/Downloads/data/organized_data/03_sers_date_lot_balanced_acquisition/medical/Medical/20260429,20260429,SI,/Users/ian/Downloads/data/organized_data/03_sers_date_lot_balanced_acquisition/medical/Medical/20260429/0. Si/Si 1_3.txt,520.7,521.6,0.8999999999999773,ok
/Users/ian/Downloads/data/organized_data/03_sers_date_lot_balanced_acquisition/medical/Medical/20260429,20260429,SI,/Users/ian/Downloads/data/organized_data/03_sers_date_lot_balanced_acquisition/medical/Medical/20260429/0. Si/Si 1_4.txt,520.7,520.05,-0.650000000000091,ok
/Users/ian/Downloads/data/organized_data/03_sers_date_lot_balanced_acquisition/medical/Medical/20260429,20260429,SI,/Users/ian/Downloads/data/organized_data/03_sers_date_lot_balanced_acquisition/medical/Medical/20260429/0. Si/Si 1_5.txt,520.7,521.6,0.8999999999999773,ok
/Users/ian/Downloads/data/organized_data/03_sers_date_lot_balanced_acquisition/medical/Medical/20260429,20260429,SI,/Users/ian/Downloads/data/organized_data/03_sers_date_lot_balanced_acquisition/medical/Medical/20260429/0. Si/Si 1_6.txt,520.7,521.6,0.8999999999999773,ok
/Users/ian/Downloads/data/organized_data/03_sers_date_lot_balanced_acquisition/medical/Medical/20260429,20260429,SI,/Users/ian/Downloads/data/organized_data/03_sers_date_lot_balanced_acquisition/medical/Medical/20260429/0. Si/Si wafer 1_1.txt,520.7,523.15,2.449999999999932,ok
/Users/ian/Downloads/data/organized_data/03_sers_date_lot_balanced_acquisition/medical/Medical/20260429,20260429,SI,/Users/ian/Downloads/data/organized_data/03_sers_date_lot_balanced_acquisition/medical/Medical/20260429/0. Si/Si wafer 1_2.txt,520.7,523.15,2.449999999999932,ok
/Users/ian/Downloads/data/organized_data/03_sers_date_lot_balanced_acquisition/medical/Medical/20260429,20260429,SI,/Users/ian/Downloads/data/organized_data/03_sers_date_lot_balanced_acquisition/medical/Medical/20260429/0. Si/Si wafer 1_3.txt,520.7,523.15,2.449999999999932,ok
/Users/ian/Downloads/data/organized_data/03_sers_date_lot_balanced_acquisition/medical/Medical/20260429,20260429,SI,/Users/ian/Downloads/data/organized_data/03_sers_date_lot_balanced_acquisition/medical/Medical/20260429/0. Si/Si wafer 1_4.txt,520.7,523.15,2.449999999999932,ok
/Users/ian/Downloads/data/organized_data/03_sers_date_lot_balanced_acquisition/medical/Medical/20260429,20260429,SI,/Users/ian/Downloads/data/organized_data/03_sers_date_lot_balanced_acquisition/medical/Medical/20260429/0. Si/Si wafer 1_5.txt,520.7,523.15,2.449999999999932,ok
/Users/ian/Downloads/data/organized_data/03_sers_date_lot_balanced_acquisition/medical/Medical/20260429,20260429,SI,/Users/ian/Downloads/data/organized_data/03_sers_date_lot_balanced_acquisition/medical/Medical/20260429/0. Si/Si wafer 1_6.txt,520.7,521.6,0.8999999999999773,ok
/Users/ian/Downloads/data/organized_data/03_sers_date_lot_balanced_acquisition/medical/Medical/20260430,20260430,PS,/Users/ian/Downloads/data/organized_data/03_sers_date_lot_balanced_acquisition/medical/Medical/20260430/0. PS/PS 1_1.txt,620.9,622.35,1.4500000000000455,ok
/Users/ian/Downloads/data/organized_data/03_sers_date_lot_balanced_acquisition/medical/Medical/20260430,20260430,PS,/Users/ian/Downloads/data/organized_data/03_sers_date_lot_balanced_acquisition/medical/Medical/20260430/0. PS/PS 1_1.txt,795.8,797.5,1.7000000000000455,ok
/Users/ian/Downloads/data/organized_data/03_sers_date_lot_balanced_acquisition/medical/Medical/20260430,20260430,PS,/Users/ian/Downloads/data/organized_data/03_sers_date_lot_balanced_acquisition/medical/Medical/20260430/0. PS/PS 1_1.txt,1001.4,1002.1,0.7000000000000455,ok
/Users/ian/Downloads/data/organized_data/03_sers_date_lot_balanced_acquisition/medical/Medical/20260430,20260430,PS,/Users/ian/Downloads/data/organized_data/03_sers_date_lot_balanced_acquisition/medical/Medical/20260430/0. PS/PS 1_1.txt,1031.8,1033.1,1.2999999999999545,ok
/Users/ian/Downloads/data/organized_data/03_sers_date_lot_balanced_acquisition/medical/Medical/20260430,20260430,PS,/Users/ian/Downloads/data/organized_data/03_sers_date_lot_balanced_acquisition/medical/Medical/20260430/0. PS/PS 1_1.txt,1155.3,1157.1,1.7999999999999545,ok
/Users/ian/Downloads/data/organized_data/03_sers_date_lot_balanced_acquisition/medical/Medical/20260430,20260430,PS,/Users/ian/Downloads/data/organized_data/03_sers_date_lot_balanced_acquisition/medical/Medical/20260430/0. PS/PS 1_1.txt,1602.3,1601.95,-0.34999999999990905,ok
/Users/ian/Downloads/data/organized_data/03_sers_date_lot_balanced_acquisition/medical/Medical/20260430,20260430,PS,/Users/ian/Downloads/data/organized_data/03_sers_date_lot_balanced_acquisition/medical/Medical/20260430/0. PS/PS 1_2.txt,620.9,622.35,1.4500000000000455,ok
/Users/ian/Downloads/data/organized_data/03_sers_date_lot_balanced_acquisition/medical/Medical/20260430,20260430,PS,/Users/ian/Downloads/data/organized_data/03_sers_date_lot_balanced_acquisition/medical/Medical/20260430/0. PS/PS 1_2.txt,795.8,795.95,0.15000000000009095,ok
/Users/ian/Downloads/data/organized_data/03_sers_date_lot_balanced_acquisition/medical/Medical/20260430,20260430,PS,/Users/ian/Downloads/data/organized_data/03_sers_date_lot_balanced_acquisition/medical/Medical/20260430/0. PS/PS 1_2.txt,1001.4,1002.1,0.7000000000000455,ok
/Users/ian/Downloads/data/organized_data/03_sers_date_lot_balanced_acquisition/medical/Medical/20260430,20260430,PS,/Users/ian/Downloads/data/organized_data/03_sers_date_lot_balanced_acquisition/medical/Medical/20260430/0. PS/PS 1_2.txt,1031.8,1033.1,1.2999999999999545,ok
/Users/ian/Downloads/data/organized_data/03_sers_date_lot_balanced_acquisition/medical/Medical/20260430,20260430,PS,/Users/ian/Downloads/data/organized_data/03_sers_date_lot_balanced_acquisition/medical/Medical/20260430/0. PS/PS 1_2.txt,1155.3,1157.1,1.7999999999999545,ok
/Users/ian/Downloads/data/organized_data/03_sers_date_lot_balanced_acquisition/medical/Medical/20260430,20260430,PS,/Users/ian/Downloads/data/organized_data/03_sers_date_lot_balanced_acquisition/medical/Medical/20260430/0. PS/PS 1_2.txt,1602.3,1603.5,1.2000000000000455,ok
/Users/ian/Downloads/data/organized_data/03_sers_date_lot_balanced_acquisition/medical/Medical/20260430,20260430,PS,/Users/ian/Downloads/data/organized_data/03_sers_date_lot_balanced_acquisition/medical/Medical/20260430/0. PS/PS 1_3.txt,620.9,622.35,1.4500000000000455,ok
/Users/ian/Downloads/data/organized_data/03_sers_date_lot_balanced_acquisition/medical/Medical/20260430,20260430,PS,/Users/ian/Downloads/data/organized_data/03_sers_date_lot_balanced_acquisition/medical/Medical/20260430/0. PS/PS 1_3.txt,795.8,797.5,1.7000000000000455,ok
/Users/ian/Downloads/data/organized_data/03_sers_date_lot_balanced_acquisition/medical/Medical/20260430,20260430,PS,/Users/ian/Downloads/data/organized_data/03_sers_date_lot_balanced_acquisition/medical/Medical/20260430/0. PS/PS 1_3.txt,1001.4,1002.1,0.7000000000000455,ok
/Users/ian/Downloads/data/organized_data/03_sers_date_lot_balanced_acquisition/medical/Medical/20260430,20260430,PS,/Users/ian/Downloads/data/organized_data/03_sers_date_lot_balanced_acquisition/medical/Medical/20260430/0. PS/PS 1_3.txt,1031.8,1033.1,1.2999999999999545,ok
/Users/ian/Downloads/data/organized_data/03_sers_date_lot_balanced_acquisition/medical/Medical/20260430,20260430,PS,/Users/ian/Downloads/data/organized_data/03_sers_date_lot_balanced_acquisition/medical/Medical/20260430/0. PS/PS 1_3.txt,1155.3,1157.1,1.7999999999999545,ok
/Users/ian/Downloads/data/organized_data/03_sers_date_lot_balanced_acquisition/medical/Medical/20260430,20260430,PS,/Users/ian/Downloads/data/organized_data/03_sers_date_lot_balanced_acquisition/medical/Medical/20260430/0. PS/PS 1_3.txt,1602.3,1603.5,1.2000000000000455,ok
/Users/ian/Downloads/data/organized_data/03_sers_date_lot_balanced_acquisition/medical/Medical/20260430,20260430,PS,/Users/ian/Downloads/data/organized_data/03_sers_date_lot_balanced_acquisition/medical/Medical/20260430/0. PS/PS 1_4.txt,620.9,622.35,1.4500000000000455,ok
/Users/ian/Downloads/data/organized_data/03_sers_date_lot_balanced_acquisition/medical/Medical/20260430,20260430,PS,/Users/ian/Downloads/data/organized_data/03_sers_date_lot_balanced_acquisition/medical/Medical/20260430/0. PS/PS 1_4.txt,795.8,795.95,0.15000000000009095,ok
/Users/ian/Downloads/data/organized_data/03_sers_date_lot_balanced_acquisition/medical/Medical/20260430,20260430,PS,/Users/ian/Downloads/data/organized_data/03_sers_date_lot_balanced_acquisition/medical/Medical/20260430/0. PS/PS 1_4.txt,1001.4,1002.1,0.7000000000000455,ok
/Users/ian/Downloads/data/organized_data/03_sers_date_lot_balanced_acquisition/medical/Medical/20260430,20260430,PS,/Users/ian/Downloads/data/organized_data/03_sers_date_lot_balanced_acquisition/medical/Medical/20260430/0. PS/PS 1_4.txt,1031.8,1033.1,1.2999999999999545,ok
/Users/ian/Downloads/data/organized_data/03_sers_date_lot_balanced_acquisition/medical/Medical/20260430,20260430,PS,/Users/ian/Downloads/data/organized_data/03_sers_date_lot_balanced_acquisition/medical/Medical/20260430/0. PS/PS 1_4.txt,1155.3,1157.1,1.7999999999999545,ok
/Users/ian/Downloads/data/organized_data/03_sers_date_lot_balanced_acquisition/medical/Medical/20260430,20260430,PS,/Users/ian/Downloads/data/organized_data/03_sers_date_lot_balanced_acquisition/medical/Medical/20260430/0. PS/PS 1_4.txt,1602.3,1603.5,1.2000000000000455,ok
/Users/ian/Downloads/data/organized_data/03_sers_date_lot_balanced_acquisition/medical/Medical/20260430,20260430,PS,/Users/ian/Downloads/data/organized_data/03_sers_date_lot_balanced_acquisition/medical/Medical/20260430/0. PS/PS 1_5.txt,620.9,622.35,1.4500000000000455,ok
/Users/ian/Downloads/data/organized_data/03_sers_date_lot_balanced_acquisition/medical/Medical/20260430,20260430,PS,/Users/ian/Downloads/data/organized_data/03_sers_date_lot_balanced_acquisition/medical/Medical/20260430/0. PS/PS 1_5.txt,795.8,797.5,1.7000000000000455,ok
/Users/ian/Downloads/data/organized_data/03_sers_date_lot_balanced_acquisition/medical/Medical/20260430,20260430,PS,/Users/ian/Downloads/data/organized_data/03_sers_date_lot_balanced_acquisition/medical/Medical/20260430/0. PS/PS 1_5.txt,1001.4,1003.65,2.25,ok
/Users/ian/Downloads/data/organized_data/03_sers_date_lot_balanced_acquisition/medical/Medical/20260430,20260430,PS,/Users/ian/Downloads/data/organized_data/03_sers_date_lot_balanced_acquisition/medical/Medical/20260430/0. PS/PS 1_5.txt,1031.8,1033.1,1.2999999999999545,ok
/Users/ian/Downloads/data/organized_data/03_sers_date_lot_balanced_acquisition/medical/Medical/20260430,20260430,PS,/Users/ian/Downloads/data/organized_data/03_sers_date_lot_balanced_acquisition/medical/Medical/20260430/0. PS/PS 1_5.txt,1155.3,1158.65,3.3500000000001364,ok
/Users/ian/Downloads/data/organized_data/03_sers_date_lot_balanced_acquisition/medical/Medical/20260430,20260430,PS,/Users/ian/Downloads/data/organized_data/03_sers_date_lot_balanced_acquisition/medical/Medical/20260430/0. PS/PS 1_5.txt,1602.3,1603.5,1.2000000000000455,ok
/Users/ian/Downloads/data/organized_data/03_sers_date_lot_balanced_acquisition/medical/Medical/20260430,20260430,PS,/Users/ian/Downloads/data/organized_data/03_sers_date_lot_balanced_acquisition/medical/Medical/20260430/0. PS/PS 1_6.txt,620.9,623.9,3.0,ok
/Users/ian/Downloads/data/organized_data/03_sers_date_lot_balanced_acquisition/medical/Medical/20260430,20260430,PS,/Users/ian/Downloads/data/organized_data/03_sers_date_lot_balanced_acquisition/medical/Medical/20260430/0. PS/PS 1_6.txt,795.8,797.5,1.7000000000000455,ok
/Users/ian/Downloads/data/organized_data/03_sers_date_lot_balanced_acquisition/medical/Medical/20260430,20260430,PS,/Users/ian/Downloads/data/organized_data/03_sers_date_lot_balanced_acquisition/medical/Medical/20260430/0. PS/PS 1_6.txt,1001.4,1002.1,0.7000000000000455,ok
/Users/ian/Downloads/data/organized_data/03_sers_date_lot_balanced_acquisition/medical/Medical/20260430,20260430,PS,/Users/ian/Downloads/data/organized_data/03_sers_date_lot_balanced_acquisition/medical/Medical/20260430/0. PS/PS 1_6.txt,1031.8,1033.1,1.2999999999999545,ok
/Users/ian/Downloads/data/organized_data/03_sers_date_lot_balanced_acquisition/medical/Medical/20260430,20260430,PS,/Users/ian/Downloads/data/organized_data/03_sers_date_lot_balanced_acquisition/medical/Medical/20260430/0. PS/PS 1_6.txt,1155.3,1157.1,1.7999999999999545,ok
/Users/ian/Downloads/data/organized_data/03_sers_date_lot_balanced_acquisition/medical/Medical/20260430,20260430,PS,/Users/ian/Downloads/data/organized_data/03_sers_date_lot_balanced_acquisition/medical/Medical/20260430/0. PS/PS 1_6.txt,1602.3,1601.95,-0.34999999999990905,ok
/Users/ian/Downloads/data/organized_data/03_sers_date_lot_balanced_acquisition/medical/Medical/20260511,20260511,PS,/Users/ian/Downloads/data/organized_data/03_sers_date_lot_balanced_acquisition/medical/Medical/20260511/0. PS/PS 1_1.txt,620.9,622.35,1.4500000000000455,ok
/Users/ian/Downloads/data/organized_data/03_sers_date_lot_balanced_acquisition/medical/Medical/20260511,20260511,PS,/Users/ian/Downloads/data/organized_data/03_sers_date_lot_balanced_acquisition/medical/Medical/20260511/0. PS/PS 1_1.txt,795.8,797.5,1.7000000000000455,ok
/Users/ian/Downloads/data/organized_data/03_sers_date_lot_balanced_acquisition/medical/Medical/20260511,20260511,PS,/Users/ian/Downloads/data/organized_data/03_sers_date_lot_balanced_acquisition/medical/Medical/20260511/0. PS/PS 1_1.txt,1001.4,1002.1,0.7000000000000455,ok
/Users/ian/Downloads/data/organized_data/03_sers_date_lot_balanced_acquisition/medical/Medical/20260511,20260511,PS,/Users/ian/Downloads/data/organized_data/03_sers_date_lot_balanced_acquisition/medical/Medical/20260511/0. PS/PS 1_1.txt,1031.8,1033.1,1.2999999999999545,ok
/Users/ian/Downloads/data/organized_data/03_sers_date_lot_balanced_acquisition/medical/Medical/20260511,20260511,PS,/Users/ian/Downloads/data/organized_data/03_sers_date_lot_balanced_acquisition/medical/Medical/20260511/0. PS/PS 1_1.txt,1155.3,1155.55,0.25,ok
/Users/ian/Downloads/data/organized_data/03_sers_date_lot_balanced_acquisition/medical/Medical/20260511,20260511,PS,/Users/ian/Downloads/data/organized_data/03_sers_date_lot_balanced_acquisition/medical/Medical/20260511/0. PS/PS 1_1.txt,1602.3,1603.5,1.2000000000000455,ok
/Users/ian/Downloads/data/organized_data/03_sers_date_lot_balanced_acquisition/medical/Medical/20260511,20260511,PS,/Users/ian/Downloads/data/organized_data/03_sers_date_lot_balanced_acquisition/medical/Medical/20260511/0. PS/PS 1_2.txt,620.9,622.35,1.4500000000000455,ok
/Users/ian/Downloads/data/organized_data/03_sers_date_lot_balanced_acquisition/medical/Medical/20260511,20260511,PS,/Users/ian/Downloads/data/organized_data/03_sers_date_lot_balanced_acquisition/medical/Medical/20260511/0. PS/PS 1_2.txt,795.8,797.5,1.7000000000000455,ok
/Users/ian/Downloads/data/organized_data/03_sers_date_lot_balanced_acquisition/medical/Medical/20260511,20260511,PS,/Users/ian/Downloads/data/organized_data/03_sers_date_lot_balanced_acquisition/medical/Medical/20260511/0. PS/PS 1_2.txt,1001.4,1002.1,0.7000000000000455,ok
/Users/ian/Downloads/data/organized_data/03_sers_date_lot_balanced_acquisition/medical/Medical/20260511,20260511,PS,/Users/ian/Downloads/data/organized_data/03_sers_date_lot_balanced_acquisition/medical/Medical/20260511/0. PS/PS 1_2.txt,1031.8,1033.1,1.2999999999999545,ok
/Users/ian/Downloads/data/organized_data/03_sers_date_lot_balanced_acquisition/medical/Medical/20260511,20260511,PS,/Users/ian/Downloads/data/organized_data/03_sers_date_lot_balanced_acquisition/medical/Medical/20260511/0. PS/PS 1_2.txt,1155.3,1157.1,1.7999999999999545,ok
/Users/ian/Downloads/data/organized_data/03_sers_date_lot_balanced_acquisition/medical/Medical/20260511,20260511,PS,/Users/ian/Downloads/data/organized_data/03_sers_date_lot_balanced_acquisition/medical/Medical/20260511/0. PS/PS 1_2.txt,1602.3,1603.5,1.2000000000000455,ok
/Users/ian/Downloads/data/organized_data/03_sers_date_lot_balanced_acquisition/medical/Medical/20260511,20260511,PS,/Users/ian/Downloads/data/organized_data/03_sers_date_lot_balanced_acquisition/medical/Medical/20260511/0. PS/PS 1_3.txt,620.9,622.35,1.4500000000000455,ok
/Users/ian/Downloads/data/organized_data/03_sers_date_lot_balanced_acquisition/medical/Medical/20260511,20260511,PS,/Users/ian/Downloads/data/organized_data/03_sers_date_lot_balanced_acquisition/medical/Medical/20260511/0. PS/PS 1_3.txt,795.8,797.5,1.7000000000000455,ok
/Users/ian/Downloads/data/organized_data/03_sers_date_lot_balanced_acquisition/medical/Medical/20260511,20260511,PS,/Users/ian/Downloads/data/organized_data/03_sers_date_lot_balanced_acquisition/medical/Medical/20260511/0. PS/PS 1_3.txt,1001.4,1002.1,0.7000000000000455,ok
/Users/ian/Downloads/data/organized_data/03_sers_date_lot_balanced_acquisition/medical/Medical/20260511,20260511,PS,/Users/ian/Downloads/data/organized_data/03_sers_date_lot_balanced_acquisition/medical/Medical/20260511/0. PS/PS 1_3.txt,1031.8,1033.1,1.2999999999999545,ok
/Users/ian/Downloads/data/organized_data/03_sers_date_lot_balanced_acquisition/medical/Medical/20260511,20260511,PS,/Users/ian/Downloads/data/organized_data/03_sers_date_lot_balanced_acquisition/medical/Medical/20260511/0. PS/PS 1_3.txt,1155.3,1155.55,0.25,ok
/Users/ian/Downloads/data/organized_data/03_sers_date_lot_balanced_acquisition/medical/Medical/20260511,20260511,PS,/Users/ian/Downloads/data/organized_data/03_sers_date_lot_balanced_acquisition/medical/Medical/20260511/0. PS/PS 1_3.txt,1602.3,1601.95,-0.34999999999990905,ok
/Users/ian/Downloads/data/organized_data/03_sers_date_lot_balanced_acquisition/medical/Medical/20260511,20260511,PS,/Users/ian/Downloads/data/organized_data/03_sers_date_lot_balanced_acquisition/medical/Medical/20260511/0. PS/PS 1_4.txt,620.9,622.35,1.4500000000000455,ok
/Users/ian/Downloads/data/organized_data/03_sers_date_lot_balanced_acquisition/medical/Medical/20260511,20260511,PS,/Users/ian/Downloads/data/organized_data/03_sers_date_lot_balanced_acquisition/medical/Medical/20260511/0. PS/PS 1_4.txt,795.8,797.5,1.7000000000000455,ok
/Users/ian/Downloads/data/organized_data/03_sers_date_lot_balanced_acquisition/medical/Medical/20260511,20260511,PS,/Users/ian/Downloads/data/organized_data/03_sers_date_lot_balanced_acquisition/medical/Medical/20260511/0. PS/PS 1_4.txt,1001.4,1002.1,0.7000000000000455,ok
/Users/ian/Downloads/data/organized_data/03_sers_date_lot_balanced_acquisition/medical/Medical/20260511,20260511,PS,/Users/ian/Downloads/data/organized_data/03_sers_date_lot_balanced_acquisition/medical/Medical/20260511/0. PS/PS 1_4.txt,1031.8,1033.1,1.2999999999999545,ok
/Users/ian/Downloads/data/organized_data/03_sers_date_lot_balanced_acquisition/medical/Medical/20260511,20260511,PS,/Users/ian/Downloads/data/organized_data/03_sers_date_lot_balanced_acquisition/medical/Medical/20260511/0. PS/PS 1_4.txt,1155.3,1157.1,1.7999999999999545,ok
/Users/ian/Downloads/data/organized_data/03_sers_date_lot_balanced_acquisition/medical/Medical/20260511,20260511,PS,/Users/ian/Downloads/data/organized_data/03_sers_date_lot_balanced_acquisition/medical/Medical/20260511/0. PS/PS 1_4.txt,1602.3,1603.5,1.2000000000000455,ok
/Users/ian/Downloads/data/organized_data/03_sers_date_lot_balanced_acquisition/medical/Medical/20260511,20260511,PS,/Users/ian/Downloads/data/organized_data/03_sers_date_lot_balanced_acquisition/medical/Medical/20260511/0. PS/PS 1_5.txt,620.9,622.35,1.4500000000000455,ok
/Users/ian/Downloads/data/organized_data/03_sers_date_lot_balanced_acquisition/medical/Medical/20260511,20260511,PS,/Users/ian/Downloads/data/organized_data/03_sers_date_lot_balanced_acquisition/medical/Medical/20260511/0. PS/PS 1_5.txt,795.8,797.5,1.7000000000000455,ok
/Users/ian/Downloads/data/organized_data/03_sers_date_lot_balanced_acquisition/medical/Medical/20260511,20260511,PS,/Users/ian/Downloads/data/organized_data/03_sers_date_lot_balanced_acquisition/medical/Medical/20260511/0. PS/PS 1_5.txt,1001.4,1002.1,0.7000000000000455,ok
/Users/ian/Downloads/data/organized_data/03_sers_date_lot_balanced_acquisition/medical/Medical/20260511,20260511,PS,/Users/ian/Downloads/data/organized_data/03_sers_date_lot_balanced_acquisition/medical/Medical/20260511/0. PS/PS 1_5.txt,1031.8,1033.1,1.2999999999999545,ok
/Users/ian/Downloads/data/organized_data/03_sers_date_lot_balanced_acquisition/medical/Medical/20260511,20260511,PS,/Users/ian/Downloads/data/organized_data/03_sers_date_lot_balanced_acquisition/medical/Medical/20260511/0. PS/PS 1_5.txt,1155.3,1155.55,0.25,ok
/Users/ian/Downloads/data/organized_data/03_sers_date_lot_balanced_acquisition/medical/Medical/20260511,20260511,PS,/Users/ian/Downloads/data/organized_data/03_sers_date_lot_balanced_acquisition/medical/Medical/20260511/0. PS/PS 1_5.txt,1602.3,1603.5,1.2000000000000455,ok
/Users/ian/Downloads/data/organized_data/03_sers_date_lot_balanced_acquisition/medical/Medical/20260511,20260511,PS,/Users/ian/Downloads/data/organized_data/03_sers_date_lot_balanced_acquisition/medical/Medical/20260511/0. PS/PS 1_6.txt,620.9,622.35,1.4500000000000455,ok
/Users/ian/Downloads/data/organized_data/03_sers_date_lot_balanced_acquisition/medical/Medical/20260511,20260511,PS,/Users/ian/Downloads/data/organized_data/03_sers_date_lot_balanced_acquisition/medical/Medical/20260511/0. PS/PS 1_6.txt,795.8,795.95,0.15000000000009095,ok
/Users/ian/Downloads/data/organized_data/03_sers_date_lot_balanced_acquisition/medical/Medical/20260511,20260511,PS,/Users/ian/Downloads/data/organized_data/03_sers_date_lot_balanced_acquisition/medical/Medical/20260511/0. PS/PS 1_6.txt,1001.4,1002.1,0.7000000000000455,ok
/Users/ian/Downloads/data/organized_data/03_sers_date_lot_balanced_acquisition/medical/Medical/20260511,20260511,PS,/Users/ian/Downloads/data/organized_data/03_sers_date_lot_balanced_acquisition/medical/Medical/20260511/0. PS/PS 1_6.txt,1031.8,1033.1,1.2999999999999545,ok
/Users/ian/Downloads/data/organized_data/03_sers_date_lot_balanced_acquisition/medical/Medical/20260511,20260511,PS,/Users/ian/Downloads/data/organized_data/03_sers_date_lot_balanced_acquisition/medical/Medical/20260511/0. PS/PS 1_6.txt,1155.3,1155.55,0.25,ok
/Users/ian/Downloads/data/organized_data/03_sers_date_lot_balanced_acquisition/medical/Medical/20260511,20260511,PS,/Users/ian/Downloads/data/organized_data/03_sers_date_lot_balanced_acquisition/medical/Medical/20260511/0. PS/PS 1_6.txt,1602.3,1601.95,-0.34999999999990905,ok
/Users/ian/Downloads/data/organized_data/03_sers_date_lot_balanced_acquisition/medical/Medical/20260511,20260511,SI,/Users/ian/Downloads/data/organized_data/03_sers_date_lot_balanced_acquisition/medical/Medical/20260511/0. Si/Si 1_1.txt,520.7,521.6,0.8999999999999773,ok
/Users/ian/Downloads/data/organized_data/03_sers_date_lot_balanced_acquisition/medical/Medical/20260511,20260511,SI,/Users/ian/Downloads/data/organized_data/03_sers_date_lot_balanced_acquisition/medical/Medical/20260511/0. Si/Si 1_2.txt,520.7,521.6,0.8999999999999773,ok
/Users/ian/Downloads/data/organized_data/03_sers_date_lot_balanced_acquisition/medical/Medical/20260511,20260511,SI,/Users/ian/Downloads/data/organized_data/03_sers_date_lot_balanced_acquisition/medical/Medical/20260511/0. Si/Si 1_3.txt,520.7,521.6,0.8999999999999773,ok
/Users/ian/Downloads/data/organized_data/03_sers_date_lot_balanced_acquisition/medical/Medical/20260511,20260511,SI,/Users/ian/Downloads/data/organized_data/03_sers_date_lot_balanced_acquisition/medical/Medical/20260511/0. Si/Si 1_4.txt,520.7,521.6,0.8999999999999773,ok
/Users/ian/Downloads/data/organized_data/03_sers_date_lot_balanced_acquisition/medical/Medical/20260511,20260511,SI,/Users/ian/Downloads/data/organized_data/03_sers_date_lot_balanced_acquisition/medical/Medical/20260511/0. Si/Si 1_5.txt,520.7,521.6,0.8999999999999773,ok
/Users/ian/Downloads/data/organized_data/03_sers_date_lot_balanced_acquisition/medical/Medical/20260511,20260511,SI,/Users/ian/Downloads/data/organized_data/03_sers_date_lot_balanced_acquisition/medical/Medical/20260511/0. Si/Si 1_6.txt,520.7,521.6,0.8999999999999773,ok
/Users/ian/Downloads/data/organized_data/03_sers_date_lot_balanced_acquisition/medical/Medical/20260518,20260518,PS,/Users/ian/Downloads/data/organized_data/03_sers_date_lot_balanced_acquisition/medical/Medical/20260518/0. PS/PS 1_1.txt,620.9,622.35,1.4500000000000455,ok
/Users/ian/Downloads/data/organized_data/03_sers_date_lot_balanced_acquisition/medical/Medical/20260518,20260518,PS,/Users/ian/Downloads/data/organized_data/03_sers_date_lot_balanced_acquisition/medical/Medical/20260518/0. PS/PS 1_1.txt,795.8,795.95,0.15000000000009095,ok
/Users/ian/Downloads/data/organized_data/03_sers_date_lot_balanced_acquisition/medical/Medical/20260518,20260518,PS,/Users/ian/Downloads/data/organized_data/03_sers_date_lot_balanced_acquisition/medical/Medical/20260518/0. PS/PS 1_1.txt,1001.4,1002.1,0.7000000000000455,ok
/Users/ian/Downloads/data/organized_data/03_sers_date_lot_balanced_acquisition/medical/Medical/20260518,20260518,PS,/Users/ian/Downloads/data/organized_data/03_sers_date_lot_balanced_acquisition/medical/Medical/20260518/0. PS/PS 1_1.txt,1031.8,1033.1,1.2999999999999545,ok
/Users/ian/Downloads/data/organized_data/03_sers_date_lot_balanced_acquisition/medical/Medical/20260518,20260518,PS,/Users/ian/Downloads/data/organized_data/03_sers_date_lot_balanced_acquisition/medical/Medical/20260518/0. PS/PS 1_1.txt,1155.3,1157.1,1.7999999999999545,ok
/Users/ian/Downloads/data/organized_data/03_sers_date_lot_balanced_acquisition/medical/Medical/20260518,20260518,PS,/Users/ian/Downloads/data/organized_data/03_sers_date_lot_balanced_acquisition/medical/Medical/20260518/0. PS/PS 1_1.txt,1602.3,1603.5,1.2000000000000455,ok
/Users/ian/Downloads/data/organized_data/03_sers_date_lot_balanced_acquisition/medical/Medical/20260518,20260518,PS,/Users/ian/Downloads/data/organized_data/03_sers_date_lot_balanced_acquisition/medical/Medical/20260518/0. PS/PS 1_2.txt,620.9,620.8,-0.10000000000002274,ok
/Users/ian/Downloads/data/organized_data/03_sers_date_lot_balanced_acquisition/medical/Medical/20260518,20260518,PS,/Users/ian/Downloads/data/organized_data/03_sers_date_lot_balanced_acquisition/medical/Medical/20260518/0. PS/PS 1_2.txt,795.8,795.95,0.15000000000009095,ok
/Users/ian/Downloads/data/organized_data/03_sers_date_lot_balanced_acquisition/medical/Medical/20260518,20260518,PS,/Users/ian/Downloads/data/organized_data/03_sers_date_lot_balanced_acquisition/medical/Medical/20260518/0. PS/PS 1_2.txt,1001.4,1002.1,0.7000000000000455,ok
/Users/ian/Downloads/data/organized_data/03_sers_date_lot_balanced_acquisition/medical/Medical/20260518,20260518,PS,/Users/ian/Downloads/data/organized_data/03_sers_date_lot_balanced_acquisition/medical/Medical/20260518/0. PS/PS 1_2.txt,1031.8,1031.55,-0.25,ok
/Users/ian/Downloads/data/organized_data/03_sers_date_lot_balanced_acquisition/medical/Medical/20260518,20260518,PS,/Users/ian/Downloads/data/organized_data/03_sers_date_lot_balanced_acquisition/medical/Medical/20260518/0. PS/PS 1_2.txt,1155.3,1157.1,1.7999999999999545,ok
/Users/ian/Downloads/data/organized_data/03_sers_date_lot_balanced_acquisition/medical/Medical/20260518,20260518,PS,/Users/ian/Downloads/data/organized_data/03_sers_date_lot_balanced_acquisition/medical/Medical/20260518/0. PS/PS 1_2.txt,1602.3,1601.95,-0.34999999999990905,ok
/Users/ian/Downloads/data/organized_data/03_sers_date_lot_balanced_acquisition/medical/Medical/20260518,20260518,PS,/Users/ian/Downloads/data/organized_data/03_sers_date_lot_balanced_acquisition/medical/Medical/20260518/0. PS/PS 1_3.txt,620.9,622.35,1.4500000000000455,ok
/Users/ian/Downloads/data/organized_data/03_sers_date_lot_balanced_acquisition/medical/Medical/20260518,20260518,PS,/Users/ian/Downloads/data/organized_data/03_sers_date_lot_balanced_acquisition/medical/Medical/20260518/0. PS/PS 1_3.txt,795.8,795.95,0.15000000000009095,ok
/Users/ian/Downloads/data/organized_data/03_sers_date_lot_balanced_acquisition/medical/Medical/20260518,20260518,PS,/Users/ian/Downloads/data/organized_data/03_sers_date_lot_balanced_acquisition/medical/Medical/20260518/0. PS/PS 1_3.txt,1001.4,1002.1,0.7000000000000455,ok
/Users/ian/Downloads/data/organized_data/03_sers_date_lot_balanced_acquisition/medical/Medical/20260518,20260518,PS,/Users/ian/Downloads/data/organized_data/03_sers_date_lot_balanced_acquisition/medical/Medical/20260518/0. PS/PS 1_3.txt,1031.8,1031.55,-0.25,ok
/Users/ian/Downloads/data/organized_data/03_sers_date_lot_balanced_acquisition/medical/Medical/20260518,20260518,PS,/Users/ian/Downloads/data/organized_data/03_sers_date_lot_balanced_acquisition/medical/Medical/20260518/0. PS/PS 1_3.txt,1155.3,1155.55,0.25,ok
/Users/ian/Downloads/data/organized_data/03_sers_date_lot_balanced_acquisition/medical/Medical/20260518,20260518,PS,/Users/ian/Downloads/data/organized_data/03_sers_date_lot_balanced_acquisition/medical/Medical/20260518/0. PS/PS 1_3.txt,1602.3,1601.95,-0.34999999999990905,ok
/Users/ian/Downloads/data/organized_data/03_sers_date_lot_balanced_acquisition/medical/Medical/20260518,20260518,PS,/Users/ian/Downloads/data/organized_data/03_sers_date_lot_balanced_acquisition/medical/Medical/20260518/0. PS/PS 1_4.txt,620.9,622.35,1.4500000000000455,ok
/Users/ian/Downloads/data/organized_data/03_sers_date_lot_balanced_acquisition/medical/Medical/20260518,20260518,PS,/Users/ian/Downloads/data/organized_data/03_sers_date_lot_balanced_acquisition/medical/Medical/20260518/0. PS/PS 1_4.txt,795.8,797.5,1.7000000000000455,ok
/Users/ian/Downloads/data/organized_data/03_sers_date_lot_balanced_acquisition/medical/Medical/20260518,20260518,PS,/Users/ian/Downloads/data/organized_data/03_sers_date_lot_balanced_acquisition/medical/Medical/20260518/0. PS/PS 1_4.txt,1001.4,1002.1,0.7000000000000455,ok
/Users/ian/Downloads/data/organized_data/03_sers_date_lot_balanced_acquisition/medical/Medical/20260518,20260518,PS,/Users/ian/Downloads/data/organized_data/03_sers_date_lot_balanced_acquisition/medical/Medical/20260518/0. PS/PS 1_4.txt,1031.8,1033.1,1.2999999999999545,ok
/Users/ian/Downloads/data/organized_data/03_sers_date_lot_balanced_acquisition/medical/Medical/20260518,20260518,PS,/Users/ian/Downloads/data/organized_data/03_sers_date_lot_balanced_acquisition/medical/Medical/20260518/0. PS/PS 1_4.txt,1155.3,1157.1,1.7999999999999545,ok
/Users/ian/Downloads/data/organized_data/03_sers_date_lot_balanced_acquisition/medical/Medical/20260518,20260518,PS,/Users/ian/Downloads/data/organized_data/03_sers_date_lot_balanced_acquisition/medical/Medical/20260518/0. PS/PS 1_4.txt,1602.3,1603.5,1.2000000000000455,ok
/Users/ian/Downloads/data/organized_data/03_sers_date_lot_balanced_acquisition/medical/Medical/20260518,20260518,PS,/Users/ian/Downloads/data/organized_data/03_sers_date_lot_balanced_acquisition/medical/Medical/20260518/0. PS/PS 1_5.txt,620.9,622.35,1.4500000000000455,ok
/Users/ian/Downloads/data/organized_data/03_sers_date_lot_balanced_acquisition/medical/Medical/20260518,20260518,PS,/Users/ian/Downloads/data/organized_data/03_sers_date_lot_balanced_acquisition/medical/Medical/20260518/0. PS/PS 1_5.txt,795.8,795.95,0.15000000000009095,ok
/Users/ian/Downloads/data/organized_data/03_sers_date_lot_balanced_acquisition/medical/Medical/20260518,20260518,PS,/Users/ian/Downloads/data/organized_data/03_sers_date_lot_balanced_acquisition/medical/Medical/20260518/0. PS/PS 1_5.txt,1001.4,1002.1,0.7000000000000455,ok
/Users/ian/Downloads/data/organized_data/03_sers_date_lot_balanced_acquisition/medical/Medical/20260518,20260518,PS,/Users/ian/Downloads/data/organized_data/03_sers_date_lot_balanced_acquisition/medical/Medical/20260518/0. PS/PS 1_5.txt,1031.8,1031.55,-0.25,ok
/Users/ian/Downloads/data/organized_data/03_sers_date_lot_balanced_acquisition/medical/Medical/20260518,20260518,PS,/Users/ian/Downloads/data/organized_data/03_sers_date_lot_balanced_acquisition/medical/Medical/20260518/0. PS/PS 1_5.txt,1155.3,1155.55,0.25,ok
/Users/ian/Downloads/data/organized_data/03_sers_date_lot_balanced_acquisition/medical/Medical/20260518,20260518,PS,/Users/ian/Downloads/data/organized_data/03_sers_date_lot_balanced_acquisition/medical/Medical/20260518/0. PS/PS 1_5.txt,1602.3,1601.95,-0.34999999999990905,ok
/Users/ian/Downloads/data/organized_data/03_sers_date_lot_balanced_acquisition/medical/Medical/20260518,20260518,PS,/Users/ian/Downloads/data/organized_data/03_sers_date_lot_balanced_acquisition/medical/Medical/20260518/0. PS/PS 1_6.txt,620.9,622.35,1.4500000000000455,ok
/Users/ian/Downloads/data/organized_data/03_sers_date_lot_balanced_acquisition/medical/Medical/20260518,20260518,PS,/Users/ian/Downloads/data/organized_data/03_sers_date_lot_balanced_acquisition/medical/Medical/20260518/0. PS/PS 1_6.txt,795.8,795.95,0.15000000000009095,ok
/Users/ian/Downloads/data/organized_data/03_sers_date_lot_balanced_acquisition/medical/Medical/20260518,20260518,PS,/Users/ian/Downloads/data/organized_data/03_sers_date_lot_balanced_acquisition/medical/Medical/20260518/0. PS/PS 1_6.txt,1001.4,1002.1,0.7000000000000455,ok
/Users/ian/Downloads/data/organized_data/03_sers_date_lot_balanced_acquisition/medical/Medical/20260518,20260518,PS,/Users/ian/Downloads/data/organized_data/03_sers_date_lot_balanced_acquisition/medical/Medical/20260518/0. PS/PS 1_6.txt,1031.8,1033.1,1.2999999999999545,ok
/Users/ian/Downloads/data/organized_data/03_sers_date_lot_balanced_acquisition/medical/Medical/20260518,20260518,PS,/Users/ian/Downloads/data/organized_data/03_sers_date_lot_balanced_acquisition/medical/Medical/20260518/0. PS/PS 1_6.txt,1155.3,1157.1,1.7999999999999545,ok
/Users/ian/Downloads/data/organized_data/03_sers_date_lot_balanced_acquisition/medical/Medical/20260518,20260518,PS,/Users/ian/Downloads/data/organized_data/03_sers_date_lot_balanced_acquisition/medical/Medical/20260518/0. PS/PS 1_6.txt,1602.3,1601.95,-0.34999999999990905,ok
/Users/ian/Downloads/data/organized_data/03_sers_date_lot_balanced_acquisition/medical/Medical/20260518,20260518,SI,/Users/ian/Downloads/data/organized_data/03_sers_date_lot_balanced_acquisition/medical/Medical/20260518/0. Si/Si 1_1.txt,520.7,521.6,0.8999999999999773,ok
/Users/ian/Downloads/data/organized_data/03_sers_date_lot_balanced_acquisition/medical/Medical/20260518,20260518,SI,/Users/ian/Downloads/data/organized_data/03_sers_date_lot_balanced_acquisition/medical/Medical/20260518/0. Si/Si 1_2.txt,520.7,521.6,0.8999999999999773,ok
/Users/ian/Downloads/data/organized_data/03_sers_date_lot_balanced_acquisition/medical/Medical/20260518,20260518,SI,/Users/ian/Downloads/data/organized_data/03_sers_date_lot_balanced_acquisition/medical/Medical/20260518/0. Si/Si 1_3.txt,520.7,521.6,0.8999999999999773,ok
/Users/ian/Downloads/data/organized_data/03_sers_date_lot_balanced_acquisition/medical/Medical/20260518,20260518,SI,/Users/ian/Downloads/data/organized_data/03_sers_date_lot_balanced_acquisition/medical/Medical/20260518/0. Si/Si 1_4.txt,520.7,521.6,0.8999999999999773,ok
/Users/ian/Downloads/data/organized_data/03_sers_date_lot_balanced_acquisition/medical/Medical/20260518,20260518,SI,/Users/ian/Downloads/data/organized_data/03_sers_date_lot_balanced_acquisition/medical/Medical/20260518/0. Si/Si 1_5.txt,520.7,521.6,0.8999999999999773,ok
/Users/ian/Downloads/data/organized_data/03_sers_date_lot_balanced_acquisition/medical/Medical/20260518,20260518,SI,/Users/ian/Downloads/data/organized_data/03_sers_date_lot_balanced_acquisition/medical/Medical/20260518/0. Si/Si 1_6.txt,520.7,521.6,0.8999999999999773,ok
/Users/ian/Downloads/data/organized_data/03_sers_date_lot_balanced_acquisition/medical/Medical/20260518,20260518,SI,/Users/ian/Downloads/data/organized_data/03_sers_date_lot_balanced_acquisition/medical/Medical/20260518/0. Si/Si wafer 1_1.txt,520.7,523.15,2.449999999999932,ok
/Users/ian/Downloads/data/organized_data/03_sers_date_lot_balanced_acquisition/medical/Medical/20260518,20260518,SI,/Users/ian/Downloads/data/organized_data/03_sers_date_lot_balanced_acquisition/medical/Medical/20260518/0. Si/Si wafer 1_2.txt,520.7,523.15,2.449999999999932,ok
/Users/ian/Downloads/data/organized_data/03_sers_date_lot_balanced_acquisition/medical/Medical/20260518,20260518,SI,/Users/ian/Downloads/data/organized_data/03_sers_date_lot_balanced_acquisition/medical/Medical/20260518/0. Si/Si wafer 1_3.txt,520.7,523.15,2.449999999999932,ok
/Users/ian/Downloads/data/organized_data/03_sers_date_lot_balanced_acquisition/medical/Medical/20260518,20260518,SI,/Users/ian/Downloads/data/organized_data/03_sers_date_lot_balanced_acquisition/medical/Medical/20260518/0. Si/Si wafer 1_4.txt,520.7,523.15,2.449999999999932,ok
/Users/ian/Downloads/data/organized_data/03_sers_date_lot_balanced_acquisition/medical/Medical/20260518,20260518,SI,/Users/ian/Downloads/data/organized_data/03_sers_date_lot_balanced_acquisition/medical/Medical/20260518/0. Si/Si wafer 1_5.txt,520.7,523.15,2.449999999999932,ok
/Users/ian/Downloads/data/organized_data/03_sers_date_lot_balanced_acquisition/medical/Medical/20260518,20260518,SI,/Users/ian/Downloads/data/organized_data/03_sers_date_lot_balanced_acquisition/medical/Medical/20260518/0. Si/Si wafer 1_6.txt,520.7,521.6,0.8999999999999773,ok
